,id,u_ws,u_wu,u_Ws,u_Wu,u_P,u_p,u_As,u_Au,u_barAs,u_barAu,u_Ts,u_Tu,u_barTs,u_barTu,u_wages,u_wageu,u_Ls,u_Lu,u_Lso,u_Luo,u_manualWs,u_manualWu
0,1,0.40939659182892385,0.8141629535027364,1.4527082185510383,1.8047085775674512,178338426.87894163,4589526796.861308,68600927.71540265,133723911.33597873,67048650.4656758,130698054.51123607,3.1451909495052484e-06,3.436334470426362e-06,3.1741174777784237e-06,3.4679386648332262e-06,1.064288,1.0857934,12702,13955,13563,14525,2.0420383096102038e-09,1.3144372160455734e-09
1,2,3.0898268227939742,3.163004285546542,3.582943553928969,3.7270749772816933,176507260.6998331,54783135931.071304,529283166.9830463,541052791.251539,449823597.18199027,459826285.82994306,1.3410694610917888e-08,3.3997973488473464e-08,1.431230596871872e-08,3.628368350788321e-08,1.0304066,1.0318646,648,1757,713,1805,1.1297150811842868e-09,8.543097141009168e-10
2,3,0.9842847342363767,1.1986684618127148,1.803212767514589,2.059561403572893,177342222.28734982,12256115593.122265,160915067.26655552,194920197.20991042,151047940.03215322,182967914.43679366,2.761454745008488e-07,6.298136848620856e-07,2.8322441737951825e-07,6.45958852938448e-07,1.0847663,1.0905721,2996,7037,3120,7078,1.4634180199720942e-09,1.1286928319695282e-09
3,4,3.659758728761061,6.0379256120428355,4.1195430068525845,6.437897402026562,176982008.82286572,102150953940.0106,628597925.928609,1035605062.8564756,551549051.3629826,908668270.2005317,5.18476795342539e-09,7.73764955796866e-09,5.463171634759881e-09,8.153133942451379e-09,1.0304066,1.0318646,512,766,514,766,1.0991209377539446e-09,7.628122127450479e-10
4,5,4.502010548762542,6.5804903174443945,4.874287210255656,6.918490810626934,176935591.4777048,121122561275.63147,773059779.7841811,1128367953.0534658,651361636.8598686,950735785.3830031,3.734634510994341e-09,6.040096854748301e-09,3.999488634993535e-09,6.468450568244275e-09,1.0304066,1.0318646,399,679,439,709,1.0560329406029617e-09,7.408940595293057e-10
5,6,2.1092964261403018,3.2532460693010616,2.6770854909756503,3.7651121592579146,178722564.11923063,45554014213.63643,365854475.08519846,563473617.7753303,313781744.2646146,483273396.04486656,2.614808047461674e-08,3.941352776464078e-08,2.780430810812267e-08,4.1909992997762566e-08,1.0304066,1.0318646,1068,1707,1156,1740,1.211454958214839e-09,8.517732623096794e-10
6,7,1.0418851914776945,1.7752623187728012,1.81628438280726,2.4887882504962926,178458127.57339716,18598557021.805984,180446127.20605606,307026706.17811817,173323816.01815706,294908187.6027702,1.6676153221798876e-07,2.2874773246182114e-07,1.694695226374462e-07,2.3246229816375707e-07,1.0304066,1.0318646,2828,4004,3010,4123,1.4405322866629994e-09,9.927234633293432e-10
7,8,1.016886553130771,1.3539602415280259,1.8139755257941022,2.17656042439637,178641328.64666477,15846532584.27311,192922103.95965868,258528342.5810731,185730664.9816977,248891340.07287973,1.8289710131517368e-07,3.5111014677317297e-07,1.856975495603948e-07,3.5648620679457195e-07,0.94161302,0.93557733,2910,5880,3078,5947,1.4485393355941805e-09,1.078685533288534e-09
8,9,3.356386685492244,4.079613472195626,3.754394820439359,4.4684224999758,178374288.3008452,73932166700.7247,581026059.3120344,705226392.7315995,477146043.3320983,579140948.2453854,8.1532557193957e-09,1.688786115323956e-08,8.821628761329919e-09,1.8272264086156527e-08,1.0304066,1.0318646,544,1173,585,1210,1.066335427919506e-09,7.722097397570071e-10
9,10,0.8898076614261913,1.5906150329871465,1.6853365451931712,2.30972076744223,178120451.09261972,16088828738.532448,186551796.6931571,251208038.33468166,174423471.1144419,234876204.8657996,1.9401049074655764e-07,3.355709331326047e-07,1.9929803589013767e-07,3.4471655433578903e-07,0.84959215,1.1278344,3488,4638,3674,4787,1.4996221373998325e-09,1.0149889716116237e-09
10,11,2.9463788654114413,3.082908584738039,3.4052076175411776,3.5830736530089924,178916752.2155375,49006846311.8972,487276421.9240292,518381159.69885755,419687399.95661265,446477669.166653,1.7042164139365276e-08,4.0015755768473616e-08,1.8091081515747875e-08,4.2478660198415195e-08,1.0818429,1.064051,687,1791,772,1843,1.1254759366612766e-09,8.460601885893453e-10
11,12,3.9245107671813626,4.1276845197384615,4.3492763967253385,4.608094769733647,178181623.7123172,69682235964.75769,678640549.053982,712765541.0401669,586801305.7643464,616308222.0318832,8.10339692723957e-09,2.0065035423190756e-08,8.588683638056903e-09,2.1266666681092192e-08,1.0304066,1.0318646,515,1319,548,1355,1.1367400442559877e-09,8.393212016962079e-10
12,13,2.329621490176585,2.9045192837172094,2.8568426247455605,3.437130128453562,177754750.89304218,46673877988.91315,401881439.4836141,500348690.84683186,335136308.34192806,417249956.4786716,2.0884586531068715e-08,4.1408224023276725e-08,2.24582787890605e-08,4.452841036097031e-08,1.0304066,1.0318646,886,1868,946,1873,1.1540089330539645e-09,8.454760045370688e-10
13,14,1.8894330710644534,2.3677710332987854,2.509566468648874,2.9907681088412166,176444496.5599013,41637825115.35101,376975078.5437286,484160965.0640438,333694006.47168505,428573721.1954116,2.4616278027022e-08,5.284576532045532e-08,2.5846877350975305e-08,5.5487592935733294e-08,0.88435572,0.86289519,1177,2583,1159,2550,1.2417087051693108e-09,9.224473362436804e-10
14,15,2.3429288039435328,3.578021469005841,2.8044285946036993,3.9755847980480707,178134380.88450533,46067741545.6987,270711101.8171045,561166741.1722374,225937885.7288925,468354737.54411423,2.8044510936539015e-08,3.5108464433742406e-08,3.014773389633272e-08,3.774145484841713e-08,1.5417032,1.1357919,831,1385,838,1424,1.1281244105510787e-09,7.901583391128553e-10
15,16,1.1830581013198522,1.6903480314366344,1.9599054292321871,2.4557174000287736,176739555.27024984,20370445904.61389,202922965.2509377,289525737.51251185,188426235.17625454,268842142.3304576,1.1527958947958585e-07,2.1244700055484758e-07,1.1874856027267259e-07,2.188399140214084e-07,1.0304066,1.0318646,2250,4195,2279,4194,1.3896391864119429e-09,1.0117179948435239e-09
16,17,1.6426986234977146,2.515538795669289,2.314216304723356,3.1407969625485865,177966984.421384,34543316502.89492,283229994.7568058,462039635.6848368,267010637.2601288,435580622.9830167,4.4791508758874735e-08,6.555199431618653e-08,4.586062444968837e-08,6.711663608935911e-08,1.0321863,0.96892738,1467,2390,1499,2337,1.2884539575792556e-09,9.107410610347241e-10
17,18,1.0845276827236359,1.7336101213578985,1.945569467922531,2.546646356836156,178112364.9215002,21000576441.781506,255687331.7208684,309122685.5153981,242675534.16390184,293391590.12979156,1.0821117608366093e-07,2.0761926943944998e-07,1.1049570669620312e-07,2.12002481913006e-07,0.7554844,0.99888301,2751,4212,3008,4365,1.432287767071929e-09,1.0071268058664599e-09
18,19,1.4634386077919075,1.7532871030177262,2.1678589687495107,2.473472679631515,177112874.9091648,25282149642.064877,269683198.3174555,353091358.8093348,248024626.09173283,324734179.9240252,7.553611083341516e-08,1.4714396394562934e-07,7.810849231104155e-08,1.5215495012458442e-07,0.96110481,0.87945998,1785,4098,1987,4230,1.3163386124186666e-09,1.002089999046145e-09
19,20,1.7746436268855537,2.607962167512536,2.445170481551629,3.2662369988085174,177013253.96820402,35845777693.817055,304865519.1348223,447388028.9113168,271178452.8582187,397952493.452715,4.101990004958447e-08,6.877029005916094e-08,4.298687251342659e-08,7.206793990017209e-08,1.0304066,1.0318646,1329,2313,1427,2389,1.2549171427386175e-09,8.975031012022035e-10
20,21,2.8182894586752,2.812018867072152,3.3370772919255987,3.392701121205213,177534761.54193848,45474204452.08978,485579524.6284918,483814542.1570684,448075951.92481333,446447287.2861659,1.8897727068659204e-08,4.84457275843285e-08,1.9515202593101097e-08,5.002867197432941e-08,1.0304066,1.0318646,749,2095,834,2135,1.1608308556897406e-09,8.874021979340678e-10
21,22,1.2168394727561314,1.7243924536526336,1.9160793992772118,2.3970211466682287,178640038.36330065,17392901905.29474,159773659.70249882,278952440.36338925,150055727.39679104,261985682.90780467,1.9078607008010765e-07,2.6082135042795927e-07,1.9563551813811133e-07,2.674509727624813e-07,1.3605262,1.1042941,2242,4033,2439,4108,1.3577492122818373e-09,9.843161834431864e-10
22,23,2.0695513411942743,2.8056884543058436,2.610799952032933,3.3217122163036277,177787286.82764864,40102382314.93942,357082260.44112235,483412007.7137011,324921888.62138456,439873832.80970865,3.0858972838104555e-08,5.668485467889924e-08,3.2046247959566056e-08,5.88657606370138e-08,1.0304066,1.0318646,1099,2112,1201,2203,1.218748872313575e-09,8.840491380543126e-10
23,24,1.0057515341296037,1.4715374936228527,1.80916348790332,2.265993910745003,178324522.8623063,15401596393.224417,174057660.77361512,254307804.94290558,168570676.0435471,246291018.80285904,2.1074314032978476e-07,3.5850228337557675e-07,2.13460682122733e-07,3.6312518562718e-07,1.0304066,1.0318646,2995,5281,3150,5351,1.4695709035799684e-09,1.060075715242957e-09
24,25,2.630717675796731,2.7839885576372128,3.039866373450212,3.189196429586153,179670250.51233295,46948637329.898026,458713777.4909642,484753446.8903638,364856315.93373394,385568006.559561,1.7119072963767864e-08,4.3627490540510836e-08,1.876066416747069e-08,4.781104095019188e-08,1.0304066,1.0318646,723,1916,780,1985,1.090296449339655e-09,8.237069289748636e-10
25,26,2.3188858822242078,2.453835650294195,2.839868583031458,3.000907708737766,175897828.1323153,38614486695.373535,395850521.89099526,418295541.3727697,327902118.0245788,346494412.3886707,2.785857284304874e-08,6.995875781313084e-08,3.0038183381574535e-08,7.543222002710499e-08,1.0304066,1.0318646,940,2514,1044,2618,1.1875153960399188e-09,9.092614606199043e-10
26,27,2.4804288157888195,2.678186771186015,3.0399282831506933,3.280442887697528,177152192.17172566,47391903010.776726,388286479.03202695,582068347.6853359,348191569.2737753,521963298.6201244,2.3377581240999463e-08,3.973024469542483e-08,2.4419298374764448e-08,4.150064498625192e-08,1.1316732,0.81510472,881,2255,979,2310,1.1864399501121761e-09,9.007627405508769e-10
27,28,0.48503498324437455,0.575638953727296,1.155371301598029,1.0405389649264318,174740428.1479419,3274184905.578009,104339284.98698285,85939169.00332677,97529188.22031453,80330025.16998795,2.15270737139255e-06,8.52191606395371e-06,2.2116189205373676e-06,8.755129032739551e-06,0.81230402,1.1704488,8503,24006,8677,23839,1.8843612212753123e-09,1.588826083352401e-09
28,29,0.14695124046100433,0.2447117711887387,0.9769702581116266,0.8274545184456891,174303150.97386235,690922570.4449912,28943666.022018906,45952100.524114676,28632749.882386297,45458477.85405974,9.143290958220276e-05,0.00015773048626078508,9.182876247414338e-05,0.0001584133702400748,0.88496268,0.92822814,68761,115184,71385,117406,3.3759530076809223e-09,2.405570679831475e-09
29,30,0.3658046280763458,0.512144295644302,1.1091888387625863,1.0437748550051291,175279409.8088557,3412983560.827184,86625428.94330351,106068318.04044977,82213899.06033191,100666629.87128368,2.939679781088176e-06,6.678144982636818e-06,3.0017884789143654e-06,6.8192388838958665e-06,0.74017549,0.84632576,13338,27805,13555,26931,2.1339093621362446e-09,1.681563503008215e-09
30,31,1.1877218196958512,1.116856938921549,1.6882642076286398,1.474668500488105,174276939.68348134,10140041768.665766,344670534.9065096,169152953.760833,322296844.0867754,158172682.7326866,1.4356328044510087e-07,1.0156432285934365e-06,1.4746963847250184e-07,1.0432788890958348e-06,0.60055184,1.1506888,2249,8660,2424,8950,1.3617194499189582e-09,1.2151738683772932e-09
31,32,1.1705506953896738,0.9121982285103709,1.6704494742921927,1.3208325119515938,175626067.31576905,10433953056.158754,544244712.5689085,174506991.4274279,493875991.05526334,158356730.61569923,7.87761946384105e-08,9.558863245558624e-07,8.18965335488661e-08,9.937491498189362e-07,0.37773305,0.91804796,2142,11027,2176,10864,1.3463454440367603e-09,1.295389300782123e-09
32,33,1.0872765638881283,1.207498212516031,1.6024950691853146,1.579425300961928,176084290.78478396,12451641018.085817,234939709.9363111,217329636.95067713,218457727.812168,202083073.51430187,1.637438227329682e-07,5.742744901691091e-07,1.6857785810381189e-07,5.912281874244729e-07,0.8148998,0.97833627,2412,7314,2502,7309,1.3713042701246098e-09,1.1731139261574396e-09
33,34,1.2768296313732912,0.850040915623054,1.7528829977327869,1.2339096839173707,174811614.499925,8442536140.732857,256402377.9558249,155264164.33122528,227117781.9944977,137530911.01289445,1.9189101173801684e-07,1.355351254236588e-06,2.014294638737693e-07,1.422722586268116e-06,0.87052488,0.95705938,1873,12253,1861,11956,1.3215079964328486e-09,1.3373936198835748e-09
34,35,0.8007747810603753,1.1364136962817981,1.3931277001990616,1.519641058480172,175247328.82006598,9097312959.493027,172012810.67780936,186638844.8966085,174186705.0191274,188997582.75567898,3.8355453066599256e-07,1.0069617932008028e-06,3.8163257041021696e-07,1.001915990346497e-06,0.8158325,1.0670526,4100,8593,4277,8585,1.59238613197062e-09,1.2575304829351354e-09
35,37,0.5005052827208678,0.7493374185840795,1.1708262999091812,1.1722830754716715,174457870.57444826,5058484869.931689,95543965.89927828,135349880.2148846,92072243.80973798,130431755.19740301,1.8025008803126324e-06,2.743761918514432e-06,1.8293857860278707e-06,2.784686048588381e-06,0.9138943,0.96585095,9086,14860,9977,14370,1.8412447529001604e-09,1.4112939934835593e-09
36,38,1.2961395640772684,1.2818532919810606,1.7812052833024732,1.6386584172244452,175401977.43204734,16733603739.887886,340919823.8228162,285936598.8407816,327950969.69524723,275059349.1739316,8.189480309512705e-08,3.211826667162377e-07,8.317516621652355e-08,3.26204114062751e-07,0.66685897,0.78632677,1984,6934,2055,6835,1.3599249342445593e-09,1.187587170624286e-09
37,39,1.2541184720370901,0.9608499664366579,1.7408993574484974,1.3607701046671623,175978105.85400486,5913488971.019987,369988184.25442433,98163166.29472667,338314051.10909516,89759564.95958732,2.075921504945766e-07,3.037837480975541e-06,2.151582759232138e-07,3.1485577531925617e-06,0.59649849,1.7225255,1979,10424,2058,10429,1.3228706984941876e-09,1.2743505892298367e-09
38,40,1.1424336982098944,1.0352926744634914,1.651306249854461,1.4221888566886867,175693026.66822633,11179611975.933916,250875636.79412982,201216459.72653478,236778952.1541514,189910120.80345508,1.5765756276462905e-07,7.411519995181072e-07,1.6134702643409622e-07,7.584962570838374e-07,0.80006826,0.9039703,2213,9257,2203,9166,1.3688993386290295e-09,1.247313558994874e-09
39,41,0.35356536614730466,0.42415516018019084,1.0612309395073907,0.9017708801793627,175209321.03749657,2109015827.322208,94097402.8408987,71179457.54085845,90902550.2225095,68762729.02939849,4.364854841482235e-06,2.13217241546713e-05,4.425582418098231e-06,2.161837013356673e-05,0.65833855,1.0440644,13697,42239,13983,43070,2.1295977879427886e-09,1.8184725807075946e-09
40,42,0.6832551757195713,0.6299096720318028,1.270972832566076,1.0331157493672358,174675119.1042134,4473704218.1250925,170148410.21751216,90555973.81943935,152071259.04229024,80934996.3065683,6.502088119180755e-07,4.3281696333770844e-06,6.800880636876049e-07,4.5270633853633304e-06,0.70143282,1.2150446,4333,17554,4147,15936,1.6111713596076686e-09,1.5291926218470716e-09
41,43,0.9477874360146598,0.5615453282943801,1.481441680886737,0.9985004965149652,174875222.48105124,5171199180.668179,194124893.49314284,125438473.17913724,172545488.78757325,111494421.33873299,4.958177419417648e-07,3.682661281838176e-06,5.197483409051646e-07,3.860404599188164e-06,0.85380363,0.78285682,2920,24524,3003,24326,1.4388384116171465e-09,1.5975641186508882e-09
42,44,1.3883654079874856,0.8257961066227396,1.8448818997704648,1.1898748756232473,174129770.1673625,8516059795.969106,422850906.1784234,159597679.0863658,361263577.7051229,136352619.08566436,1.2070924422895273e-07,1.4058539439456319e-06,1.285540506755232e-07,1.4972193745955235e-06,0.57172811,0.90098858,1694,13262,1798,13288,1.2806524532303788e-09,1.3624902955025371e-09
43,45,1.021928849506187,0.6837294820290597,1.5370808933545586,1.068797506057203,173646449.97211266,8713608446.946,327228541.51385415,194948232.81505886,280941981.68334544,167372756.0540743,1.667908205938929e-07,1.30042673406693e-06,1.7728253756533787e-07,1.3822280537519678e-06,0.54229474,0.6090191,2580,18335,2680,18606,1.3974370254285502e-09,1.472385857770881e-09
44,46,0.466154781130127,0.47015867759626584,1.1161144371766398,0.9247822392289217,175524252.14877766,2357892125.988071,82214252.0432921,73266812.65680511,75997922.95911668,67727011.38021502,3.84347338447571e-06,1.624926043736822e-05,3.966267787498356e-06,1.67684049806934e-05,0.99522245,1.1263524,8825,33839,9106,34016,1.8777909806365434e-09,1.7313579927170563e-09
45,47,0.8143387967091815,0.661637068660502,1.3703299355846366,1.0604312557145852,174740388.58693963,4031650062.9493856,155318667.22500345,89827651.91217232,140959056.4376447,81522854.15381576,8.612537946460141e-07,5.814676817622975e-06,8.953305776283533e-07,6.04474312474214e-06,0.91616726,1.2870727,3654,18469,3790,18214,1.5136773356671153e-09,1.498306705766995e-09
46,48,0.36176743832535363,0.49576519370689603,1.0470727867330825,0.9382562850586798,175672004.43119743,3108702554.9340754,91128515.99845514,95117331.42560527,85346857.1682578,89082601.75711183,2.769649649296405e-06,8.369561523415597e-06,2.8432270465723006e-06,8.591903924516704e-06,0.69739324,0.91562772,12381,29030,12346,28416,2.109241222553621e-09,1.6919235232753884e-09
47,49,1.3646492660810807,0.7437637009104284,1.8340378801136985,1.125859301867069,173550691.7809706,6759810493.626074,228884026.85923266,133429609.43220602,196147493.07143837,114345608.7817106,2.574680714557135e-07,2.2074951853784084e-06,2.738649600169323e-07,2.348079811462046e-06,1.0347416,0.96740675,1670,15441,1682,15425,1.2789282551712506e-09,1.4032362843313642e-09
48,50,0.928015801439367,0.9175885150288505,1.447051307609332,1.2517320326937738,173454630.15470478,8944176028.897991,274151057.19344497,174153295.19839627,258040445.0535582,163919097.23269296,2.0376646819467308e-07,1.1673955700351394e-06,2.0876302208424455e-07,1.1960212557419502e-06,0.58715308,0.91390735,2975,11314,3104,11425,1.4407442754656376e-09,1.3104539916103488e-09
49,51,1.0870340775925438,0.7907583114535719,1.589700779827767,1.1820748581800253,175280151.466171,4341242761.953024,173126140.80166417,86819437.44147035,152369827.2911286,76410544.51519677,6.193307529271715e-07,5.422015911731846e-06,6.517906326743395e-07,5.706190375296298e-06,1.1005588,1.5964655,2383,14556,2443,14744,1.3768701782448909e-09,1.3802536841747869e-09
50,52,0.7759195348660695,0.6826459937609437,1.3430458087017574,1.079013272208552,174737488.9800585,5392049935.238893,211299695.96607953,112551553.1501001,204049469.62642834,108689625.04137008,4.580342034537518e-07,3.231895390973957e-06,4.644759917093532e-07,3.277348734012367e-06,0.64165843,1.0598152,3816,17004,3849,16443,1.5359283053343525e-09,1.4697857331289622e-09
51,53,0.605081812736863,0.6168973439607388,1.202085654690224,1.0096565014500192,174105082.19636148,3116197262.1527214,155466744.8744902,75921431.01255743,141742326.94040236,69219178.06314659,1.3497236137883073e-06,9.996146523401114e-06,1.400554537832488e-06,1.0372603865833887e-05,0.67762285,1.4146857,5890,21692,6207,22019,1.6817563922487815e-09,1.5356900279915397e-09
52,54,1.0198216282138797,0.6433356773291194,1.5284358232653674,1.030907416935667,173255316.35811862,3595659106.5290227,254594927.65386012,78118576.01336978,231153136.9194202,70925819.55017917,5.192001512351743e-07,7.99627976831622e-06,5.396532444634791e-07,8.31128093923633e-06,0.69400251,1.4268223,2583,19996,2690,20151,1.3964690459298416e-09,1.5111435913049273e-09
53,55,0.8016772961147115,1.0195488903011727,1.3080277142180583,1.4113832593709086,171790181.7474871,14140433706.89139,182440936.99304467,277212756.8179728,174384570.64235976,264971384.0053893,2.554968755986085e-07,4.6236704627055737e-07,2.6015446779131016e-07,4.7079578787386184e-07,0.75487602,0.63181973,4439,10111,4786,10348,1.5885130873047987e-09,1.274001368737075e-09
54,56,0.8343810083733544,0.921952817788534,1.3466514112302566,1.350955888022089,171809209.01799604,10370278266.781765,332524160.2007284,162830884.67576563,318912856.5135095,156165682.90623868,1.8619940803664025e-07,1.1176916041952067e-06,1.8933842800850558e-07,1.1365340715529148e-06,0.43110955,0.97278833,4206,11816,4479,11915,1.5882163175226173e-09,1.3356659456999195e-09
55,57,0.4872548278360325,0.880888461355628,1.1000725980392765,1.353005544184326,171708290.74848992,5848109885.341078,118423629.23492582,115975785.98977925,118510323.60990031,116060688.3723824,1.3230826070411167e-06,2.8529997748198786e-06,1.322695369882617e-06,2.852164764579307e-06,0.70649493,1.304202,10162,12707,10952,12793,1.9467304051450035e-09,1.36210658630836e-09
56,58,0.7560574804081552,0.8829685813059841,1.286841840969719,1.3197023201141345,171789443.58713293,9407552181.2196,168614935.67756197,177012308.6946119,164912580.52260274,173125568.5849459,4.245485591590118e-07,1.177860160842975e-06,4.2833570023265385e-07,1.1883671393685206e-06,0.77029175,0.85691601,4878,12741,5185,12931,1.6399204717344446e-09,1.3570375932840596e-09
57,59,0.9770784910527044,1.2397436210159412,1.411214184828584,1.560849547030601,171471008.13544574,15764880576.7023,221706805.76614335,220621975.7507422,211530107.29149783,210495072.71618176,1.4922086900464715e-07,4.272897067659915e-07,1.5205205670300824e-07,4.353967320735208e-07,0.75568557,0.96354902,2950,6905,3113,6991,1.4381444113933284e-09,1.151419301869281e-09
58,60,0.5310287350359164,0.6853531589337781,1.0886351737896482,1.1201184105304922,171475252.53272313,5917838371.262541,120497585.31503557,121966919.75491723,117289049.2425451,118719259.142789,1.109041640495124e-06,2.9942802364877023e-06,1.1210789650298818e-06,3.026779577935804e-06,0.75568557,0.96354902,8137,18166,8685,18390,1.8234405636681025e-09,1.4629792345754587e-09
59,61,0.2879989743190306,0.6629774180942821,0.9658896271081109,1.1637349602208604,171633051.0612625,3522779705.7724648,65627431.035752416,119693082.56453039,70368760.45780268,128340447.31769186,5.888231954672156e-06,6.097849301118767e-06,5.726207890835194e-06,5.930057282727119e-06,0.75319332,0.95067179,25463,21448,27540,22596,2.4458790072479914e-09,1.5150690956881851e-09
60,62,0.9069758515354608,1.5954634289528364,1.3991324746869933,1.9445295422017357,171695140.05529022,17391022830.83876,206068968.4151929,284296191.68431187,208952972.6494379,288275012.1098371,1.7593967316886267e-07,2.9059904406187575e-07,1.7496428167733838e-07,2.8898799278550444e-07,0.75568557,0.96354902,3826,5286,4049,5245,1.58234186547767e-09,1.1385172679389148e-09
61,63,0.9240151797650893,0.8899486744608756,1.408434670744807,1.3034035870270613,171959228.32762286,9578798417.468021,210263294.13093656,158824184.48361143,196743546.23682284,148611926.83502027,2.918195792002982e-07,1.2339601809330444e-06,2.99681279629162e-07,1.2672034105690645e-06,0.75568557,0.96354902,3477,12150,3699,12267,1.5048757336191103e-09,1.3292222108692597e-09
62,64,1.2994487191620245,1.1629167401874354,1.7217391705967953,1.5389774736136195,171899998.1152187,16140473514.319092,247475286.4813871,246809703.76568425,220944299.7703774,220350071.92180678,1.2649679168511882e-07,4.1189198362625986e-07,1.3236681663392097e-07,4.3100564009049875e-07,0.90261632,0.80995756,2144,8137,2262,8208,1.3812431842417162e-09,1.2191973327505252e-09
63,65,0.6929309120467154,1.0358013080345823,1.2252081340201528,1.4427351653348843,171635582.11104864,10336168704.997593,157382389.14880675,184505776.83728132,154575486.89721772,181215131.1479083,4.2184931993145286e-07,9.080667384310254e-07,4.24896895157768e-07,9.146269047395378e-07,0.75568557,0.96354902,5475,9675,5770,9741,1.6867820460179733e-09,1.2696610419039508e-09
64,66,0.3979363108881755,0.610436962414862,0.9799950732930264,1.036240906200277,171120985.56123987,5987733206.972685,90110565.04597346,108410233.89909185,90258128.9915684,108587765.15581916,9.991698779636846e-07,2.550911761942449e-06,9.985161359446686e-07,2.549242738243513e-06,0.75568557,0.96354902,8974,17491,7917,15852,2.0430949492044795e-09,1.5227534990546868e-09
65,67,0.7455905183888173,1.0544429655402,1.2650663276478908,1.4461090507522376,171818832.98093632,10746515129.058578,169523539.7325609,188026925.48436692,156089452.65032083,173126516.40402442,3.783872263087971e-07,8.639785311997572e-07,3.910921048120733e-07,8.929878145611727e-07,0.75568557,0.96354902,4963,9455,5381,9636,1.6254869732320723e-09,1.2538030394269703e-09
66,68,0.7831400900207347,0.8331620619474472,1.2652421386511612,1.2247575311736754,171410130.67040738,8009139502.401703,197795141.8485693,126987027.82742575,192918444.17378765,123856125.12907963,3.801313895889861e-07,1.841994724074425e-06,3.83946294985691e-07,1.860480531366402e-06,0.67867261,1.1246221,4245,13008,4486,13118,1.5666453330900633e-09,1.3449424674209143e-09
67,69,0.48251025074066434,0.7706237616408997,1.0780632380843143,1.2176487928281376,171705175.2592307,7129510283.6794615,99295052.66893941,186394054.53436527,101533576.2606853,190596151.99260917,1.269440235081496e-06,1.5618748676820957e-06,1.2581703027064366e-06,1.5480087370438527e-06,0.83437699,0.70989436,10092,15516,10847,15686,1.929899645489563e-09,1.4169392130531014e-09
68,70,0.50399360262039,1.0834559380658666,1.0927911939064856,1.4885090120203142,171615507.73698053,7892355069.093437,110420052.41895866,168072096.41038,115168862.53432481,175300334.88753697,9.904077077234017e-07,1.3012295027775083e-06,9.73865901931867e-07,1.279496346262967e-06,0.78330988,1.1062981,9439,9271,9979,9283,1.931593347526109e-09,1.269699917759458e-09
69,71,0.9000179960870259,1.1273788258810336,1.371115987102157,1.4929533461631046,171547580.67992234,10653870635.24208,146503391.20413712,173024459.17723426,142203377.5067511,167946026.94211814,3.756952071071446e-07,8.83598131805746e-07,3.801988168913677e-07,8.941901785405522e-07,1.0538726,1.1177559,3580,8339,3798,8422,1.521146809870177e-09,1.2182002380060648e-09
70,72,0.4946693002115873,0.5825838295845649,1.0989201643632354,1.0634092332087453,172857507.6182999,6034206198.443422,131534286.1445748,156029202.5528717,130948466.41434018,155334288.79291272,1.111038488654799e-06,2.8612819726849586e-06,1.1130239928258709e-06,2.8663952854543997e-06,0.65007615,0.64541757,9677,26245,10313,26751,1.994480843038025e-09,1.6659979181759177e-09
71,74,0.5093524823478899,0.5694798249368889,1.104506345708476,1.0265076024312128,172437609.2843423,3646309937.576839,100350379.7168419,86571766.19899823,99111673.49329123,85503140.59063418,2.32043569463346e-06,8.64352471390423e-06,2.3319928893647085e-06,8.686574774939742e-06,0.87524855,1.134316,9122,27194,9667,27785,1.9563397288119884e-09,1.6641550733828078e-09
72,75,0.2508192282869155,0.4295079341723178,0.9485469702736538,0.9227809671150111,172711125.39345312,2020443024.9695618,57756517.76702853,64859247.135743305,58991362.02455961,66245948.96559433,1.080923786362598e-05,2.433267887137804e-05,1.0718156766700588e-05,2.4127646184457875e-05,0.7500326,1.1437197,28123,42497,29118,42985,2.6379097107519822e-09,1.8654951595967777e-09
73,76,0.41092246792717896,0.5128193052136731,1.0463114502930793,0.9860279258614248,172284576.99544394,2940607420.9831867,53644908.035519615,88008784.53012344,52856434.61556383,86715230.49366817,5.953614736150834e-06,1.085134506466392e-05,5.988981668109265e-06,1.091580653883844e-05,1.3197078,1.0038868,12643,31499,13266,31786,2.1197792294925623e-09,1.7348207656141438e-09
74,77,2.1989883208288394,1.2062719751856117,2.529724274764425,1.5411404176640293,172253391.79681027,16160798314.439037,454037616.0533391,214301590.54130176,429302986.0008884,202627072.01183224,6.075926656560615e-08,4.885502619499808e-07,6.21360573505686e-08,4.996206967439465e-07,0.8342551,0.96958888,1100,8059,1177,8143,1.2982490373327687e-09,1.248097227664268e-09
75,78,0.19341626446517138,0.3477271646903288,0.9184951207152879,0.8705788686987814,172759367.74400976,1192926086.7824996,31583315.163852263,55534424.34664321,32786860.07265827,57650673.80744625,4.2830833422553635e-05,5.998111950497225e-05,4.219487259860523e-05,5.909050778594735e-05,1.0579786,1.0817277,46062,64282,48294,66147,2.996093641682822e-09,2.0566572578750255e-09
76,79,0.5969293682310821,0.5160696443145969,1.1459810685873464,0.9681061136345147,171219015.69395003,4406028799.093161,119693063.15959486,102020823.97645937,115618676.77843226,98548005.71254353,1.4230893137331543e-06,6.274417722648542e-06,1.442940928447344e-06,6.361943728208343e-06,0.85389793,0.86610687,6867,31142,7343,31919,1.7991876048994842e-09,1.701899602266638e-09
77,80,0.3745968704520692,0.42144941104996325,1.0112953246661631,0.9188528972341172,172053538.90500724,3370008474.8062615,130236878.18749756,89438352.60115688,127536486.2447014,87583896.24361567,2.2219302181578264e-06,1.051418137292281e-05,2.2406304172669347e-06,1.0602670778906921e-05,0.49487302,0.81074685,14528,43445,15131,43704,2.2073187806705495e-09,1.8968945009061936e-09
78,81,0.6716978340427326,0.8293997407417162,1.2155785336875606,1.2418999033463471,172820691.58770624,8858180764.879555,363126396.7160306,148294612.801985,367981857.3478908,150277499.92032376,2.0555938447534704e-07,1.5424683362900173e-06,2.0447013032275582e-07,1.5342948342879918e-06,0.31967735,0.96657211,5702,14498,5696,14136,1.8015732157831493e-09,1.470258214243656e-09
79,82,0.7066530777440648,0.716033207483292,1.2293727767865301,1.1343148802218912,172465398.24677166,8325586547.119133,257782375.74983954,153796663.20794255,252105606.11356527,150409821.01083905,3.115272002304112e-07,1.7447610617436228e-06,3.143143864003482e-07,1.7603711718641505e-06,0.47277555,0.80294949,5289,18035,5486,18091,1.7364857771173898e-09,1.5149310210549544e-09
80,83,1.4695885151554016,0.9895606030439913,1.8624104441600222,1.351304792109015,173350251.42096263,11358394721.65031,274865816.72850156,171044123.76472816,261754371.11400858,162885103.65407175,1.489989845144337e-07,9.154544611995326e-07,1.5194066558974452e-07,9.335282425249259e-07,0.92682874,1.0029025,1785,10446,1826,10368,1.3832375847547142e-09,1.3142453383343554e-09
81,84,0.5353636422674548,0.5614634106258233,1.1101503407212021,1.0171329652507104,172072896.08560085,4934874544.380558,139506270.99499324,110902697.17448543,133762963.6249189,106336964.94251855,1.1715144398418918e-06,4.7782830312983915e-06,1.1913813165128098e-06,4.8593145204999734e-06,0.66034001,0.87114775,8310,26931,8755,27068,1.91757664457574e-09,1.675412932651424e-09
82,85,0.8731167227053851,0.6476032118442772,1.3694919324055816,1.0719878288363345,171892275.85778132,6359229511.252681,255688525.54126,115808365.50437789,248021295.17401934,112335665.99666224,3.691172434941122e-07,3.2162642894061938e-06,3.73639894711553e-07,3.2556719352435965e-06,0.58697206,0.96122581,3777,20936,3999,21278,1.5797602989092553e-09,1.540942904114011e-09
83,86,0.3969154839542661,0.4976675295624777,1.0201933150927338,0.9693679989155425,171844734.9781801,2689243046.2575064,58536419.62946667,74701770.20860353,58278019.84505191,74372011.0357759,5.965961718048346e-06,1.4343897081404356e-05,5.976528703404556e-06,1.4369303169739058e-05,1.1652205,1.1448396,13205,33267,13769,33694,2.1512356649030368e-09,1.7600686120392826e-09
84,87,1.0422704092011894,0.7132172073017213,1.4526526099441723,1.0942820375324622,174316171.98800537,5343255044.276885,124854879.3902794,96806557.84553823,118564272.55488667,91929119.35480516,7.241441083828405e-07,4.046335887551849e-06,7.392744093883958e-07,4.130880219597803e-06,1.4551661,1.2842652,2565,16699,2659,16835,1.3915644542250989e-09,1.4277846401554725e-09
85,88,0.6377827488893322,0.8839137864018349,1.1876668588788943,1.2781025424932897,172942790.7296307,8773167053.21181,174176879.83462372,163934938.4539109,173435924.3515084,163237552.60317728,4.535910761328946e-07,1.3530469078272334e-06,4.54365220288729e-07,1.3553561537788828e-06,0.63326389,0.93248284,6137,12907,6284,12730,1.8029849819258417e-09,1.409910237790731e-09
86,89,0.2841592600328249,0.3931078293748518,0.9560744920729667,0.908177520643432,172721034.93420872,2510725182.340416,67206553.67906933,83447642.32525824,69330820.96378197,86085258.55275355,6.821440984534591e-06,1.5875718327469125e-05,6.737057271525236e-06,1.5679329901299384e-05,0.73029011,0.81365979,22644,48668,23452,48988,2.491937082520349e-09,1.9545402790567305e-09
87,90,0.5548888205473761,0.6637755393711191,1.109923440498211,1.084544137564491,172187287.78871495,5471339062.520524,114527080.54686348,117878527.88163617,112152279.15591925,115434231.81961249,1.2428426098980212e-06,3.633739338252796e-06,1.2533032585830377e-06,3.6643234768457796e-06,0.8342551,0.96958888,7690,20206,8151,20505,1.8606197330910134e-09,1.5376841061759648e-09
88,91,0.909888494418553,1.0750007469124743,1.3518634514476875,1.394910176314166,173873026.65611926,13018477156.665302,306304142.30390817,203416636.02662972,299899229.6439568,199163132.3765256,1.715905806506944e-07,6.168166184597659e-07,1.7304715028936966e-07,6.220525489850421e-07,0.51649666,0.91887093,3714,8606,4325,8739,1.4359835061388805e-09,1.1936122470097463e-09
89,92,0.9665206261265449,1.0459480410495572,1.4219749899099279,1.4015503171323005,172525462.2692872,14562467600.924576,241688853.41651478,242043228.95421693,223916190.99076435,224244507.41686705,1.7392303977309414e-07,4.935287242076814e-07,1.793186938059031e-07,5.088395781034756e-07,0.68993425,0.74553901,3287,9385,3671,9640,1.444237961576794e-09,1.2309190602308478e-09
90,93,1.0181347369728062,1.7070124452895847,1.4585754372970627,1.9867538138817395,173295920.71894065,21992068908.254257,256995457.214692,356637016.00748944,250883578.78122714,348155457.1879866,1.150063134265057e-07,1.7643824923009556e-07,1.1611891424642469e-07,1.781451584849855e-07,0.68654364,0.82946604,3197,4556,3684,4678,1.4292631071106322e-09,1.0610773193203006e-09
91,94,0.7378522041569006,0.8328746482265665,1.2582991704348476,1.2351013015749537,172791643.53714094,6658740927.995891,202479543.86142382,113004486.94592294,190609400.70893192,106379721.74080157,4.909683838178631e-07,2.5811880271444926e-06,5.02977156741287e-07,2.644322236825371e-06,0.62966704,1.2735227,4848,13362,5192,13496,1.5887980834622632e-09,1.350812587410262e-09
92,95,0.6594856856154592,0.7294270773682516,1.1217364884643983,1.0841090990675648,171467494.85048664,10624773037.314049,164709643.80682108,150787407.32103536,156637277.7481257,143397365.54324728,2.2234796517001326e-07,8.945152854505234e-07,2.268625032256472e-07,9.126774633432909e-07,0.68654364,0.82946604,3958,12681,3441,11458,1.6010953960471685e-09,1.3833891693079602e-09
93,96,0.6431004896805558,0.7316075613796221,1.1486509595292063,1.1203585362705855,172315466.52495614,7849715902.817102,161411677.92586747,151986087.6429794,152459143.95730197,143556334.4190642,5.556394395566222e-07,1.7331712582359164e-06,5.68467518478551e-07,1.7731850803353883e-06,0.68654364,0.82946604,5878,16103,6353,16402,1.6471926574205386e-09,1.397988506752846e-09
94,97,0.5141470327054436,0.6734843188053452,1.060180025091396,1.0745606136809176,173500669.2532333,6149837812.061489,129933261.44417927,140873736.12581575,126296708.87092148,136930983.1931276,1.0684686944999876e-06,2.459330511724523e-06,1.0806700727271413e-06,2.487414836434825e-06,0.68654364,0.82946604,8836,18188,9571,18234,1.8077318173307394e-09,1.4530190564457027e-09
95,98,0.9524859379834945,0.936117383084671,1.4192073536071375,1.314939595233485,172754534.35110918,7340601255.950748,239673423.6622133,113970750.30309168,223944126.0088545,106491073.04934452,3.237901091212667e-07,2.235142671112837e-06,3.32702190159928e-07,2.2966633045626597e-06,0.68654364,1.4189476,3248,11282,3462,11563,1.457924424001078e-09,1.2900340522093845e-09
96,99,1.1075485414904334,1.2534329883044435,1.5202890261388913,1.568672613221569,171645099.8899915,12467263620.038572,227092237.9295046,161674650.10454905,213695275.9791678,152136899.4727682,1.8478604738710677e-07,7.424702063026851e-07,1.893355315889453e-07,7.607500305733652e-07,0.83712804,1.330732,2514,6818,2752,6956,1.3695576246464116e-09,1.141187188971095e-09
97,100,0.6387717794285699,0.812933115842281,1.1522167567169526,1.1979977388342018,171619306.82812113,9518789741.27202,159677496.98605707,168198589.34607732,151648462.6244715,159741090.45662645,4.256102014812038e-07,1.1184401497219457e-06,4.3448452295577234e-07,1.1417605433688904e-06,0.68654364,0.82946604,5651,12977,5901,12835,1.663448002484374e-09,1.3461569753546352e-09
98,101,0.7416166509381646,0.7861574442071331,1.244498789962378,1.1873620312148554,173117970.78761864,12792479068.556026,196475795.8607821,275053799.4026118,188084019.2245706,263305838.09564468,2.6883835127652043e-07,5.644866332476324e-07,2.735735381608538e-07,5.744292239882904e-07,0.65345031,0.49480495,4859,14463,5263,14594,1.5791464237947139e-09,1.372920542404244e-09
99,102,0.3697708162291611,0.6572082540750936,0.9729651339718425,1.0759819060836913,173468438.81094047,5650249770.542142,82053832.95538487,208648783.29497424,85645056.5391247,217780647.14946297,2.3831194609221694e-06,1.9359941891118233e-06,2.342634000196034e-06,1.9031046852516249e-06,0.78172541,0.54639614,15889,19649,17225,20020,2.100632815500328e-09,1.47462689294422e-09
100,103,1.0794843849208895,0.8317703045512326,1.5219851715184998,1.2266046952014023,172854669.25490248,10024269141.746721,271787407.8934475,173334861.17075124,245432796.9820899,156526971.28749272,2.1512127644891257e-07,1.153890000781092e-06,2.2407946564300166e-07,1.2019408728603095e-06,0.68654364,0.82946604,2824,13620,3141,13945,1.4051276232164687e-09,1.3484391649045817e-09
101,104,1.0745047633204556,1.193690374507936,1.5029726960826038,1.5260230686252083,171899284.27661952,17307772811.765396,269038396.11216086,247381461.2419866,252288975.08524424,231980327.76634514,1.141609967619202e-07,3.574687084033273e-07,1.1713431688885908e-07,3.6677897141428406e-07,0.68654364,0.82946604,2667,7399,2878,7459,1.3958743890933955e-09,1.1702097878627617e-09
102,105,0.46598053052006916,0.6113778731630766,1.0419356087447178,1.0494330154840115,173264548.20322844,6039018947.10615,124411725.36812471,154941976.86484706,118756134.8443868,147898521.96947303,1.2218284727249927e-06,2.484728228115666e-06,1.2447792637452077e-06,2.531401291952792e-06,0.64895737,0.683676,10537,21805,11370,21948,1.9018482163537154e-09,1.5278894290535415e-09
103,106,0.8455862951088874,0.9813071900762943,1.3220002012490053,1.3439159722850476,172498690.796301,10026825047.41319,174932301.09183723,166379534.41736436,167634051.59968928,159438109.96352458,3.419506224100879e-07,1.0369990012623706e-06,3.478295744727263e-07,1.0548275034433495e-06,0.83382273,1.017398,3839,10111,4112,10220,1.5041600143760288e-09,1.256075708877462e-09
104,107,0.6923242941996601,0.8437374925389843,1.1846938613395144,1.2042024449363662,173800686.09208873,11297230412.625538,203861092.8540683,225046280.960588,197229793.68392357,217725859.02384117,3.2418768221341726e-07,7.164263808795766e-07,3.2850443751411396e-07,7.259660319733678e-07,0.59023738,0.65160888,5555,12425,6205,12421,1.5907259771053917e-09,1.314554504721342e-09
105,108,1.517834231659056,1.1444206971404414,1.902040566238757,1.4929257417206314,172707942.24333942,16673725539.98891,381828643.5751349,238286480.85919657,339283488.6247564,211735473.17205328,7.687405989776491e-08,4.1772466034514277e-07,8.059389211539108e-08,4.379377940304887e-07,0.68654364,0.82946604,1704,8238,1867,8397,1.2867536096828729e-09,1.204114965687792e-09
106,109,1.4880137552613713,1.2485940749196502,1.8860920521237121,1.6349154489747537,182566269.66242313,17092094581.344906,249355589.74193406,229316642.2861762,205839018.18719703,189297190.2134712,8.777018877120896e-08,3.279540848245723e-07,9.476841017032406e-08,3.5410300083441666e-07,1.0894527,0.99404544,1349,5623,1377,5639,1.1516855752744765e-09,1.0029683396302887e-09
107,110,0.7726512873301762,0.8893530188921288,1.26213853778448,1.331311777520646,179400433.4700035,9231242403.526928,111811983.68757446,183540617.55238873,96645427.43069541,158644546.40040207,5.496677507635766e-07,9.75019919633047e-07,5.826705580109139e-07,1.0335614557251002e-06,1.2397059,0.8692916,3941,10369,4093,10354,1.4978878354226025e-09,1.2069421619917768e-09
108,111,1.0098406036979373,1.0887761816865185,1.4285826374008528,1.4636059046279455,181663395.6269799,11800476152.05957,275647933.17438644,171018040.77418455,244664036.69014934,151794949.8869689,1.56392475521244e-07,7.451600642458219e-07,1.6403242127871224e-07,7.815619592378627e-07,0.66552675,1.1565492,2606,7491,2773,7603,1.336591488547367e-09,1.0899693363843092e-09
109,112,1.1600131209165483,1.1061740516144298,1.575433559183538,1.5028132527619662,180497260.80384415,7573044033.114077,302844888.29171425,96887559.1379264,254021798.72070795,81267846.99819018,2.0878964316147162e-07,2.031897221766518e-06,2.2400032906059528e-07,2.179924441659271e-06,0.69137436,2.0607536,2134,7335,2287,7467,1.281620946225398e-09,1.0837860572636113e-09
110,113,0.811364125280174,1.1145900643348603,1.2899213233460567,1.5117774226225884,181832613.17753118,9433188244.327557,115734807.00089054,167913305.31121,99768752.61214764,144749029.71716386,4.767532530800873e-07,9.026935802559095e-07,5.059195300701317e-07,9.579175579189543e-07,1.2747458,1.2069849,3476,7076,3528,7055,1.451467817426403e-09,1.0863205226284883e-09
111,114,1.1520910980743242,1.3222854190406146,1.5612984375395809,1.684381654415544,181730625.53765723,14086014395.497938,222373461.84630683,199109628.8466595,195928723.9029054,175431434.90597695,1.5279884924495817e-07,4.821998028747502e-07,1.607363204778482e-07,5.072487288498906e-07,0.94152528,1.2068716,2148,5535,2286,5628,1.2883301562769235e-09,1.0157095297227448e-09
112,115,1.122542810576973,1.357115666944057,1.5220791750818006,1.69564250774757,182048528.79767093,14450365661.796598,203237934.25503096,201157822.06419078,195294970.17136776,193296153.12103567,1.5329252382562857e-07,4.3219449736910807e-07,1.5575660059606083e-07,4.391417404224436e-07,1.0055075,1.2281944,2140,5111,2203,5085,1.2881106654280682e-09,9.979028431308564e-10
113,116,0.5080780646869357,0.8607379449652323,1.0570170957301517,1.2496509747392766,161443165.20089424,8612623309.117281,91323590.2170428,134793050.22030923,88692342.25715372,130909344.62401713,9.053185846762805e-07,1.512865685720491e-06,9.159677368180703e-07,1.530661340344207e-06,0.89818776,1.0309156,8416,12552,8681,12639,1.999906119420615e-09,1.4020539707113801e-09
114,117,0.9448252846804712,0.9195560078436364,1.3761167269565007,1.288555384669595,168829521.63023722,12902771549.073738,246216105.58478484,157423339.6656462,214193820.53616345,136949231.99463773,1.4405587658749438e-07,7.619492442874233e-07,1.5231223386043155e-07,8.056192793717648e-07,0.64786339,0.98618287,2906,10158,2869,9969,1.4971487822576647e-09,1.2824472745137367e-09
115,118,1.550389600398898,1.1258530890619871,1.8862707448229663,1.4534152694086684,170825829.17642212,16347764456.879412,294867733.48441476,186557257.90729153,257386243.09543222,162843425.31320518,8.351266613860967e-08,4.7661930322963143e-07,8.817980153825895e-08,5.032553445047018e-07,0.89818776,1.0309156,1457,7496,1520,7558,1.2693394987022782e-09,1.161608367998028e-09
116,119,1.653335536892671,1.471825151090768,1.9920608312893702,1.7720019369561806,167770218.24831685,24677324288.550995,308822360.1067349,239523416.68111345,271868826.42227787,210862160.92397657,4.797162989948742e-08,2.0223677256271292e-07,5.0480564702242095e-08,2.1281383400804009e-07,0.89818776,1.0309156,1349,4979,1318,4841,1.296292758216354e-09,1.090042494355687e-09
117,120,1.2728986005278142,0.9348269985881701,1.6637437643891086,1.299875344172058,154811239.6886606,11720205920.509302,183130421.78632152,108206921.99456981,163449409.5322119,96577932.4636033,2.0134423131342516e-07,1.209050415036072e-06,2.10712377370505e-07,1.2653051227301766e-06,1.0760583,1.3374535,2192,10892,2193,10595,1.5482395908113987e-09,1.4153886359482786e-09
118,121,0.8877632770846655,0.8403483280047419,1.336269587293787,1.2287629143022776,165938377.53852254,12309360566.782328,153062635.52648637,172627044.9412736,137635353.10201347,155227852.9879222,2.6818436518209246e-07,8.043517968771419e-07,2.798266863471804e-07,8.392700216685123e-07,0.96244258,0.8077879,3383,12320,3430,12257,1.5710246011560666e-09,1.3616327660642917e-09
119,122,0.6457248929897803,0.716488443275485,1.1604379832495788,1.1399727184296369,161712445.82362866,7835203940.865374,116258266.28340855,112390479.45965986,106856487.13576026,103301487.33928774,7.02826524762008e-07,2.19414180860508e-06,7.269379186912619e-07,2.269414746691526e-06,0.89818776,1.0309156,5885,16692,6131,16676,1.8250843344298906e-09,1.5096104889212295e-09
120,123,0.8187402589714041,0.9656519609244366,1.2888779407337452,1.3374855001888697,160284199.7775263,12723644974.21901,146106563.77111635,150137171.09370777,128384704.38192622,131926422.94839096,2.8159155508501765e-07,8.193107060376678e-07,2.9653926225717646e-07,8.628021257756219e-07,0.89818776,1.0309156,3982,10282,3989,10112,1.698450130287786e-09,1.3544288816054711e-09
121,124,2.778391651182833,1.1650577462496774,3.1047121528774757,1.433468128459309,179315582.36205834,19005553276.885666,623710613.0720601,251136131.81201527,608170227.2832571,244878819.05819896,2.319994327006787e-08,2.3228697200618509e-07,2.3435278249439107e-08,2.3464323853360416e-07,0.79878217,0.83187157,530,6071,552,5307,9.375799951670246e-10,1.0829860240127055e-09
122,125,2.079966654515019,0.6412113591547893,2.4585463902012044,0.9705856976456833,180860654.3730453,12735012144.400192,470947079.61458397,139408425.75995833,447856711.93338495,132573280.26698926,2.1576820136824608e-08,3.682179480411371e-07,2.2015099349305016e-08,3.7569737602289024e-07,0.79878217,0.83187157,588,9129,344,5637,9.825401354188025e-10,1.3985910924677216e-09
123,126,2.7197312476338373,1.1766398958632833,3.0304740221522017,1.4193749172304755,179639234.41325268,16592246430.501507,611644147.1580958,254090532.35581735,584566612.9654269,242841924.63208526,2.9173987804939386e-08,3.606294197758695e-07,2.970720025927795e-08,3.6722063724367233e-07,0.79878217,0.83187157,547,6997,606,7193,9.251720054155551e-10,1.0615973571797014e-09
124,127,0.26469221233189516,0.4569066218790852,0.926892667603557,0.7900737144538229,179960500.73974496,2424319292.089576,52885725.201692976,124862919.7591142,52152337.6210619,123131395.52864496,8.377556429481062e-06,9.812443636983212e-06,8.424482561204303e-06,9.867407160835533e-06,0.90069944,0.65852332,21741,35426,22549,36124,2.351814453782197e-09,1.6568132594584002e-09
125,128,0.4619239510896469,0.5214145184070951,1.073009394743216,0.8537695468147743,179492612.00723204,4182338424.2213,109205002.1094758,148623979.74894625,105154863.6139409,143111890.64942527,1.7002371796261262e-06,4.474014357717576e-06,1.7261350677059993e-06,4.542162216435377e-06,0.75923204,0.62971032,8800,28898,9366,29715,1.7629632362264997e-09,1.550151330100629e-09
126,129,1.4246735367784915,0.7462066913474185,1.8027822841554115,1.0189429718163079,180536136.73631465,6931685732.862503,495247186.62565196,143200529.93628818,462598953.1471415,133760306.0201041,1.159068049206288e-07,2.0979401630769893e-06,1.19112100364345e-07,2.1559567571027217e-06,0.51934683,0.9407596,1419,15071,1547,15458,1.12447519560526e-09,1.3044691122826063e-09
127,130,0.9338312327588076,0.7430215357409325,1.3783776905368883,1.0075337563451152,181362221.4585471,6104153159.657828,241363041.6289488,132306565.48279451,238869776.4101449,130939846.88448991,3.1795906084518965e-07,2.509178114668828e-06,3.19282439006184e-07,2.519621570848913e-06,0.70168865,1.0185136,2597,14716,2766,15038,1.2731109422435384e-09,1.289363274763494e-09
128,131,1.0372051943349951,0.5509894894015722,1.4656745096340806,0.8431709154531779,181831353.15169245,3254011164.470517,195876316.13713315,85625012.70672862,181850452.86077616,79493772.62142852,6.509612969765802e-07,9.254803326128188e-06,6.705978930039893e-07,9.53397942319013e-06,0.96283424,1.1700689,2103,25070,2200,25738,1.2084436892871034e-09,1.48151130413748e-09
129,132,2.5413130092698717,2.6484947321643166,2.8752172378307037,2.8040629367717624,180354047.06649637,13181776181.204002,576891958.2602731,483009871.227126,561864868.9713209,470428256.3190869,8.39589019185511e-08,1.162183003546547e-06,8.484998943388304e-08,1.1745176904150812e-06,0.79449207,0.98893785,845,7235,1393,15491,9.422290439354628e-10,8.248500618955559e-10
130,133,1.5796251311735436,1.2963713517099935,2.0508665130371373,1.553231380280164,179577881.4008021,10529835965.543016,517406699.8446609,199834072.9398771,504114374.6945938,194700278.8193592,6.877902926122666e-08,1.0479312999089969e-06,6.949878762827368e-08,1.0588976850019769e-06,0.54824519,1.1649646,1204,7900,1321,9472,1.0759091688941136e-09,1.0399971126009812e-09
131,134,2.2558946164098064,0.6585578987813214,2.6046045947313203,0.9672202603190297,181056947.2051812,15548774349.020649,511335139.67113566,143335205.8313578,488882572.69913816,137041401.5165528,1.890514531639047e-08,1.9206780349784303e-07,1.9247771448387953e-08,1.9554873144060073e-07,0.79878217,0.83187157,551,7396,368,3590,9.60174314781987e-10,1.3794501642058448e-09
132,135,0.5478798868000017,0.9018310983271116,1.0941409979037335,1.3212851713988278,148894136.58257127,6200325222.359807,48614908.1454619,97194944.78550406,48407417.51964467,96780112.36703125,3.0519161262799162e-06,3.3426724097727147e-06,3.0571420324414832e-06,3.348396188415224e-06,1.6780059,1.3815262,9922,14394,11277,15002,2.258685673522373e-09,1.6143910873249826e-09
133,136,0.8106418195579308,1.0147286442763417,1.2717377324107935,1.3826831827211912,152974762.7231449,11507836248.730785,121586633.99229786,128298854.8709988,112281045.33030364,118479548.83354375,4.61838736989864e-07,1.1645963119068647e-06,4.7678448228900454e-07,1.2022842719240868e-06,1.0199126,1.2098929,4827,10936,5211,11077,1.883830623395363e-09,1.4686753015754348e-09
134,137,0.2931888099284464,0.5401576666849252,0.9271258064567348,1.0312991853828313,150063779.41077244,3446861454.664017,33480131.505779766,77775739.19669977,34668211.50843931,80535698.50019626,1.023395114827394e-05,9.175201097133365e-06,1.0092194844406323e-05,9.048110145073164e-06,1.3141233,1.0422029,25074,30156,26843,30345,2.833024057746177e-09,1.9197617517342343e-09
135,138,0.3380986170209625,0.4529489484550038,0.9397057500736021,0.9493136594920689,153893352.74295455,3171942404.5154705,54314240.791934,59313930.79088997,55977055.01453308,61129809.0261243,6.133260403639563e-06,1.5105246942943447e-05,6.059724377441399e-06,1.4924139381577411e-05,0.95796478,1.1752017,19069,40173,20308,40770,2.582987905573167e-09,2.0131214312671685e-09
136,139,0.4965924324011206,0.6289672965884787,1.0521805680615075,1.0942711040199322,150946969.9528418,5422817462.028754,69288407.28570263,78958930.53400858,68308899.42704467,77842713.60827693,2.2784686839850865e-06,5.365444334302714e-06,2.2914816298612357e-06,5.396087826229781e-06,1.0818422,1.2024062,10656,23977,11421,24198,2.294339052575672e-09,1.8065019712071318e-09
137,140,0.46629414017008775,0.6567238333427559,1.0211642621449275,1.0928686117532809,148527895.1141374,5653921148.779104,67905511.84828943,80620200.87702565,69038302.33095543,81965096.06709726,2.5487347181189008e-06,5.098141217590963e-06,2.5319236434681527e-06,5.064514637319702e-06,1.0199126,1.2098929,12421,22790,14129,23824,2.3380264740289513e-09,1.7664994437692933e-09
138,141,0.29979225155531253,0.3937874847894773,0.9107192116853676,0.8947333947941919,151767621.1930853,2767806876.985999,47925711.548694916,50594147.33979642,48174922.06425107,50857233.54415801,8.15175784525451e-06,2.0224293118223637e-05,8.1348638670006e-06,2.01823796101649e-05,0.94936007,1.1812471,22512,47618,23766,47388,2.7287789437620526e-09,2.1499330981721682e-09
139,142,0.8591972159264236,0.9947668563677682,1.3104992110332334,1.3674696048576966,154158518.6809477,8542941152.337065,153962786.3903767,86160123.14914264,141793152.67345044,79349794.72944432,4.833686167755394e-07,2.398631950963895e-06,4.995542421780339e-07,2.478950277163348e-06,0.86028951,1.7798464,4441,11332,4800,11513,1.8432063882669685e-09,1.4727626013540612e-09
140,143,0.4097539446417347,0.63184182037607,1.0007548709482548,1.1057777739210222,150333058.87545606,6020917283.9228735,105275203.26594068,81280364.99352966,109327760.78879249,84409243.82155313,1.4748444078631108e-06,4.7929842258516674e-06,1.4527285110715176e-06,4.72111146158072e-06,0.5851289,1.1686305,14329,24253,15176,24694,2.479853337326347e-09,1.8166998620605341e-09
141,144,0.4807202736916579,0.6898136743990128,1.036083557395446,1.1286780155447955,149111380.43356374,6123404633.165989,70281378.632408,85015020.11590087,71909020.95899674,86983877.98165463,2.108812695254392e-06,4.188011644616861e-06,2.089588482614982e-06,4.149833182122956e-06,1.0199126,1.2098929,11465,20697,12661,21196,2.321432080408191e-09,1.7399715338380224e-09
142,145,0.5519484241349988,0.8361271434746756,1.090810086729678,1.2556008209392147,148620764.09892178,8393276803.470047,105344017.3507172,96977894.86335205,108374533.66191381,99767736.18134975,9.157010618096707e-07,2.4141362899556502e-06,9.053714006446793e-07,2.386903374191559e-06,0.7786963,1.2813833,9155,15553,9870,15813,2.2434724031542463e-09,1.6457873676390038e-09
143,146,0.5909704668472768,0.9830706119357524,1.1244918463801816,1.3874619690828034,149267062.6120504,9506798555.673227,86490181.29275501,121283514.08945425,87673282.2250093,122942553.72194871,1.0073821652910582e-06,1.58840783219169e-06,1.0019223731150468e-06,1.5797990073054466e-06,1.0199126,1.2098929,8537,12370,9390,12481,2.203399675232543e-09,1.5731581667067763e-09
144,147,0.747407543444781,2.482005742690479,1.1356989149706962,2.984729949126367,191380279.43138832,18616576872.205986,129558361.52670246,354319179.01376164,123674863.37356183,338228853.3042927,2.015174971936425e-07,1.0060090404676399e-07,2.0529877774081282e-07,1.0248858252033217e-07,1.1040512,1.3406188,3257,1394,3398,1397,1.3095357384576273e-09,6.361760229629424e-10
145,148,2.109659711252173,3.1779924996730253,2.2725457456965024,3.3256107728864177,192724049.38983926,52468670077.07861,368263865.28733253,456860356.92437166,316550248.7893686,392705538.82220435,1.2625262257016661e-08,2.4758767761630485e-08,1.3413032825316921e-08,2.630362506066632e-08,1.1040512,1.3406188,576,938,600,969,8.290229038110642e-10,5.583945492507492e-10
146,149,2.511228482699582,8.183144939160373,2.762930826576461,8.52319422283481,191065564.24256974,117732636460.71541,434589706.51814693,1166265313.5100043,399642430.1053639,1072480772.2045529,4.960757716445782e-09,2.7442614088388924e-09,5.129926637936453e-09,2.8378446413524847e-09,1.1040512,1.3406188,492,243,529,241,8.240735178535071e-10,4.4144128976756213e-10
147,150,2.2801050918798973,5.714091750753986,2.5473096933881383,6.181208751388308,191225187.13152024,90738035028.78937,394921470.01358765,815055155.3690035,370563050.8690244,764783249.1600748,6.460920021179588e-09,5.85074433925708e-09,6.627562281647195e-09,6.001648739700942e-09,1.1040512,1.3406188,535,398,531,396,8.520568879837575e-10,4.824458473096135e-10
148,151,2.204878353458221,5.563987842382434,2.423184821749264,5.856172307368456,190951320.44584653,89069021716.93031,381345025.49819356,792507777.3395109,332905090.9330988,691840344.1495728,6.7307329758854486e-09,6.156047059128934e-09,7.10659262688396e-09,6.499814923262665e-09,1.1040512,1.3406188,546,409,543,409,8.461543868128155e-10,4.814322249113964e-10
149,152,2.6998087490663685,7.79408825915794,2.9453121517140777,8.175599704231493,191125164.58780095,120934448047.5661,467370889.61172694,1111163293.6546974,419963976.5848909,998454473.3328696,4.382081239512181e-09,2.9487429475821465e-09,4.5736220440278896e-09,3.0776325243880706e-09,1.1040512,1.3406188,446,263,480,266,8.112084599873057e-10,4.4760387320297083e-10
150,153,0.653714088157369,0.9205146439862234,1.2300373849436341,1.3968002590767312,153976123.81048566,7640330754.552164,96907168.39050186,99301719.6410636,99178212.22807418,101628880.38878466,1.100907767374925e-06,2.6314967573388095e-06,1.090753931856e-06,2.6072260726961577e-06,1.0386885,1.4273396,7484,13920,8098,14086,2.1197880819415376e-09,1.5966364765308982e-09
151,154,0.7969301612797608,1.2953906086524578,1.34298083316004,1.7212543533319227,155224258.32440105,12154293806.468025,124095797.8905293,156565469.77414295,126951063.51165114,160167815.79149362,5.199748149116479e-07,9.275347690378097e-07,5.152649506836649e-07,9.191332797663651e-07,0.99683386,1.2842937,5810,8701,6340,8778,2.0147269791969742e-09,1.456546301354564e-09
152,155,0.4058854181322339,0.4961437041356837,1.0223093101245482,1.0087964410663068,155459208.2288565,3761235209.936624,82341824.47993994,63995259.57219849,84195313.76246008,65435773.29044943,3.2314652280533122e-06,1.1621368450163083e-05,3.2028198646516056e-06,1.1518350686088118e-05,0.76630104,1.2052472,14724,35472,15861,36267,2.402878971369666e-09,1.9432007839169544e-09
153,156,1.4286382048258754,1.2480846306226099,1.8520436296981189,1.6565985452875165,152234431.82631648,14827553446.886234,218178709.73708287,147942370.6695681,223521064.6737103,151564908.61213526,2.027610915401118e-07,8.407751818637334e-07,2.0080854306832908e-07,8.326786862097035e-07,0.99683386,1.2842937,2709,9462,3016,9707,1.8506151740809207e-09,1.5216417142019142e-09
154,157,0.17307933732047243,0.27009590730390953,0.9266605960549235,0.9219382668639801,156568918.75293404,948833410.3526998,25670592.005894363,35866139.18191146,26598254.18008147,37162239.42944568,9.944428970310606e-05,0.00014242388825280416,9.804217812119453e-05,0.00014041578719585737,1.0556377,1.1790682,79886,110299,89383,114613,3.5448911727392435e-09,2.581714345423714e-09
155,158,0.3687720545383009,0.5615302083514465,1.0259913441917012,1.0991529191557476,156631830.6321719,3372389291.8917246,56074600.25596135,71431672.85690941,59202495.22797959,75416200.06445247,7.1422388281836975e-06,1.1889466620832615e-05,6.98883582112248e-06,1.1634101324898718e-05,1.0300821,1.2312956,20504,31245,23383,32564,2.5450353132804413e-09,1.8731088692659087e-09
156,159,0.5072377687220343,0.5336531121804414,1.0954864128660613,1.0475980474372832,154947582.242494,4012265116.346451,78844899.87685265,64384228.84776419,79054186.31081861,64555130.77902725,2.826080737113709e-06,1.0419312537045777e-05,2.8230856736130817e-06,1.0408270211796e-05,0.99683386,1.2842937,10519,31801,11375,32551,2.235835124061328e-09,1.897995628285707e-09
157,160,0.7260073972897866,0.6050530477072839,1.231895904630147,1.0676420231961932,157140740.1793039,6488966186.853923,153878157.43761995,91394692.72174647,152582306.2291639,90625032.32951076,7.110123637856248e-07,4.04501580414706e-06,7.134216321577564e-07,4.05872235713837e-06,0.74140048,1.0403064,5768,24802,6223,25231,1.9159380939063955e-09,1.753176354178867e-09
158,161,0.6958347062014996,1.0556250562523917,1.2627238194428032,1.506125064009849,154187925.92221257,9551691181.6819,96978611.99194604,130800553.54402684,100271330.85434867,135241630.20021665,8.611547252778355e-07,1.520080621057451e-06,8.497298267539059e-07,1.4999137842115285e-06,1.1063193,1.2443727,6940,11596,7435,11668,2.111293036705685e-09,1.5538448653002433e-09
159,162,0.5226101162016936,0.740531580210015,1.1192914288170224,1.2168395776216185,156091083.65541855,5800003666.69518,77876375.76849757,91449978.50116888,78753624.7988167,92480129.2262275,2.0731272661679735e-06,4.131884154765567e-06,2.063859056748579e-06,4.113411980737471e-06,1.0474907,1.2639738,10548,18909,11479,18960,2.234879230785671e-09,1.6855234541912227e-09
160,163,0.992772169916028,0.8211823532794132,1.4718377981957886,1.286000239115405,151519140.09683046,9186721045.520782,147511720.60257265,101427373.73699698,146413800.63883048,100672456.51387128,4.793057854899073e-07,2.2202674504898633e-06,4.807402411470361e-07,2.226912217361264e-06,1.0197426,1.2267383,4039,16355,4318,16627,1.9233016912320244e-09,1.6697171267233376e-09
161,164,0.4437982802616579,0.5290738042590449,1.0869409181928227,1.1059201951546176,155298573.18562153,3473523390.637286,69140147.0921825,63976337.274969496,71130478.53481665,65818018.570399314,4.859155681235625e-06,1.3497656569284865e-05,4.804305778118912e-06,1.3345295705856081e-05,0.99683386,1.2842937,14757,34699,16932,36506,2.3894722360984336e-09,1.931191167703552e-09
162,165,0.6745751874650079,0.6733054839971091,1.193269302390552,1.119806205405816,156381381.16462746,5913600660.704592,105826059.63562015,81984706.09424144,105187465.66093762,81489979.75265631,1.1641189576605214e-06,4.6766736752401634e-06,1.1669407758653223e-06,4.688009907527993e-06,0.99683386,1.2842937,6434,21099,6906,21534,1.974154190401676e-09,1.6927104874848899e-09
163,166,0.16233594215171882,0.26194321055208825,0.9316961156569992,0.9171748765227419,153535237.68627492,983500396.3587234,20802740.367442,30520115.640918292,21785597.249096066,31962084.591004413,8.753315231425672e-05,0.00014245363986086138,8.593162018548485e-05,0.00013984726644615108,1.1981252,1.3177379,68637,105293,71853,106321,3.7087829144529432e-09,2.6580566212353964e-09
164,167,0.7631995695872784,0.7855553174897212,1.262985931507898,1.1981850398939258,159267705.57145837,6289054671.79363,129612675.46020749,83819295.99711978,122489390.8344226,79212734.94589218,9.090294495865049e-07,4.075879043120066e-06,9.2981715246308e-07,4.1690863232007935e-06,0.93781757,1.4926586,5453,16534,6096,17173,1.8383257947539398e-09,1.5445772910104087e-09
165,168,0.5814605757103525,0.8198497953026745,1.1464346362882591,1.2589778501789044,157742595.4613615,4931659809.580946,99542357.40867664,77313521.61839958,103209476.73444967,80161735.35023241,2.3418437438573766e-06,6.927822842448481e-06,2.308199019594797e-06,6.828292423356448e-06,0.92142785,1.6727376,10101,18009,12534,20425,2.0805283898643772e-09,1.570288441329755e-09
166,169,0.5162251658774055,0.7641445670771471,1.136998172812299,1.2587719740397543,152247610.31747305,5986936069.768083,76927362.72792178,81051303.01617299,80264856.07619438,84567713.49864386,1.7655363626773217e-06,4.315767343428623e-06,1.7357965933897855e-06,4.243069931013046e-06,1.0216657,1.4353771,10243,18380,10346,18001,2.351165522530743e-09,1.7489279945368133e-09
167,170,0.7012462827010696,1.1748135476914405,1.2684401240953898,1.5997055162876985,153364133.5880917,11024182963.815361,107887615.87444426,140290544.0315171,113558983.23077036,147665247.8413363,6.273511010639494e-07,1.1461059256791573e-06,6.146256843324205e-07,1.122857898381513e-06,0.99683386,1.2842937,6721,9978,6938,9838,2.12963754980854e-09,1.5281977964159413e-09
168,171,0.3274886112535053,0.38166525485120445,0.957037268786581,0.9128718769564338,154232936.94889003,2600952426.205884,66393061.87358736,48121174.86331989,65659720.53615251,47589654.76562663,6.20849568805676e-06,2.5064159334854246e-05,6.2361399204996235e-06,2.5175761159426753e-05,0.76076519,1.2232734,20004,52752,21226,53292,2.614341220622224e-09,2.174626177814276e-09
169,172,0.6088119766469522,0.7319934043520678,1.1761138128635824,1.2009697964259722,155209435.89684618,6661866844.708269,99334056.0482288,92223331.8064796,102685836.8400935,95335178.88499457,1.1971772641380757e-06,3.475608593166642e-06,1.181390595750519e-06,3.4297772180237406e-06,0.95126855,1.2319256,7964,18968,8384,18795,2.1316265311339278e-09,1.7010230811870102e-09
170,173,0.3815468705105074,0.42706271409598107,1.026796343664044,0.9838100458356603,155827516.01159984,2772473839.4864035,74641626.6367437,50716256.38591227,74391290.09433849,50546161.8577052,5.290725318121414e-06,2.2028496775036753e-05,5.297839737989059e-06,2.2058118417758192e-05,0.79654616,1.3121655,16979,45792,18415,46544,2.4861488859128464e-09,2.081954696906232e-09
171,174,0.40787706633762627,0.5732095854112158,1.0636839278024317,1.1257441183970371,154631722.84022242,3796358431.42375,62706440.40924533,59397291.094757974,64957882.69801677,61529920.09006431,4.061539476191499e-06,1.0198395865108034e-05,4.004633663709461e-06,1.0055507188014189e-05,1.0058095,1.4922631,14822,27050,15330,25945,2.487903664470655e-09,1.8862905920940285e-09
172,175,0.47656556465665467,0.4413361587450232,1.058801111762401,0.9440268950469819,158580377.84980395,2726632571.9866023,70317856.31664352,51324004.31271048,68897906.32908295,50287602.99016131,4.890031338503909e-06,2.1771602908509408e-05,4.930097196933838e-06,2.1949985806192807e-05,1.0747476,1.3636359,11291,42377,12406,43533,2.1672526499203532e-09,1.9670798744631074e-09
173,176,0.7204327016655198,1.0384519335519429,1.2755822520695639,1.4910632922724278,155897897.46506134,9229262142.98755,112670674.58435684,126055646.81916252,114162649.3004894,127724864.10727873,7.928865008802546e-07,1.6699935980701066e-06,7.887252897372786e-07,1.6612291709279202e-06,0.99683386,1.2842937,6720,11908,7341,12001,2.0594015240801435e-09,1.5435379894908356e-09
174,177,0.9453298685253594,1.4586648336116945,1.4997080963765455,1.944638515683441,154585153.65154767,14186284394.190083,146598113.12728688,175573490.26159126,151868124.14816833,181885128.31009614,3.8534663033252263e-07,7.341131281398205e-07,3.799410918115673e-07,7.238151873235884e-07,0.99683386,1.2842937,4781,7751,5484,8109,1.96393694854061e-09,1.445245861535446e-09
175,178,0.4264431415323321,0.746954862139825,1.0600338188181189,1.2326576635255893,156585930.51746005,4934938536.269762,66533134.877721645,101191370.29190199,70386229.2494476,107051606.69975418,3.8014554832896322e-06,5.05936169056578e-06,3.7168071159438236e-06,4.946703076305823e-06,1.0036352,1.1558557,16671,20938,18692,21601,2.476707027006064e-09,1.7487381354828518e-09
176,179,1.0781520084680294,1.6088932340521591,1.597922932205831,2.0633999588910883,154664871.47030106,18009866430.695305,167065466.1750677,221766538.47658503,174865490.31407303,232120469.74044287,2.379224322683981e-07,4.4503385561702726e-07,2.3361914046510174e-07,4.3698454927459e-07,0.99812514,1.1220776,3927,6824,4293,7143,1.91384733572887e-09,1.4179415707570863e-09
177,180,0.27613407813559065,0.3916999496628111,0.9819096536454269,0.9866274412514838,150998045.80329514,1986377985.7436514,39552735.03850869,35708835.964729644,41424841.01578897,37399002.90732427,1.4598093725774004e-05,4.266136716052802e-05,1.4330535375346049e-05,4.187945650569236e-05,1.0541801,1.6563387,27050,52060,27507,51162,2.9950436604642715e-09,2.2795131547913828e-09
178,182,0.4840899122108615,0.7631383403034006,1.1220628152804715,1.290668967639695,155613949.64031786,5549824824.251215,75570409.71718888,92467144.59205797,80025120.81557119,97917881.41870072,2.4501333131887855e-06,4.518542400945676e-06,2.394638113653995e-06,4.41619800572559e-06,0.99683386,1.2842937,12371,19085,13641,19526,2.3310826878847742e-09,1.7054017012973106e-09
179,183,0.6869253490581315,0.7972413693899615,1.2345891901458286,1.2613300495173463,149951137.28612128,8173383879.55797,115801640.52894135,94567171.03775555,117928033.3333948,96303648.61366645,8.314498451243092e-07,2.756008952257634e-06,8.254202499220897e-07,2.736022637444716e-06,0.88949722,1.2641517,6983,17414,7640,17819,2.151286908251761e-09,1.7124265263792209e-09
180,184,0.24903986007798096,0.3677028983027048,0.972614306831964,0.9772614115887825,151059759.76564857,2116064188.3185291,36639094.84977887,46431790.697610065,38349849.03624723,48599785.85815751,1.789028328487615e-05,3.448226681227517e-05,1.756667831421135e-05,3.385854091802534e-05,1.0267694,1.1962733,34535,60309,36870,60995,3.1250669443860593e-09,2.3410769293676756e-09
181,185,0.7503520090743375,0.8534708916414497,1.2678632841193638,1.2780188429291135,157432538.08874756,7825914474.16288,118505024.74761833,104620998.02870625,116160884.39864255,102551496.72822124,8.288357799506664e-07,2.507895580535259e-06,8.354861078416199e-07,2.5280181769895594e-06,0.99683386,1.2842937,5876,14922,6507,15282,1.9279404016517353e-09,1.5548836459907968e-09
182,186,1.5628478896278628,1.2472344730584881,1.9104811007288045,1.5785967927105073,159236265.95648414,26823195713.549286,422765838.7482802,276036507.54606974,420025765.5578291,274247431.5030475,5.3459583873358566e-08,2.3159282104265016e-07,5.3598811034339065e-08,2.3219596847929345e-07,0.58865225,0.71948802,1950,8101,2436,8634,1.4568849095860368e-09,1.2977991628936877e-09
183,187,0.7107569666797979,0.7453675799916011,1.2350776305255102,1.1990347079591728,153492762.3769812,9199664820.08653,129204535.84546778,120817870.9840703,127700833.9404023,119411774.35150324,6.362353810086905e-07,1.963655497515189e-06,6.392215785483015e-07,1.972871997242109e-06,0.84436703,0.94695038,6323,18613,6932,19077,2.0206928885826924e-09,1.680484338130655e-09
184,188,0.9875719951145429,1.106605786287386,1.5157320020726344,1.5818289314399494,170480647.05121067,10661662525.177948,249208292.6873774,131751032.85665621,232110538.96259195,122711820.36305317,2.2672361929029027e-07,1.1278852883405532e-06,2.332619048078608e-07,1.16041139245499e-06,0.67558712,1.4319043,3316,8481,3578,8398,1.5762392585000345e-09,1.2448691357908294e-09
185,189,0.09524619437990549,0.27445676311418765,0.9211029671113171,0.9628349710033908,168243879.41238493,586415494.4878863,12556759.962382348,33912913.605617,14102011.152905311,38086280.802264415,0.00028093111441942483,0.0001868406092938994,0.000268187453989568,0.00017836510353061053,1.2761723,1.3615955,129160,82060,129091,80469,4.562254770427667e-09,2.343609104548829e-09
186,190,1.4773682993973516,1.3830241897754854,1.9345591189949611,1.82983577854318,171871969.81047964,14092040209.953396,210321480.34586108,175632819.8662853,186462605.6749334,155709027.8199358,1.7228536896915574e-07,6.060167694503224e-07,1.8078614731570532e-07,6.359184045236496e-07,1.2072861,1.3534093,1850,6166,2011,6310,1.393837830118611e-09,1.1387040838670826e-09
187,191,1.0879349138299952,1.6650247235734168,1.58120659901618,2.048545445179017,169353514.4022614,16330117562.628407,157710454.40957496,220763268.88141397,136478327.83931795,191042514.57567224,2.2155856252866156e-07,3.8623342766583373e-07,2.3475089401730146e-07,4.0923104667729554e-07,1.1682523,1.2772858,2909,4857,3097,4938,1.5641778683753932e-09,1.1152058514887634e-09
188,192,0.5990890318401113,0.7026915335996959,1.229773666286833,1.281135461544542,172086569.14112836,5772926548.509586,107146695.8964387,110313723.98883653,102478009.78345989,105507041.45934962,1.2762100987742656e-06,3.2921917188616797e-06,1.2991563404544777e-06,3.35138528496114e-06,0.96218717,1.0961807,7061,17273,7657,17338,1.8098125502403133e-09,1.4540582346851893e-09
189,193,0.408832835146798,0.5691924486963058,1.0479004548454807,1.1086949102218464,167357608.45123437,4022966774.299396,53028168.144113205,92257620.37753087,49525496.95954631,86163725.00526612,4.1797396459304205e-06,5.829744455914464e-06,4.295565479948887e-06,5.991293995101255e-06,1.2902819,1.0325292,12635,23650,13032,22714,2.2016242664513214e-09,1.6616014706282086e-09
190,194,1.2748555973688562,1.4044954824314946,1.7518965440942667,1.8344947636413158,171011370.42764893,14773237321.018436,186616198.23338428,188043034.07275945,169255605.66787115,170549705.35733137,1.8812885499008572e-07,5.221285476288717e-07,1.9562210274621774e-07,5.429251371161075e-07,1.1682523,1.2772858,2242,5977,2379,6039,1.4508829002381533e-09,1.1386029376337721e-09
191,195,0.9862457081136942,1.117553543138732,1.512952569019992,1.5896279529187993,170572416.16470644,9746237729.322493,169047741.69910184,134876083.42636004,158232552.872199,126247099.11797673,3.901436937465638e-07,1.2959759800952479e-06,4.005991346404634e-07,1.3307067741000884e-06,0.99514085,1.4133255,3432,8718,3821,8937,1.5896000015793252e-09,1.2460030678192031e-09
192,196,1.2981144385369598,1.2088580494172148,1.7813412317759263,1.6777348713816178,171523318.0748374,22220073140.07089,506585338.87260306,275131776.9616658,462730098.9399079,251313539.11330006,4.767109103658967e-08,2.69569092924277e-07,4.942936581195587e-08,2.7951173375755067e-07,0.43952495,0.75362921,2219,7672,2410,7948,1.4446443368191433e-09,1.1935576898860153e-09
193,197,0.19439981590536887,0.4744907517667274,0.9627711458211974,1.0839727718917016,169012132.56483856,1833455878.2246077,26915697.594865765,64029770.09507137,28319663.472391866,67369665.41238497,2.5296046207182476e-05,2.0959988890331086e-05,2.478675457770336e-05,2.0537996188056928e-05,1.2206976,1.2524595,38557,31951,37994,30683,3.144950869599692e-09,1.8101783728859052e-09
194,198,0.5736996437289721,0.8189320000967545,1.2141723753098583,1.3749918285413445,172662946.4002046,5748221171.02116,92591047.26367432,116120670.939875,89073766.32315311,111709563.87534142,1.6145471975378585e-06,3.1027920104945357e-06,1.639752936109087e-06,3.151231699576829e-06,1.0698299,1.217692,7816,14121,8675,14647,1.8293055452148425e-09,1.357675284445028e-09
195,199,1.4209683500577444,1.7813858734005052,1.860403599333163,2.153239475356983,170052406.2965079,21090318874.658176,279242518.6389342,245377283.00107202,258563443.69593167,227206070.21721044,9.605144606723415e-08,2.6856331904994973e-07,9.905346605698587e-08,2.7695707557640194e-07,0.86533773,1.2345436,2099,4493,2341,4588,1.4896010158646624e-09,1.1054068155397204e-09
196,200,0.47560127629365545,0.7303879989937963,1.094381034612429,1.2332859965608371,167805347.88120297,4844991328.287098,72998956.28126742,93290930.4349687,68088293.3791111,87015220.00659634,2.3709253835467986e-06,4.667491828926546e-06,2.4378982021887e-06,4.799337008846812e-06,1.0932819,1.313772,10096,17134,10507,17213,2.08163416126223e-09,1.5017793889728408e-09
197,201,1.0174153137345867,1.2856124346437343,1.529506417564449,1.726326503859341,169590981.7901405,13002303597.469624,184432598.06292674,171487818.6234301,177777226.67700094,165299568.10216486,2.50393056768309e-07,6.956216675759044e-07,2.5410131050104065e-07,7.05923637121906e-07,0.93554211,1.2713922,3251,7068,3480,7114,1.6107491786308998e-09,1.2099620820801824e-09
198,202,0.9630977971231112,1.2411166348220735,1.4865544672612159,1.615776651253498,174210499.54673445,12772636559.203583,146186023.3478522,219006928.03015512,140537715.1529506,210544979.35678953,2.8476102521520336e-07,4.827040661904211e-07,2.8928487885998495e-07,4.903725402996717e-07,1.1477277,0.98725438,2986,6645,3169,6245,1.4231485673731966e-09,1.1688260772213584e-09
199,203,0.9970511804911193,1.3347648888021402,1.5152636606982515,1.6982799733638156,174226955.72708917,17126745743.525116,182986140.8279624,305853837.8948826,173761457.0547905,290435156.8809808,1.5935936879788347e-07,2.7320511701465363e-07,1.626909893706887e-07,2.789168350975491e-07,0.94932431,0.76033711,2774,6273,2875,6154,1.4070146784107216e-09,1.1464232459734217e-09
200,204,1.1210228660811363,1.0902833968368757,1.618540292901749,1.4891108555502024,174619852.54958594,10748500280.73451,241404839.53465152,160776576.05690727,234807971.5807403,156383035.95897922,1.7691191801039398e-07,8.928156624418136e-07,1.788835253527381e-07,9.02765709534326e-07,0.81089032,1.1841596,2292,8327,2345,8104,1.3510667862086662e-09,1.218603496605201e-09
201,205,1.1083339355303095,1.0593225806701128,1.6160980574799344,1.4685156207542693,174732911.4914721,13969426187.679094,248965987.0114711,224183437.06328905,238356562.053435,214630094.53281727,1.334177375019045e-07,5.064668162111146e-07,1.357621584705517e-07,5.153664681320773e-07,0.77786696,0.82565653,2334,8738,2396,8569,1.3557563543109235e-09,1.2303856474134172e-09
202,206,1.6473764158421091,1.493141389641016,2.0750363219660573,1.8445167525702861,174632288.28171057,23691342404.70631,304081484.8212471,335375464.46630746,281378018.27037627,310335512.9415721,5.6186481897098784e-08,1.6599054365272256e-07,5.795778292917733e-08,1.7122346109763074e-07,0.94607902,0.77748889,1353,5228,1407,5058,1.2231565571984717e-09,1.1039041036133978e-09
203,207,1.1520297881138488,1.0142638064080014,1.6486530960042576,1.4284320178078804,174551764.51351902,16620856552.92382,142039924.04391104,344599710.8157627,139651446.42895728,338805081.58779615,1.873901678943318e-07,2.603596399217316e-07,1.8866563322835868e-07,2.621317696915664e-07,1.4157205,0.51375997,2174,8897,2200,8423,1.337749798729388e-09,1.2442328798445227e-09
204,208,2.242552895277228,2.3455527923773682,2.593595621836727,2.610012844925949,174328587.14798012,43937802696.82329,411809824.8619498,537783700.1486698,391240644.12415546,510922344.59479004,2.01152738271525e-08,4.610012191589287e-08,2.0531800907006547e-08,4.705471738039123e-08,0.94932431,0.76033711,879,2735,931,2664,1.1248009195569772e-09,9.619493567529472e-10
205,209,0.48886992458648526,0.6393744082108557,1.1448257827048207,1.1322693858049218,174204972.0304369,7161754401.722357,103866546.32886729,191248723.54447666,102714188.39180432,189126895.176064,1.0116131328515874e-06,1.4543284083876331e-06,1.016137688572417e-06,1.460833058936788e-06,0.81993264,0.58239448,8496,18583,8836,17884,1.8335003716980582e-09,1.4998676746360697e-09
206,210,1.261552960940737,2.097126972727387,1.851041450594263,2.5333106845827293,168932672.76628414,23987935467.41941,279749143.69528407,362680458.79797107,273487691.105841,354562805.71820134,7.22819334058568e-08,1.4101777000502781e-07,7.29393943824373e-08,1.4230043742154712e-07,0.7618165,0.97681928,2237,3582,2276,3463,1.437617491076562e-09,1.0780078772625894e-09
207,211,1.204690910545048,1.0587337415072549,1.7649571496030316,1.5275178049186413,170982002.3730741,11102154164.938253,270380681.0769184,185320272.4488066,254364899.73398134,174342975.73466283,1.767620296786713e-07,8.303992385329368e-07,1.811324952730207e-07,8.509309743824265e-07,0.7618165,0.97681928,2380,9513,2576,9438,1.4117420404857305e-09,1.2962571050761757e-09
208,212,1.265289836902098,1.223294154029643,1.7859134612278333,1.640292996912617,171962715.2479884,14198489365.882563,231678964.76209176,250456816.3724464,225184669.81787664,243436151.2120074,1.6278230090404653e-07,4.7501327093333154e-07,1.6464414683289758e-07,4.804463033927926e-07,0.93915594,0.8399092,2197,7722,2461,8030,1.3601813593475857e-09,1.2032687739213564e-09
209,213,1.1517916270959316,1.50074463832162,1.7590870044424707,1.9762377832701827,166663201.37276894,16358690140.74986,251978369.96987915,256054431.95766926,242369705.0316509,246290334.97218707,1.3458593970892825e-07,3.5612571274321816e-07,1.366953251453408e-07,3.6170732396960063e-07,0.7618165,0.97681928,2656,5887,2890,5964,1.4806864844015242e-09,1.1870121476524228e-09
210,214,0.732323035317448,1.392752016163754,1.4411872344332872,1.9195572970528638,168587788.9659766,12612692793.105804,162060970.50014192,240373002.2435198,162523430.20353267,241058934.3774421,3.1046001628933454e-07,4.7420995258913274e-07,3.101063491386149e-07,4.736697462051364e-07,0.7618165,0.97681928,4970,6298,5140,6123,1.6922596254847926e-09,1.19964860238244e-09
211,215,1.2936961817657056,1.2724760848752241,1.8966163279124557,1.8032133611025025,167674118.98956484,13683464820.796726,269522543.14734465,207756796.78951105,250131092.75837138,192809232.21524328,1.316337445675637e-07,5.375249877809632e-07,1.3562451619751502e-07,5.538212610403262e-07,0.80482829,1.0269763,2171,7283,2238,7162,1.4291176919045544e-09,1.2401302251032032e-09
212,216,1.5585733887374922,1.6829682343414345,2.0958867696691086,2.114793233615816,169022758.05083287,19613838472.31395,345797672.7847767,291210399.4101444,320927677.1179036,270266356.28471154,8.078879217021812e-08,2.6873458972960334e-07,8.323712525648176e-08,2.7687868707013785e-07,0.7618165,0.97681928,1782,5134,2080,5396,1.3515249235415667e-09,1.1429020533842936e-09
213,217,1.0935190095529685,0.924642145860638,1.6483532557714031,1.3881470289054325,170294720.9164827,9366755616.225863,244442742.5091099,161198370.46721172,249007910.6421549,164208881.8712403,2.2008425686146258e-07,1.2087763082946845e-06,2.1846133281038202e-07,1.1998626668962327e-06,0.7618165,0.97681928,2610,11613,2706,11591,1.4378746373081714e-09,1.3482091890698178e-09
214,218,1.0725422488651057,1.340807979271724,1.7165598797295765,1.8553081503762472,168951783.08840153,14115572463.188553,237862957.00264266,231907686.01241603,219797805.85128638,214294824.16218257,1.635288969696224e-07,4.7645256756953416e-07,1.6877802154809596e-07,4.917462491710841e-07,0.7618165,0.97681928,2850,6837,3030,6885,1.4850001202836757e-09,1.211200512791125e-09
215,219,1.249982973358129,0.9172546986494177,1.7735145106735442,1.3786664856925073,166221375.28223246,8087216704.777872,130479928.12714684,147768792.31196913,124422873.71339762,140909165.48250443,4.6114241526342686e-07,1.5548619040678196e-06,4.699941608106996e-07,1.5847078724290125e-06,1.592382,1.0317966,2213,12009,2342,12187,1.4092277366214887e-09,1.3701807541638627e-09
216,220,0.7344284917250323,0.8995136165566036,1.4127177436178262,1.4251479335287414,164647207.5620135,9331427856.966227,233564348.79493523,163004243.2694952,228772857.6876701,159660268.10332802,3.03928382212457e-07,1.2060942200628037e-06,3.0645878869490515e-07,1.2161357588314888e-06,0.51772285,0.90858006,5067,12319,5478,12387,1.6854786984790455e-09,1.3935161152686576e-09
217,221,0.7553457689423684,0.8915017234143894,1.4100872709931525,1.3883902504839292,171440708.4005234,7671715759.416255,122205823.24159008,162724296.27181986,118146241.22844462,157318722.22694886,6.415951422546614e-07,1.423749565214745e-06,6.503241227465959e-07,1.44311985242809e-06,1.0596632,0.93925548,4496,11928,4645,11629,1.6120672719255847e-09,1.3621424554458372e-09
218,222,0.7518883597404398,0.6919358688332624,1.4527838941313576,1.2899764043401052,169259415.2179574,3577949611.988631,154093793.46547562,73571527.43861972,145636503.8773348,69533624.94432062,1.2836296074184608e-06,8.882234786290496e-06,1.3129424389151252e-06,9.085068571129698e-06,0.8258878,1.5918748,5018,19387,5561,19964,1.6437661379667973e-09,1.5195807309036414e-09
219,223,1.012796101900937,1.023898871198151,1.6673576081923256,1.5695698552378912,166957241.37522092,10455520264.91277,221961119.57270235,175004050.88487396,213405784.77161637,168258643.17676416,2.244897027627331e-07,9.337012063456076e-07,2.2804718334386095e-07,9.484975371762508e-07,0.7618165,0.97681928,3016,10089,3081,9994,1.5220044627379181e-09,1.332758252509025e-09
220,224,0.9657574119728844,1.181568903390512,1.5882594645767896,1.647577329059101,166675074.03111497,17590834942.70671,217955277.6165889,338102038.4253715,213116417.43795985,330595780.6832313,1.4728022812096005e-07,2.756306683469993e-07,1.4860883898413894e-07,2.7811712498047436e-07,0.7385354,0.58248121,3297,8262,3508,8324,1.5341569620732745e-09,1.270348050753347e-09
221,225,1.4532521646355927,2.7770308492246265,2.010419198882945,3.154627572392994,167991917.11911836,31947450591.591602,320463808.79731774,477589607.2200565,303004669.1165233,451570120.9827684,4.5712637580050605e-08,7.24035255460665e-08,4.674855035065912e-08,7.404429144190669e-08,0.7618165,0.97681928,1912,2546,1917,2368,1.4257751388277224e-09,1.0430589297862155e-09
222,226,0.9910100351648459,1.5152517147384024,1.6337211486750582,2.024579562834104,167505329.6500213,15774511080.879509,217899536.99712032,259835921.7275238,216233335.02067164,257849046.80203697,1.6043314433165288e-07,3.394049074630014e-07,1.609264976929571e-07,3.40448622916174e-07,0.7618165,0.97681928,3243,5682,3322,5481,1.5645161665967951e-09,1.1894705159493558e-09
223,227,1.3833681977894994,1.1844304434627113,1.9410472286354896,1.659455948166035,170002430.48454827,12624692174.394844,308704203.5440873,206134397.8883712,295522391.24374676,197332363.73913372,1.2804863601179167e-07,6.849120871316989e-07,1.303034207547706e-07,6.96972577367645e-07,0.7618165,0.97681928,1984,8540,2122,8852,1.3813966251831754e-09,1.2677225447035667e-09
224,228,1.4601439817286965,1.2314397049360253,1.9919109867756541,1.687199082041068,169017034.33439773,16245486227.657513,350505575.26794267,257111998.94354728,323281267.35458356,237141713.957046,8.811216933064376e-08,4.0795603355576703e-07,9.100843577492954e-08,4.21365638377749e-07,0.70409495,0.80950826,1853,7925,2033,8187,1.359736266535227e-09,1.2432129360572039e-09
225,229,0.514775320380692,0.7450531775683925,1.2654268894586131,1.3570953691044827,168173828.7173687,4054408800.6644697,103892477.41221724,78486243.7024457,106265494.60141246,80278954.87904303,1.6113153836212395e-06,5.662965122519745e-06,1.5968248673879034e-06,5.6120382283370115e-06,0.83328205,1.5964383,8058,15293,7840,14382,1.9366420978003864e-09,1.4840076699664294e-09
226,230,1.249848452270228,1.3869704140193315,1.8200076437846688,1.851937147657761,170052293.64132458,15499219478.04393,278990539.07681423,241454591.39242718,268262087.578887,232169567.31498966,1.223391456057569e-07,4.024067864601357e-07,1.2427320920328553e-07,4.0876844865123086e-07,0.7618165,0.97681928,2290,6369,2489,6385,1.4058251283244172e-09,1.1808499152703266e-09
227,231,1.094313800591151,1.266933616111857,1.6697066959160978,1.702429751104504,171201097.1839583,12850625238.391994,227089858.85184956,219114449.56405374,216816008.2413778,209201417.19528797,2.0325317178628047e-07,5.645596670382565e-07,2.0705221931304302e-07,5.751119698039266e-07,0.82499379,0.98989558,2810,7283,3166,7329,1.440643112382535e-09,1.2111345049106693e-09
228,232,0.8570831982498405,1.0517374076901487,1.4846123075930198,1.5276541494082674,170780115.60828203,9839894194.745575,192136515.3984245,183878266.68908343,183532001.76155943,175643584.95787564,3.5226649864293847e-07,9.681931786347152e-07,3.5878195018841784e-07,9.861006883364886e-07,0.7618165,0.97681928,4059,9597,4550,9753,1.5481341191454232e-09,1.2759212567149516e-09
229,233,0.8258727550296675,0.8201040932429856,1.4637360336501264,1.3392292446008038,171401889.45865446,7051686984.136723,178395836.37358823,135968146.2174862,172587127.90906566,131540916.64815369,4.821718259969317e-07,1.9765540948080406e-06,4.885987542290434e-07,2.002899830144096e-06,0.7934947,1.0338259,4043,13683,4285,13482,1.5658122834270509e-09,1.4020242822549768e-09
230,234,0.7522766402726114,0.691619798166304,1.3877927159962515,1.2096067039127627,165021089.9099534,7551681985.649652,179838598.7657814,155343282.38756922,176249874.08989653,152243367.93892917,4.735002191822819e-07,1.861752132528461e-06,4.773333981524003e-07,1.8768237815644542e-06,0.69029403,0.73470736,4792,18822,5180,19136,1.6512345112058363e-09,1.5323618296440213e-09
231,235,0.643797956102909,0.8634271569891527,1.32993886786516,1.3729124870410667,170974240.46668857,6451584375.692486,252468028.16343498,116245273.85957652,244512195.837261,112582125.24521701,4.6122215729847137e-07,2.534519686421195e-06,4.671673769859388e-07,2.567190008303051e-06,0.43598735,1.2699338,6225,12828,6825,12876,1.7055713241071898e-09,1.3682526795378032e-09
232,236,1.3467675278858113,0.867602602947339,1.8583825654183146,1.3422628566762445,167931643.8449298,8942219849.379128,296875802.551975,149155462.3257299,285031628.97151494,143204747.67982867,1.7754266980029924e-07,1.4399592009420379e-06,1.8045771119780956e-07,1.4636016339762675e-06,0.7618165,0.97681928,1978,13017,2084,13182,1.3720242413456455e-09,1.3875790756987891e-09
233,237,1.099897132538006,1.7440637563415864,1.701706576978079,2.170604521567497,169799669.38159007,18800376188.82495,245153746.9439325,303169127.8730856,239989784.5117783,296783119.06660545,1.2200976504201364e-07,2.3947180717565155e-07,1.230531973442983e-07,2.415197794753074e-07,0.7618165,0.97681928,2754,4588,3011,4609,1.4544872605264918e-09,1.106305951271028e-09
234,238,0.8889869910013075,1.4315860024688805,1.5593780408035407,1.945007940129012,169247217.9807022,14461586821.836193,197499758.86319977,248041734.20693812,197024042.52064615,247444277.74786812,2.066055647841163e-07,3.8278198153203344e-07,2.0680496083839392e-07,3.831514063190464e-07,0.7618165,0.97681928,3714,5912,3922,5667,1.5667033501456233e-09,1.1763628372656899e-09
235,239,0.9229665178430579,1.4475804059754283,1.6444083144386208,2.04440178773553,168750891.2882365,13172765746.705254,227709214.92576343,214051527.6418774,219944250.66311613,206752295.31592122,2.0297386311972849e-07,5.358375874683301e-07,2.058103988672941e-07,5.433258544224191e-07,0.68399262,1.1412228,3634,6143,3909,6185,1.5677807089638787e-09,1.1900273503323546e-09
236,240,0.551554822529272,0.7277717573117599,1.27260111138688,1.2931025365821742,165364317.37016594,5572939301.593414,120950081.87167843,117061755.38059607,118882980.3060279,115061107.39358805,1.1371717251806447e-06,3.0412558035494875e-06,1.1450399672804974e-06,3.0622986561108348e-06,0.75409198,1.0280683,7860,16656,8404,16486,1.865007731132932e-09,1.4986885898927362e-09
237,241,1.0404737437752016,0.8876480597089773,1.6146118515881407,1.3709957577519252,171547535.21995264,12068410697.001112,284443070.5210965,224103796.20212048,274948979.15614045,216623698.64699784,1.5640405209519743e-07,6.946012506272289e-07,1.5854235288253297e-07,7.040975928332252e-07,0.62750942,0.67947906,2839,12325,3008,12337,1.4519043127637598e-09,1.3611015127673709e-09
238,242,0.7710322983110511,1.2376193775210482,1.4543213520830365,1.7509770174393435,166793326.6760082,11351918172.403122,159410735.1863437,211306928.21826893,156340045.03298184,207236574.34242427,3.500731742253857e-07,6.486065018605855e-07,3.528074646219939e-07,6.536725242233079e-07,0.80674016,0.97690433,4674,7605,4926,7537,1.668760250695191e-09,1.252021687057878e-09
239,243,0.6716288119906387,0.8821248405993332,1.3200642943747427,1.372177162972464,168611018.79873732,10583068584.891289,137462189.21808252,229950012.3931595,137654064.28137842,230270985.5526429,4.175506589750965e-07,6.828131612712429e-07,4.1731775314100175e-07,6.824322945058854e-07,0.8238194,0.6468187,5264,11595,5364,11172,1.6888571009583992e-09,1.351866015952232e-09
240,244,1.1477702634861155,0.9240070122789324,1.7520812425862105,1.4529752588793383,170190869.9425863,9094867004.56271,256413479.67251104,160989407.63413426,243353803.46246967,152789879.51403147,2.3512371477529013e-07,1.2856182257238174e-06,2.400919064949678e-07,1.3127834898904373e-06,0.7618165,0.97681928,2593,11954,2807,11970,1.4449837221972383e-09,1.3700378870272242e-09
241,245,1.7237225581367577,0.9566172381583815,2.1533609059567658,1.3895304807448707,171688331.0796407,10924568625.692041,388470253.99269885,168137566.9626706,382183327.282552,165416461.42150712,8.8771688633936e-08,9.293785360496859e-07,8.935294975706233e-08,9.354639403039791e-07,0.7618165,0.97681928,1289,10529,1273,10394,1.2409603380942502e-09,1.3011610117437584e-09
242,246,1.2299729879860295,1.124445028100398,1.8108093106881864,1.6164655651461597,167667190.2578204,12207773550.799416,270703135.18889844,193006569.71161506,256750808.07797113,183058806.1096334,1.5632255337624882e-07,6.988612260883001e-07,1.5966665494526416e-07,7.138114867654069e-07,0.7618165,0.97681928,2343,8786,2505,8734,1.4326642466397243e-09,1.2867064577981533e-09
243,247,2.4937743623885495,1.9387771819344548,2.922929200606061,2.344521360726345,166313769.43340462,26671479240.420715,910618391.8812581,306672324.8684965,849350590.6208136,286038940.76420134,1.6530165407992778e-08,1.6379681249097034e-07,1.699718373751134e-08,1.684244802645191e-07,0.45545864,1.0514328,931,4143,968,4155,1.260258864492545e-09,1.11939232747728e-09
244,248,1.0460105297176097,1.0172916922374313,1.6402974531121173,1.4933574742454867,170072417.73954916,7931826494.484671,207608442.04094362,131470769.06495602,196461841.50878477,124412038.0710894,3.316577136715234e-07,1.649659885424677e-06,3.3906020641952083e-07,1.686479759756359e-06,0.85688972,1.3159827,2884,10063,3070,9943,1.470205890986937e-09,1.315324579283855e-09
245,249,1.6890524811881222,1.8484794347300304,2.2282107531218442,2.3015480913409325,168474961.45515367,29089572748.845215,509907076.20884234,394887103.311418,476132048.5050237,368730724.0876057,3.2134011104962273e-08,1.1771437879698439e-07,3.30270960180712e-08,1.2098595716969932e-07,0.55806845,0.7886368,1551,4368,1675,4342,1.34225298952505e-09,1.1207971863852073e-09
246,250,1.094002681990211,0.975082029328979,1.6987274990110046,1.4874785611927424,170047298.4268572,9890136431.535534,244195551.74267232,169744873.20927003,234867854.2096608,163261017.03836018,2.160632765071197e-07,1.0469303876319127e-06,2.1945557857884946e-07,1.0633677210850298e-06,0.7618165,0.97681928,2693,10747,2805,10600,1.4606243194607904e-09,1.3373394875072983e-09
247,251,2.1045702167780016,2.7844949287525944,2.59560279477007,3.183875288826971,168578061.96360087,36879134093.91884,465708432.9503901,480544117.2665913,449901315.24821514,464233445.427136,2.670964920140101e-08,6.478731178436161e-08,2.7081138598649486e-08,6.568840184446092e-08,0.7618165,0.97681928,1193,2546,1293,2446,1.3064586499917063e-09,1.0356353986114602e-09
248,252,0.24223689123218942,0.5649011390767731,1.1410771739562544,1.2783389725283623,167990844.70879167,2601290824.448365,51536394.078948975,118257930.95738897,56292572.181771085,129171689.89913706,1.136107904700243e-05,8.426978417028253e-06,1.0966922022534056e-05,8.134615981702056e-06,0.7896086,0.80246812,34508,26701,37428,27317,2.6961111665014493e-09,1.6636939071320682e-09
249,253,0.5740665893655184,0.5666128951238051,1.2613459163777125,1.1143186603851827,169613714.37783033,5665891811.710457,161577615.41923317,142710529.38181072,158810381.40685084,140266419.59713677,8.387461453637183e-07,3.2180411227258643e-06,8.445618494290271e-07,3.2403543994463815e-06,0.60261792,0.67342836,7303,26431,7886,27075,1.7856486082720552e-09,1.636021831712248e-09
250,254,0.9188392113591315,0.8959130976666433,1.5253861117166907,1.378716620602354,169948342.8026361,8608062925.73244,205166671.34301305,161888870.06381702,196138469.6890447,154765074.78604668,3.314817701425213e-07,1.4091236201445287e-06,3.375027076225839e-07,1.4347185275655971e-06,0.76111388,0.94051522,3494,12621,3749,12897,1.522837933149878e-09,1.3712799003109281e-09
251,255,0.5712063343250569,0.693728314911458,1.306260720071322,1.2661902412634174,165527541.39252123,6035114788.202404,113543222.82941556,142053309.58115903,114681232.05347453,143477066.74237978,1.135576411205479e-06,2.490284151853974e-06,1.1310554829597776e-06,2.4803698952254943e-06,0.83272588,0.80836654,7588,18525,8230,18592,1.8396385880422415e-09,1.5368359650819975e-09
252,256,0.563025041721866,0.5035455379643856,1.2755876952630816,1.0950310942964483,171032974.81808215,3185130741.405737,158934819.09758225,74717821.13284308,152997734.62417445,71926701.99196872,1.3595182049478056e-06,1.0755498813458628e-05,1.3803799675963008e-06,1.0920541593022702e-05,0.60588264,1.1526419,6982,30047,7147,29721,1.7947744635367354e-09,1.7193106008206166e-09
253,257,0.8952887600998878,0.95131998462263,1.536559872954831,1.4811508664735564,170250577.53519237,8824697860.638489,200078927.75723836,165806285.89023456,192606934.9779901,159614212.66786602,3.8976988808216674e-07,1.2634330872279079e-06,3.957492102077528e-07,1.2828149677775587e-06,0.7618165,0.97681928,3927,11243,4515,11414,1.5376207895636683e-09,1.3277510601173125e-09
254,258,1.145298751159117,0.7416598004089161,1.7225567900903083,1.1586948410898381,172197819.0652475,9743577319.515802,240407884.74362725,209141752.80758613,219791137.67129147,191206306.8695416,1.9583440875233107e-07,1.0457441566899112e-06,2.029852183911604e-07,1.0839290571016918e-06,0.82034725,0.61064899,2297,16522,2326,16686,1.4026773956291234e-09,1.4400658176087635e-09
255,259,1.0624557783569162,0.7629822365878669,1.6009442393269517,1.1359705391145272,172200619.78342134,8819081399.510824,336175608.19626665,181202283.52444857,312999161.25217694,168709928.31526145,1.6803651428052352e-07,1.3085672601321175e-06,1.7290711885842303e-07,1.3464965977822002e-06,0.54422611,0.72507924,2562,15648,2723,15916,1.406185471289926e-09,1.4128702742904463e-09
256,260,1.5141398099872805,0.8840248261232806,2.0454349283083735,1.2297102687505255,170465826.92861736,9076788566.878548,314633948.97102576,169896010.19922948,292803662.27447295,158108094.04021645,1.5599342686759597e-07,1.2355800258258967e-06,1.605454232646078e-07,1.2716351080092834e-06,0.82034725,0.88698977,1564,12413,1726,12644,1.2716073753388679e-09,1.3347999852549158e-09
257,261,1.1118363417974177,1.0036371563552415,1.703562473151342,1.3442877920259908,170341723.28495258,10295353277.627731,230868231.0724022,192743240.7324847,222943952.13999996,186127556.9946023,1.9258972953931258e-07,8.539622063620753e-07,1.9529922287386207e-07,8.659763719753195e-07,0.82034725,0.88698977,2369,10095,2417,9912,1.412924401922791e-09,1.3023773653105339e-09
258,262,0.5218020321514517,0.5495837206590696,1.272260974403242,0.9819977727964326,170797910.6468879,3492761365.8886023,95089849.25318655,108920610.01610903,92121272.98912169,105520256.13921557,2.2543234622663105e-06,7.3937746396681975e-06,2.2831051955037666e-06,7.488173537101869e-06,0.93724722,0.86179972,7920,28880,8401,29966,1.8416962310758635e-09,1.6517043987073822e-09
259,263,0.9275417094400267,0.6311961729401961,1.5314063807242837,1.0644152714594188,172671080.74540284,5484959834.871033,195233944.41250074,122875515.6262353,172268921.42767558,108421886.42194793,4.6364541428949134e-07,3.3382431910808194e-06,4.874446704616369e-07,3.509597640884236e-06,0.82034725,0.88698977,3061,20762,3100,20643,1.4799547878277785e-09,1.5352396678943985e-09
260,264,1.1596202259270094,0.7843604264860838,1.7543147829485037,1.163121726789238,170975893.28588644,7272055678.729899,241686802.7536533,151193090.50943962,227496231.26910385,142315831.45185244,2.594587773191443e-07,1.913502333660671e-06,2.658152292524552e-07,1.9603810160235006e-06,0.82034725,0.88698977,2229,15358,2300,15688,1.3829811032014304e-09,1.41140504629086e-09
261,265,0.7024272423235693,0.7040717380057524,1.4548509998833405,1.1216368907473433,172092587.25804892,5699345505.38107,147355307.75778127,136603071.54239345,137451610.94913608,127422028.63140886,7.217006071340083e-07,2.835424980705658e-06,7.420675668008539e-07,2.915442907321695e-06,0.82034725,0.88698977,4785,17987,5014,18219,1.6176228726863607e-09,1.462204731534578e-09
262,266,0.9030682465494669,0.7514028489326826,1.5363141620379128,1.127971981234714,169835768.43827668,8215449971.102438,178763035.74983072,195042835.81389913,165938082.96440744,181049925.3111433,3.541346694159941e-07,1.3565374452209708e-06,3.6483887417804915e-07,1.3975406449500074e-06,0.85796982,0.65429258,3235,16570,3391,17033,1.4953242842984285e-09,1.4417196424979336e-09
263,267,0.9381396694458243,0.5777147934498357,1.5357351555585796,0.9809924106118049,169332897.9482471,4351506488.751418,140293166.68742514,104673762.56852795,134293327.8982622,100197238.75988421,7.785639256560319e-07,5.119731366456587e-06,7.92295355148237e-07,5.210027394773456e-06,1.1323282,0.9345811,2949,23948,2992,23838,1.475975201570733e-09,1.610414975123543e-09
264,268,0.7188752812718785,0.5480802146244627,1.37062673996764,0.9783359178174023,171937615.42844298,4205312873.369524,150669977.44228196,106242042.86599533,142127847.9177008,100218724.1762113,8.817345300229645e-07,5.53162021673338e-06,9.025616285665504e-07,5.662280404620767e-06,0.82034725,0.88698977,4474,26353,4520,26226,1.62196883369909e-09,1.6384656805088896e-09
265,269,0.7985066543150987,0.6505560555116031,1.4445525943042938,1.0881553013314607,171729894.28135476,5610826608.921383,216734281.27159926,120055788.62367319,202124264.64805126,111962850.77713569,4.6819560132245893e-07,3.262142690930277e-06,4.814497793619928e-07,3.3544908887643174e-06,0.63269854,0.93056673,3988,19824,4152,19669,1.573808294127727e-09,1.5213784309598197e-09
266,270,0.23685993232757835,0.3469414601398545,1.057386357794225,0.8369925761870297,172152223.70902708,1389171001.9887533,47664927.95327135,63065055.35686576,44344215.3647529,58671449.151807316,1.8317388684345723e-05,4.231614472742638e-05,1.8854210323226736e-05,4.3556289955283926e-05,0.85547101,0.94706559,28710,60944,29745,62070,2.6298977150826983e-09,2.0233752833116157e-09
267,271,1.6715726770925405,0.9148561783911685,2.127182275414066,1.2874707907248488,173069226.04468873,8578729822.467516,225943114.30704474,152767990.6235527,201696191.26244128,136373803.4243171,2.0328256024950753e-07,1.3593993053677567e-06,2.127260554683852e-07,1.4225502260617375e-06,1.280401,1.0364308,1333,11316,1362,11252,1.2480197988098607e-09,1.3078513717500446e-09
268,272,0.3413023111455925,0.4240032973687911,1.1361342553470877,0.9159295758617462,172379320.66455734,2362676589.0964165,61220120.18782995,84181853.8299683,58905839.27073397,80999559.22997849,6.595426593958642e-06,1.4423521174996218e-05,6.697877850100033e-06,1.46475715591994e-05,0.96101511,0.86823225,15566,39623,16215,39250,2.1941376697450354e-09,1.8299191860012972e-09
269,273,0.3572977158383265,0.42942602747030584,1.160501070786727,0.8926505923349526,171035441.53827336,2143571233.1786141,88364423.94725563,66889424.97153372,85202441.20617937,64495891.48970227,4.468709379760474e-06,2.0094410063027213e-05,4.53432114960674e-06,2.0389445988662302e-05,0.69157439,1.0980371,13636,39593,13851,39228,2.1708451169045206e-09,1.8461520068004864e-09
270,274,0.7793794712940731,0.5974436300144493,1.4622260862321574,1.028112759756398,172013928.23925728,4885711955.231542,145776470.8555728,121951484.4475743,133970607.92237216,112075113.44312856,7.883225654749985e-07,4.019364885331098e-06,8.154082851055261e-07,4.1574649412533435e-06,0.91965544,0.8427009,4040,23192,4188,23303,1.5644767031088292e-09,1.5692027066984395e-09
271,275,0.4494695365488525,0.424036285304611,1.1987053263463632,0.8806650086641475,170525131.89050052,2373694079.8617783,95828318.17257951,79169696.50206865,89305548.33317181,73780833.18497749,3.486795392842683e-06,1.7065189104220533e-05,3.5865148501279784e-06,1.7553239363618298e-05,0.79982466,0.91333991,9879,43439,10348,44351,1.9600948081840434e-09,1.859462536687154e-09
272,276,0.9926650350593483,0.5813252692712361,1.547483245694061,0.9840139992495028,171000436.1199119,4623316677.369964,206919879.25373822,112072177.08148606,187817679.93182307,101726022.45983995,5.209549105275934e-07,4.8359982005621234e-06,5.415348792671466e-07,5.0270410140204146e-06,0.82034725,0.88698977,2791,24705,2936,25207,1.4372432109516299e-09,1.591846406590386e-09
273,277,1.1703004187260642,0.8874639653246448,1.7216885214162683,1.2670414098740466,172689372.51385778,8178632545.112977,226161537.23001623,153540020.51156962,206488136.9085414,140183840.1199435,2.349102613306685e-07,1.4675710422914222e-06,2.4361916182668725e-07,1.5219787557125213e-06,0.89360219,0.99814755,2171,12136,2150,12025,1.385022639235209e-09,1.3467684777177516e-09
274,278,0.7542054157706185,0.5026501119841256,1.438444362506049,0.9825467765399588,172432743.5747472,4121960363.8310704,177348177.02066052,107405581.67254335,158273578.59476417,95853625.66419426,7.441606637063992e-07,6.2017265566039434e-06,7.788145063907733e-07,6.490526632912264e-06,0.73330164,0.80697238,4152,31309,4183,31678,1.5836380289619188e-09,1.6867527641823266e-09
275,279,0.23569894014350284,0.2949781908885139,1.073552210170615,0.800814111049733,171352320.79168293,1315925445.9809818,58627472.21643228,59798717.19467434,56242715.99598171,57366318.91083712,1.527253554889496e-05,5.1480007106176936e-05,1.5528342395359435e-05,5.234226984124405e-05,0.68888456,0.84525555,28352,79417,29174,80146,2.650327412609584e-09,2.214035503005069e-09
276,280,0.5309943139982798,0.6922394205229552,1.0959411376230745,1.1429624303203025,136304073.83730307,7732432043.380869,82686154.15989693,81110210.01051219,85282038.59040639,83656618.57747103,1.3603349720834903e-06,3.5474585225073003e-06,1.3436184261946707e-06,3.5038653969925226e-06,0.87531811,1.1632944,10859,23036,12017,23580,2.6213170084676904e-09,2.007787119496418e-09
277,281,0.4615138016796626,0.6517254893681196,1.0560996900692305,1.1312871042386323,134628250.08552524,5561131582.206884,58476015.42843835,63724063.21269153,64127086.745798066,69882301.3075486,2.929591633333504e-06,7.047916040901529e-06,2.8234596862699196e-06,6.79258726277063e-06,1.0625347,1.3768843,14077,27334,15333,28466,2.871473806460536e-09,2.147857907471774e-09
278,282,0.26096696216710874,0.3919013114860991,0.9375816060194743,0.9496161390784408,139173037.49678066,2908620576.063237,40413884.09264198,49531251.95508103,43990213.931843095,53914401.417624176,1.0598142483060604e-05,2.254257126652963e-05,1.0244707446342722e-05,2.179080419828764e-05,0.89869028,1.1011653,32458,58249,34301,59544,3.379334379085264e-09,2.491959390093727e-09
279,283,0.3389639750791167,0.4492261093977884,0.9775393463854077,0.9831703917545651,132569005.46707384,3446941760.956631,40502944.25731426,41835835.70585371,45299566.64740549,46790307.780279204,7.233936675384905e-06,1.8429457645774036e-05,6.917222117657867e-06,1.762258335458874e-05,1.1094531,1.4235035,21405,45099,22475,44626,3.198045664759834e-09,2.458157251445476e-09
280,284,0.4419789069571634,0.6027459426912789,1.0276514574846778,1.0726969763298047,134490872.36896166,6429413885.2715225,73332682.23548926,76693473.09322667,75539285.80460055,79001203.92068514,2.263153686685626e-06,5.583788192223975e-06,2.2364743693995884e-06,5.517963384251459e-06,0.81058168,1.0569847,15385,31022,17951,33965,2.7958912295180323e-09,2.1080364797656446e-09
281,285,0.4827539675445531,0.654425557338583,1.069511493599892,1.1268335164458922,136841398.77026397,5422768431.371933,66269289.56341946,59604640.05777614,69550817.37344526,62556147.23771938,2.5129190416033387e-06,7.42774938794678e-06,2.464804781576812e-06,7.285532046461906e-06,0.99685282,1.5024419,12634,26004,13670,26809,2.737363735667565e-09,2.076156318271724e-09
282,286,0.3231793410054684,0.4901815809447559,0.9636240599915541,1.0066991957605247,142566397.64309204,3126164563.653311,37602771.673660524,52518500.3938992,40394108.51191188,56417064.736747764,1.0125599106915869e-05,1.7282988088272577e-05,9.839691009417125e-06,1.6794982767181357e-05,1.2252957,1.3306439,23685,39783,25834,40604,2.9985000386991523e-09,2.2030686022951788e-09
283,287,2.3334693612539636,1.0781816149419596,2.6368384976493613,1.4349523749181878,148004124.93153703,15792309913.306501,341513617.6712784,122064268.69425358,289879003.1073075,103608953.47421035,7.74191750865921e-08,8.071991320952359e-07,8.266564261150758e-08,8.619006195231361e-07,1.0112718,1.3073058,1212,9974,1209,9751,1.596291167577432e-09,1.492722500186493e-09
284,288,0.3395806372760122,0.5159161744184485,0.9797332060361811,1.033645861221861,136073578.00886592,4726406035.61083,51622297.66123407,61160062.85994101,57364545.27469363,67963251.42200814,4.029191725756767e-06,8.640676270425847e-06,3.86273970375905e-06,8.283716826811896e-06,0.89511615,1.1478497,20893,36374,21275,35579,3.1441286700885373e-09,2.2990275933861e-09
285,289,0.33073839505331865,0.4040713859149622,0.9697066069247172,0.9547506536475086,142211781.82851896,3532208901.032713,62242434.19895884,58360900.31716064,65317732.63169463,61244418.41198181,5.632336797790587e-06,1.6154786920866073e-05,5.5247267606041135e-06,1.5846137547842803e-05,0.75567251,0.98462689,23586,55827,26327,57953,2.977257644692904e-09,2.3842728213720695e-09
286,290,0.17281136655827556,0.31128308339739763,0.8922047008198767,0.9000419030345248,138974805.0064806,1456203607.8573577,21460135.414072733,31589059.197372265,23620150.65708359,34768575.452146314,5.350342670729864e-05,7.998379571993827e-05,5.148983686190137e-05,7.69736229371915e-05,1.1191181,1.3694775,65653,84016,69619,85049,4.050718103055046e-09,2.7521710960245654e-09
287,291,0.17428065461012968,0.29911538523395653,0.8788118943692329,0.8644122107929084,121670286.64506626,2608422425.868289,19113760.477505844,28159501.088989824,21546799.292818215,31743995.05866018,1.8416945572383188e-05,2.8701786935403517e-05,1.755508569791565e-05,2.7358626182285218e-05,1.1093985,1.2924041,48008,68529,43302,57928,4.5297528704782305e-09,3.124904956604069e-09
288,292,0.19942021727630826,0.3180974623658074,0.890762190986,0.8793630704688724,125244354.02002978,2088491870.0109892,22965920.64784381,28185486.090294555,25770093.21712652,31626975.24974281,2.6791440954809933e-05,5.392873953778301e-05,2.5584870350378232e-05,5.150002239748076e-05,1.0875356,1.4134903,49080,79287,51450,79682,4.1013886597768385e-09,2.922540105715871e-09
289,293,0.3746153207789752,0.437116586610519,0.9914870181763276,0.9547024713781518,133700149.20524445,3337190652.872763,42978226.21229342,37650270.198409386,42365077.08030266,37113132.38408123,6.250527769021442e-06,1.9909221190735845e-05,6.286557375002228e-06,2.0023982923087738e-05,1.1653837,1.5522479,17215,43857,17899,42803,2.9848069087621828e-09,2.4121072961368087e-09
290,294,0.46550476987873496,0.6874360307608405,1.0392207508847002,1.1299279680783392,128530277.87154895,5969057260.394261,52652439.46374956,54099762.8736744,56992137.71276855,58558751.83233163,2.7805879454243532e-06,6.789431468031049e-06,2.693878820061157e-06,6.577711617459486e-06,1.1363473,1.6332113,13285,23882,14606,24814,2.8433350931295283e-09,2.0738083007895027e-09
291,295,0.5126062458974249,0.59523949982329,1.0896210114107256,1.0862668266683317,134961058.34575412,6444555492.7396,76746752.86581405,67499954.51390995,80867862.4272287,71124534.02450757,1.668706029611425e-06,5.302520319934931e-06,1.634155777166821e-06,5.192732608741094e-06,0.90143073,1.1901364,11431,29131,11930,28713,2.748852517251723e-09,2.187245541713362e-09
292,296,0.5359529106420701,0.7356721404629162,1.0961411737716305,1.1840097289789482,141267341.35410222,5669972765.062076,81101488.78154473,61825394.18767758,84577431.58363742,64475179.5016323,1.934294264427552e-06,6.381775916979003e-06,1.9020953229821027e-06,6.275542634459501e-06,0.93355429,1.680967,10832,21338,11748,21526,2.5563478054213726e-09,1.933693152118491e-09
293,297,0.3227712916075154,0.4946459763435662,0.9714156240338795,1.0215199560202133,137901020.992119,3808608664.4562993,55481350.7679319,50985656.35589085,60009357.43236019,55146755.330127835,5.2909549136040455e-06,1.4228054206807252e-05,5.127495413507945e-06,1.3788490712889532e-05,0.8022604,1.3378701,23760,40295,25118,40504,3.1850111750162234e-09,2.3249059472816636e-09
294,298,0.38160403148199284,0.5346012260126856,1.0044562514390223,1.0455923375469787,139322280.01976296,3707104186.1899967,49399048.89662207,49184566.75307294,53090306.596033365,52859797.64870065,5.483894797813508e-06,1.459348845698379e-05,5.328076556032449e-06,1.4178832122999038e-05,1.0762544,1.514334,18009,35478,18889,35725,2.9563480596859167e-09,2.2278878927498463e-09
295,299,0.3822722593517478,0.4555084031106723,0.9953692025333682,0.960002644386409,141904330.16701385,3708085180.8068986,72490677.43398653,47798659.53008865,73469145.1204328,48443838.26839233,3.5516042117981267e-06,1.527623204310361e-05,3.5326078614336308e-06,1.5194524555772636e-05,0.74831814,1.3523102,16544,41574,17599,41888,2.7423836960372247e-09,2.2089840244661393e-09
296,300,0.11838074035194439,0.18246383284927897,0.8584925320180178,0.8057901488299027,124741085.22495674,1041591857.6088414,13153754.986666588,17818591.56727539,14482674.502054825,19618797.97939782,0.00011328564610372815,0.00020187480962775064,0.00010900722329110697,0.00019425066817196473,1.1226408,1.2773589,104857,173169,105107,164614,5.3426454225006425e-09,3.884715595506909e-09
297,301,0.3173330794934052,0.3501707866043506,0.9644053958274166,0.8821594354639009,146870191.4248168,2501097366.775285,44935904.89802818,47920718.168970406,44803998.369894445,47780049.90884105,1.0085292236552227e-05,2.8610746775309077e-05,1.0097158523555214e-05,2.8644409987503872e-05,1.0371833,1.0732237,22387,64991,24320,66676,2.795703848873528e-09,2.3664943323859067e-09
298,302,0.37227136942796185,0.5027646133176197,0.9944572289439083,1.0065593447384527,140004541.646904,4609007321.842315,77526375.96661018,56694062.13952033,79115219.19393013,57855963.17689669,2.7337626991713153e-06,9.91175732820043e-06,2.7116684765248057e-06,9.831650677651055e-06,0.67228323,1.2415644,17726,36624,18742,36795,2.8640756623165516e-09,2.1916770041175586e-09
299,303,0.1759143508472117,0.2713329352823368,0.8901158482397885,0.8612499944045974,132079695.45765549,1831671084.8697271,23944721.326624677,25755493.417295508,25784252.746436357,27734135.75468564,2.4314974247162712e-05,6.015926466395964e-05,2.3605647027167042e-05,5.84042718958283e-05,0.97034806,1.3914535,48818,85976,45898,79192,4.177835684186692e-09,3.041132489928313e-09
300,304,0.6993117991620273,0.8121814781200505,1.1822417041625326,1.233437608330274,182279594.7282544,6474715272.957602,136506769.68574882,138562150.31321853,130910037.80801156,132881148.51754881,7.932256243684914e-07,2.2329954346541773e-06,8.066204562828764e-07,2.270702989218611e-06,0.93380183,1.0684311,5058,13115,5500,13532,1.5627818210865548e-09,1.2572922562924978e-09
301,305,0.667206092747606,0.7018148608835,1.1727799482198078,1.162045372983369,179664880.8343776,6031821775.518831,152365104.0971635,134057209.66685736,145084769.35686666,127651665.78259307,8.105138353892229e-07,2.854101128090643e-06,8.265438679286787e-07,2.9105484482430746e-06,0.78675169,0.94057965,5716,17703,6214,18303,1.6460856375047105e-09,1.3879927956628666e-09
302,306,0.7508451916161794,0.775288570958673,1.2237262697346745,1.2052659158259207,181120896.4326276,6313538221.586956,122683181.11138064,137727290.61613527,113726790.94284472,127672616.94009529,8.446882973268066e-07,2.38694789974868e-06,8.706936453537031e-07,2.460434665282757e-06,1.1084955,1.019558,4499,14376,4811,14781,1.546063708657094e-09,1.302981672221375e-09
303,307,0.6616230027859883,0.5992757667906238,1.1552285084260754,1.069801197364422,179579874.01452282,5624323505.325766,84056067.11615124,158525161.05083138,79732772.96384238,150371663.92351705,1.4875694118728332e-06,2.6618498881249647e-06,1.5193230220243957e-06,2.71866965260445e-06,1.413511,0.67886931,5571,21835,5919,22053,1.6475148285198222e-09,1.487779452145483e-09
304,308,0.4268394932629836,0.5591062971612661,0.9526739445945296,0.9969166325343389,182331061.4883043,3803205985.3983364,114136850.05446698,106336704.76046447,109316839.17299724,101846094.81459263,2.223879661157545e-06,6.472413861612547e-06,2.2625949303889556e-06,6.585091381716767e-06,0.68186653,0.95867598,11536,24992,12404,25677,1.926259242032658e-09,1.4958082061532757e-09
305,309,0.4568564580000221,0.4443224002065722,0.962857344819378,0.9039018132954143,180299648.449158,2924715371.5634127,100877975.8594422,85346405.56567083,91322145.22359827,77261828.23335056,2.9928811196834145e-06,1.2082439232567154e-05,3.114422787833496e-06,1.25731101817038e-05,0.81654155,0.93865901,10047,36963,10720,37647,1.8789468370060744e-09,1.6974995043126174e-09
306,310,0.6655119262888998,0.7722576978214697,1.1334087546970784,1.1717638789613762,182545274.57178596,6612014264.432524,126792674.34467761,150087978.5988189,122229669.73121852,144686624.44085363,8.17872298589804e-07,2.0491274570643766e-06,8.299511067536594e-07,2.079390149051678e-06,0.95814729,0.93926239,5280,14028,5644,14425,1.582556960044707e-09,1.2757329848531858e-09
307,311,0.7108536070162597,0.8296046029149765,1.1566315813905754,1.2084891712260386,182005060.27146533,7701620924.483409,135030339.21766126,160756182.04517415,130430310.02404815,155279759.97035745,6.287606792312765e-07,1.4699411588385024e-06,6.375386335589952e-07,1.490462601706866e-06,0.95814729,0.93926239,4750,11959,5054,12053,1.5545200184538191e-09,1.2459292953046931e-09
308,312,1.474983021292815,1.0867827826225818,1.7187010410235677,1.3260853067093432,185501058.7371971,13635579214.535755,285562475.5450771,214635823.74872482,245977549.1602661,184882813.42613655,1.1854241413572637e-07,5.366001621918716e-07,1.258334299617947e-07,5.696040477912679e-07,0.95814729,0.93926239,1425,7400,1687,7790,1.0584363069848384e-09,1.0104772820804896e-09
309,313,0.709497235324029,1.004264995745731,1.1663629109888123,1.3652662804489313,181881101.25648338,10243503592.320028,152389915.42614958,211953596.30050546,147259272.63765326,204817571.66715595,4.3226708989195843e-07,7.739883324631437e-07,4.3822949376054124e-07,7.846642111863415e-07,0.84680235,0.86177742,4880,9024,5229,9200,1.5673206491269902e-09,1.156204838926674e-09
310,314,0.5876550003140144,0.8358188455163037,1.1130791358023866,1.2581922488730264,183576075.94241878,5619028339.311155,104694162.81720446,129940018.05738918,99200187.18081266,123121230.13082586,1.3617888444638206e-06,2.5965817229155747e-06,1.3914697292770096e-06,2.6531755504676235e-06,1.0304242,1.1808244,6740,11951,7426,12356,1.6324942934958252e-09,1.2008912514478851e-09
311,315,0.57507305075954,0.8587545473225392,1.1116039439924643,1.3001009235637049,177870091.7504856,8247611903.225573,107022506.43877964,208745691.88705388,101667569.8805591,198300973.5371201,8.782830828663306e-07,1.1309260991259925e-06,8.965026705308216e-07,1.1543866525706075e-06,0.95576435,0.73173606,7183,12506,7579,12747,1.7846936721635515e-09,1.2927758063219332e-09
312,316,0.5024789045621281,0.555099080338919,1.00054404971823,0.989691604673086,181066368.02271646,3546886835.187808,84890420.98298983,96887779.74442059,77820412.25399019,88818583.70799491,2.8675818083892844e-06,7.3034472440472866e-06,2.9690798709689897e-06,7.561952770639488e-06,1.0717585,1.0373834,8787,24571,9490,24971,1.8003749025371461e-09,1.5127739594390208e-09
313,317,0.5809585210693553,0.729464507412579,1.020266677503494,1.0863079120898909,182188247.9165661,4825976632.947933,121579967.38735537,103979655.73920867,109715219.92027062,93832487.71826686,1.3579940228257435e-06,4.029873696450163e-06,1.4149331323988942e-06,4.1988416124433964e-06,0.87056953,1.2781333,6861,14899,7528,15216,1.6580816628703606e-09,1.299820365880526e-09
314,318,0.6615738363360003,0.9419118309959833,1.1600825557779608,1.348939668753441,178796810.96296605,9678948327.997551,109253482.24321227,227559584.19913024,105207187.08884381,219131722.4599018,5.94200067559391e-07,7.924541092603238e-07,6.032379403799206e-07,8.045074560144203e-07,1.0826867,0.74007356,5294,10344,5312,10364,1.6737213088554967e-09,1.2355018183816802e-09
315,319,0.5460906911493533,0.6529462226044784,1.0548181413167115,1.0910022158203592,181385404.684709,8010729681.99766,182476822.86359408,189713515.2054533,162527139.1665545,168972664.05510488,5.173641903138695e-07,1.4396944923703856e-06,5.418874505525965e-07,1.5079365612295425e-06,0.54282445,0.62428296,7276,18313,7635,18474,1.748041939610486e-09,1.4052184841241156e-09
316,320,0.6013454512796469,0.7469108442474914,1.1154816762701212,1.1866348825677995,180785796.35450876,5961581326.00864,113463469.99922362,143762672.94499165,106868700.46910115,135406840.9303963,1.1774371031250487e-06,2.5069763092012104e-06,1.20597951326262e-06,2.5677482568767847e-06,0.95814729,0.93926239,6712,15448,7326,15912,1.688667876832664e-09,1.3286332885948155e-09
317,321,0.824108717783612,0.9652494265003821,1.27170751515941,1.347109544350285,182509793.39210075,6020039162.16014,109543043.68368351,115565744.58248101,100876435.29296052,106422644.13540202,9.456182804892804e-07,2.5478954336397026e-06,9.773134822572496e-07,2.6332957072163865e-06,1.3730485,1.5243918,3819,9719,4146,10062,1.458533912465685e-09,1.1563871302829287e-09
318,322,0.5631282495290937,0.6679411758788886,1.0881658559075047,1.1327137276189543,178447640.11891505,5195405502.643548,104878350.39721535,126900137.64294432,91431959.29909585,110630346.26379299,1.515211494200879e-06,3.5094395433431765e-06,1.6006942495650065e-06,3.707429436567302e-06,0.95814729,0.93926239,7612,18979,8216,19412,1.7858109438475743e-09,1.4304000883171196e-09
319,323,0.7511924224163767,1.0133779201033908,1.2520869106338313,1.435706716515958,178900479.9622248,9546354042.97527,140258899.9800606,193017199.6875311,131465757.9480309,180916522.64159405,5.198052358598089e-07,9.611684467812033e-07,5.334426815147162e-07,9.863853579508427e-07,0.95814729,0.93926239,4785,9568,5179,9769,1.5956733261439084e-09,1.2060540194802052e-09
320,324,0.8964936797662768,1.1383022838949253,1.3657048083688492,1.540837586862685,179538275.88258243,11854253371.704613,167985581.4285811,217584385.0020448,155052168.13617957,200832299.77382016,3.275122183862785e-07,6.4251020133331e-07,3.3817786037897016e-07,6.634339513473963e-07,0.95814729,0.93926239,3625,7791,4052,8109,1.4668656565981968e-09,1.1208899654744445e-09
321,325,0.6429130460330525,0.967444224896492,1.1209207620076593,1.3317657799962743,183610634.63580054,8172053457.200225,111830449.15877722,171021065.863773,103126490.88811342,157710198.99450678,6.932508288242337e-07,1.1100847796348102e-06,7.160878896888296e-07,1.1466531797337722e-06,1.0555772,1.0386618,5151,8685,5367,8734,1.5701550145515708e-09,1.1217439350964291e-09
322,326,0.6260878264806077,0.7447529755890493,1.0407695676973867,1.082801119142275,183221585.58348382,7010449132.542917,119723559.70687348,145278702.21168253,107676584.37803578,130660285.03769653,6.792706061006209e-07,1.7118668618991696e-06,7.087060855800214e-07,1.7860488174148988e-06,0.95814729,0.93926239,4961,12911,4970,12777,1.5870378729162176e-09,1.271236854651825e-09
323,327,2.51876244189593,3.020632004794648,2.807648529665925,3.2521565266544563,183402690.8268778,57022666303.66025,482126092.9490193,589816055.2102219,423550081.2624803,518156228.77026284,1.2602189867327772e-08,2.432875626408495e-08,1.3272366488165442e-08,2.562254439407644e-08,0.95814729,0.93926239,701,1500,750,1477,1.03200325820589e-09,7.520590191882351e-10
324,328,0.9445447034973248,1.1221770002110443,1.3368379192651116,1.4472190789015298,182020071.80310208,12156186162.036861,179435976.64595267,217467174.59239903,172755577.4236015,209370874.3342828,2.577405114183459e-07,6.012856188239935e-07,2.616818877333723e-07,6.104804981371344e-07,0.95814729,0.93926239,3042,7529,3270,7782,1.3962489776394242e-09,1.09226646365292e-09
325,329,0.938384799513205,0.8637843387345573,1.3859732099872775,1.2924928429081999,179802977.8685545,9350476623.74417,192173155.703061,174411508.77766088,171501773.01213923,155650683.25833127,3.2394439410801897e-07,1.173953010534828e-06,3.390315474255443e-07,1.2286278540562858e-06,0.87798101,0.89048594,3242,12080,3450,12327,1.456914039668044e-09,1.2647068371825038e-09
326,330,0.4425401369903613,0.47083534647827024,1.0219859671820106,1.00882589610107,178668441.43399087,3603910812.016418,83813936.63463694,114213783.45146117,81454906.52300337,110999118.14466245,3.135149755009677e-06,7.231752504224089e-06,3.1711580394116772e-06,7.314811694771806e-06,0.94337481,0.73654348,11205,34717,11977,35385,1.9662695970342245e-09,1.6869135530425769e-09
327,331,0.5287415439673637,0.5519057902169306,1.095720840376219,1.0880579808727147,178762728.36050695,4835356708.30028,131534101.88383521,128469464.79799388,128676307.35672197,125678254.5480078,1.4021530860612076e-06,4.4094039337968e-06,1.4145273269939163e-06,4.44831767808681e-06,0.71859145,0.76796603,8622,26943,9435,27763,1.8171301321335385e-09,1.5586502344044538e-09
328,332,0.18715880814307823,0.43822258559256333,0.8735819124280733,0.984785332771895,178105330.71213987,1307850579.728489,29017667.254738495,73754131.40773793,30085459.86170858,76468137.17392585,4.6854589960820704e-05,3.3551262187083735e-05,4.6182185190235684e-05,3.306977192598854e-05,1.1487478,1.0582428,50569,40448,53344,41465,3.004512623985834e-09,1.7496998009119608e-09
329,333,0.7548209096393341,0.7264341631761656,1.285865077591498,1.1571112427845645,167701340.37200573,7713576635.649119,130239985.16371599,130735724.72727683,121513870.16780344,121976395.0436152,6.041835975040926e-07,2.04171499497842e-06,6.211783699281878e-07,2.0991453552825755e-06,0.97193253,0.93183392,4594,16850,4795,16901,1.6831192807137708e-09,1.4981105093002103e-09
330,334,1.2817334151185773,0.8099787425925424,1.678778106603314,1.182664307836818,163538695.5734875,10574336967.544304,227185121.05846465,133502961.88126251,210384184.41709656,123630067.06512332,2.0330175438879052e-07,1.3320364053493066e-06,2.0964661030783566e-07,1.3736080046514038e-06,0.9226529,0.9922092,2142,14000,2330,14196,1.4451670850589457e-09,1.4359605015504496e-09
331,335,0.2821169569970757,0.5304280029531914,0.9883293439230195,1.0377466761444967,167525544.17214626,2586881992.7579956,50798341.733792506,73786603.3740616,54355771.56533812,78953911.10601252,9.183747554395112e-06,1.5545646289348198e-05,8.938434981545191e-06,1.5130397234943413e-05,0.9303807,1.2042869,24052,31672,25535,33393,2.5354574199039705e-09,1.7257623199782142e-09
332,336,0.6520365377802999,0.562545152671214,1.171096277507637,0.9930649442541678,165453799.73506415,5645403072.839623,81868768.35903347,109591068.42151439,78436391.4071464,104996424.27427311,1.4021455496743537e-06,3.7558910178002016e-06,1.4263738184668375e-06,3.820790654757059e-06,1.3177421,0.84929579,5710,24944,6007,24966,1.770706002391268e-09,1.669212203037071e-09
333,337,0.4695415929283192,0.4184093044904368,1.0778010389796833,0.923220908172927,166581438.11226627,2947623191.9021473,100755550.63132533,63243412.05145229,93906735.1619751,58944468.16123041,2.6860699739306565e-06,1.587301033040359e-05,2.7627794548118983e-06,1.6326315863872644e-05,0.77630377,1.1020788,9728,42208,10199,42454,2.0107139008839835e-09,1.913000091455359e-09
334,338,0.7655453756848416,0.6085968942479638,1.2759727040985127,1.056500773744766,168033414.03287488,7798121933.092208,198318320.0861355,131908073.98521093,194196986.69096634,129166838.83269663,3.6889889669361553e-07,2.1543829014530684e-06,3.720107549084748e-07,2.172556265998008e-06,0.64864004,0.77527183,4372,21882,4435,21670,1.6764975342134553e-09,1.609768079197621e-09
335,339,0.778223599411505,0.5429339718137187,1.2675757121726074,0.981565159958363,166181193.25652486,5131876209.532651,102965472.42933238,87503997.22966695,100191048.11103795,85146185.31336096,1.0866794428207494e-06,4.883580142959516e-06,1.0986175440033952e-06,4.937230439066045e-06,1.2560145,1.0311005,4283,24999,4440,24306,1.6612865991550645e-09,1.692266206669836e-09
336,340,1.9899434365186006,1.464438933679058,2.34087057848832,1.7861863791431147,167173657.61497533,22961476677.49154,939913951.1977831,224766384.01302537,865301877.5773351,206924020.9222228,1.9714747105692407e-08,2.78781293250836e-07,2.0377898296078123e-08,2.8815874787835084e-07,0.35393253,1.0892003,1209,5887,1279,5877,1.326414086990362e-09,1.1924263184724064e-09
337,341,1.6892980045472568,1.857879644377314,2.0722597654072747,2.146058123250445,167277152.2913062,27341061941.053596,306270060.5742974,313221058.83660597,291258436.25364995,297868735.93650347,5.655838327472113e-08,1.5924085095841103e-07,5.770685405982862e-08,1.624743851319936e-07,0.9226529,0.9922092,1548,4339,1676,4388,1.388281967799916e-09,1.1326658275993715e-09
338,342,0.9417981970425146,0.6554835360821205,1.3980468487743503,1.0649890224529694,162797408.33280078,9785830350.355637,266229036.23469213,131294521.79923959,251172806.27979928,123869334.29908875,1.9208895290236522e-07,1.5794540399413614e-06,1.9661448498196122e-07,1.6166652893026676e-06,0.57590377,0.81276065,3205,19177,3264,19017,1.5874062998803387e-09,1.575960091181935e-09
339,343,0.7977336821315631,1.0522146643661678,1.313425427619087,1.426779837592339,167616586.84941962,11710188410.879288,144922751.5718126,177753472.42694855,145345104.65215382,178271505.14304468,3.3131451932024717e-07,7.828243643188036e-07,3.3092908113355376e-07,7.819136574650819e-07,0.9226529,0.9922092,4198,9502,4205,9239,1.6860481599011567e-09,1.3343341783021875e-09
340,344,0.7197046919370405,0.6841602599003911,1.246381292204248,1.1213405135838432,167400977.7319021,7391792861.44917,114264762.8764147,133643391.75372544,112731456.89020824,131850046.12875308,7.347536685213899e-07,2.1584976640852418e-06,7.387349467669823e-07,2.1701935291912686e-06,1.0543869,0.85697538,4955,18583,5151,18618,1.7239429443755958e-09,1.5430600417896392e-09
341,345,0.5099587990077123,0.6666061942277777,1.1387515608769498,1.1361049894350213,170939350.6775597,5155569328.484099,104635441.55506586,115880065.36486854,103694996.41937464,114838555.50763132,1.5498354409171327e-06,4.0784455443066495e-06,1.5554426106233484e-06,4.093201005241879e-06,0.83310229,0.98333764,9174,21143,9591,21383,1.998867629755306e-09,1.5956247972433397e-09
342,346,1.3464617003446726,0.8933907753212784,1.7788202194829044,1.2914470486877907,170648536.92234653,10474146555.900633,263537531.2632845,161625759.94173193,259499994.18480054,159149566.15075743,1.871249774422761e-07,1.181090297168968e-06,1.8828417048008128e-07,1.1884068599721343e-06,0.87187475,0.94326442,2118,12866,2248,13115,1.4499203121341194e-09,1.392171418611488e-09
343,348,0.6180466299091949,0.6934452972418288,1.2018045338362877,1.1413488624564039,171140712.93501142,5744997337.946657,147717789.90128708,111993118.81176576,147773646.62421668,112035466.91764839,8.713472172119708e-07,3.605860488301648e-06,8.712154586166093e-07,3.605315237104853e-06,0.71604741,1.0596787,6686,19407,6991,19549,1.841242438667801e-09,1.551688694737479e-09
344,349,1.3474443380294332,1.5181758835728005,1.821463848237705,1.8936999489072217,169981490.0180724,18651283327.25306,262698967.13336205,273583730.4233401,256596143.4965378,267228040.20157188,1.117231782895712e-07,3.27515285502859e-07,1.1277856858835549e-07,3.306091507178943e-07,0.87187475,0.94326442,2286,6375,2390,6476,1.5468818933388931e-09,1.258859266996965e-09
345,351,0.5620713923426128,0.5242444842302402,1.1562926597906387,1.0116526007325561,171581301.5813617,4352936073.590479,111982251.10227387,108080818.6175793,109935758.58020827,106105625.36237681,1.771721873620044e-06,6.160633972471912e-06,1.7848414099687306e-06,6.206253244060886e-06,0.86121631,0.83225268,8182,31425,8955,32222,1.895017591675997e-09,1.7308627804581329e-09
346,352,0.5832017781413619,0.5467802341640724,1.188849387070418,1.0476927033714185,170727450.05643588,3618402390.2718306,78990456.39127441,87575196.25775741,77341291.05792224,85746798.44455324,2.8081456509696427e-06,8.728705301796818e-06,2.8319456353612693e-06,8.802684032162936e-06,1.2605137,1.0659456,7588,29206,8061,29630,1.905182391837473e-09,1.724752685597792e-09
347,353,1.4468032930423202,1.204987747563007,1.8879123801732738,1.5866113081644773,169268701.38859424,16207229284.136091,280887265.7202371,216234925.11162186,277129993.08290935,213342470.85502446,1.056004147436376e-07,4.633320054878385e-07,1.0617078580331104e-07,4.6583456352790187e-07,0.87187475,0.94326442,1925,8099,1963,7961,1.4624242763948206e-09,1.2907014089451865e-09
348,354,0.45795587328862236,0.4991972351374806,1.1444476854606411,1.0675654735643119,169868166.02212504,3613758630.5110264,138416940.82181504,77124487.83471209,137136049.9650623,76410788.69707263,1.7155450509580136e-06,9.763430777337398e-06,1.7219366571857053e-06,9.79980639156287e-06,0.56201303,1.0994915,10606,32288,11031,32090,2.0847684691592607e-09,1.7938165284598343e-09
349,355,0.7881953594912979,1.2691009814065835,1.401092877808128,1.7163906010155061,169779826.88480416,9444717680.017359,180462239.9985632,146942664.42944726,194209455.82951304,158136432.84716463,3.92253714945685e-07,1.2960680829135702e-06,3.809021765762582e-07,1.2585608114410233e-06,0.74153835,1.4663389,4885,8377,4996,8348,1.8072686587318384e-09,1.3461799770817135e-09
350,356,0.6011438846445928,0.9657815021318101,1.2735496138829288,1.4751791726974681,169696795.84314293,9560655220.19064,117704098.99486405,201322453.80246285,120186803.47251934,205568900.2879819,6.307499954213132e-07,9.882235962078345e-07,6.255055638073459e-07,9.800069158951236e-07,0.86668342,0.8140673,6956,11912,6958,11606,1.938151595002629e-09,1.43882891890422e-09
351,357,0.8578759568597236,0.6710248956622187,1.3414955819633543,1.0894672791804307,173229274.20216984,6594490316.460178,170447910.50813422,123232842.43791671,158895874.10775042,114880787.68217573,4.943429338447927e-07,2.7261661960298613e-06,5.084168729981294e-07,2.8037801246166383e-06,0.87187475,0.94326442,3630,18905,3739,19059,1.5597483681244318e-09,1.5024016794396883e-09
352,358,1.3698114803515582,1.0041431915892811,1.785981102634187,1.3700608576100042,165935349.0261664,14317377861.956486,260702751.27498013,176644901.9338777,235113369.0674434,159306251.35005224,1.2294954685294944e-07,6.581001341325525e-07,1.2813691042692977e-07,6.85866032838253e-07,0.87187475,0.94326442,1961,10101,2019,9989,1.4401370629079027e-09,1.3403722153243638e-09
353,359,1.865691379691118,2.0553903942728997,2.281420432903571,2.3832922833737222,169624388.50715274,28523601512.15121,362972731.3735969,369614639.73380464,368405171.6926547,375146486.33783305,4.67977454278118e-08,1.3790027986908822e-07,4.6520485996182335e-08,1.370832714241616e-07,0.87187475,0.94326442,1490,4208,1531,4170,1.4538059030973994e-09,1.1793891568721972e-09
354,360,1.7546894628681131,0.9462659911233257,2.116392461241103,1.3142687240627844,172374829.48489177,10436877425.987494,306841018.95541376,147396014.545129,278849717.4722601,133949943.04336698,1.3449313211869869e-07,1.1781047450633089e-06,1.3973892266417938e-07,1.2240557214134227e-06,0.98573619,1.1066272,1359,10999,1424,11111,1.3051934780828455e-09,1.321638738152202e-09
355,361,0.5098889788793588,0.6382414841784486,1.1365526738353435,1.112270805844107,171417193.38418978,5047887805.341068,100248043.30786057,115986102.72952883,95909382.6715626,110966310.60525939,1.5605315866796988e-06,4.242728737639393e-06,1.5883949119003695e-06,4.3184827509826655e-06,0.87187475,0.94326442,8737,22336,9035,22705,1.968726463232468e-09,1.6066727354051515e-09
356,362,0.3027205834520976,0.48382135045450725,1.0053707651858703,0.9945012052057324,171270955.44253993,2618412218.3803735,69480014.29443222,80666440.9076194,70575379.2272004,81938161.8696645,7.280608229449015e-06,1.5114821685937735e-05,7.235196552096224e-06,1.5020545303523636e-05,0.74621809,1.0272493,23465,37171,25547,38527,2.4544846585532963e-09,1.805102164628756e-09
357,363,0.6724836486134715,0.6268114857278665,1.2369156943925463,1.0894728853344253,171583817.24937242,5366521566.286718,105686341.0817253,116867203.07538326,97725321.66833617,108063964.5211015,1.2135474464339558e-06,3.892380907127055e-06,1.2521647173329175e-06,4.016243495585521e-06,1.0917902,0.92028135,5690,22426,5965,22698,1.7645632477071728e-09,1.599731699082194e-09
358,364,0.48183904513709497,0.4139566985775554,1.1295197768700047,0.9612982207169991,168916108.3410024,3273430211.709996,95333644.48647484,80651427.53708936,91572133.50392036,77469222.21940115,2.630005225858382e-06,1.173447266171717e-05,2.672697187752229e-06,1.192495428311962e-05,0.85374242,0.86698967,9656,44203,10084,44305,2.0210797509315333e-09,1.940182898082624e-09
359,365,1.1318631895771818,0.8309810022841719,1.596623906812423,1.2399496842941005,167842397.49434736,10557437164.084866,239769733.99515232,152524120.0845078,221700933.612057,141030059.3726168,1.9992953884494775e-07,1.1922626851685442e-06,2.0629452403605007e-07,1.2302197293294221e-06,0.79232115,0.91443795,2591,13820,2664,13765,1.5163885401986496e-09,1.438507588353184e-09
360,366,0.8418711821074024,1.1392411781883447,1.4313802690722297,1.5912269648306256,169905612.25818396,12302199220.199646,237432760.79492208,189552872.30698,238032978.8435816,190032052.4114988,1.9896504863219712e-07,7.669768306553952e-07,1.9876421448679148e-07,7.662026487707399e-07,0.60243851,1.0211582,4208,9437,4063,9240,1.751782658894905e-09,1.3678139933614803e-09
361,367,0.8532198124228623,1.0204298593374146,1.4242845577499936,1.4726026032355775,170058375.67178085,10080012683.042343,166419747.09281752,183970306.40242377,169118680.24078122,186953867.95004234,4.0739334380088993e-07,1.0902738025229361e-06,4.0478018050352013e-07,1.0832804052861144e-06,0.87187475,0.94326442,4495,11571,4710,11651,1.7765750230224737e-09,1.4267800814019316e-09
362,368,0.8097263185794139,0.6453254411129041,1.380248077366482,1.1522250085782517,169886331.43180797,7665740098.885932,215330703.37166396,140706034.04758403,208894589.84971783,136500409.88821837,3.690152005194003e-07,2.156931026340558e-06,3.735216356504698e-07,2.183271593717494e-06,0.63883799,0.77915615,4381,21429,4428,21221,1.7182466966016587e-09,1.6181223922052121e-09
363,369,0.35881217653064346,0.5606998594449814,1.0475437229320708,1.0587264472153788,170883265.9732731,3467383194.4536543,70550916.56022657,97434104.16815075,71662089.82093821,98968686.23329826,4.487831408089266e-06,8.133285304003899e-06,4.459865999527375e-06,8.082603666082538e-06,0.86908859,0.9833746,16784,28249,17905,28678,2.295012481211958e-09,1.712677186692396e-09
364,370,0.18232362713340716,0.39992185092821875,1.0252141137174622,1.0502243374958138,169940060.36893234,1514736913.0288436,28753351.440915138,82172133.74389125,30791848.68115778,87997808.29894201,3.7783093874276104e-05,3.0685818819393164e-05,3.676195514410824e-05,2.985649345584135e-05,1.0775818,0.82707775,51019,53725,53111,56199,3.1917416954833644e-09,2.0055417967355626e-09
365,371,0.7956822142439347,0.6947391990640038,1.3407864413992816,1.1548919543754326,171087878.80675006,7485529933.713551,160720677.44973764,145110802.98820198,155855920.18657532,140718531.60158503,5.407563364484302e-07,2.0798514795366488e-06,5.474456350878517e-07,2.10557979141116e-06,0.84700727,0.81910825,4569,19066,4779,19007,1.7054511469872844e-09,1.5568257081380318e-09
366,372,0.9493979796106644,0.8081850555558582,1.498156758173185,1.2890997735764829,169377601.65005916,10700786753.159721,253636811.1208543,175987264.0798269,248996522.5469715,172767574.92252472,2.148345310517643e-07,1.1040034582421388e-06,2.1642712442491496e-07,1.1121875643210082e-06,0.634004,0.77783155,3527,15253,3626,15188,1.643698281435033e-09,1.494465555416709e-09
367,373,0.7699219723090072,0.6697293308262354,1.3267851288546528,1.1362316228014815,169132399.23375055,7115395079.618788,172482533.7233327,130503080.64316809,166907663.78099498,126285043.68629532,5.264851682277497e-07,2.5248450390139828e-06,5.334499503110033e-07,2.558245781431686e-06,0.75496775,0.8679713,4718,20405,4962,20698,1.7122311986974504e-09,1.5760283506488023e-09
368,374,0.3538459905310448,0.5272335003709192,1.0624036534925856,1.061380765894708,170404369.99245745,3219730825.4939647,61024101.680402406,87379710.84862824,61254571.57723711,87709718.04890132,4.894490663877871e-06,9.436182782745158e-06,4.887116137829154e-06,9.42196529199676e-06,0.98808342,1.0281894,15669,29787,15949,29549,2.3207401765784885e-09,1.7554819786021966e-09
369,375,1.4840969049716877,1.1237204403219503,1.8830247114294065,1.4736566301328193,172538013.63417926,14301472147.647396,215690433.87180173,211506471.5938212,198353612.45303798,194505949.77599064,1.473444499800423e-07,5.436719637480848e-07,1.523667099076687e-07,5.622031124793455e-07,1.1871789,0.9166835,1719,8499,1775,8482,1.3669098454461984e-09,1.256780974482846e-09
370,376,0.6717863371355512,0.5791670460278886,1.2261845405256386,1.0344944694862404,166728953.75733402,6121090344.468945,135038418.14754835,110936709.28483486,127089474.927994,104406496.51156437,7.691276901367887e-07,3.498352439912863e-06,7.880205618910309e-07,3.584286056457938e-06,0.82943976,0.8704415,5492,24533,5676,24601,1.7684809472576588e-09,1.6566880948772916e-09
371,377,1.0510547787982145,0.8644999459597194,1.5389074528900095,1.2856004920469661,171662411.50555837,9344298006.984085,206940960.21583688,157328255.28378388,198995490.86717188,151287658.8318661,2.773973635914258e-07,1.3753818331665168e-06,2.817757529042349e-07,1.3970906087705911e-06,0.87187475,0.94326442,2947,13605,2973,13625,1.5629107512405616e-09,1.4333492216020357e-09
372,378,0.8203184646101505,0.8627432036985301,1.4057963784277656,1.3396131994965406,169660919.31569436,8897894893.192284,159628415.47756374,155177914.02845448,158553413.6583412,154132883.67226958,4.28887487047048e-07,1.4609216143883135e-06,4.300482830222608e-07,1.4648756395844305e-06,0.87187475,0.94326442,4326,13889,4377,13781,1.719826437806908e-09,1.46703807602982e-09
373,379,0.6663281624596398,0.7986186571300214,1.2466571716336368,1.2370065652606674,171593749.79359204,7347571419.566673,131140106.98156285,145280546.07642612,133346057.29496074,147724357.30644873,7.177841577293624e-07,1.97611814679255e-06,7.130106396586601e-07,1.9629762634255537e-06,0.87187475,0.94326442,5831,15415,6049,15393,1.7933599377876133e-09,1.4812638459486672e-09
374,380,0.5778260926131549,0.5491437545387137,1.179836461553273,1.0359516016001615,168472167.662573,4450560790.001581,115943142.51268402,91633684.39405082,111218319.07879615,87899500.81082483,1.437919100621413e-06,6.517256823131651e-06,1.4620490698390862e-06,6.626624037502665e-06,0.83961511,1.0096226,7231,28155,7622,28729,1.876004643324671e-09,1.7009452979125789e-09
375,381,2.3556035984353256,1.2186111544080895,2.6779950705288753,1.5563777397105556,169788041.4840646,18716723702.899223,458727955.46739817,219350583.83479,421214384.6196317,201412667.54015043,4.5231761481784496e-08,3.8155475483744984e-07,4.6801988584171374e-08,3.948004830041856e-07,0.87187475,0.94326442,951,7552,971,7571,1.269559428822846e-09,1.2334498589917553e-09
376,382,0.6594003911480931,0.6743472887507557,1.2458021104198918,1.14497733203676,171466791.1298542,5934062075.52849,129680632.61372603,122582982.30861852,129495775.82181919,122408243.05576922,8.883214687353151e-07,3.2781831207802986e-06,8.888284875468398e-07,3.2800541782390634e-06,0.87187475,0.94326442,5888,20407,6046,20623,1.8033059009387083e-09,1.5777628823789817e-09
377,383,0.7520675395000596,0.5423778320236439,1.2807612783656097,1.005463682016327,170799450.7929234,4868808700.810425,147329329.93620402,98209827.34819451,139320423.30872792,92871084.97101252,8.502411097628346e-07,5.402720972824728e-06,8.694645327069852e-07,5.524873135449297e-06,0.87187475,0.94326442,4588,27583,4748,27887,1.6725581558055023e-09,1.6768349161914806e-09
378,384,0.9621876456603908,1.2645989255894468,1.474341978244924,1.6232393028202226,172955108.6858647,12580510603.106365,164342239.389506,220363860.840525,156523351.26909173,209879639.741341,2.4066719185884236e-07,5.196790695749413e-07,2.4540585248663193e-07,5.299113855256981e-07,1.0126141,0.992535,2848,6580,2990,6587,1.4000574779241137e-09,1.1275806467865846e-09
379,385,2.2625526085255405,2.6666368938746947,2.629122920031525,2.9341717824948863,173290638.10461527,50254951467.12715,538329976.1690906,611734680.0980859,505290622.1018643,574190200.7161433,1.220277088161432e-08,3.3339460385629126e-08,1.2515879905379759e-08,3.4194912478885986e-08,0.72832501,0.75539809,841,2283,842,2218,1.123120204445068e-09,9.250172300902654e-10
380,386,0.9469355407768564,1.5475239565267491,1.486332818755892,1.9028593849599333,173307480.17002293,16397516416.626472,216532191.45992458,263846360.6896263,213333423.54302865,259948634.13047895,1.4582653033818094e-07,2.966867835952978e-07,1.466972491454807e-07,2.9845827717574995e-07,0.75790584,1.0164911,2962,4850,3155,4786,1.4076376247713776e-09,1.0607034690332531e-09
381,387,0.44762413028811193,0.8454127777961505,1.0992011382030193,1.2715413682736139,173111043.1575774,5153630477.311005,67338200.58616117,143478775.39173436,66889064.99961415,142521793.71741474,2.102917169966508e-06,2.3889106910559423e-06,2.1085539606083334e-06,2.39531407660998e-06,1.1507388,1.0200135,9205,12146,9418,12070,1.885209056799285e-09,1.3064565206174974e-09
382,388,1.24764612993435,1.5983693826507483,1.7370361065188062,1.9544761706774483,173171940.1258329,18070321020.152252,213365882.33485824,278874525.36319613,206842718.23169062,270348587.3208519,1.0221224716153039e-07,2.566703740253155e-07,1.0348962953598789e-07,2.5987807389426776e-07,1.0126141,0.992535,1852,4678,1824,4673,1.2940550922482672e-09,1.0508910964646326e-09
383,389,0.8253403049356699,1.0022073786227437,1.3335950112722974,1.396739316881288,171713512.34405094,12596527152.309513,184902505.20635885,246090434.0713207,176790796.29640105,235294398.8067695,2.983360920260462e-07,5.945740886945036e-07,3.037379474864315e-07,6.053398102195333e-07,0.76646924,0.69930613,4462,10578,4903,10710,1.5899718681983178e-09,1.3026052857980704e-09
384,390,0.6939424368747826,0.8551533467210575,1.2357685089205552,1.278473167163836,171743186.0304819,9219656508.091629,141781784.31207162,206003351.32149678,140669277.40367812,204386922.57778075,6.007410247029297e-07,1.0976651733085826e-06,6.026369597061967e-07,1.1011293978885036e-06,0.84058672,0.71293384,5936,13802,6589,14195,1.6877122612743208e-09,1.379392619416561e-09
385,391,0.6612986676816772,0.9130383576489123,1.2061835283500224,1.3217215802843398,171814162.89570424,8225190458.001795,141338959.23359907,163541695.15834427,137207949.22124434,158761750.66321045,6.404554477866476e-07,1.4414248210952995e-06,6.48099923941201e-07,1.4586296676018362e-06,0.80388647,0.95922279,6103,12167,6553,12360,1.7033628494195166e-09,1.338336767218656e-09
386,392,0.5867402852093694,0.6923200399173207,1.1546842434685356,1.1449272003440067,171659505.38339517,6132277188.279604,146417670.53432682,130536152.86400475,138652475.790228,123613227.2059517,9.037990023890119e-07,2.815032488473172e-06,9.237154407958481e-07,2.877065552264702e-06,0.68789202,0.91042453,7451,18745,8057,18961,1.7786193418933366e-09,1.486164487881683e-09
387,393,0.8127160993593727,0.9824579410595876,1.3214656369713558,1.3788280238545452,171726163.62010136,10368924933.030851,220742206.80569896,178278876.19721285,218882295.56365398,176776748.93819615,2.949390708961458e-07,1.007594737108983e-06,2.959390026774987e-07,1.0110107850313485e-06,0.63225162,0.9463473,4527,10976,4837,11040,1.6194636078198458e-09,1.3230611977613585e-09
388,394,0.7272078830489839,0.7786472707236636,1.235330372039958,1.188494770250504,171973481.3765444,6132025518.943478,125135565.18506825,116705422.94121782,112446626.67325787,104871313.80121578,8.628181755368145e-07,2.8677156049131718e-06,9.005192817874583e-07,2.9930213225983547e-06,0.9993999,1.1473904,4989,15109,5294,15326,1.6180132320002853e-09,1.3942076285335668e-09
389,395,0.7884865833751449,0.7526064600920532,1.3039089155302521,1.188345437123073,171636160.23928884,7217525143.625082,98347565.2529821,169233612.259938,92913464.65123157,159882770.96709514,9.096212475960352e-07,1.7755243434072165e-06,9.305389997898782e-07,1.8163545002749041e-06,1.3760667,0.76329094,4533,16540,4771,16789,1.608781123245527e-09,1.4434800573402457e-09
390,396,0.5695506575654092,0.7979100886132384,1.1359134095987666,1.2227861214543525,171815275.1587508,6632007903.636745,77067066.47621357,190868568.28565347,75411407.76073843,186768072.14584073,1.634885266248603e-06,1.6537707802316788e-06,1.6491493650900562e-06,1.6681996520047177e-06,1.2697707,0.71825939,7835,14970,8539,15270,1.795100935299059e-09,1.4002035858509223e-09
391,397,0.5884259559846016,0.6792280797062447,1.1410331884061502,1.1140793238222055,171716894.17603648,6576015743.481792,132508567.53804074,148598792.04259396,129218308.53919674,144909004.11552176,9.158306468608404e-07,2.3705637801326476e-06,9.250881872485021e-07,2.3945262780151195e-06,0.76253694,0.78489828,7325,19460,7898,19861,1.776319799239545e-09,1.4917710771675497e-09
392,398,0.6346872035816139,0.763790517618951,1.1941033910782515,1.2080290169950134,171725391.06843147,6647353914.443577,135581219.87198246,136738020.30128378,133590213.52145219,134730026.36941144,8.335932626770377e-07,2.321665984231235e-06,8.385407124493414e-07,2.335445277274178e-06,0.80388647,0.95922279,6506,16057,6893,16089,1.7513903167197682e-09,1.4455552801756216e-09
393,399,0.6732751807944555,0.7079383282318827,1.212314177185877,1.1470569381247364,171682223.15986705,6276095851.178747,143788189.1918812,126707191.82029578,139837129.28426525,123225489.26585509,7.689064338467128e-07,2.747712547344404e-06,7.775239595252194e-07,2.778507560094441e-06,0.80388647,0.95922279,5694,17846,6003,17978,1.6849529928378254e-09,1.4694791310120965e-09
394,400,0.5782808297502539,0.6987293678018882,1.1517326236458085,1.149005767868292,171671895.99572346,7563740268.823089,130771707.74871,176699444.64866114,129247670.62313093,174640157.37353247,7.637869846631987e-07,1.662895473363085e-06,7.673768293274143e-07,1.6707111818813875e-06,0.75914407,0.67884874,7276,18426,7610,18528,1.7961419234624124e-09,1.489110872592178e-09
395,401,0.7356969050227331,0.9389095778077188,1.262760393497529,1.3360214276631828,171668484.15867752,8930164002.328377,157106727.37841097,168033105.2020928,153670789.46095663,164358206.44259638,4.836733124032019e-07,1.267267932981894e-06,4.87970433885572e-07,1.278526780884165e-06,0.80388647,0.95922279,5060,11656,5373,11798,1.644388457536667e-09,1.3320344397360813e-09
396,402,0.21220961192296786,0.38697347092569906,0.9195721625326135,0.917782042401335,171680445.55254772,1737819723.872185,52898301.96653332,70085719.52857912,55714524.5057385,73816973.192216,1.8571670999910768e-05,2.928825685732836e-05,1.8190318472755597e-05,2.8686848897400273e-05,0.68872231,0.94792175,43674,52216,46861,53694,2.812252853607253e-09,1.9216740072354932e-09
397,403,0.873728435560772,0.9859103568292977,1.3634788162242317,1.3768671588985597,171776834.63713294,11037366422.240253,254519830.80006513,176083924.1304328,248662882.81640592,172031924.0126083,2.1429233704374295e-07,9.236825113875957e-07,2.1629720418710825e-07,9.323242609878351e-07,0.58968413,0.96179456,3847,10580,4011,10600,1.5558630869983472e-09,1.3008814140448282e-09
398,404,0.7519126330821787,0.8977973877881594,1.2798471307830974,1.3153527646784722,171747623.5159424,11246024944.27054,256395050.4203919,199664243.7486443,247544952.49759167,192772347.41148782,2.4341592454804596e-07,8.604404224827777e-07,2.4686027675589837e-07,8.726157141133753e-07,0.50367278,0.77226931,5064,12484,5435,12530,1.6505977897407971e-09,1.3606469279442267e-09
399,405,0.5922220981777094,0.6478783001754825,1.152218609066221,1.1088956391223794,171880367.81308666,2773731884.3812246,126624039.41420062,53721341.131466515,115566203.7925324,49029958.970894724,2.322337757438659e-06,1.590826598239997e-05,2.408793162159505e-06,1.650049489893455e-05,0.80388647,2.0728738,7365,20927,8013,21287,1.763313977648661e-09,1.517851653329304e-09
400,406,1.2465206630698211,1.6492097945738846,1.6130626682659845,1.9304309703816003,175048869.8645808,20378509721.109642,206304455.39083084,273798571.9319455,191200870.2768948,253753730.78969225,1.0328347503349192e-07,2.2326076944611143e-07,1.0647271747528978e-07,2.3015473502264818e-07,1.05767,1.0543967,1890,4283,1990,4315,1.2861646160482753e-09,1.0301200844917178e-09
401,407,1.519473534905039,1.5278916487258956,1.8778682495264876,1.8491410559162915,175411636.36997196,15868896313.468517,306518771.1081883,194361235.1218739,286319483.9434864,181553019.86080208,9.441326561308447e-08,4.586315954199608e-07,9.702317640534829e-08,4.7130976667891406e-07,0.86954981,1.3789271,1523,5049,1723,5278,1.2277284100099973e-09,1.0621817902515426e-09
402,408,0.7207433148161055,1.1908666109465074,1.1913546847217773,1.5229697917844771,175021901.8231533,11248517523.149334,119267697.56676324,197674878.02792904,117284598.33453691,194388079.44922602,3.976423044898891e-07,6.418138381384425e-07,4.0031818801944477e-07,6.461328430811353e-07,1.05767,1.0543967,4204,6966,4229,6847,1.570264004217101e-09,1.1592897765224737e-09
403,409,0.9229949084974844,0.8507320117536024,1.3472543466826656,1.2380804650540234,174651686.63535511,9432310521.465744,96234146.48768137,178535085.06714588,87691104.66581765,162685901.02940035,5.144856855651839e-07,9.67017756173553e-07,5.339772558043621e-07,1.0036537502270772e-06,1.6751083,0.83222735,2866,11302,2897,10960,1.4242041545330647e-09,1.3090980146691502e-09
404,410,1.679458878266404,2.191360387221793,2.0173754598723543,2.4511359551504874,175492962.65988892,29788904671.115936,278662734.32396203,364728310.14083576,248881043.75285986,325748481.34712493,4.796793254991712e-08,1.0424009596132878e-07,5.018637534728185e-08,1.090610394081069e-07,1.05767,1.0543967,1264,2911,1351,2945,1.193355299948405e-09,9.586792991950536e-10
405,411,1.0724558487474807,1.1015606688560025,1.4614615345610356,1.4358114754610032,174651008.53040007,13887975056.547764,123786505.26653743,230550914.7341557,115331911.08743203,214804332.2007708,2.47649654049346e-07,4.313578389417953e-07,2.547576599677023e-07,4.4373861162608384e-07,1.5131334,0.83447373,2262,7459,2273,7179,1.3484973082955018e-09,1.1797763189894386e-09
406,412,1.1305313990764068,2.087864036648925,1.5248044528927513,2.3472992003150654,175073373.50693566,23961081402.98483,187133932.03156206,346671608.8166205,171743948.0506049,318161170.0713876,9.834651117651362e-08,1.3557803081021722e-07,1.0178116049392477e-07,1.4031295211456812e-07,1.05767,1.0543967,2163,3080,2228,3081,1.3329166085832865e-09,9.708299982455136e-10
407,413,0.6589517579906001,0.7720790902452259,1.1371849955396758,1.155489866555361,174078571.1723966,6069199139.346125,117630918.4561606,108470606.45836605,111193405.10518126,102534403.74543054,8.32613536748182e-07,2.8814677383751364e-06,8.515701909580156e-07,2.947071989474034e-06,0.97516352,1.2390677,5019,14102,5182,14114,1.6240812738033871e-09,1.3692860271949338e-09
408,414,1.1628469490453042,1.346099204592996,1.558158673857955,1.669640348721566,174890348.9962491,16182607207.766933,192281816.39618853,223274370.71345386,173715636.94230917,201715639.3065451,1.3705665357406008e-07,3.602484617869224e-07,1.4273807810835498e-07,3.751818808940236e-07,1.05767,1.0543967,2077,5717,2097,5529,1.3362141730087564e-09,1.1134866276755757e-09
409,415,0.916845013284725,1.1272625724098242,1.3558334716015803,1.4877286624893764,175001413.50311905,11795957898.522331,151700599.7032277,187095183.01876447,139873725.51678213,172508878.186867,2.7822666359390175e-07,6.868441132546708e-07,2.874082365228089e-07,7.09510198651299e-07,1.05767,1.0543967,2995,7677,3103,7684,1.4325233216833467e-09,1.178347514302862e-09
410,416,0.2735963760211569,0.6189518870865051,0.8848904033487222,1.043469694803815,174680432.0046232,3901310362.3610287,64184568.6558145,102553978.53242531,62763629.52652485,100283604.76482265,3.62842734694483e-06,4.986066230431294e-06,3.6610651904263715e-06,5.030916087864554e-06,0.74460161,1.0542622,19166,19021,19011,18451,2.421457100488221e-09,1.5042246541274812e-09
411,417,0.48380227996690894,0.7365978416435303,1.0755483126442467,1.2203194314816377,150441402.95604452,7052440893.875214,78270959.62123314,96671627.8793778,80172592.34445539,99020314.1849015,1.5487637267354978e-06,3.115397540755165e-06,1.533963625131531e-06,3.0856265696612637e-06,0.92989653,1.1463013,11112,18964,11746,19167,2.4347802078239993e-09,1.7651663645570788e-09
412,418,0.5319980402667132,1.0532180030844867,1.1064888980770249,1.473925528248593,149700866.366051,9218248556.42596,61052648.97381703,145863147.23661655,61988122.15452969,148098120.89603493,1.4561187524763628e-06,1.3155360141538402e-06,1.4472888212113005e-06,1.3075585792351994e-06,1.3044572,1.0809286,9810,11379,10290,11219,2.408175406342226e-09,1.6156932672084347e-09
413,419,0.09497494486075764,0.18498578061425094,0.8472795909261022,0.8156990677904137,139624191.209049,657792921.5997565,9960966.679276602,20521888.714835428,11590600.702747216,23879310.65513271,0.00032092444763771405,0.00033894653464842413,0.00030205151577528333,0.00031901375950301646,1.3312764,1.2585825,155221,179271,158571,177149,5.387515073448086e-09,3.4544223417253137e-09
414,420,0.3512656382147454,0.5481360432504704,0.9764636177159698,1.047399053905086,143816556.49211258,4006430991.258788,45052821.637106754,51996426.2109288,49440215.2997006,57060011.18842251,4.380611416268457e-06,1.1454940899975582e-05,4.22076709019853e-06,1.1036961048686433e-05,1.1213019,1.5160857,17093,31078,15652,30271,2.9849343314022428e-09,2.153804820940535e-09
415,421,0.34937835775901066,0.5009027263813464,0.9666086693965221,1.002469142226894,138749171.95376694,3828926557.072648,49502141.184556834,57893119.153392464,58519197.129138656,68438632.57403895,6.900801200439079e-06,1.435436738486838e-05,6.454011969672213e-06,1.3425000406201864e-05,0.97926992,1.2004853,22668,41429,26982,45783,2.9492832406539735e-09,2.18321119336427e-09
416,422,0.10560468195474891,0.17633248805196908,0.8661199142932406,0.8421637258242533,144399688.38120893,572290234.5783308,13810897.523994885,17385856.014179688,15675003.434073655,19732486.77380293,0.0002965701523354745,0.0005497521731970729,0.0002819247107555468,0.0005226039141002219,1.1041486,1.4645443,146340,213668,153715,214823,5.0598632746243e-09,3.556796766626949e-09
417,423,1.0264860977236625,1.4718497438564324,1.479852691797689,1.8255111493432299,150206125.73409277,16299213596.349144,133957680.45985527,164415944.63201368,132560803.31165862,162701456.3319236,2.9178755116536873e-07,5.718723409629911e-07,2.930135848948294e-07,5.742752357272332e-07,1.1509941,1.3446436,3860,7017,4132,6932,1.99464448268191e-09,1.4569656907805465e-09
418,424,0.29173991908896507,0.3976461576264498,0.945850218909388,0.9539059031204263,144133988.6040972,2148349539.6379004,40547706.5213029,33779842.74892925,47744821.79604243,39775679.33462834,1.414210888225426e-05,4.5404666643976845e-05,1.3247385781336696e-05,4.2532067905410806e-05,1.0370411,1.696702,27570,56504,29297,57491,3.289953714924518e-09,2.498011236866722e-09
419,425,0.1500265472441888,0.24255096025541995,0.8752446260578159,0.8595781391845696,144736283.42517385,1442678849.775903,19787412.370255724,28997224.27639069,21499515.04560437,31506204.446830813,3.999287846970397e-05,7.35355291556947e-05,3.868715555431943e-05,7.113467607415783e-05,1.0973787,1.210665,57657,96302,52577,87628,4.214118998360063e-09,2.983892358300887e-09
420,426,0.10723878861105093,0.25721238617279396,0.8565735025182254,0.8622616858944749,143031561.0940351,957975120.560224,10675820.73349065,26805136.14161157,11995060.841716211,30117519.478428636,0.00015122456702067622,0.0001260091746555032,0.0001443383966408739,0.0001202712137990676,1.4367543,1.3724791,105360,93552,100831,87953,5.0070454873887525e-09,2.9199172974792353e-09
421,427,0.3499821211931926,0.7034186860526594,0.9856308872232676,1.1829779037287025,148031317.9332206,4841967342.147412,45011798.62980396,77439103.68162204,45617808.19798385,78481693.38500848,4.6420413845318545e-06,5.782395266380052e-06,4.617275504700838e-06,5.751545453885964e-06,1.1509941,1.3446436,18642,20807,19528,20822,2.848239008299928e-09,1.879569951838152e-09
422,428,0.3823651591505122,0.539085017488482,0.9910655957321086,1.0376326619034302,139934470.42467487,4625200237.058234,51301920.099053696,59623090.07061936,58811785.879824154,68351055.86606331,4.058702688240747e-06,8.959861481188071e-06,3.842863338413045e-06,8.483381476321257e-06,1.0429642,1.2652242,16990,32584,17999,32754,2.8929938594535717e-09,2.1460926575342638e-09
423,429,0.9649169719874972,1.2122890835967344,1.4212197489747136,1.5840777095418317,151763074.067252,14523603090.706104,124669554.26894838,157203223.8794954,120935683.90703386,152494965.6212299,3.380629395705478e-07,7.200781775351828e-07,3.4219994878409194e-07,7.288900575322018e-07,1.1746153,1.1703368,3955,8849,4180,8936,1.9326698073107063e-09,1.4683147511334284e-09
424,430,0.6302974126595857,0.865986831300538,1.1701184092883095,1.3040063831475688,149870847.11722416,7914512768.613567,82070974.27440047,96520877.3532052,78810208.85334495,92686002.20927209,1.2207251106744316e-06,2.5204062952689343e-06,1.2406826884920636e-06,2.561612300068892e-06,1.1509941,1.3446436,7620,14688,8394,14835,2.216134346315065e-09,1.6591956884371841e-09
425,431,0.5769216917637232,1.1694815712876494,1.1387644246027289,1.572893730292173,150397557.83055532,9989281191.426098,75384933.33783065,130805792.8877979,80264771.5495397,139273149.40300825,1.0317059830336687e-06,1.230592227371773e-06,1.0061431657118227e-06,1.2001015596589721e-06,1.1509941,1.3446436,8594,9574,8954,9142,2.327113154350263e-09,1.5562879927263585e-09
426,432,0.36616581876042387,0.4883140105096601,0.9860869536968268,1.0083095217656712,147244361.50066757,3977531618.498517,55299238.39515929,63066050.798019215,57427776.71087303,65493543.64313015,4.694346466359073e-06,1.1070400701131827e-05,4.623959252775835e-06,1.0904410682247057e-05,0.97498363,1.1400981,17706,37456,19151,38622,2.74530452764807e-09,2.1012138089231463e-09
427,433,0.5125116640910998,0.8438585761249475,1.0761197732023948,1.269546992915895,141607844.68560308,8467139677.549448,69366626.32448642,99501923.46179125,79162259.63707562,113553123.69703983,1.3643072260552701e-06,2.361581939296315e-06,1.2940919498324374e-06,2.2400410392528627e-06,1.0462621,1.2009516,10690,16645,11041,16650,2.6043701375631615e-09,1.8370144491283039e-09
428,434,0.3973489608768427,0.4452068099177009,1.0020999047698436,0.9772782772533483,143101101.78911984,4207019290.1850023,62141540.9766685,59654135.805048384,74317044.49688394,71342277.57099652,3.635723938182224e-06,1.1342345671512631e-05,3.384607676680528e-06,1.0558939810639087e-05,0.91502517,1.0679827,15757,43940,16716,44680,2.79448112215205e-09,2.2686583240382857e-09
429,435,0.20712647473806206,0.315509060034456,0.9053909527641109,0.9090347736947222,144614418.1448488,1530898041.618722,28467975.79451468,29763825.76732634,29780317.44366785,31135904.64200794,3.280811508249941e-05,8.159147017362836e-05,3.2221977177443646e-05,8.01337865097625e-05,1.0521814,1.5329736,46810,82382,47735,81481,3.819548226774101e-09,2.8071401313189426e-09
430,436,0.3975136325207621,0.6251679483768191,1.0230090693325133,1.1468785641934605,150502989.75496873,4851560792.570438,58351126.7832298,69925430.42664054,60141567.88403006,72071016.49376321,3.039596322276919e-06,6.562610898982719e-06,3.00307176500262e-06,6.483752908567308e-06,1.0252928,1.3455712,14323,23960,14383,23662,2.6130156888919425e-09,1.875462284445055e-09
431,437,0.21573145644938072,0.2807232413941555,0.9033892975321481,0.8777090171539407,145221672.04033652,1754165082.0318182,30183901.7791372,31350909.31478374,32666751.968843974,33929754.54524008,2.181762841908274e-05,5.6986807512559295e-05,2.1138555692091774e-05,5.521309562982251e-05,1.0379335,1.3003482,37134,81052,36873,76875,3.5197290274728075e-09,2.7519040195209992e-09
432,438,1.08207320904667,1.31505041939383,1.5168459777820955,1.6722951190557651,149273102.78472978,14879822310.881016,140334711.8413778,145987871.0026041,138640382.226726,144225288.03240308,3.0399602350709623e-07,7.864632390295737e-07,3.054766693717414e-07,7.902937942096397e-07,1.1509941,1.3446436,3571,8319,3930,8703,1.9463222655392668e-09,1.4811877799712271e-09
433,439,0.27288671963476174,0.382991343369057,0.9406142379766954,0.9575893963835599,147346752.82655123,3038376684.0745087,34934125.22937487,41968392.81881776,37512928.79160146,45066459.25647645,7.77639158720604e-06,1.3920071206471526e-05,7.557979015719141e-06,1.3529103427471274e-05,1.1509941,1.3446436,22882,39890,20528,31454,3.153158959768652e-09,2.3690861753020667e-09
434,440,1.6483449062319904,1.5523327453063795,2.1065082555039845,1.9065200652619754,164463750.22473052,21941086363.66306,298039479.37141275,341312871.6701375,292929089.48731637,335460486.4412622,7.661050470061462e-08,2.142300506735375e-07,7.714234582101545e-08,2.1571726643616682e-07,0.9095875,0.74800128,1643,5971,1848,6284,1.3942054503109054e-09,1.218217278230774e-09
435,441,1.6172054810644396,1.3866250304111032,2.0686839617455606,1.747044749507038,167309532.72335985,14842450398.287184,340171592.96473837,209838829.76862508,321359148.2965903,198234153.02343783,9.70511511836503e-08,5.106920166817415e-07,9.928500033406714e-08,5.224467348244498e-07,0.79540414,1.1055894,1609,6605,1811,6856,1.341789083953887e-09,1.1998231435161376e-09
436,442,1.1986593513967507,1.0545163174784864,1.708756986582082,1.4553685503848375,167363975.3501647,12066057884.895977,228630911.10058513,203325736.9203251,217134334.5489834,193101616.79517302,1.8718280540881656e-07,7.180118030972541e-07,1.9108585063747748e-07,7.329834375701979e-07,0.87745088,0.86800641,2388,9808,2574,9981,1.4427802545585437e-09,1.3106254845838532e-09
437,443,1.3436941546935592,0.8733360758483463,1.8078341910258513,1.2829589023211156,159964310.71360657,9824753705.526062,244963124.62010118,160946511.20653215,240701691.23360127,158146649.6463081,2.0478832631787268e-07,1.2247811214912983e-06,2.062309418293104e-07,1.2334089972874845e-06,0.87745088,0.86800641,2148,13610,2293,13863,1.5064304292013182e-09,1.4830688112295252e-09
438,444,0.44208714657543347,0.5194502272626965,1.1326313586637637,1.0316565231757273,163196647.9979429,3496912346.7068133,79288370.4232282,95986520.09015977,77401397.00853103,93702149.6255807,3.275270066730748e-06,7.797206108313712e-06,3.3069786664183586e-06,7.872692551304075e-06,0.90993345,0.88317126,11590,30406,12587,30873,2.0834147490267838e-09,1.7627661266430587e-09
439,445,0.89497625979524,0.6499712185182144,1.4260660529235556,1.0959943595154609,167154457.5527258,6781428092.351457,321748387.596429,129150837.86196448,302276583.44830185,121334793.0351322,2.7315632894629495e-07,2.633686938102886e-06,2.8006318091671165e-07,2.700280620512028e-06,0.46495733,0.84123021,3709,20994,3984,21231,1.581812882527425e-09,1.5775509947515828e-09
440,446,0.8825360401118705,0.7220438843257334,1.4588907682274155,1.191227265293688,166014525.11172727,6076282164.307699,121136924.24302463,128749720.62231116,118116063.61870107,125539015.34932339,7.960043954527372e-07,2.8165548604193076e-06,8.040859928874481e-07,2.845150509720642e-06,1.2094892,0.93102938,3754,17998,3999,18382,1.5976915819906018e-09,1.5224452364401597e-09
441,447,0.5355854594837655,0.4918286784667436,1.1662048624337895,0.9829430389159914,165526284.8940519,3594483671.124229,104050335.329564,91099895.01479875,100664092.68814658,88135115.0537282,1.9738053014248333e-06,8.457367486967044e-06,2.0001007439578053e-06,8.570038286145277e-06,0.85202485,0.8936407,7986,33583,8327,34018,1.9127589376768977e-09,1.796523372549534e-09
442,448,0.549444106831325,0.4962090157040724,1.1608052892949872,0.9781143410165571,171420644.32973543,4199935033.7469554,111898237.96236579,121976595.58548099,114287824.6062737,124581405.53591517,1.9716400916545495e-06,5.9468334398395395e-06,1.955045878028166e-06,5.896782203349209e-06,0.84171176,0.69735074,8646,34437,9838,35816,1.8066087537078872e-09,1.7183015892867776e-09
443,449,0.622457889708618,0.5328939060796165,1.2491303414219395,1.0320702940561968,159990925.66847345,3928928831.98678,117975126.3099475,90257128.1983076,117542417.81052233,89926083.61521041,1.5540292152155083e-06,7.446216513821657e-06,1.556315029918769e-06,7.45716912077673e-06,0.84414077,0.94461447,6686,30226,7233,30971,1.8798313256879406e-09,1.7945479725243528e-09
444,450,0.4487829639561585,0.5144331976628733,1.1064433304415617,1.0001113699585555,171616003.59542906,4860911330.608882,112515009.3334797,143302826.8717667,114547911.67185745,145891998.33937347,1.6071847561785116e-06,4.053277650489879e-06,1.5957142316985414e-06,4.024349289680503e-06,0.68451613,0.61607277,10743,31285,11413,31981,1.9710945499068593e-09,1.7007408148351064e-09
445,451,1.5083861644853394,1.3532228054332247,1.9717706092806087,1.71564029754087,168447351.6669435,17613408592.578842,289570231.78165144,262609578.87458256,272750141.56394255,247355535.73096374,9.011933343718546e-08,3.243675499032699e-07,9.230251667769323e-08,3.3222550636726195e-07,0.87745088,0.86800641,1689,6547,1809,6582,1.3415046153640062e-09,1.18916176585943e-09
446,452,1.1035699015380103,0.8082429853010793,1.6135812281252169,1.237969765136438,170594298.27900615,8214594642.620174,214556435.2898122,158848648.2678932,208778780.34594646,154571113.19069216,3.2493454553572654e-07,1.6757629871069582e-06,3.2850195729080734e-07,1.6941609588248575e-06,0.87745088,0.86800641,2756,15327,3042,15859,1.4593758417179421e-09,1.4325932190216225e-09
447,454,0.6521344033175545,0.677662495940093,1.258021872858375,1.1341774319051832,169047660.46463636,5568810548.832913,125638708.33354701,131977434.96306536,127484210.63966283,133916046.58849667,1.0993325659180517e-06,3.278865869227087e-06,1.0929389885265726e-06,3.2597964053167947e-06,0.87745088,0.86800641,6296,20376,6977,21036,1.7478100067921926e-09,1.5471981630374737e-09
448,455,0.8890359519753932,0.8947088602862119,1.4355413210112518,1.305321309967923,169372378.7529975,8707884765.703165,171608619.25741985,174582775.21021876,166369911.68918782,169253275.38827333,4.41552668600285e-07,1.360439624825856e-06,4.470624957169824e-07,1.3774155999892643e-06,0.87745088,0.86800641,3907,13146,4382,13648,1.5727099321279229e-09,1.3915312736586098e-09
449,457,0.5711543754030312,0.7029813548286552,1.1952573061848266,1.1494355392483815,167684273.17441612,5799344890.791769,109149820.79662953,135804201.65285343,111241567.63531359,138406752.9663975,1.100871343764548e-06,2.7987388517557274e-06,1.0925440032480968e-06,2.7775683021113936e-06,0.87745088,0.86800641,7089,18602,7276,18699,1.865224388522638e-09,1.5471528296517751e-09
450,458,0.23998367853297364,0.38058702749751994,0.9967235351314662,0.9190541570884209,166531331.89618418,1939829960.5862963,35006296.27643961,67133701.27792893,38255898.48743821,73365660.87692556,1.3253672071457964e-05,1.941570949985567e-05,1.2791318827003655e-05,1.8738394093812646e-05,1.1416461,0.94408119,23689,42669,22520,39894,2.7203849462519826e-09,2.009486842099553e-09
451,459,0.48414556891952465,0.5973144422852442,1.1383408556084516,1.0707001263409368,164817896.5584776,4051674684.0025706,87610687.30402651,87574095.78917885,97804928.28676626,97764079.0411353,1.8449011725284058e-06,5.795263934147854e-06,1.7654346502048475e-06,5.545641093829137e-06,0.91080046,1.1241693,8414,21865,8207,20887,1.9997230381848614e-09,1.6545597750863112e-09
452,460,0.5628109605377198,0.49534953176410834,1.1663242022821987,0.9774176570189134,172486881.12595803,3594374930.472579,110635830.97284709,98433945.66774538,112009294.20551671,99655931.38460077,2.2761543142758168e-06,8.239163489960782e-06,2.2649488505379325e-06,8.198602247193449e-06,0.87745088,0.86800641,8203,33241,9324,34118,1.7755814233008139e-09,1.708470254413979e-09
453,461,0.6069013736552115,0.5542274277761811,1.2581053831047297,1.067062494272932,165942707.80480915,6626665674.332552,184524232.77581275,164213126.57788432,183363086.45575482,163179790.92997092,6.407777474042684e-07,2.419970711992378e-06,6.423977637526443e-07,2.4260888896786345e-06,0.54578662,0.56006485,7022,27893,7780,28633,1.8088769943615264e-09,1.6918308311668056e-09
454,462,0.3415439547887906,0.3726827973395005,1.054363377591766,0.9185582969049124,168182552.79898497,2273164739.3476577,68878191.25267854,79444932.23492129,70356032.6632371,81149492.24993502,6.87738775477681e-06,1.8976665919294207e-05,6.819235169829877e-06,1.8816206422719386e-05,0.83396113,0.78895837,17541,53935,18746,54676,2.284823346542078e-09,2.0209137148268234e-09
455,464,0.7816254432144544,0.6432944027440873,1.3768896068584335,1.1263350880027643,162651599.88598937,5386144237.552552,196596039.04583898,105836132.78985827,196175652.73390704,105609820.69451492,5.874616222917532e-07,4.086390411685526e-06,5.879648493503205e-07,4.089890865415607e-06,0.64666933,0.98863083,4592,21874,4893,22263,1.7070610790240495e-09,1.6337665504001817e-09
456,465,1.1931026814052195,1.3387141788688988,1.7008480678083953,1.7007957683216126,169716237.61788502,15252435003.284517,361690722.9725927,219146455.09210733,347997052.9660249,210849534.41225937,9.058782239704432e-08,4.616738786746919e-07,9.19971855723942e-08,4.688565898427913e-07,0.5598399,1.0367566,2315,6683,2468,6792,1.4077017058520916e-09,1.18423836128333e-09
457,468,0.782030911310784,0.7648953695858427,1.3152544607289571,1.1721623206281369,171855514.5669009,7675948611.552079,153166778.60136995,151440687.3216695,159920595.11573356,158118392.6590756,5.251480366418097e-07,1.7328581651552338e-06,5.161617505223548e-07,1.7032056515971573e-06,0.87745088,0.86800641,4327,15332,4594,15324,1.5762982451962732e-09,1.4188865956458821e-09
458,469,1.2855003880148637,1.1697429321149542,1.7797800610470538,1.5525111259259654,168445078.09725356,16103920789.786165,251201133.12464058,267424418.23753703,239411235.53344637,254873095.4581097,1.2338098911354514e-07,3.7837425552072086e-07,1.257763750703901e-07,3.857202201188155e-07,0.86200333,0.73679674,2131,8194,2305,8270,1.3971491884982594e-09,1.2490499674831413e-09
459,471,0.690852454929128,0.6112098811703633,1.2624651247274759,1.0643333312096954,171969860.96200383,7775045680.633396,171600677.9967384,187799395.26206684,172472887.36438206,188753939.22831213,5.176259249388921e-07,1.6988599221868426e-06,5.16577261605017e-07,1.6954181855504913e-06,0.69233876,0.55969125,5403,23159,5813,23600,1.6597212352958843e-09,1.5716034669525481e-09
460,473,0.8380337362731136,0.9431385493697197,1.4319376826144283,1.3742180688059071,165459145.68166113,7833625287.052706,143056877.30206493,142306911.36884326,139027452.6517979,138298610.70279267,5.193016641954462e-07,1.619051544929311e-06,5.252704682052418e-07,1.637660769624194e-06,0.96926725,1.0965799,4008,11606,4197,11566,1.6319007016826334e-09,1.3897589453295435e-09
461,475,0.9249438139741453,0.9351772710886209,1.4810048315307154,1.3523303974226983,169597548.98456284,6692263122.708829,178411742.89404115,115090329.27728345,169072545.6548651,109065774.68235062,4.925540794435703e-07,2.388689294919631e-06,5.03261905915241e-07,2.4406179491166108e-06,0.8792482,1.3780808,3424,11391,3749,11600,1.5091383033185643e-09,1.323968025293312e-09
462,476,2.1192844204501196,1.5855066306906482,2.5089931949957727,1.9262807780017919,172522920.86307293,22411416403.9055,416690149.4880937,315131584.0795693,404128430.44922364,305631492.8862815,4.803945499724783e-08,2.1751075035625649e-07,4.8631269145216755e-08,2.201903381951182e-07,0.87745088,0.86800641,1066,5353,1227,5616,1.2040448140596143e-09,1.1211518426246204e-09
463,477,0.7837271429216068,0.5505048468470962,1.3510150824743439,1.0291659806137032,162370792.1004743,5357329844.665146,210352532.69058475,113694066.7381695,209053863.45256212,112992145.13480218,5.567030299188932e-07,4.199297266706966e-06,5.580837844737004e-07,4.209712512388024e-06,0.60495776,0.78619677,4625,28210,4930,28615,1.7161120583150964e-09,1.7488746005916225e-09
464,478,1.1423602254773986,0.9653851492030091,1.6641011037220093,1.3878404652489815,171947170.4055267,10678239786.072035,223859378.15078396,191237348.99258938,218783615.22001293,186901254.3647302,2.1824847390295142e-07,9.154587633600884e-07,2.202598884982391e-07,9.238957850953483e-07,0.87745088,0.86800641,2476,11064,2656,11262,1.4150156546496722e-09,1.3204466197778747e-09
465,479,1.301207881880566,1.1943031177421728,1.8136840337164584,1.5981637156597153,164030642.97054157,16311868165.027008,328248148.58944565,251305568.75029498,323291371.8407493,247510678.8008702,9.363726094873518e-08,4.1194667707080957e-07,9.420890799909225e-08,4.1446157445744767e-07,0.65023357,0.77953827,2204,8480,2349,8620,1.4714431509595099e-09,1.3113563105500123e-09
466,480,1.0981201463029175,1.1707901711089908,1.6219784546828806,1.5557421191579912,170044711.91242516,13509335716.09896,212809090.7189127,229360837.73405233,206210881.8534351,222249437.05178958,1.789412318415651e-07,5.209579597532038e-07,1.8120987524076521e-07,5.275627418064607e-07,0.87745088,0.86800641,2591,8044,2755,8108,1.4346731201979243e-09,1.2289946978195715e-09
467,481,0.5710954625393398,0.5653233572987226,1.2026855832759498,1.048930013280129,150877250.68708745,4161082667.3041,94742390.16836743,88277661.83645114,96196570.5782466,89632616.53248926,1.9273113763961433e-06,6.38714466742116e-06,1.9156042144676094e-06,6.348346921608912e-06,0.90946949,0.96620631,8059,27295,8818,27507,2.1118713817213625e-09,1.8808094606066484e-09
468,482,0.9851811533517919,0.6200714342652176,1.5053431641495398,1.0917399396633602,171423943.17993715,10269341871.520958,230950123.42960072,231342603.89320534,228280100.90786868,228668043.89099225,2.2793574633846708e-07,9.952848281928131e-07,2.2899842559018093e-07,9.999250329586576e-07,0.73125589,0.45947045,3012,22021,3201,22245,1.4626801621201853e-09,1.560042588499635e-09
469,483,0.7246656691655855,0.581914826503573,1.2934632409716988,1.0464705583375484,171531835.78819734,5471882907.616638,195048875.913219,120347532.32803455,194019110.04556414,119712154.24411757,6.131977479688929e-07,3.7948543860571224e-06,6.144975117116992e-07,3.802898143811557e-06,0.63729274,0.82940561,4964,24825,5265,25036,1.6428745795809152e-09,1.613533116105159e-09
470,484,1.2498403198635568,0.8997651652963458,1.7049563214115178,1.290006969072555,171529461.8882714,10413603368.226429,244326426.013113,177805408.86684665,247699827.65577933,180260358.45266914,1.9632594771546382e-07,1.0224094627557643e-06,1.952520479140234e-07,1.0168168993079845e-06,0.87745088,0.86800641,2209,12247,2330,12266,1.3903972073922664e-09,1.3562221609724195e-09
471,485,1.2512189399113598,1.2676726081236924,1.7309988226127941,1.6198161133420326,170747774.76871404,14414765047.411596,367503355.35571885,210303139.35938764,364653621.2490468,208672384.10167694,9.99357296564937e-08,5.200189198745226e-07,1.002473956614114e-07,5.216406843805305e-07,0.58133578,1.0292394,2202,7116,2478,7283,1.3688242280744824e-09,1.1820249811621057e-09
472,486,0.6750915899118819,0.6887783790800422,1.284636513255889,1.1503046439996523,156693236.1133527,5817274666.100384,122915149.57856826,117061386.41584142,120031137.75747932,114314723.99567696,9.601357943176098e-07,3.16785914977493e-06,9.692978673478273e-07,3.198088370528343e-06,0.86061227,0.92196852,5973,19671,6490,19988,1.87871439429957e-09,1.6507883313275178e-09
473,487,0.9995009851154675,0.8081180127891023,1.5297523677566962,1.2379779509890148,170270199.0121014,7964594277.59779,230285148.8065493,148283662.9565161,226325819.78958452,145734198.4663906,3.003550795824738e-07,1.783507423708262e-06,3.024459077518195e-07,1.7959227541461892e-06,0.73901957,0.92794049,3073,15027,3237,15308,1.5039973522793468e-09,1.434809114222448e-09
474,488,1.0755869844847823,0.7878232154341605,1.5841601563373178,1.2154642157372604,170754293.5416241,15861507030.21851,355491023.5050532,309189487.2674556,346071706.79757625,300997005.5713511,9.693419563921595e-08,4.293945909644232e-07,9.79810362983388e-08,4.3403183702258446e-07,0.5166406,0.43508658,2782,15448,2976,15654,1.4645271131476988e-09,1.4406208504053681e-09
475,489,1.4736177422670762,1.008603081494819,1.9211657603763979,1.3975532978922067,169944079.72968608,11790225305.254477,285409265.39718777,197471033.07354906,273719967.07614416,189383356.5499819,1.4616459683361452e-07,8.186638532597295e-07,1.486301200092438e-07,8.324731801896939e-07,0.87745088,0.86800641,1825,10870,1964,11120,1.3708090488594071e-09,1.3393925977952016e-09
476,491,0.3039794531135762,0.3312128737692426,1.0301956047101877,0.8804789381562654,163472205.29388654,1742454085.6287606,69750157.0355117,60661088.24474167,70511937.72272842,61323602.10068706,9.91215259914159e-06,3.5750244075178405e-05,9.86917830779573e-06,3.5595248337450824e-05,0.71243125,0.89256722,22404,68299,24243,69791,2.4630673799771307e-09,2.1871512360738703e-09
477,492,0.6946324278654741,0.5476011864792827,1.3045334515474039,1.0419650901908701,169713922.27457753,5117775510.034098,131430749.29723535,130120011.01104316,125758755.78499594,124504583.40210475,1.0356387665731528e-06,4.125211933729258e-06,1.0540756953180317e-06,4.198650898100354e-06,0.89696509,0.71422946,5473,28781,5909,29559,1.6916715065767725e-09,1.6801454562098678e-09
478,493,2.172365832502509,1.7563816952211422,2.5658218316126717,2.0832512484696353,172297613.73906758,25865329801.07623,426569119.2975557,348638410.287294,409506017.837142,334692598.6975436,3.555216690883786e-08,1.5316183036162804e-07,3.6137468472396765e-08,1.5568336045620913e-07,0.87745088,0.86800641,1011,4550,1048,4564,1.2207755873578304e-09,1.1023667355805214e-09
479,494,0.3841796424944934,0.4507761052456408,1.0381755335653082,0.8628271504468265,171758618.05954826,2302083797.905549,91522818.19986814,74084435.92854637,88779750.30842635,71864020.93862131,3.937061499071399e-06,1.65986642257615e-05,3.9852758265076505e-06,1.6801935988769015e-05,0.72098047,1.045087,12143,36352,12571,36563,2.0870675091784225e-09,1.8017577826763514e-09
480,495,0.7603093698456784,0.4472098573913262,1.3178827028898563,0.8670313001571919,171018841.83334807,2639809105.7463045,163428986.2613668,72538179.92946367,148954027.77162093,66113449.73061453,1.213708305473931e-06,1.4593549084038322e-05,1.259577975438514e-06,1.514508298808901e-05,0.79561913,1.0543594,3941,36442,4027,36538,1.5568847458529244e-09,1.7976342999817833e-09
481,496,0.7093196497052372,0.7134582682933389,1.2655059200354024,1.0486695999644844,164517758.02743512,4061303472.334873,157686521.57759336,86471119.46754713,146743128.3155566,80470051.92750195,8.97248626344349e-07,5.878094957399328e-06,9.234375322518173e-07,6.049664878193405e-06,0.74004853,1.3574076,4632,17267,4924,17587,1.6532042441572794e-09,1.5016913626566602e-09
482,497,0.4626401114459028,0.46546994002245046,1.0982267180445249,0.8624177936959473,165501555.25897706,2268631245.1136103,86790883.7488608,66506175.92506643,83948368.19980846,64328011.22608682,3.7992852988623816e-06,1.7743330384874507e-05,3.850229772370853e-06,1.7981250033871374e-05,0.88220853,1.1583285,9252,34532,9770,34751,1.9631811409700016e-09,1.8132972793222638e-09
483,498,0.551292337930771,0.5308564606548803,1.1304791406794803,0.8991888411632318,169640182.46802008,3016017536.132764,111129254.14748189,78775881.52310349,104289952.99266988,73927725.36831385,1.8075460450505894e-06,9.848452562343616e-06,1.8540598119718502e-06,1.010188379762212e-05,0.84155458,1.1431746,6362,26201,6478,25983,1.776639071348982e-09,1.6670482412124288e-09
484,499,0.6485755258383381,0.736497964577093,1.2223046535338815,1.0784680689285888,168766670.95629913,5810965212.927406,167147190.61658242,137338013.9780729,161034816.155192,132315725.74145342,6.324374013295114e-07,2.6877229230945513e-06,6.419323543827865e-07,2.7280744312775688e-06,0.65485954,0.90503937,5317,16746,5612,17257,1.6878073292516243e-09,1.462664122269808e-09
485,500,0.4070351272786694,0.369432629783052,1.054763066541348,0.8113930869136169,172590083.86910197,1776206713.1835523,82834319.68510295,55833644.61520948,77286943.23959298,52094491.01096868,4.974257536288775e-06,2.8439229095617043e-05,5.1141085049548384e-06,2.923879640955743e-05,0.84808117,1.1419711,10344,45664,10418,44234,2.0143250805733727e-09,1.9725927534323187e-09
486,501,0.7142951320465915,0.6766856502345784,1.271473269891781,1.037949342694455,171055182.0989719,6120907244.21781,174331594.32652292,146195899.21842238,166343959.2822123,139497403.21462652,5.177887184181647e-07,2.3893850020184305e-06,5.27594440905315e-07,2.4346344356413357e-06,0.70087057,0.79174989,4411,18419,4522,18472,1.6163330193678578e-09,1.5080741690740355e-09
487,502,0.39155655461474564,0.4456656712940086,1.0529231152679053,0.8607086324223759,170102697.58895063,3104029571.1449904,98179796.21916588,94584754.92864992,95259898.90689877,91771775.24919428,2.5013445609140844e-06,8.500796136825032e-06,2.5317354576593525e-06,8.604079315673616e-06,0.67839646,0.80149209,11287,33994,11445,32922,2.0871977892588944e-09,1.826752283187464e-09
488,503,0.6021447251576475,0.5900429252394723,1.1729605167595483,0.9582213722167247,171438716.61358073,3020257582.6107874,115338822.9007126,75852993.42626058,104686626.86808243,68847538.23504636,1.7226244930780353e-06,1.0047375805201501e-05,1.7907062164192982e-06,1.0444469114059058e-05,0.89502317,1.3335822,5667,22710,5813,22755,1.710586671643417e-09,1.5860928272546684e-09
489,504,0.5252122864532186,0.4073434190971892,1.1155308583859476,0.7974851240443853,165185571.69575,2197702006.614603,124540800.72921196,60778185.405026644,115892008.11610025,56557416.645780735,2.21502904715401e-06,1.9850828338735028e-05,2.2797262081893425e-06,2.043063664389744e-05,0.69661903,1.1070955,6853,40009,6988,39406,1.8415458710817458e-09,1.926438567331001e-09
490,505,0.589838612036405,0.5412011666989638,1.2052001841047515,0.9329604652711984,167436543.46777394,3301540897.6398363,178618140.48534057,81981495.77801533,170591288.09432602,78297360.65256473,1.07801477383009e-06,9.107710570387204e-06,1.0980249256122306e-06,9.276768245036457e-06,0.55291438,1.105333,6147,27030,6437,27204,1.7605254651803317e-09,1.6840737816877876e-09
491,506,0.8072043581375061,0.9259270282222463,1.3695656474141666,1.2363963490697287,164885596.04582077,6773084713.938499,200193682.8496765,113184671.18971366,189727469.5393786,107267327.06943497,3.382553022266544e-07,1.98196383818652e-06,3.455991573214757e-07,2.0249942212581348e-06,0.66483802,1.3488755,3473,10389,3446,9952,1.5627959138010006e-09,1.3356356560332145e-09
492,508,0.46270816590370545,0.4983740752204407,1.1250232310737103,0.9029975648227079,168585769.9832367,2616313608.3915744,66248241.41580894,84490952.36327511,59977465.88708215,76493399.74670085,4.2192494248754635e-06,1.2253436748883762e-05,4.390456682195839e-06,1.2750652506301803e-05,1.1774805,0.99441153,9006,31668,9375,32239,1.9308597461040786e-09,1.728321852665722e-09
493,509,0.6505555070311503,0.5575206804190496,1.2428664504142732,0.9435099214866537,167672795.32020885,4205274819.581798,154270794.35782656,105595742.08447139,146197350.0398218,100069606.38596728,8.946684504519855e-07,5.323921291076638e-06,9.141128388012743e-07,5.439629398445846e-06,0.70707136,0.88527292,5149,25307,5321,25290,1.690024513202562e-09,1.6589281457467093e-09
494,512,1.2240894969601335,0.8315618308154613,1.6986864004383728,1.1675313459448222,169924460.77821016,7045064340.0601425,268358411.50229493,131842815.48278974,248295716.1477103,121986138.26177666,2.32800848667054e-07,1.9937889207524383e-06,2.4015020045835237e-07,2.056731372466432e-06,0.77509308,1.0717512,2001,13082,2116,13106,1.3365445427031017e-09,1.371829636716301e-09
495,513,0.2938774024662544,0.3707465836431574,1.0320910564050885,0.8094742960180897,166593770.2041392,1718744294.855023,71407471.79258218,57102048.63155754,70280597.4324496,56200926.76155414,7.468707651322149e-06,2.9817908517929317e-05,7.516380290412817e-06,3.0008235741537027e-05,0.68561655,1.0816437,18345,48036,18723,47381,2.411989492212034e-09,2.0069795425455284e-09
496,515,1.9653302272828332,0.8787316242785665,2.369024183618255,1.2042024132575928,167948889.9678937,7063905097.307495,412511965.86719525,114666767.62918948,358856808.1044245,99752137.22723922,1.094229430084815e-07,2.082011841864329e-06,1.1569498539765994e-07,2.201351225067835e-06,0.80015868,1.2870512,987,11586,966,11427,1.18230231174665e-09,1.335802898522214e-09
497,516,0.4838398145279685,0.5923820826709935,1.1865305808492947,0.9468847882928183,167199496.84750876,3883810925.0346813,84505255.58170828,132117330.8721513,83295610.12798014,130226145.19916475,2.4818818976245413e-06,5.142443546793322e-06,2.496236641402577e-06,5.172186484834768e-06,0.95731056,0.74968201,9228,25526,10069,26641,1.960460198545296e-09,1.6284391043656326e-09
498,518,0.21157430073301978,0.3487956205675165,0.994068400379243,0.7582450744582874,165220215.64719832,1392960637.2023206,49534885.47010114,62617175.60932749,49994387.19610678,63198032.91821237,1.7557677105062172e-05,3.972436637361558e-05,1.7492948734160577e-05,3.957791798496622e-05,0.70569158,0.92032397,33537,59305,34657,60125,2.9377231788342144e-09,2.1021165261581342e-09
499,519,1.6327816257636827,0.597984701248412,1.9917244042726165,0.880346641591062,173542759.41016912,4322368030.031798,341681360.8500722,97165557.63897596,314207842.2702688,89352782.17334934,2.2582292872058355e-07,5.2621172432262035e-06,2.3352304375050647e-07,5.4415450289844765e-06,0.82930315,1.0680319,1147,21201,1177,21296,1.1284518931699537e-09,1.4987028167669186e-09
500,520,0.5386959072863959,0.5961246429632069,1.1879348288951017,0.9496493879922685,166775448.66974407,4823107076.624041,155276151.23458898,124529239.94489071,155468198.7008196,124683259.25057863,8.591687035902422e-07,3.778503168417333e-06,8.587440190275953e-07,3.7766354654169403e-06,0.57859015,0.79835832,6975,22931,7162,22827,1.8948653986737473e-09,1.6303651842668456e-09
501,521,1.1766740200690962,0.46006716544924575,1.5674724372983073,0.7486123418480315,176650660.93668327,4845247526.613882,184462011.88506,151623422.55816934,168090942.70967036,138166789.86755425,4.683904029121965e-07,3.884273568255162e-06,4.861306898204378e-07,4.031390432952883e-06,1.1268458,0.53600669,1882,34521,2014,35112,1.2151937297984228e-09,1.6765653658645879e-09
502,522,0.8686136353480315,0.6123662978780589,1.4345192868780268,0.9491378721145498,169018271.66703486,5247229005.038969,279357598.57443017,127130282.81176461,278833084.66592044,126891586.59634815,3.4683449405244403e-07,3.653280723664096e-06,3.470953195657947e-07,3.6560280536918292e-06,0.52553278,0.81413406,3319,22925,3463,23546,1.5414154722680977e-09,1.5734580163110652e-09
503,523,0.6701419990174937,0.5817283514040608,1.31639864537964,0.9380885541236297,167493713.18549874,4348226623.029323,113766934.91520591,118851748.98891473,112421130.36224389,117445793.69060247,1.1764836060306468e-06,4.649369532288903e-06,1.182097023361701e-06,4.6715533106069725e-06,0.98661858,0.81980991,5006,24466,5185,24660,1.7189235924204196e-09,1.6335400570151493e-09
504,524,0.8102149489243369,0.719312761541143,1.3583510322235972,1.0281064727634177,168342714.21311957,5358332422.190539,152632440.5248724,125159897.00199918,138205659.23856983,113329813.87121314,6.57574332194858e-07,3.146949039697034e-06,6.842160559548256e-07,3.274448157131349e-06,0.8936094,0.96749091,3711,17087,3943,17429,1.576047574462356e-09,1.4668942545524904e-09
505,525,0.553427827618392,0.3825265178849641,1.1205549148612879,0.7272475890216041,171024326.01203665,2255965160.3561196,145125501.19440544,85804918.71279371,134236822.02167812,79367027.20774391,1.9956327968510453e-06,1.9312473424559647e-05,2.058872538238462e-06,1.9924467688658557e-05,0.65219152,0.76244277,6530,54879,6903,57143,1.7108106782075415e-09,1.9080670746484775e-09
506,526,0.6701748635172524,0.5829310055395066,1.3028493416107925,0.9345681817902163,168027197.0139475,4508887585.862452,131555417.46597394,124640437.66268069,129359371.26727481,122559822.78109193,1.0653866114076463e-06,4.3978180045216395e-06,1.0725846346143956e-06,4.427530782696861e-06,0.85597086,0.78584659,5223,24783,5612,25233,1.7120753546112183e-09,1.626935912023374e-09
507,527,0.6629838704918993,0.9599230209101214,1.2781950302241143,1.2483834017310809,167554867.89410523,7071492459.37517,124311779.6614413,166244223.3768437,123268667.70991687,164849252.30693737,6.999516007455873e-07,1.4870494115918428e-06,7.023148376925986e-07,1.4920701160344955e-06,0.8936094,0.96749091,5230,10872,5539,10869,1.7379111270828654e-09,1.3445077755102257e-09
508,528,0.46649079200569704,0.41874070747306696,1.1209493442348644,0.7997056011160973,158119051.87784588,2009632860.2241971,76427741.16563158,56887822.80749366,74096279.56818962,55152434.94681727,4.118549613622775e-06,2.3552417076679177e-05,4.1699049031523314e-06,2.384609842364972e-05,0.96510875,1.163885,8377,40637,8576,40667,2.082834972474334e-09,1.9802152621463955e-09
509,529,0.833620038766958,0.5715783780975594,1.3547511256726439,0.8877184418181907,168553610.92089114,6433541450.0418005,254895780.50463358,166341240.56226832,240721711.88117167,157091451.67218304,3.0143195623421374e-07,2.3340818461443867e-06,3.0840985367331193e-07,2.388113886875335e-06,0.5512436,0.57918048,3352,25185,3518,25927,1.473424333284043e-09,1.5821312106043522e-09
510,530,1.632077010727373,0.8272350186920362,1.9011055348026358,1.0165181106646581,181186056.53766432,10900720732.135563,736528767.0018723,217848090.1619624,706333817.404913,208917125.89153686,4.618681653918173e-08,8.011410646320735e-07,4.696668576072029e-08,8.146684151886368e-07,0.4014909,0.6880182,1104,12192,1254,12693,1.0125233318417444e-09,1.1884416544328084e-09
511,531,0.824145941915849,0.7532005128693635,1.3839255465375597,1.0657486608387758,168368092.01671195,5781852280.888599,155280237.40986544,131076097.92201938,156157488.30503374,131816608.28029343,5.798872586009257e-07,2.6595803172572058e-06,5.785819954757623e-07,2.6535938913355503e-06,0.8936094,0.96749091,3598,15759,3752,15894,1.581284499698015e-09,1.4502834478869232e-09
512,532,0.6472443289704086,0.5636797538415903,1.187552081899365,0.9339021431599781,175514809.51484832,3671063435.012439,115364365.97121646,105345467.6789126,101416676.76770888,92609075.20785941,1.446869595409757e-06,6.396837487505969e-06,1.5234012713997764e-06,6.735196034473688e-06,0.98471451,0.93914002,5114,24663,5394,25005,1.6072220159648739e-09,1.580305867080544e-09
513,533,0.7455548221338326,0.6497839541115111,1.2711652126337238,0.9757099489279067,166793970.4987988,5826106103.84024,177299076.0491428,135112342.93950132,162591837.7120259,123904560.73229603,5.31021525919473e-07,2.6189794600209034e-06,5.497373181081209e-07,2.7112850878110683e-06,0.70138013,0.80214763,4152,19029,4411,19022,1.5797467837859128e-09,1.5284627584832074e-09
514,534,2.073498559984535,1.315803152681449,2.42382117246904,1.5911550608622587,175006005.35332042,13604950064.070019,568027383.6914241,199611162.88951144,490618896.87562275,172408956.59726432,4.568812183086018e-08,5.222426082006848e-07,4.844548473489319e-08,5.53760918366487e-07,0.63883311,1.1536101,920,6206,973,6159,1.1244482158757464e-09,1.1305085770337609e-09
515,535,1.1163351021565564,0.6769571367700757,1.5623615233213852,1.0140542966413135,173467575.68613994,7657337344.892244,276095565.78746706,181855087.9133472,246967374.6128623,162669304.3542873,2.228526417774028e-07,1.6077297683589572e-06,2.3301599068510266e-07,1.6810513967444475e-06,0.70138013,0.64573455,2239,18573,2433,19065,1.3246300439980666e-09,1.462964552793427e-09
516,536,0.7759943086911303,0.6789345704231743,1.3030564465066723,1.0401473604870952,175354781.65449017,5934494529.011958,339453723.9993167,131623345.93908398,316142846.822854,122584542.02026993,2.649228552110157e-07,2.7350945119419273e-06,2.725701631476169e-07,2.8140462126242557e-06,0.40086263,0.90450841,3771,17826,3922,17945,1.5010487905043813e-09,1.45591548440068e-09
517,537,0.7825841752823313,0.5474250704382135,1.2702556687065327,0.8671624723038145,171463968.0041986,4868460079.164262,178123990.54483473,125145082.16589475,167401745.46578908,117611923.73330124,5.567382517112654e-07,3.7909741330750034e-06,5.707370090460777e-07,3.8862952768770465e-06,0.7533235,0.75003886,3513,24575,3598,24607,1.4915912987155746e-09,1.6005715032504532e-09
518,538,0.5575341610195432,0.5261584654681349,1.1319293730717563,0.8750935811319556,167469125.66099685,4596850182.038858,139975890.0718839,141665313.7717807,131797214.49765924,133387926.5669905,1.0793165138915679e-06,4.115295063092418e-06,1.1056244250165695e-06,4.215603744910539e-06,0.66704172,0.62199628,6890,29446,7438,30414,1.773287845858525e-09,1.6808009229962244e-09
519,539,0.9745565133043279,0.6428993140217065,1.4324143260673117,0.9781285436726005,175055160.85333169,5060256202.627732,191886362.64259848,126169474.06860875,174786354.76837236,114925845.44202068,4.991563088324167e-07,3.602358879958285e-06,5.18144865246617e-07,3.7393973058098728e-06,0.88907385,0.8919974,2665,19974,2841,20436,1.3700642246621549e-09,1.4846441843266108e-09
520,540,0.29369198044768774,0.3835502694020991,0.955002550952634,0.7708575109314237,170586182.07769218,1790497359.699431,72930832.26141882,78271451.76364009,68314222.35628952,73316774.18357868,8.072674823187898e-06,2.5817967634411972e-05,8.28662098003537e-06,2.6502208616983044e-05,0.68694943,0.83591622,19984,53313,21041,55301,2.374249679009255e-09,1.9397891750812384e-09
521,541,0.8432415397537435,0.7326555398636945,1.3344246740868886,1.0348095704824627,169426171.10228637,7522167481.044214,281289064.0719358,160890642.7885097,262407726.02118355,150090967.28133893,2.2720700168626758e-07,1.6376831242821395e-06,2.3361041596891089e-07,1.683838231433954e-06,0.50790167,0.77152419,3258,15790,3365,15967,1.4842735677325845e-09,1.4280088052240883e-09
522,542,1.4173738811345107,0.8501099598057993,1.8083040393104728,1.1421881069974948,173765783.0258773,10989747647.820679,414147359.4295721,216430029.73487908,376208810.5702722,196603653.75840068,8.658168890608597e-08,7.774439247087079e-07,8.997387537350577e-08,8.079034224835225e-07,0.59469432,0.68253016,1509,12316,1600,12518,1.2202450147644674e-09,1.3165566928207363e-09
523,543,1.0317813011403807,0.6785134354611503,1.5334333460231158,1.1495492977126829,176420594.41301954,5772117089.879376,120134753.99054463,127052898.72660157,118924478.60888146,125772927.77406727,6.223929894629139e-07,2.813681264404045e-06,6.249188934952836e-07,2.825100237579971e-06,1.5151941,0.94215673,2393,17397,2371,17238,1.353784517147966e-09,1.4428488733793279e-09
524,544,1.5452591858433549,1.2098781820821305,1.9674785888170854,1.588889659606488,176745714.23551556,12083939484.942616,236136260.8509849,193508935.07771257,211032570.99944124,172936964.164872,1.3380926136007362e-07,6.498396036809755e-07,1.399624223225809e-07,6.797221965644459e-07,1.1566116,1.1050693,1375,7116,1398,7106,1.2045148345829187e-09,1.1559925390500776e-09
525,545,1.2930573472953681,1.444854778675464,1.7560299733419424,1.7976223314659199,176554914.44730666,15214808317.474401,233224957.75405544,243140715.40650403,239162303.2059405,249330492.1554797,1.1535498797932541e-07,3.8105767602351224e-07,1.142008395475399e-07,3.772451220377133e-07,0.97886449,1.0491711,1774,5531,1793,5526,1.2728247451029462e-09,1.1002478101953825e-09
526,546,1.423157284051681,1.0847564792427242,1.8675473034907875,1.4844394545523618,176560647.5504114,9945351420.617107,183023609.93460906,164687062.7584609,165848097.7521077,149232309.9332986,2.0775718977779382e-07,9.455408261497611e-07,2.1610992428026137e-07,9.835556428235903e-07,1.3729025,1.1629651,1513,8214,1505,8086,1.2262543290152612e-09,1.1973340685220358e-09
527,547,1.6350389093014257,1.8065185229681038,2.0451867923401474,2.1179665667428758,176999384.34314138,20235454705.22622,250214402.41774654,289350782.22681195,221650847.46252254,256319562.24262446,7.081836278331259e-08,2.0539027651434912e-07,7.433666025408435e-08,2.1559418496380882e-07,1.1566116,1.1050693,1241,3847,1239,3761,1.1756874132809173e-09,1.0146124547152006e-09
528,548,0.611651927462689,0.7934546195997414,1.2225593421566685,1.250323795612854,176533500.76160732,5516648284.665732,150864891.01184732,110011641.70379053,155656536.30135047,113505740.04055387,6.638705748669838e-07,3.054403543803407e-06,6.556193275756774e-07,3.0164403625426403e-06,0.71572024,1.2732409,5201,13455,5117,13234,1.6406620947702722e-09,1.3555305499443071e-09
529,549,2.229093600565872,2.000810196173012,2.586510975340129,2.301026872488258,176919250.86933115,24651097789.683052,340969751.58275616,320325468.31103605,309373616.88356876,290642346.57558995,3.927143194430721e-08,1.4587161727559857e-07,4.082909639892205e-08,1.51657477936081e-07,1.1566116,1.1050693,830,3350,837,3254,1.100220134781632e-09,9.922220276180876e-10
530,550,1.567753432964159,1.2746959661898647,2.0408122529406607,1.6511718766534773,178244271.25249657,15305298283.164497,236571027.7683423,242739812.4803035,214787678.27670807,220388444.18016627,1.0858856248023228e-07,4.095620243759106e-07,1.1286647488551294e-07,4.2569696920611326e-07,1.1812227,0.93601149,1366,6639,1407,6697,1.2044365453532018e-09,1.1387769007799483e-09
531,551,1.3546008886188272,1.5602636099839404,1.8614600055555457,1.9583496749887948,176859015.9795599,23711079426.494133,222372077.25388905,448806497.42743623,197864442.23439488,399343516.422087,8.678413706888137e-08,1.298610897958295e-07,9.093380178800959e-08,1.3607051931732814e-07,1.0773537,0.61484557,1788,5016,1910,5008,1.2788330951351756e-09,1.0856470813464227e-09
532,552,1.8343401717617183,1.8897097896225494,2.2744175269143807,2.2380765129305513,177694291.97198138,28515733634.533745,373699064.64185965,406868375.64809746,330435436.7247544,359764693.3519001,3.728640391921605e-08,1.0986422831660824e-07,3.916739229640346e-08,1.1540655245652622e-07,0.87223065,0.82530534,1155,3802,1219,3796,1.1828376641568956e-09,1.0267077423147418e-09
533,553,0.33767901775256753,0.6069321070451846,1.0961034361255528,1.1276930917292984,177529006.1688765,3601484696.649027,69776434.83891878,112545480.45088215,64015405.030485444,103253262.1084176,3.672269371075123e-06,5.607629746585072e-06,3.8010557694449408e-06,5.804289186696546e-06,0.85914135,0.95737344,15003,21212,15394,21095,2.1575169208506214e-09,1.521415283823028e-09
534,554,0.9945809818866451,1.1443362386284668,1.5648614162020973,1.5498568205648386,178164987.39855936,11046915968.574978,203156708.72684985,193720937.59090674,181959867.41512686,173508600.03825596,2.2265856280585916e-07,7.698808316541487e-07,2.3269209202342363e-07,8.045735096320444e-07,0.87223065,1.0524451,2713,8006,2820,8081,1.393188254965396e-09,1.1969296619446775e-09
535,555,0.7274289428337313,0.746542676362378,1.367129115589136,1.2311012999052873,178195720.3046045,10468794213.722626,261203822.89695054,225550528.5548636,241512940.44832373,208547374.10351536,2.1123060190268728e-07,8.946679810863802e-07,2.1795783526553483e-07,9.231612024133189e-07,0.49625891,0.58980447,4319,15681,4456,15880,1.5489942041068845e-09,1.3997187715802718e-09
536,556,1.572971701831639,1.540668915586385,2.0418690415089547,1.9271777413625675,177698586.07148337,22236618755.697556,320459785.8902771,331725331.98923224,292580094.02389306,302865548.49271476,5.742535255153465e-08,1.7636903428382645e-07,5.9554581256966657e-08,1.8290848060606603e-07,0.87223065,0.82530534,1404,4917,1464,4752,1.2193920473551761e-09,1.0814856767969792e-09
537,557,1.3502464637027622,1.6361130369578563,1.8564730774560043,2.0220018879124844,177175372.6664067,22145974872.205494,274274264.952779,351238412.01290977,260307891.09086174,333352931.6610328,6.801878631410119e-08,1.7161272477870872e-07,6.945571218314937e-08,1.7523811677781955e-07,0.87223065,0.82530534,1716,4648,1727,4605,1.276760415374356e-09,1.0697971824869936e-09
538,558,0.4783529853549606,0.6730658925684605,1.1107553289699406,1.1423939766988185,178382716.6142982,5515716388.788068,95320408.44072759,157805198.8510498,91319229.44332103,151181152.04246938,1.3850520008115552e-06,2.4118636909416973e-06,1.409014756730048e-06,2.453591294599067e-06,0.8951903,0.76083249,8283,17585,8534,17485,1.8158722144298607e-09,1.4418562647875743e-09
539,559,2.0022906680028614,2.104242226340641,2.4155644211843144,2.429439113106965,178003918.3768475,46822026317.36156,340963167.9583492,854128205.1956537,319457490.5339894,800255507.5375038,2.3999791997112398e-08,3.131975055629406e-08,2.4633449654149798e-08,3.2146674379587405e-08,1.0453199,0.43853295,1014,3281,1075,3344,1.1494418313793402e-09,9.926559859579032e-10
540,560,3.449846923700973,2.072117362581598,3.7854671208102446,2.3728215482454758,177609913.81315017,38782498182.50395,702482783.4095156,445930213.14856595,612209262.4458106,388625334.8003242,1.221224173649716e-08,6.98208456762486e-08,1.29029706077548e-08,7.376993831335867e-08,0.87223065,0.82530534,498,3271,543,3281,1.0312336984032946e-09,9.880162863975783e-10
541,561,1.2929540916333089,1.701303179574068,1.808124631113275,2.076546584735586,176744547.90372837,28809317602.408714,278523470.8043806,509170068.70667714,251517740.49870205,459800765.9491586,5.456697334991939e-08,8.972396324076348e-08,5.6839092563306066e-08,9.345998758415579e-08,0.82047874,0.59056115,1861,4416,1916,4377,1.2946994657023651e-09,1.0600083819080362e-09
542,562,1.083065870204257,1.149595638606278,1.6387986271116777,1.5930997586043438,177832768.6320928,13667909874.025675,220818429.51672232,247709260.2123878,195543589.77701262,219356500.58262137,1.5762539593520536e-07,4.852353998063494e-07,1.6547899846339673e-07,5.094119986347109e-07,0.87223065,0.82530534,2382,7918,2470,8036,1.3526128071492313e-09,1.1868778847121529e-09
543,563,6.196262592798192,2.8520375140613905,6.445152095418377,3.11445338337587,177283576.58006647,60590235458.69077,1259409531.0461051,612645267.7906154,1047138061.7807472,509384884.3120488,3.843615754039721e-09,3.049763121517878e-08,4.138139973962601e-09,3.2834569040898126e-08,0.87223065,0.82530534,250,2169,267,2239,9.70950158328996e-10,9.221026781160813e-10
544,564,1.1845588818914106,1.5260173562136425,1.7146847843343895,1.9056627835647415,177731380.6074339,19543049722.555107,241373409.07403174,328631305.7792125,215599087.29712573,293539416.18950087,9.568939035352888e-08,2.1706281812833565e-07,1.0011076733109903e-07,2.2709231610312056e-07,0.87223065,0.82530534,2085,5136,2144,5140,1.3209266330295415e-09,1.0861900734289931e-09
545,565,1.8989823670232715,3.031955075047569,2.296384670834625,3.285310392383464,178132083.49905583,46189357446.39654,387821369.91611576,654410493.2045631,369653914.03164047,623754694.7161942,1.9355896372612306e-08,3.382387404789246e-08,1.9730943780888106e-08,3.447925864260741e-08,0.87223065,0.82530534,1035,1941,1025,1893,1.1515895833529691e-09,9.073063635838708e-10
546,566,0.7808475656446621,0.7662657260648277,1.411941989389558,1.2373905245452455,178186861.23811594,7809046966.498953,159518330.18897697,165439962.62260658,150445912.1439291,156030758.67412454,4.199727902866417e-07,1.5491423890287627e-06,4.299255296305649e-07,1.5858547922158893e-06,0.87223065,0.82530534,3727,14637,3760,14658,1.4998147114200482e-09,1.3780311035712214e-09
547,567,1.2995634704532888,1.432208006828931,1.8156208257550102,1.8453240048205535,177280065.61451283,15291802754.82586,157371241.21245906,285074510.74109536,143625625.914532,260174633.700654,1.872587809240683e-07,3.224953444101732e-07,1.942314561558919e-07,3.345036213478461e-07,1.4639695,0.89065111,1863,5604,1956,5537,1.2893753213675804e-09,1.1109114238968877e-09
548,568,0.8754711059296173,1.1610998827063497,1.4476604900763579,1.5901372775763958,177871984.6759079,12969950647.161022,178532803.3796027,250243310.60785612,166885776.34898967,233918072.06509548,2.1694886537721043e-07,4.7596819071561107e-07,2.228829583614055e-07,4.889871087740884e-07,0.87223065,0.82530534,3174,7540,3226,7480,1.4416534892504554e-09,1.1763755946223908e-09
549,569,1.2118656578645637,1.4487348473273673,1.7363712478447468,1.821649510591918,177772102.85195878,19364422675.48876,246994193.99290302,312059825.37844425,226019500.25378188,285559772.24041563,8.855443235447338e-08,2.225173067304596e-07,9.175434455892764e-08,2.3055796405926377e-07,0.87223065,0.82530534,1969,5385,1966,5221,1.3112137076079128e-09,1.1022554916555113e-09
550,570,1.4980765784904146,1.3987418477873117,1.970791593614372,1.756762918156917,178426642.89773592,15579222904.175554,280694497.0799872,230224959.80657703,263147482.82641825,215832940.3930216,9.217547202916753e-08,4.0378636183541396e-07,9.458651877086807e-08,4.1434825829891484e-07,0.95226938,1.0840389,1460,5774,1508,5803,1.219957681299761e-09,1.1072937067810907e-09
551,571,1.1081175522037596,1.335901709021801,1.6587205757714234,1.7291074996417921,177941145.1707447,16500918533.39519,303715713.0171187,260591409.6031042,277809700.8697291,238363767.32664788,9.474216756334307e-08,3.481651740376124e-07,9.818186066494787e-08,3.6080559992353615e-07,0.64922458,0.91220152,2316,6272,2408,6298,1.347549477771894e-09,1.1334037202138883e-09
552,572,1.0114717417973769,1.2464117873143477,1.589319674047151,1.6557097208825193,177796137.44108093,14878994315.684801,206179144.03991184,268515409.6367837,185616151.7743799,241735395.98773837,1.6027149056614488e-07,3.8600054138105677e-07,1.6715057045246527e-07,4.0256823255896676e-07,0.87223065,0.82530534,2642,6946,2734,6959,1.3871732324074163e-09,1.1593772029060471e-09
553,573,0.45934463221816124,0.70709512765711,1.035449311890131,1.1235468033189007,171311831.27240577,5773697654.997636,82125638.88986918,170666126.13890007,81063851.58116505,168459615.12468454,2.029145159727765e-06,2.1900279639262095e-06,2.039734901528227e-06,2.2014573240006173e-06,0.95818031,0.70977038,11204,17637,12227,17815,1.92069576044945e-09,1.450053769635095e-09
554,574,0.5855018004269876,0.8081678093259976,1.1272149078567608,1.202352068322162,171478589.7077978,7986304153.40169,109925089.99898727,191141979.28894195,107286800.42201893,186554419.78197443,8.806152199956497e-07,1.2615350794958954e-06,8.892142252632287e-07,1.273853679660306e-06,0.91335857,0.72502899,7172,13929,7700,13896,1.735968927129456e-09,1.3739066208471493e-09
555,575,0.5900538375538013,0.6823579501080723,1.1227134969442323,1.090975051630003,171788878.85511363,7236940371.865705,117778308.85015872,157772937.0117069,114414261.43459466,153266541.51170504,8.701606325528611e-07,1.6165533571259741e-06,8.803056561012008e-07,1.6354004196816273e-06,0.86063969,0.74297601,6863,16585,7317,15746,1.7142661602884776e-09,1.4571787275971442e-09
556,576,0.9247771879621994,0.9509482485383856,1.3864824486378826,1.3172064286269565,171169974.33106077,11944876912.146973,173309905.57787207,224506591.51226857,164587329.011098,213207318.5267938,2.9851725417563063e-07,6.631852971782661e-07,3.047475575228809e-07,6.770265258478356e-07,0.91335857,0.72502899,3542,10867,3904,10926,1.4735862626067463e-09,1.2900141692899355e-09
557,577,1.179994825531536,1.2174579865731792,1.596074445088728,1.5432143458677303,171472129.69010854,15994687264.408337,221529892.42461538,287933471.13738805,204681372.60302454,266034607.99679148,1.7376708169184772e-07,4.0334067471113145e-07,1.7935319344200148e-07,4.1630691699581443e-07,0.91335857,0.72502899,2585,8123,3043,8898,1.3667091121377307e-09,1.1827547026435736e-09
558,578,1.2500412605960658,1.0771285765997356,1.6908253919456262,1.527582961395986,173458152.738339,10932803895.56858,210893901.6184056,143853340.60158035,186149480.54140466,126974864.71459395,2.011565924356705e-07,1.0110935636173426e-06,2.1145363109092067e-07,1.0628506021641749e-06,1.0281466,1.2988001,2102,8460,2139,8511,1.3811842595922948e-09,1.1945666195736163e-09
559,579,0.7126704260932157,0.8735231107380947,1.2443983192962598,1.3427224093535615,173356325.901057,8371975878.084,110355971.28190227,155009936.501027,98733318.74330424,138684343.86608604,7.1541560226888e-07,1.3829874200079283e-06,7.479821746147932e-07,1.4459426585075334e-06,1.1195219,0.97691,5044,11828,5350,11852,1.6497432474140764e-09,1.3012482838898419e-09
560,580,1.3930432478933343,1.316888792957701,1.8390782956547025,1.7470924552789253,170570857.56942374,15068854993.108515,194714583.22260597,187273883.73555744,176675733.39662316,169924359.0665593,1.6382741633183239e-07,5.213600670782847e-07,1.7032375097419562e-07,5.420338318286562e-07,1.2203122,1.199435,1924,6471,2023,6550,1.3900459140761936e-09,1.1468820649570194e-09
561,581,0.7462423803354414,1.1297612612739856,1.3278473612198978,1.634932764810665,173138127.77833214,12130572558.608116,163281995.5690499,197036886.60898718,151318639.51234972,182600374.9618097,3.472238062193575e-07,6.88496042774448e-07,3.579545128465885e-07,7.097735269696265e-07,0.79128754,0.99273163,4881,8151,5323,8413,1.6319487002195585e-09,1.1789265374447794e-09
562,582,1.3640118763298044,2.0259682931793837,1.8281795170402506,2.4159645843705935,172542180.9805245,22256627723.3978,192860141.8762198,291441376.90042526,179675455.42901587,271517285.0959108,1.195823977143687e-07,1.9185245191081105e-07,1.2301802437102246e-07,1.9736441195281953e-07,1.2203122,1.199435,2006,3453,2181,3560,1.3803320336987673e-09,9.950612275818138e-10
563,583,1.4505979560881384,1.8030849649663243,1.9046063383965972,2.215626678633649,172607401.25110656,18422030472.361267,248737500.19922164,203646841.0384105,218037096.94515568,178511748.2748006,1.0775430348886853e-07,3.360645283747846e-07,1.1358447467708941e-07,3.542476882790766e-07,1.0066192,1.5282624,1825,4006,1972,4051,1.3559494098077307e-09,1.02488542007497e-09
564,584,0.847859858595783,1.5012319088404964,1.3917689820469397,1.925280560894349,171599009.7006893,13017394757.734715,119225155.7429343,214776047.79592445,112394036.94825566,202470249.68139789,4.160391264451788e-07,5.206884565725122e-07,4.2597491705705433e-07,5.331234684492301e-07,1.2203122,1.199435,4066,5423,4438,5651,1.5879813179049635e-09,1.0908949681359174e-09
565,585,0.7005968850828601,1.4902288835163833,1.2836110588054097,1.9240549151206712,172235616.84029612,11349940860.372633,110823241.61227326,189564952.68948042,99483844.91090596,170168730.67007428,5.340574038903842e-07,6.573185594338913e-07,5.576211724802432e-07,6.863208769965532e-07,1.0888306,1.3539976,5255,5368,5567,5510,1.6839971802370166e-09,1.0860217638116486e-09
566,586,0.6468370572574811,1.1400986818251306,1.221590953359371,1.5873710021293246,170933855.5653224,9098996342.079056,90604971.51429646,162477719.43399295,84802837.17644942,152073019.34626877,8.327202435239938e-07,1.0216095160970267e-06,8.550584060352719e-07,1.0490147336008881e-06,1.2203122,1.199435,5913,7821,6209,7750,1.7450944874589042e-09,1.1985158046012495e-09
567,587,1.071590525545574,1.2332062938790014,1.5566728167353636,1.6823137373022565,173302825.09584016,12907004837.188065,184218234.59569725,177494151.91462886,165329376.8076009,159294749.44455165,2.2650323889062033e-07,6.704702289695056e-07,2.3651977192174673e-07,7.001200795754081e-07,1.008096,1.2040855,2720,7007,2900,7187,1.4450214432225048e-09,1.1375111595732916e-09
568,588,1.4361225429263447,1.3195388034330358,1.8788013018631766,1.7505625600556258,170622176.29116774,10640978187.159525,84014655.07146926,159891216.66018957,74657519.00383437,142083325.06036845,5.109004472690495e-07,8.533827498545048e-07,5.356102517721828e-07,8.946567808872988e-07,2.9165668,1.4080985,1817,6412,1864,6449,1.3792218033099352e-09,1.1463818161758975e-09
569,589,6.58146993529838,4.711282308482644,6.806524992642645,4.959917703216859,182860324.46977964,96812110542.73108,1377948856.1664689,713162706.7176006,1151583199.1806085,596006294.1834904,2.4899388600107236e-09,1.1155211811267412e-08,2.675246438623376e-09,1.198541102734307e-08,0.87339216,1.2080085,225,863,276,894,9.158239451848287e-10,6.905470042792769e-10
570,590,0.5171161553511856,0.8271743402419003,1.1653550491361808,1.353217853072338,181901242.16141772,6324652200.476891,116790377.03856698,140941694.9006656,118121087.72476572,142547585.93630585,1.0485542977556859e-06,2.06485498363298e-06,1.0438131740738052e-06,2.055518573602993e-06,0.80540943,1.0675623,7930,12183,8234,12233,1.8207446233554439e-09,1.269011084337565e-09
571,591,0.6193233737142189,0.8053953564011079,1.2410919325092937,1.3675767517033064,180307571.50215966,6350335802.313873,155969558.51038748,120623175.93568209,153451450.3522181,118675730.50922272,6.966475212725043e-07,2.4958386088378106e-06,7.011979444780904e-07,2.5121411457395543e-06,0.71596467,1.2039053,5931,13016,6179,13165,1.6884240075662857e-09,1.2925110837674805e-09
572,592,0.8228355381049219,1.2899564964840338,1.4470850551817769,1.7558225963592748,183391398.69289574,11168644569.675941,162185844.8226063,181246130.37371606,149194018.2654397,166727487.93270376,3.038185936271097e-07,6.69520124814659e-07,3.141369071850847e-07,6.922584256498313e-07,0.93042004,1.3052247,3513,5646,3647,5729,1.4463280433323774e-09,1.0131350465219574e-09
573,593,0.9036158798800265,1.0870583807523102,1.4751711415381006,1.606852738522338,180370475.23112047,10043641258.748713,186612192.26005813,162311139.97978202,177588331.31041756,154462386.15498334,2.995762108268347e-07,9.78084030375241e-07,3.0557481583067235e-07,9.97668828989888e-07,0.87339216,1.2080085,3308,8016,3445,8132,1.4739261813026375e-09,1.1413314658513674e-09
574,594,0.36491171312914483,0.6461713091620582,1.0810245031692665,1.2485016586706477,180910376.8010577,3526803428.7685947,93293483.95034721,88694776.8452038,91887014.7725482,87357636.62294634,3.16450280070664e-06,7.153883256773777e-06,3.1837895437421412e-06,7.19748413715491e-06,0.70761979,1.317993,14901,18924,15772,19143,2.1274042795013763e-09,1.4275116728986964e-09
575,595,1.1870652809072324,1.5428850121114743,1.6619971145448649,1.9153448501749597,183378097.0626822,21746016992.49741,319584474.71313065,290971512.1648373,285798400.14293337,260210364.53202853,6.759399397540847e-08,1.9048484414544187e-07,7.068356746911782e-08,1.9919148937843733e-07,0.68114001,0.97236776,2035,4193,2158,4260,1.2699364813441814e-09,9.385402831257087e-10
576,596,4.831994969337311,6.698474846565846,5.086993171687096,6.886298501552584,181623358.78420186,121695473316.75772,1004821426.3331708,1007111705.2278855,812668470.0270956,814520776.7121701,2.6697943207330482e-09,6.4422898825443984e-09,2.906350550054019e-09,7.01310681438539e-09,0.87339216,1.2080085,335,594,372,649,9.80598262825121e-10,6.765432713109534e-10
577,597,1.004878361125748,1.537823008800296,1.5309223414789026,1.9686793561495677,180731392.57166377,15590468497.599083,194281697.1067435,244097340.98815092,190499832.84573063,239345771.36610794,1.7753927500551104e-07,3.4887751165640893e-07,1.789407931053508e-07,3.516315960537815e-07,0.93479246,1.138615,2853,4721,2961,4777,1.43759418158634e-09,1.0163929096502444e-09
578,598,0.570192123939733,0.7293013561484321,1.2323783729338613,1.323575662497032,180655308.38247207,5193472321.740658,141717898.27527723,105838069.84631687,139433707.84780478,104132185.76994196,1.0211140277845152e-06,3.746424579283934e-06,1.0277725472422478e-06,3.770854408156439e-06,0.72685409,1.2448466,6905,15399,7296,15630,1.73622737179681e-09,1.3424430478709967e-09
579,599,5.409589577641323,5.158749510758506,5.672418466109317,5.389916371672258,183024286.50685853,100329957697.46613,1133610213.2434316,781597520.6086555,962234944.1877637,663438312.2469825,2.6986114198953552e-09,9.836971600008217e-09,2.881465366960115e-09,1.0503510350628045e-08,0.87339216,1.2080085,282,783,310,817,9.448047863088336e-10,6.865622303756952e-10
580,600,0.2245028713381844,0.473879040001144,0.9955595602652282,1.10780120006832,181708978.30428883,1737524423.246631,40406791.30627095,75494077.03112634,41492068.90698828,77521756.73891829,2.047675939824749e-05,2.15019423146819e-05,2.0260816210722818e-05,2.12751877842848e-05,1.0095874,1.1405938,33758,32394,35241,32755,2.7074768764857674e-09,1.6541759075194666e-09
581,601,1.0612812670952319,1.140776613646766,1.5934793593214662,1.640829805810247,180888797.73860502,10888168197.694618,219802628.4863375,170821405.75242692,210199822.78493568,163358506.96737966,2.321416114397622e-07,8.583961594640805e-07,2.3632692778301557e-07,8.738723140961991e-07,0.87339216,1.2080085,2698,7555,2894,7737,1.407506401154981e-09,1.1229298064271912e-09
582,602,1.8374359814768089,1.9023305474257515,2.267162435564065,2.3199804625344553,179831167.2504182,25295145899.44172,378327482.6933325,283191983.20185655,312130416.54111695,233641053.64121962,4.146819268526737e-08,1.5745329322602971e-07,4.478451005453796e-08,1.700452355645211e-07,0.87339216,1.2080085,1181,3319,1201,3297,1.2073024176319345e-09,9.377146605733045e-10
583,603,0.8114046935276035,0.9541586105178148,1.4251187828903171,1.4705796221197802,183498196.21013477,9125173517.306274,178189071.78395006,163155066.04975483,164226991.9513545,150370982.07382458,3.6517603405131564e-07,1.101097310538162e-06,3.7729137623333966e-07,1.1376281051384496e-06,0.83558041,1.0731287,3722,9209,3988,9363,1.4481024776362171e-09,1.1416097349449029e-09
584,605,0.5979891702825895,0.9874271244986796,1.2061103844022443,1.475848835890106,181360134.0136973,8255644002.750112,155741536.45569494,148731109.61436474,152043472.6821931,145199507.57052538,5.402550920878175e-07,1.2779014259197258e-06,5.454733518674512e-07,1.2902445240429538e-06,0.69635499,1.2040515,6199,8878,6405,8762,1.7126974284407373e-09,1.1796266010036236e-09
585,606,0.6035904228600203,0.8562049909485888,1.195277660897073,1.3264144462267695,183118974.7403345,6856265220.179799,153540159.46227893,135985796.06843045,145313969.40141267,128700112.58370064,7.044073581350384e-07,1.9326951325334676e-06,7.20094895492772e-07,1.975737310816501e-06,0.71986938,1.1529688,6208,11241,6709,11493,1.636812360354866e-09,1.2020336290506906e-09
586,607,0.7563806515089107,1.0696980717283173,1.3801658681629634,1.5981821730451022,181625102.49499848,7505388414.365242,102077588.69636443,146004068.2471156,95791959.66941613,137013579.53018045,8.185656011141419e-07,1.4364522521132972e-06,8.39641755525695e-07,1.473437546180329e-06,1.3458166,1.3306754,4309,7973,4565,8102,1.5360909461801882e-09,1.1214241492922493e-09
587,608,0.9173106907937109,1.2162316955293795,1.4698607631028973,1.7066901639687948,180497061.73456746,11527208005.415182,144836472.2253583,213165412.82922137,139563940.51143312,205405479.28357923,3.4987515177182213e-07,6.359215869754731e-07,3.5510352705010595e-07,6.454245101966052e-07,1.1431643,1.0298399,3329,6917,3528,7118,1.4789501243956023e-09,1.1034316174361636e-09
588,609,0.4853183112893102,0.8294553750833049,1.1489412362470803,1.3695378571102186,181574516.47158363,5377233996.125059,100895613.38306725,124674585.20822257,103197551.71751748,127519041.94325297,1.5063207027399036e-06,2.8400555876878425e-06,1.492789602073473e-06,2.8145437043383253e-06,0.87339216,1.2080085,8964,12540,9274,12642,1.898420818840305e-09,1.2885158473333444e-09
589,610,0.6237058557817888,0.9796974865892344,1.2508573239742413,1.4970889014269644,181312186.38778394,7492571718.412377,129478460.59742509,147044572.36195832,124939348.01738063,141889646.47578588,7.418371041522386e-07,1.5047361245530997e-06,7.525023634063688e-07,1.5263694464610864e-06,0.87339216,1.2080085,6049,9336,6364,9333,1.699911467714776e-09,1.194639579700548e-09
590,611,0.7338268409746772,0.9796738252864678,1.3495098701326356,1.5155503744329288,181076964.28550044,8064993968.98077,152141435.1542991,146850259.971546,142502177.788322,137546236.72047848,5.489433564448777e-07,1.4265445204609343e-06,5.635052106870167e-07,1.4643865548584489e-06,0.87339216,1.2080085,4706,9379,5069,9524,1.5714190394492625e-09,1.178250078127271e-09
591,612,0.5964802356904502,0.7922082905846184,1.334532862678092,1.399765033420846,182641986.59513608,4546461476.807329,114567128.68974705,92802055.08770597,102816744.47020875,83283968.91312513,1.3843806391316598e-06,4.67520147005103e-06,1.4456194710104145e-06,4.882011554453353e-06,0.95090395,1.5591303,6214,13238,6619,13633,1.6522146133393967e-09,1.2520518818614516e-09
592,613,2.356888487946038,2.387603735923358,2.858521705943629,2.8435931084366586,173441194.18986157,39785371099.323326,449599323.1791723,439645367.3995431,397818123.11358166,389010583.1515395,2.650941947900891e-08,7.27056910568618e-08,2.7839193603492066e-08,7.63527775857327e-08,0.90921301,0.94191563,1015,2879,1160,3071,1.2545391451351955e-09,9.714029143314063e-10
593,614,1.562250047721005,2.3143319806536233,2.1753123917200523,2.8691520954293805,175934874.18014926,31134356834.658287,302299090.04901636,432280443.023746,294706838.213932,421423705.12788945,5.764649294897498e-08,9.44809147049877e-08,5.8236000608569045e-08,9.544710050493468e-08,0.90921301,0.94191563,1766,2989,1974,3123,1.3628322342958452e-09,9.770177864989586e-10
594,615,0.5144607245254401,0.8081765777086537,1.2803364699790514,1.5512097333443884,178421897.2163714,5631230190.215833,80132214.02093996,136216611.2471747,79635316.24281532,135371935.5783519,1.6991528044662062e-06,2.4460487875513503e-06,1.7033857507336947e-06,2.452142408477111e-06,1.1454951,1.0585816,8219,13141,8353,13012,1.8857904827990473e-09,1.3340336966492042e-09
595,616,1.1701048196747226,1.6696668636505745,1.8504865077583033,2.3232459464489534,176504587.37960684,18965992931.301956,152116236.49389356,356448755.47196335,145638321.44391373,341269279.4946497,1.8948880214800827e-07,2.0410072515060618e-07,1.928161971988309e-07,2.076847033859268e-07,1.3577043,0.82677764,2505,4567,2647,4682,1.4441534589423656e-09,1.0465045702449449e-09
596,617,0.5751298577246547,0.7779782205063699,1.2306037078448075,1.3895166392421587,179633527.08124396,6304407560.223125,113628603.78869167,148368884.95198768,113220758.57381618,147836347.0368285,1.1414904422669183e-06,2.2345145087322723e-06,1.1431334246328482e-06,2.237730714316062e-06,0.90921301,0.94191563,7304,14533,7915,14956,1.7592820993956091e-09,1.326640045776857e-09
597,618,0.4031245137367476,0.6320648525868748,1.2765638620374642,1.4452033344342121,175843359.34449545,4315845691.689729,94339974.00386827,113975587.96156578,95659734.44277482,115570039.0262504,2.656620945027585e-06,5.15321219411171e-06,2.6418990874986604e-06,5.124655295213497e-06,0.75139695,0.97515976,14027,22006,15259,22807,2.1048919471844885e-09,1.5069490460591879e-09
598,619,0.720932219509016,1.3154249990578126,1.4020782764367026,1.9190624882774443,178117403.9311616,9858556093.602657,110003634.2321246,205669132.7334623,112658384.24772957,210632606.32363003,6.594132425658654e-07,7.545763693353922e-07,6.53153217512966e-07,7.474129296719954e-07,1.1673303,1.1392088,5214,6409,5569,6530,1.6726114705130141e-09,1.117055220623455e-09
599,620,1.1317465676035103,1.2245753445842358,1.7662473618021601,1.8166085197159243,173760664.4245882,16417605140.99529,205445376.5501059,241383110.22096923,185071622.69181988,217445457.51847515,1.5776921638785216e-07,3.8686040286963326e-07,1.6449961436952643e-07,4.0336377744596763e-07,0.95720351,0.8815158,2575,7127,2706,7205,1.4511458571958814e-09,1.1566301674536795e-09
600,621,1.341748077629841,1.759335238590662,1.9917733246058618,2.3718239911888905,175639830.43550187,28383343318.528625,266900148.221682,451408423.2562373,259791393.42086086,439385380.86628485,7.055449306187697e-08,1.0944675587009167e-07,7.132048667464306e-08,1.1063499367460592e-07,0.88296843,0.68454492,2125,4385,2268,4538,1.4119809948719842e-09,1.0495124509973976e-09
601,622,2.529895349682616,3.258033487316728,3.0338669930670723,3.714287838748961,175459904.62031972,56038449863.02043,488219143.2288262,606905997.4452285,439500933.55270064,546344313.112878,1.4277829789292368e-08,2.902807442008573e-08,1.4891011575288465e-08,3.0274726521953796e-08,0.90921301,0.94191563,877,1784,880,1727,1.2251281875155673e-09,8.946975562225293e-10
602,623,2.26815171771561,3.3242304641862237,2.7808343636956954,3.7855898908083763,176237681.3688813,52886659929.818695,439648130.115345,621982108.2531352,406346525.94397944,574869427.5616851,1.622899011922802e-08,3.136355040441455e-08,1.6748463361978694e-08,3.2367465319209654e-08,0.90921301,0.94191563,1004,1777,944,1761,1.2605387255166207e-09,8.973353245673007e-10
603,624,0.6933380703650374,0.8847728518211228,1.334372483069163,1.5188903067649417,179107617.27189532,8760076476.866863,149533846.94038567,183914873.41219032,146299591.9698797,179936994.11827704,5.718380275547145e-07,1.1969499353754737e-06,5.768615457357466e-07,1.2074649754259862e-06,0.83046168,0.86164623,5521,11822,6032,12169,1.6585644343981046e-09,1.2675141790195146e-09
604,625,2.289985807689876,2.972620534978204,2.763363322209533,3.4295663168667967,177283796.9863102,47077901932.06005,446515145.0395806,559495392.8521314,416315582.74388576,521654535.3620804,2.0529662324901057e-08,4.153576874988902e-08,2.1112867245560045e-08,4.2715713375130485e-08,0.90921301,0.94191563,1019,2040,1063,2076,1.251415291858677e-09,9.056741129012857e-10
605,626,0.4663811374933986,0.7203818368895655,1.3083842873020641,1.5469867650640723,177463889.40050253,5384607043.203672,91030165.31033696,135725280.01037705,90065442.94591987,134286886.3460747,1.832911323771911e-06,2.910792924616979e-06,1.840739412414694e-06,2.923224483492286e-06,0.90921301,0.94191563,10263,16469,10855,16640,1.9661309428460276e-09,1.4059766122755819e-09
606,627,1.8278557166819294,1.884514904846479,2.388994088117424,2.442319341408616,174977313.94748095,28141923370.45381,236799598.94005948,392295033.1470006,207735119.01062834,344145242.48708206,7.074347706064042e-08,1.1323182860150806e-07,7.45477976043499e-08,1.1932101434200052e-07,1.3506496,0.8405596,1353,3751,1474,3791,1.2889001622137176e-09,1.0060494329323063e-09
607,628,1.539425124009227,1.6004727983407694,2.169056548259807,2.2368546567550913,175317566.413135,26187097942.95604,143814549.93149528,701698209.4605954,135088080.32658672,659120124.7007889,1.4260898245139576e-07,7.859413856943298e-08,1.462248550831127e-07,8.058690501220202e-08,1.8766409,0.39987418,1777,4963,1990,5147,1.355560124058352e-09,1.0686051477729996e-09
608,629,2.0621198378726646,2.0154877771384294,2.612831084483634,2.606824299209017,175755898.81797993,32330582416.162373,398619159.1953763,376078126.89934564,354786133.6241393,334723762.0302896,3.369061441452659e-08,1.0132766923191289e-07,3.529762978240114e-08,1.0616091803061638e-07,0.90921301,0.94191563,1143,3430,1198,3478,1.2623264260512734e-09,9.888673695050645e-10
609,630,1.4090453181226628,2.279474407666145,1.996804619062979,2.791593703038155,176693031.17939034,29559920877.22793,273828558.9734595,427604373.21374154,271454325.6849093,423896825.1733923,6.609959365605829e-08,9.753760016492917e-08,6.633024163806504e-08,9.787794795533894e-08,0.90921301,0.94191563,1977,2961,2149,3061,1.3825761233026498e-09,9.65778315741009e-10
610,631,1.376374019030221,2.540252390136524,1.9148211664872679,3.0035613508101804,178621139.42260417,31068231865.17722,270398127.6630073,481723375.1043919,270520585.0576129,481941537.07890606,6.016891970782698e-08,7.421759539603742e-08,6.01580234871347e-08,7.420415504672398e-08,0.90921301,0.94191563,2023,2514,2056,2448,1.4096831422264695e-09,9.475436677203813e-10
611,632,0.6508982240070216,0.9707682464976204,1.3212786536971375,1.5903901131991256,179061686.25254184,7661886904.994526,131902720.56997679,145842413.14727998,130199280.34687862,143958950.6097732,7.251682801084062e-07,1.5439355558470555e-06,7.28948534143458e-07,1.5519839892589225e-06,0.88361281,1.1918851,5889,9828,6288,9925,1.6896160858172336e-09,1.2167999250581156e-09
612,633,0.9303546934065623,1.8223580063008413,1.5463653467341993,2.360082729652705,178741876.25236905,18912938297.266705,182898112.59925383,345818329.0256463,188310601.5466089,356052102.66630304,1.7522826804383698e-07,1.9891203403141676e-07,1.7319603668902957e-07,1.9660512729245363e-07,0.90921301,0.94191563,3486,3952,3645,3994,1.5423274825892248e-09,1.0127777169569891e-09
613,634,0.8214809807397745,1.710862208421183,1.4663266649001248,2.263770019667173,178596934.94282177,12637239694.433872,112207944.15708697,282172650.90279573,117106727.62661555,294491767.2379146,4.711820226392207e-07,3.853406103110361e-07,4.6319665678874656e-07,3.788100433485212e-07,1.3075187,1.0828645,4279,4387,4554,4497,1.6069307442274113e-09,1.03292690559549e-09
614,635,0.5957368360097626,0.7938584770303827,1.40177500686,1.5140362595131918,174631109.0970832,8118579819.470463,154626690.85002187,169514210.58046508,151058604.92257446,165602587.91073355,6.877606192771527e-07,1.591001745810574e-06,6.942132550121345e-07,1.6059286759541255e-06,0.67280871,0.81782162,7472,15141,8299,15794,1.800202208007113e-09,1.3729178086367964e-09
615,636,0.7644086826178904,1.0185282234164241,1.5076400223406763,1.7054268467032219,175483048.8344634,9546310483.026577,179203649.10373583,166075591.7117799,179265184.1338358,166132618.82359353,4.2930159497606087e-07,1.1815975895038985e-06,4.2924264363513246e-07,1.1814353334975054e-06,0.74853814,1.0762234,4970,10068,5475,10481,1.6521600062174284e-09,1.2467209368574952e-09
616,637,0.572054880854612,0.9782759126285685,1.3808374925267641,1.7298912819118908,176899502.16541508,11892157930.22739,158643209.49584126,266196900.94866028,158556528.33800757,266051453.46522054,4.3496013120733034e-07,5.555795266396758e-07,4.3505523083257795e-07,5.557009984735011e-07,0.63788563,0.6501072,7546,10071,8109,10163,1.8168645018637102e-09,1.2478309219986774e-09
617,638,0.8064145084483655,1.5014159423529354,1.5036734123387205,2.117130972098696,177898300.7184619,15000023925.722534,157784555.59899873,283570349.94333345,152248783.3327213,273621461.89915496,2.7130872943350787e-07,3.3387716109717887e-07,2.752124215476171e-07,3.3868111135553453e-07,0.90921301,0.94191563,4284,5247,4476,5317,1.6108147041966657e-09,1.0733409222376155e-09
618,639,0.8780558159585293,1.2027580055636204,1.600020059067711,1.895694405850493,176211323.8907513,12843639878.00825,168303512.15832132,217740283.98382783,162575337.14516908,210329538.72915035,2.8838449479590904e-07,5.547486403601127e-07,2.9240669545168925e-07,5.624859160643032e-07,0.91931164,0.97335953,3828,7338,4029,7320,1.577045130514724e-09,1.169660807798054e-09
619,640,0.5987837643816548,0.9816283328850481,1.3289760594086022,1.7010902300004889,178696569.1093398,8230264219.684048,117684858.39569874,186230708.61142737,117666725.86884606,186202014.74740168,8.354990570271118e-07,1.1672283238968467e-06,8.35550555048012e-07,1.1673002688596973e-06,0.90921301,0.94191563,7037,10052,7563,10199,1.786152795710172e-09,1.240171911685506e-09
620,641,5.382069411609439,4.697264020524593,5.6936784059385,5.0293765501163765,174442217.0544091,98504124451.5307,1032607442.0139123,869930515.7832632,885211487.9067607,745755313.1227801,4.356655552338461e-09,1.1455509411641342e-08,4.633492972223088e-09,1.2183433304380723e-08,0.90921301,0.94191563,377,1163,472,1198,1.1274147371233292e-09,8.485341540367805e-10
621,642,0.6854688066803271,0.9374646594257023,1.2939716336366558,1.4903757424311346,179852707.86557004,9007517723.799492,161686540.33342013,174248661.41287437,157966909.88103655,170240036.91053888,4.810645333886948e-07,1.1442698829852933e-06,4.85563952467935e-07,1.1549722927161393e-06,0.76248413,0.96761465,5326,10440,5683,10652,1.6376447432578587e-09,1.2224841261912174e-09
622,643,4.398722196212461,3.1918452732875244,4.728390812168687,3.5593798053232053,173041898.52850622,65338134950.37166,837167123.1718128,586382631.6364577,711682540.1195796,498488616.2083449,7.055159998370567e-09,2.821214424485979e-08,7.528651748755131e-09,3.010554107266889e-08,0.90921301,0.94191563,468,1917,507,1957,1.1604389285565018e-09,9.174469933445363e-10
623,644,1.5660966351528196,1.673128830774222,2.1708363918196696,2.2340937635485556,174249130.743787,23427682177.014397,300139762.9980554,309519488.9002711,270903338.1616632,279369390.8851343,7.715297869515269e-08,2.0014169437300874e-07,8.038154867338111e-08,2.085168922820567e-07,0.90921301,0.94191563,1760,4751,1988,4978,1.360100900655904e-09,1.0658455134122582e-09
624,645,0.5443730802763179,0.8007790528536511,1.3539340925004484,1.492487425492166,174146172.663938,6697048378.983666,104266533.13220786,148052121.40275943,105391192.58045915,149649069.26481342,1.2511940523612627e-06,2.0866297353522645e-06,1.2458361172973757e-06,2.0776942496030365e-06,0.90921301,0.94191563,8442,14486,9216,14836,1.864617358520391e-09,1.3709640328957454e-09
625,646,0.36547095527779166,0.7792755421655536,1.1845517356729316,1.5429829578933125,178375726.83865702,4427599967.791004,75253496.19996664,134146128.23124644,80483905.69730614,143469803.7886931,3.4318093723767133e-06,3.631048615153227e-06,3.3407979555152325e-06,3.5347533833090565e-06,0.86628729,1.0362121,16277,15049,17540,15515,2.1920846537821584e-09,1.3613795886262788e-09
626,647,0.6165683785133595,0.669345899111224,1.190743679755424,1.1382656853070303,171189764.5312238,7289741289.326727,143784047.37966487,179151799.75539133,138616490.81092128,172713136.52049384,8.163875915916972e-07,1.8341940586460665e-06,8.284279002819164e-07,1.8612452569877845e-06,0.73408836,0.63959819,7368,20458,8107,20905,1.7825008702062361e-09,1.5239944283383713e-09
627,648,0.6675978866687609,0.8166072250944493,1.2286796326409337,1.2845218635534508,172036534.7680531,7024786959.521845,138904024.296212,168538547.7653044,135055403.57738936,163868841.8288759,9.777590935764863e-07,1.914091920799721e-06,9.888103624180115e-07,1.93572623189242e-06,0.82683873,0.83355576,7340,15634,8307,16131,1.8082655572319264e-09,1.4457502503384606e-09
628,649,0.8493332162606179,1.0212531753224727,1.38072603424689,1.4539793424916259,171362798.81143117,10201096050.70013,176024793.93041256,209949724.8010381,169201572.4983918,201811476.60359594,4.3639425608726296e-07,9.404276946477313e-07,4.4335009468017215e-07,9.55417496096821e-07,0.82683873,0.83355576,4821,11105,5384,11509,1.6571108277647037e-09,1.3387409565263899e-09
629,650,0.6927300120650907,1.128462528674432,1.255620106701947,1.5485726269204736,171844780.33502832,10462222031.520638,228785102.99825016,190993063.76731315,225523722.80288622,188270417.1113053,3.576830436904897e-07,9.074861739022033e-07,3.597431695557764e-07,9.127129683287899e-07,0.5203225,1.0153269,6595,9342,7192,9351,1.7809884581502985e-09,1.3018198097739596e-09
630,651,0.7201203266791347,0.9177318924404507,1.2567146091432588,1.3221368413988972,171705237.8531434,9367290972.656124,149543589.92753538,189044789.12952745,149527136.6919682,189023989.85321072,5.086926001230908e-07,1.0850926876415646e-06,5.087149890033869e-07,1.0851404453842326e-06,0.82683873,0.83355576,5378,12012,5763,12194,1.6610130845392325e-09,1.335105518409518e-09
631,652,0.7669032780836968,0.9474892102516448,1.3196676365731783,1.3936463344685996,171325368.5264722,14057223707.496479,173936969.83982277,363723178.7046408,173956172.23098302,363763333.2201413,3.274713140223498e-07,3.92127711931512e-07,3.2745685419505477e-07,3.9211039713553035e-07,0.7553885,0.44629803,5526,12171,6094,12351,1.7032870000172727e-09,1.37077312779407e-09
632,653,0.44890938768079014,0.7402274559619825,1.0914094939517098,1.2397249199883023,171429919.9499212,6299133030.578161,114039868.51933864,178620950.53223345,113773542.06852238,178203802.7012658,1.5125570352505316e-06,2.00164960676862e-06,1.5139723077308997e-06,2.0035225143931115e-06,0.67482102,0.71042693,13095,17771,14119,17748,2.091218616655693e-09,1.5116286755902863e-09
633,654,0.5974508013209543,0.7624109871388035,1.1900985709992653,1.2339860238717284,171302152.2271941,6588386059.877306,123778198.09691451,156681351.44136804,118014270.2723082,149385236.17183793,1.0564542462876897e-06,2.1766322077530255e-06,1.0767987565643615e-06,2.21854837825901e-06,0.82683873,0.83355576,7798,16871,8418,17204,1.8299313314283646e-09,1.46587068104149e-09
634,655,1.1393391769983132,1.2187573034752623,1.5936282684372158,1.5797082103097464,171621426.54178914,14766183356.412224,236485069.91369227,250930863.97801244,231797565.93695068,245957021.7679591,1.9934371717805897e-07,4.681424949716722e-07,2.009465224863078e-07,4.719065527838742e-07,0.82683873,0.83355576,2978,8002,3560,8293,1.4508082903498125e-09,1.2184149964214331e-09
635,656,1.3309757857289304,1.6433133996903844,1.7609507307782588,1.9763290480030922,171854307.6860299,21115141520.00441,276636681.2586477,338802153.5775449,269498751.81664,330060196.9576429,1.0690289386701343e-07,2.1625327251318587e-07,1.0802658940413409e-07,2.1852638999785472e-07,0.82683873,0.83355576,2422,5328,2730,5478,1.4389618014732243e-09,1.1415455524587206e-09
636,657,0.4248258749556351,0.7447187353984367,1.0729184759313337,1.2483152000823634,171837928.49197814,4855324963.276155,88289524.51485729,153524132.32683194,88121029.0993468,153231140.46160853,3.001453605366256e-06,3.1013752773077856e-06,3.0037479106952905e-06,3.103745962569534e-06,0.82683873,0.83355576,15609,17841,17625,18065,2.1420988093753737e-09,1.5056265084025404e-09
637,658,0.5209060319204859,0.6532607542904838,1.1183930864120206,1.1351854656780447,171987092.1645298,5250525445.624813,153663194.63019112,119984589.28629309,150866895.55104223,117801159.49791227,1.2217820148106367e-06,3.910688349926956e-06,1.2307903696990879e-06,3.939522354755333e-06,0.58302259,0.9363904,9973,21419,11003,21928,1.909653029763209e-09,1.5389508040473401e-09
638,659,0.5995596168719396,0.5464885459322463,1.155354568639469,1.0147541550118122,171815169.7376087,5035389668.852953,93755417.96098366,133559604.32371414,93610419.9991856,133353046.97666511,1.6391549116952825e-06,3.872242357192118e-06,1.6401700284685614e-06,3.874640408858218e-06,1.0987465,0.70301962,7011,27319,7512,27735,1.7511777975763071e-09,1.6253073811872455e-09
639,660,0.730324963041346,0.738056806734632,1.2724783015316872,1.1834323478105568,171320286.8442251,6184399438.567345,132332150.7555227,131461712.11668868,130090901.88429289,129235205.4649847,9.159280403518388e-07,2.73756086173211e-06,9.222076773030728e-07,2.756329681536973e-06,0.94549572,0.96183217,5476,17260,5991,17602,1.6650331464161142e-09,1.4589037928849702e-09
640,661,0.510159214756041,0.8028592732416584,1.1335829466533247,1.2906095406777789,171571308.87660256,5967702935.061179,99411193.86773944,161847358.00945997,97975906.96272765,159510625.2480489,1.6424082269469599e-06,2.2895732386685777e-06,1.6519903671099372e-06,2.30293106976463e-06,0.88047111,0.85109586,10436,15854,11132,16054,1.986445772150464e-09,1.4625508068654214e-09
641,662,0.6839041080015511,0.8999527113877042,1.2505261657450124,1.3526935973941527,171727926.18300745,9067398979.307285,108937926.78302555,267496709.08540592,106447960.85549884,261382606.21033663,8.765155650630888e-07,8.722303000671762e-07,8.846598887817424e-07,8.803348063693022e-07,1.078095,0.57775295,6702,13380,7372,13689,1.7793754053682585e-09,1.3996120404814775e-09
642,663,0.39106761646370514,0.6107982122657842,1.049495394074439,1.1308609464712838,171325121.4304137,4022033405.5992537,81031166.59538521,125540585.17442803,80947751.83426315,125411351.71570542,3.727938586722409e-06,4.959221808867142e-06,3.729474733284934e-06,4.961265322019859e-06,0.82683873,0.83355576,16588,23846,18134,23929,2.1896511164447825e-09,1.6127228061253194e-09
643,664,0.5715700062764186,0.7494365448634563,1.1540119919346363,1.190649229328558,171695367.4521401,7692257202.048378,147695487.068608,174924370.0820998,154472962.70345968,182951329.33253714,7.272228146818041e-07,1.6523724038550501e-06,7.142880672474611e-07,1.6229824847273133e-06,0.66444767,0.73560238,7807,16819,8419,17279,1.8015303569251877e-09,1.4391173359937747e-09
644,665,0.5417843166983524,0.9870138565422563,1.1244905238717278,1.3926844875149724,172440403.69343457,7775583111.599485,112991207.22880928,204186781.54555658,115222858.59769014,208219606.06101438,1.124948032723254e-06,1.1697849952309165e-06,1.1161816073414319e-06,1.1606691671436026e-06,0.82683873,0.83355576,9581,10933,10579,10912,1.8939076096868365e-09,1.3280175422296944e-09
645,666,0.772682035569021,0.8921925079559991,1.2868801458676575,1.3103049743218451,172577147.2303289,8373943236.493075,225650494.12571588,160997932.85375974,215870445.4744145,154020028.2754011,4.355557152029921e-07,1.5468154105119736e-06,4.433441244437249e-07,1.574474860305497e-06,0.59094602,0.95636034,5496,13109,6172,13544,1.6694838636098292e-09,1.3661642883325013e-09
646,667,0.12200272172606921,0.23677506509674973,0.8974638035996828,0.8691537519312916,170398901.17341354,546558676.7158858,23384305.4419682,42117788.721120186,26404304.721109677,47557150.257534936,0.00026166769137898714,0.00022477654982647403,0.0002492585121484665,0.0002141168750346982,0.88902062,0.95793754,148090,125846,160870,128248,3.841357401439425e-09,2.491216300182562e-09
647,668,0.4440298033904593,0.6211258637115028,1.0829520070632799,1.1459301430331976,171917647.04631793,4654290496.681756,93294218.00476606,143237768.03336626,90735504.6716901,139309288.91959855,2.638791380760645e-06,3.957712205764263e-06,2.668308530949964e-06,4.001982619270757e-06,0.81823462,0.74549121,13600,24019,15010,24709,2.075420827721195e-09,1.5955586702462356e-09
648,669,0.4033389212028029,0.5867840054493632,1.033964879399564,1.075033213747184,172101372.23164007,3745816908.922697,72585500.9144366,118495276.3343122,68170855.04637945,111288400.64339143,4.334300222473862e-06,5.862673770244653e-06,4.4444645338884244e-06,6.011684541487118e-06,0.95632297,0.85223931,15369,25245,16977,25768,2.1050209654328337e-09,1.6007271916493938e-09
649,670,0.589601854934005,1.08545675749851,1.1801020273629108,1.5220527412006686,171527261.51154748,7750817586.573862,113695131.49587888,184251502.90329996,116626909.68152885,189002669.72792956,1.0194414152304604e-06,1.2477984503019544e-06,1.0091123309103083e-06,1.2351556292284055e-06,0.88950855,1.0104961,8407,9802,8883,9571,1.908242703650345e-09,1.3296390319184905e-09
650,671,0.8118205946702461,0.9501682579588774,1.3406773828743421,1.3696725743094815,171450731.05112353,12527423070.748579,155959272.38435566,286663347.77173495,148231194.43103442,272458634.8100052,3.618300846344085e-07,5.317955651737967e-07,3.6926088877431104e-07,5.427169032689084e-07,0.89245886,0.56828696,4703,11613,5079,11723,1.6287800375397413e-09,1.3396010850451769e-09
651,672,0.5503056608019532,0.7122928539173256,1.1402348653030525,1.1908326947756585,172182296.18962198,5204517874.874602,185595379.01597056,111589443.53862491,180386341.3292889,108457503.40137336,1.020869824075302e-06,4.1027169999900266e-06,1.0325611249206578e-06,4.149702519200261e-06,0.51053476,1.0990665,9473,18980,10407,19428,1.9090188533116897e-09,1.5074872055728499e-09
652,673,0.6498226653093255,0.8753711334555317,1.2053853684359463,1.3088242936696601,172184272.2922297,7996151451.628092,155872799.6143503,178635841.4042624,149725470.05912912,171590780.366011,7.573995392804727e-07,1.4857260704812066e-06,7.696883211272957e-07,1.5098319256044167e-06,0.71782404,0.84375644,7392,13623,8437,14080,1.7756148925670135e-09,1.3811958082318103e-09
653,674,0.39471052227767905,0.6059845752167721,1.0102922791732842,1.0642535911282243,172767442.9912931,4222397695.9326506,71470232.20112564,156215582.50646305,70102284.90457945,153225600.84295395,4.174396627873005e-06,3.68697761505891e-06,4.206790831763157e-06,3.7155893439500153e-06,0.95414728,0.67019182,16471,23031,18473,23229,2.1060801474609318e-09,1.5643890210235283e-09
654,675,0.8314122787608267,1.303362669279028,1.3655425304119815,1.7123740054702064,171707578.22782466,12371892836.44442,172657355.9210254,268485035.1156533,172308043.04136586,267941847.82854667,4.082768795645066e-07,5.336096672089581e-07,4.086077514787354e-07,5.340421101438329e-07,0.82683873,0.83355576,5345,7798,6109,7920,1.7094686529170732e-09,1.2622083269000481e-09
655,676,0.6812160418273633,1.480996725418057,1.254004310762776,1.871436806618835,171622611.65031964,10366564538.443493,143206048.55117637,227444193.96395063,143245516.25213537,227506877.76483086,6.059988219388678e-07,7.064136166656748e-07,6.059320293211245e-07,7.063357564241059e-07,0.81639063,1.117516,7023,6521,7695,6553,1.8242696241342337e-09,1.2271134680246212e-09
656,677,0.30058114200486835,0.5429468976829942,0.9834311529691148,1.0681621240451848,171808296.39112988,3697787515.917275,78321407.75724337,128673867.35372941,80645952.48479097,132492850.80276746,4.482971448106012e-06,5.443945667745165e-06,4.430830500441022e-06,5.38062773466467e-06,0.65936422,0.72495514,24132,28122,25141,27768,2.4616878189675804e-09,1.6929790749641731e-09
657,678,0.3974450672889557,0.5251907928421881,1.0619384050888743,1.074139716755916,171705388.66581157,3987738863.6140614,74285020.34272239,147376418.9671777,72051951.06166661,142946161.6632251,4.081532546097838e-06,4.962337906365766e-06,4.13166845545167e-06,5.0232932756165876e-06,0.91867054,0.61188954,16090,31546,17717,32340,2.1558357911292024e-09,1.7091717948374814e-09
658,679,0.38589550605046563,0.9062926041144524,1.0485312094875991,1.3779089133528268,171646793.5314395,5287595386.707828,66210924.069691226,187723478.9794264,69837736.61296098,198006342.08389232,2.823029927426785e-06,1.848838180042118e-06,2.7634478899231927e-06,1.8098171463962748e-06,1.0004048,0.82867748,15121,12510,14921,11797,2.2431042657453076e-09,1.4181295409150342e-09
659,680,0.37972889870738175,0.6244208512863212,1.0560258114927725,1.174835058182522,171553452.46275,3375108223.4747777,74050844.23903942,108738973.28783192,75012803.8720928,110151550.06420062,5.437390424220613e-06,7.215266801171949e-06,5.409390874863273e-06,7.178112173094134e-06,0.87971723,0.98512566,18623,24118,20861,24720,2.238859228575046e-09,1.612476770548625e-09
660,681,0.8980438364106295,0.814807962403656,1.4027435078439994,1.24682725607356,171437670.35256246,8723909318.237722,186201417.0389866,167581805.03629547,179890324.12131417,161901803.45674852,4.0508315745926035e-07,1.4132566944942237e-06,4.1070903561275676e-07,1.432884293954804e-06,0.82683873,0.83355576,3955,14620,4274,14791,1.5625341216430674e-09,1.4070070319084385e-09
661,682,0.693549398796935,0.8904441647617314,1.257465924251353,1.3384031901097633,171613422.08326045,8345799887.573097,143948730.74139854,183325672.52469268,140492328.6110084,178923777.19844708,6.794387700073326e-07,1.34854298247412e-06,6.860762988615889e-07,1.3617170804981116e-06,0.82683873,0.83355576,6295,13254,6858,13502,1.7453504733492572e-09,1.387176731573133e-09
662,683,0.5270615844964059,0.627072358146142,1.070301682252806,1.0419976434916811,173569796.78410065,6367732807.302165,205600876.2025718,140209452.0325852,197330572.2499983,134569520.88661692,7.118230242814445e-07,2.5537139767724484e-06,7.236095096413595e-07,2.5959988023174255e-06,0.44494933,0.77627307,9186,20821,10187,20948,1.8147822600449702e-09,1.5075757552135787e-09
663,684,0.6869345204060027,1.2106833802626715,1.2460116255394318,1.621524901426198,171773699.57400048,10519109078.003094,142708946.32044002,249489684.09800863,145292273.31778592,254005963.23192143,5.701897473391934e-07,6.668218447385451e-07,5.66112671758208e-07,6.620538125655044e-07,0.82683873,0.83355576,6839,8551,7254,8415,1.8362970810019186e-09,1.2998809932854482e-09
664,685,1.2470765563207897,1.5372710732141743,1.6966363068199943,1.8836315364370304,171514944.10063487,20378707680.32116,278707061.87085617,330441536.1904213,263850824.7065594,312827637.936009,1.0710261152760218e-07,2.3210759096405354e-07,1.0947523026851257e-07,2.372494153544602e-07,0.76744473,0.79791713,2597,5829,2844,5928,1.461526427563175e-09,1.1649641756343468e-09
665,686,0.40138557170234745,0.7278355901130349,1.0610599262438056,1.245027665436986,171737923.10903007,4265629641.539812,73155189.13642555,136959782.3207636,74440976.46691386,139367009.40845612,3.83706802881078e-06,3.8101181130139406e-06,3.8104189602664043e-06,3.783656216067239e-06,0.94228619,0.91265458,16090,18052,17370,17808,2.204652868735432e-09,1.5261900994056423e-09
666,687,0.5621243679132273,0.6910565729015309,1.155113384282415,1.1557502789350262,171475014.95226496,5617209146.58534,94069762.09462668,146975842.16537,90121151.98640116,140806481.43651694,1.646120821408429e-06,2.832024436134873e-06,1.6745997911487545e-06,2.881020316128384e-06,1.0246681,0.80624771,8309,19325,9024,19731,1.8342936807232414e-09,1.5009132351973673e-09
667,688,0.4287631055128467,0.6688054199517949,1.0507623359232323,1.1433517979748373,172133262.12822944,5563448631.593332,111727109.04864055,175505161.82563728,112667842.03764713,176982900.7278265,2.1221545959558364e-06,2.5099523001007405e-06,2.115049094001953e-06,2.5015483548808647e-06,0.6605773,0.65595597,15547,20826,17873,21288,2.0932430322020844e-09,1.5393601735191718e-09
668,689,1.0525110003644207,1.101002154258459,1.509384097376768,1.4794385303397979,172559055.6275434,12787041832.730478,219656261.45800576,227924634.55921718,210266422.17103857,218181339.85937116,2.312968218841315e-07,6.089167812237747e-07,2.353743482700979e-07,6.196513612412272e-07,0.82683873,0.83355576,3284,9201,3577,9341,1.5088855618214124e-09,1.261730720671851e-09
669,690,0.6460734148489782,1.318329535835489,1.2236672362112766,1.7241719397755202,171516207.72421965,11164342858.658817,134018954.36892909,271265455.01567143,134798602.43987787,272843527.2347384,5.128701507773161e-07,5.727346710783604e-07,5.116815503774817e-07,5.714073318717192e-07,0.82683873,0.83355576,6927,7609,6925,7671,1.848282111131434e-09,1.2577154358902987e-09
670,691,0.43348889521461187,0.5629280518292986,1.0772001475651494,1.113209792878501,172716164.82954663,3776897549.6214128,98094224.51344164,93431843.65020017,96264496.41195448,91689081.82351282,2.7877512840679004e-06,7.858153396846837e-06,2.808826685392442e-06,7.91756104108499e-06,0.76325125,1.0406171,12720,27695,13795,28521,2.096415565492359e-09,1.6374393025030494e-09
671,692,0.5812458072744865,0.7220069479964346,1.1823021900933741,1.2255641410671703,172524225.72201806,6500652403.119473,118501991.59837423,136490264.98434275,113220704.7681111,130407293.47307894,1.0399674524415194e-06,2.505380720760355e-06,1.0591065787184253e-06,2.5514887002685447e-06,0.84622192,0.91261959,7495,17559,7989,17846,1.8543429540761038e-09,1.4658277536314013e-09
672,693,0.6522769848333255,0.8715918184128575,1.2404770596124108,1.372798937371465,173704577.9142908,6639045178.023481,118986739.30445847,144641477.49852952,118344012.592372,143860172.44044164,1.174832785995904e-06,2.373437759869431e-06,1.1773808479349349e-06,2.378585442580256e-06,0.95223635,1.0467225,7098,14134,8191,15054,1.789546523544011e-09,1.3643318051777467e-09
673,694,0.9845576599885386,0.8697253761194397,1.4631441519739197,1.3190748856253505,174373946.5539214,9643400404.842632,193686029.54785025,167989851.33250436,176892880.75119177,153424636.81320763,3.245577424772579e-07,1.237885544075861e-06,3.365481058624792e-07,1.2836176143986696e-06,0.8863892,0.90277743,3280,12881,3531,13223,1.5222189953518625e-09,1.3331163971927282e-09
674,695,0.8969921136224531,1.0665896594258513,1.4218413087764166,1.5255807705367437,174553733.48259977,11738376555.034061,164573963.8027868,231276990.43365845,159840182.87296256,224624573.60219696,3.800395833226919e-07,7.161620847139032e-07,3.8450226095967925e-07,7.245717363927317e-07,0.95138574,0.80499667,4151,9970,4689,10443,1.6075744865108287e-09,1.2632548472887584e-09
675,696,0.5344248263800628,0.6953533598442553,1.1401626493804695,1.2142598459552068,177164512.0178545,5495945962.0774355,113389975.3301267,135767797.4925872,105518750.70220482,126343165.12812078,1.4597525305957447e-06,3.2169437959351784e-06,1.5023711831887018e-06,3.3108650649012797e-06,0.83500427,0.9073723,8733,18779,9608,19485,1.8438524800096008e-09,1.4342601544397968e-09
676,697,0.5873496841112612,0.7979611569586288,1.194068736322066,1.315716234862296,173448932.73488912,7056200396.581774,150709287.87195453,144431139.16805518,151666554.8602257,145348528.9557466,8.216613475800127e-07,2.187304946171413e-06,8.195829891793467e-07,2.1817722487613638e-06,0.67597145,0.95828027,7884,15688,8577,16106,1.8768225406765526e-09,1.4262053855210874e-09
677,698,0.27717176699798407,0.40041684280667866,0.9964389447929082,1.0243658523026025,173710592.99698046,2017188213.0082955,50277314.47143667,75940930.62227613,49752816.780388005,75148707.66474128,1.3291800330249964e-05,2.3239862575514273e-05,1.3347673294903125e-05,2.3337552879909752e-05,0.95764208,0.91593093,26373,49919,27998,51182,2.5454977041709933e-09,1.912058843063601e-09
678,699,0.5869429871744793,0.7208518074679073,1.1761063063544068,1.2279846655222426,171082960.27584273,6154034728.447012,133992805.64734825,115372068.39973569,130653392.87046342,112496727.761495,9.558188252269377e-07,3.1244602615449086e-06,9.655169343150064e-07,3.156162249053476e-06,0.74941295,1.0689369,7390,17659,7849,17988,1.8625830021450348e-09,1.4708622521132375e-09
679,700,0.8345919273365983,0.9354222833502515,1.3542648828137531,1.393014090201697,176072899.04914156,8090619915.807912,161335748.31978634,145644829.11678356,150214937.93219912,135605587.68760023,5.190980648088713e-07,1.6558909982440061e-06,5.341416010952293e-07,1.7038789566031057e-06,0.9108274,1.1308504,4241,11489,4611,11847,1.5887620180076469e-09,1.2833686860333634e-09
680,701,2.8927846035732054,2.4209881173476147,3.1599852768808327,2.6692109428388235,172334305.31420082,50471096467.51846,597034102.688366,459810493.85906535,479380532.3933316,369198674.5039492,1.1696754384361919e-08,4.5394596469178876e-08,1.2770057965028714e-08,4.9560041115809526e-08,0.83500427,0.9073723,685,2513,707,2525,1.151543170509206e-09,9.269265343014207e-10
681,702,3.187466838819949,2.526067412868124,3.4457940766686996,2.7818999987026576,177027779.7481365,54039857102.09563,675769211.9312238,492834204.43203217,558011138.5697697,406953987.67180544,8.560207046921688e-09,3.5193511655793174e-08,9.241585429261476e-09,3.799485722015125e-08,0.83500427,0.9073723,565,2180,554,2096,1.0808084119625475e-09,8.734348631550325e-10
682,703,0.3808140175090991,0.5188707686392237,1.0429820566493442,1.0799503129216212,171938452.34464177,3122968184.5384684,89576814.27361654,76789535.76623967,83694142.66479048,71746627.89359343,3.8041383385613098e-06,1.1818231426476889e-05,3.908917648912911e-06,1.2143746964618487e-05,0.73095447,1.1617968,15252,31114,16253,31768,2.2167550723344893e-09,1.70023559544058e-09
683,704,0.6930877486228221,0.973168140243218,1.2556072682517334,1.4323175624418887,174851718.2800505,9056173052.337734,145134088.67424372,187530654.72345564,140387626.20081297,181397655.76095384,5.699053411460278e-07,1.1796816821474296e-06,5.775358755385909e-07,1.1954765887713984e-06,0.83500427,0.9073723,5873,11594,6181,11774,1.7656465159072437e-09,1.335099431707678e-09
684,705,0.29849398577138375,0.3652643648331988,1.0047749662839724,1.003475901704696,174960654.13540304,1809340375.7364461,54819003.579399504,70867534.77711894,50430534.84955384,65194320.380213924,1.3668237778850251e-05,3.101159221786649e-05,1.413212761859478e-05,3.2064102627542644e-05,0.95267516,0.90177953,24035,60232,25959,62222,2.437030758578726e-09,1.988063543616003e-09
685,706,0.5342510303847827,0.6996836757206202,1.1247658548823394,1.1881988729418356,170667467.529403,6624158496.0705,108719636.67837009,148581603.06936833,101263649.1640206,138391883.79515332,1.2301127250372597e-06,2.3969321921416503e-06,1.265571477940437e-06,2.4660252310127406e-06,0.83866423,0.80368793,8871,18998,9716,19756,1.916076251321158e-09,1.4811394624219557e-09
686,707,0.8646871481181709,1.2948916148711234,1.3978349297465398,1.7196058894002735,173774446.70940608,13651310940.146759,177388243.4001405,242320461.67900085,175077317.2455427,239163630.75292286,2.820818595564568e-07,5.051377567835156e-07,2.8356533456803994e-07,5.077942879081112e-07,0.84707153,0.92860121,4271,7360,4546,7426,1.656514585705482e-09,1.2105198555037265e-09
687,708,2.946293871997863,3.2931473109849048,3.216498920389086,3.5143054848860635,177602508.03690436,66313964966.80359,626666473.3110677,644576897.2294025,525346443.74407554,540361093.3418616,8.864543182936973e-09,2.2782152752535395e-08,9.512455224057892e-09,2.4447306927590498e-08,0.83500427,0.9073723,644,1588,704,1665,1.0905498695132317e-09,8.157796531155915e-10
688,709,0.7913313552575152,0.8771665765212104,1.3347200017333152,1.3680259493711449,175059443.78810227,9394337354.527433,218199922.19191346,170788029.82722893,210045430.49485147,164405398.90237096,3.5067664753409506e-07,1.3097513071499596e-06,3.5606016390042e-07,1.329858342070703e-06,0.63487661,0.89910454,4742,13147,5189,13685,1.6403172939573293e-09,1.330349289978367e-09
689,710,0.7448195095316299,0.8765650084073067,1.2936375544756682,1.3532585592789153,174378507.9554614,10872450534.608944,325996372.7104774,185405125.5277098,318346575.4408653,181054427.96858823,2.0165235847990524e-07,1.028754471532052e-06,2.0357682648097691e-07,1.0385723832904215e-06,0.39841092,0.82443297,5156,13200,5503,13567,1.6981280036904396e-09,1.354682370184309e-09
690,711,1.5203655167103163,1.1860755125132882,1.883745583876809,1.5352417874637247,175701627.34833333,17382557083.05018,319915364.5648929,229669120.05864984,270856837.1763442,194449714.97622952,7.854034219057706e-08,3.847151957591357e-07,8.394810698802529e-08,4.11204121509185e-07,0.83500427,0.9073723,1547,7163,1635,7370,1.267112622789177e-09,1.1225487441161727e-09
691,712,0.8549408769501292,0.9187213174236122,1.3681701522251999,1.3851842030395376,176541637.15139586,10222254527.945456,171406998.3522209,179652350.4138731,157560776.6821469,165140070.9194923,3.489556504965001e-07,9.59226488450662e-07,3.609129038020156e-07,9.920951755845296e-07,0.88055134,0.90281349,3855,10911,4051,10861,1.5532126373114966e-09,1.2697468035970421e-09
692,713,1.0031808447847352,0.9670282136186973,1.4957610618071828,1.4291930142850875,175390458.1676137,10589346571.14613,210715506.8701247,186921643.35145816,199356236.4925241,176845054.6950602,2.865526684571977e-07,1.0204498122805734e-06,2.9297537945815037e-07,1.043321887667418e-06,0.83500427,0.9073723,3308,11342,3634,11909,1.52176902580113e-09,1.280636598234228e-09
693,714,0.5256394101107013,0.6465014570195808,1.1391551275084364,1.1814107754890608,172176355.34325236,6329280884.403524,178107142.85460237,129169848.95863758,177851489.06453085,128984439.42974406,7.813982722961559e-07,3.0093917137341627e-06,7.818473691236263e-07,3.0111213160626683e-06,0.50813615,0.86175114,9098,21642,9733,22103,1.9574544766598805e-09,1.549772032046343e-09
694,715,0.8192834734182379,1.0329146298594598,1.3575525593099398,1.4915406293102664,174266856.0629608,12065621731.223217,225127083.4332653,206859643.64799765,226852925.54184285,208445446.111782,2.4478104123114917e-07,7.459337745836625e-07,2.440344402589015e-07,7.436586192916699e-07,0.63419271,0.87016869,4458,10197,4657,10343,1.6636230024467806e-09,1.2876676119232268e-09
695,716,0.4518828276433444,0.6201843799066564,1.104719715506708,1.1826254205747373,174662855.96297988,4551542509.576849,96354095.80613858,124321756.45944762,95726592.91448154,123512115.09421554,2.3629924683269414e-06,4.846304828129731e-06,2.3691762412871156e-06,4.858987242125815e-06,0.81913638,0.8713131,11986,24170,13130,25316,2.0314411243256593e-09,1.5481591694562346e-09
696,717,0.8253260927802006,1.0858831550410044,1.3298397035957017,1.4877031395010822,170196107.1032917,10795024302.342701,97687988.73674083,228392450.54386127,88259211.19817556,206348168.17595217,6.869221755518185e-07,7.233602886660833e-07,7.153852595277656e-07,7.533332104524975e-07,1.4379177,0.80919087,4551,9246,5157,9650,1.6390902682044295e-09,1.246688110813978e-09
697,718,1.3679084456239439,1.1317943299040578,1.7934376638726892,1.5471375194342492,172297826.65173116,15213387847.180632,282259217.95532054,214912559.33118257,246742188.64215901,187869844.03980657,1.1965180450831288e-07,5.192520773907676e-07,1.2626446451302542e-07,5.479489905600736e-07,0.83500427,0.9073723,2105,8632,2180,8706,1.445856863280213e-09,1.2459188058638058e-09
698,719,0.8089330958599077,1.0299627350446223,1.3380243513759034,1.4708380444708753,171619254.07955825,15445618154.732817,179195647.04844177,286387543.7759388,176275668.0181468,281720881.1859856,2.335386879478633e-07,3.920898885943461e-07,2.3507847818578865e-07,3.9467505419646505e-07,0.7747314,0.61721063,4503,9911,4656,9812,1.689560000935542e-09,1.299058847815886e-09
699,720,0.8187437124541617,0.8441496166619197,1.365163595135618,1.3546241854540655,174077799.45615605,9161949789.694738,153813287.1149349,189481359.6758327,150821895.5215863,185796288.26839957,5.345084763025278e-07,1.2532743775233652e-06,5.387240701448121e-07,1.2631587778328374e-06,0.92661113,0.77552593,4749,14312,5285,14806,1.6622018334785625e-09,1.3808710708947478e-09
700,721,0.699172958210853,0.5796353519060713,1.230818789767441,1.0824045254743133,174726063.6680178,4421132960.7110195,106544747.60875225,98636240.51631682,94915702.75594302,87870385.87945715,1.516126734293466e-06,5.8304583447439296e-06,1.587863247820566e-06,6.106330238864858e-06,1.1465956,1.0267768,5414,24598,5846,25105,1.6735830926828774e-09,1.564315092172327e-09
701,722,0.43235223682010726,0.6014078445656879,1.0851210621921816,1.1581420589715146,173013865.47683546,4388285038.079333,92040886.47822125,118720895.4169566,92841285.47325136,119753307.08764702,2.696154110002484e-06,5.284469936540336e-06,2.686832368413514e-06,5.266199295778238e-06,0.81271416,0.8764413,13231,25430,14558,26459,2.103455818719262e-09,1.593444227369278e-09
702,723,0.9830041148700088,1.0186345556107872,1.4626942832914027,1.4543366501864436,177323300.73571366,11485807559.838993,208752865.76143926,199066735.50025898,181376685.31165624,172960809.46793246,2.5699020979343116e-07,7.952873053558323e-07,2.718547796850993e-07,8.412875158071192e-07,0.83500427,0.9073723,3246,9788,3535,10067,1.4861570262396148e-09,1.2245973328148712e-09
703,724,0.9765852999742461,0.9794986712186495,1.4532006764178083,1.4193422784297198,177508458.6497455,11251031924.667645,207606305.22096345,191618478.29991758,196538246.68404746,181402774.43523505,2.5092360023264227e-07,8.259959760868356e-07,2.564831831214297e-07,8.442971366416898e-07,0.83500427,0.9073723,3175,10089,3381,10242,1.478783469770951e-09,1.2317162772384103e-09
704,725,0.23479830670523383,0.39377721945281446,0.9681541313494602,1.0088742070631078,171751091.42864227,2149356222.0526466,51617919.32310145,77908126.13303463,50961233.74809311,76916975.32187442,1.2748845860688054e-05,2.0303355602695018e-05,1.2814306123490353e-05,2.040760527423738e-05,0.78125709,0.86809516,33571,49555,35074,50270,2.777120706103816e-09,1.938809168688538e-09
705,726,0.997715052093122,1.018407760965878,1.48173295568234,1.4619855102969848,176903893.5984698,11979274588.633064,196574585.70975372,206430586.50190204,191886212.55702272,201507144.25648868,2.4149690158242803e-07,7.085798381843907e-07,2.4384002960053174e-07,7.154548467705633e-07,0.89787638,0.87274033,3096,9656,3222,9726,1.4933481580566774e-09,1.2357731283988042e-09
706,727,0.5121073265559178,0.5715049208618749,1.1174830723884237,1.1124868723503183,176478820.39487967,6025469096.734962,117424404.55559298,167216743.0552596,111817379.99947499,159232130.41827556,1.2273898988159236e-06,2.6503956994673896e-06,1.2516478757216038e-06,2.7027777809319824e-06,0.76965344,0.60316038,8974,25782,9609,26477,1.882996366100341e-09,1.5688903246278922e-09
707,728,1.1540508406471943,1.537909771712307,1.6226254876942108,1.9570524693644764,177192441.81094086,19585318882.499157,212497794.68851796,284365540.7655554,180862995.1608704,242031704.37033224,1.2450639854319487e-07,2.447440385391543e-07,1.3279861767590914e-07,2.6104417429714145e-07,0.96231157,0.95829469,2335,4788,2534,5002,1.3503953824128092e-09,1.0043040421271414e-09
708,729,1.5599563720342668,1.6974253194490394,1.9866525895858724,2.118583278473849,176240566.86066678,20801117489.825546,328954586.73018444,233668996.80949306,286719419.62922037,203667745.80198428,6.484839780169488e-08,2.618836349856936e-07,6.85126530854891e-08,2.766813559127399e-07,0.83576155,1.280252,1517,4131,1614,4255,1.2615018620243747e-09,9.861802200204702e-10
709,730,1.3177719374402816,1.7298685123750976,1.78776265487467,2.163043066771066,176628676.12083837,21078554209.037132,280882823.4611894,247395406.17755583,247057191.1260944,217602534.0195694,7.78396111577972e-08,2.348386473052185e-07,8.193920213831108e-08,2.4720693108835394e-07,0.82865983,1.2350447,1887,3935,1980,4008,1.3086171366423135e-09,9.735871241377745e-10
710,731,0.7266341312483674,0.8201003050088319,1.2391440875650992,1.2961845521804383,178029160.38436025,8987970956.277077,172250760.47279614,162089501.90952453,153874099.481217,144796900.01499948,3.9739827243494827e-07,1.2647390379984636e-06,4.1574230948983465e-07,1.3231198146325718e-06,0.75101012,0.90074784,4538,12490,4756,12620,1.564869658752739e-09,1.2731105525509708e-09
711,732,1.0396273584379359,1.2047941685237107,1.4799579494133936,1.6019269019732219,177255825.39989424,15406883787.7441,203290386.89258024,234264573.65514755,184816548.50213706,212975982.78538802,1.6474210041222367e-07,4.108082098467455e-07,1.711413658105484e-07,4.267657019270452e-07,0.90648657,0.91160512,2673,6854,2800,6943,1.4029786054934078e-09,1.1038787748721203e-09
712,733,0.26407216114309656,0.46886041321284405,0.9439691357906965,1.053730156323367,176637355.91135973,2386392256.7830477,44461342.815350525,96459510.78561457,41373475.86636027,89760339.85621493,1.2069419930161334e-05,1.261395120598425e-05,1.2421974248826807e-05,1.2982411579294489e-05,1.0491138,0.85858059,26062,34366,27454,35060,2.4897561830329887e-09,1.6764127738617054e-09
713,734,1.2658813988981006,2.245468954146717,1.7044269828606051,2.578995202860368,176097107.469346,29814014079.870506,231648521.84537786,412629425.8579836,198385877.67492285,353379551.7071155,6.813707536421823e-08,9.019164252543613e-08,7.249549182297829e-08,9.59607885758681e-08,0.96231157,0.95829469,2024,2751,2111,2806,1.3382208498841246e-09,9.145628606506565e-10
714,735,1.2469023934226202,1.5065648393220263,1.7184326446139273,1.9505619478121639,175428731.48617175,14409685237.681505,216358857.99083096,173517875.6263353,194873996.9900819,156287208.60582873,1.5611118566403486e-07,5.296808075891089e-07,1.627804846633099e-07,5.523095491809619e-07,1.0110171,1.5231558,2096,4924,2225,5011,1.3461691997389826e-09,1.0320154438732433e-09
715,736,0.38780212797717184,0.6481739167171584,1.0518586478274996,1.1882934107899947,169099466.18350422,4007609703.115498,72475199.86591695,93049990.31002632,76860939.68368179,98680786.06223272,3.705208304852249e-06,6.596490554693649e-06,3.619146152063028e-06,6.4432715906620616e-06,0.90482169,1.1779245,15262,21890,16411,22443,2.2435489849751346e-09,1.5792573495845162e-09
716,737,0.5631397531840306,0.7030705217235922,1.1753615203508287,1.2429914521292524,169378700.58270735,5370669458.097443,98957419.07302669,108514017.90016101,98178103.18093057,107659441.26046115,1.663711172213027e-06,4.05646454222816e-06,1.6689811132094643e-06,4.06931372491607e-06,0.96388811,1.0974174,8497,19297,9270,19852,1.9489159203375186e-09,1.5294250703789328e-09
717,738,0.4656434980638606,0.795601932561822,1.1479445154801393,1.3493138149697679,172464391.87373757,4762527895.481067,75937401.13130698,103472230.23499694,75674775.82201548,103114377.2394545,2.5502967751694682e-06,4.150448651556582e-06,2.553833364141818e-06,4.156204229132616e-06,1.0575411,1.3260853,10822,14797,11485,14906,2.0379303817393055e-09,1.4148485913816655e-09
718,739,1.84457336342245,1.4660169904828053,2.269588479173065,1.9082212470341748,171388367.6653071,18837587188.808014,327982485.2242228,228954141.75905544,307865743.4590443,214911284.12692833,8.186934773240389e-08,3.620659627286152e-07,8.396862553279319e-08,3.7134998732249774e-07,0.96388811,1.0974174,1477,6007,1600,6215,1.382891376354022e-09,1.1553981143511222e-09
719,740,0.5598491800672227,0.7955768496677392,1.203800811726952,1.3444561240376622,173043175.07819945,5931459425.435823,100507599.04462233,125448297.14310795,101125483.97818014,126219508.60852955,1.4913026543749905e-06,2.8910666098234342e-06,1.4876511593099954e-06,2.883987754684692e-06,0.96388811,1.0974174,8335,15120,9177,15626,1.8765441649521477e-09,1.3976237117400052e-09
720,741,0.6165941764463163,0.8348639751857644,1.2766792666513302,1.4116817741959151,173406605.91732252,6815184217.939189,138399209.0877846,125108338.82270601,140485918.62001365,126994655.69477062,8.705927952442242e-07,2.378278067500453e-06,8.653970168874453e-07,2.3640842839347913e-06,0.77255863,1.1571645,7018,13699,7680,14007,1.8008537189311018e-09,1.3651148669718728e-09
721,742,0.3531068864039172,0.5719480454470727,1.0506488512468335,1.1522793931192286,170853074.3814172,3030266674.6052175,58974666.473920085,79872870.77668832,60234113.79447046,81578614.60024774,6.558931429092574e-06,1.07947331414855e-05,6.503726623356925e-06,1.0703876703590657e-05,1.0229714,1.2234327,18022,26257,19429,26737,2.3165010420639444e-09,1.6415582910790458e-09
722,743,2.1561956386003427,2.156548129802127,2.5415872674484996,2.5153692500165628,170685469.39637956,28719921294.553307,325076529.7503455,327340456.32834315,304358410.3864022,306478050.014154,5.2231407848060094e-08,1.4244115016345233e-07,5.3625561806630954e-08,1.4624317085455532e-07,1.1321373,1.1244911,1220,3515,1325,3638,1.3581567235646243e-09,1.05426925023803e-09
723,744,0.8112126333133214,1.1813151994648525,1.3609755625258866,1.6270875534126583,169763972.9126202,14157681542.89632,170322293.2323832,232389835.53174037,167122620.6914434,228024162.89175358,2.90235987528745e-07,5.138420349587655e-07,2.924460533344229e-07,5.177547982265179e-07,0.80855346,0.86296701,4733,8355,5082,8430,1.7229114113855394e-09,1.2656250295576392e-09
724,745,0.5659442314330185,0.8276824985795954,1.2201086643871695,1.3839484745006732,173444644.78624165,6163888146.473778,120112159.24793051,118043028.82198296,121571115.67221981,119476852.31096804,1.1542808011287893e-06,2.823379178442078e-06,1.1487197844885388e-06,2.8097768915655236e-06,0.81723613,1.2161421,8001,13950,8706,14310,1.858617071916269e-09,1.3697035918464822e-09
725,746,0.47213246147424076,0.7135285799396605,1.148557961247684,1.2780527587573631,170790835.7051557,6767824101.45806,74011566.41803776,220321954.65721402,74068983.02651976,220492875.7716124,2.017276811473083e-06,1.5483306387783397e-06,2.0166511669194977e-06,1.5478504346606936e-06,1.089504,0.55311847,11396,18468,12531,18945,2.0591828380830976e-09,1.49939668011494e-09
726,747,1.1138856138369373,1.3381592430319214,1.5966308484756127,1.755733918981364,168463551.83238,14741417207.984331,194679366.71815705,205419614.2675398,188044632.64359897,198418849.17702797,2.268253999200939e-07,5.52601506711841e-07,2.2999334967581303e-07,5.603193981332361e-07,0.96388811,1.0974174,3104,7196,3469,7423,1.5979559336983981e-09,1.234527094875637e-09
727,748,0.5117746911744296,0.6291942015084574,1.12626473917757,1.167078288506997,167698674.9890414,4824581861.811893,89039315.57250738,96148497.28440264,90748175.8485275,97993798.39158091,2.0412224524202645e-06,5.1381782626215345e-06,2.0257595750232283e-06,5.099255008360428e-06,0.96388811,1.0974174,9582,22444,10217,22589,2.024294829436344e-09,1.6100529580989516e-09
728,749,0.23445326171551123,0.47125769314012633,0.9954682881270842,1.091535037571226,171386669.13737088,2016453764.1349652,44146217.57689707,71918319.63940747,45460800.97620323,74059899.01569895,1.8183327296527037e-05,2.0935339937789152e-05,1.797115220647469e-05,2.069105254395088e-05,0.91020626,1.1230419,37359,36733,40283,37590,2.785161321453904e-09,1.7801934356596765e-09
729,750,1.2351149731632405,1.2784714823195387,1.741367998636286,1.7465252972447214,171947074.8188946,14142286564.7479,220330974.61948848,200315241.60653985,202735077.20287636,184317824.7731611,1.9315539189745547e-07,5.933942025130783e-07,1.9969422215030552e-07,6.134821944927082e-07,0.96388811,1.0974174,2564,7370,2834,7647,1.5008795987046438e-09,1.2018509919153506e-09
730,751,0.5445513567529523,0.856216656375972,1.194297258857464,1.3898942290455256,172192209.63763693,6538564202.149819,97280483.4997539,134346182.21829534,98156935.54608557,135556579.02231994,1.337209328453981e-06,2.2421434726877495e-06,1.3324204488858885e-06,2.234113798622059e-06,0.96388811,1.0974174,8511,13252,9071,13359,1.9281685207875045e-09,1.3811435566075664e-09
731,752,0.6081190729991803,0.8460816558953368,1.1997802768669237,1.3423063668274189,168443721.88656396,6903531195.090328,110228194.69986689,123419056.22448033,110676883.73567024,123921439.28072019,1.0638280797489618e-06,2.4168594008912407e-06,1.0621008544406088e-06,2.4129354015125674e-06,0.92928892,1.1547418,7380,14228,7903,14449,1.9062864935984143e-09,1.4368731511765395e-09
732,753,1.7174692631355524,1.536149665832637,2.1645472120465152,1.9795307239846502,172706548.12741464,19851096930.69686,307730933.57389337,241752232.28011167,284484716.64947253,223490094.0924439,8.055425753411325e-08,3.029478609164641e-07,8.312533048563895e-08,3.126171332152627e-07,0.96388811,1.0974174,1553,5379,1659,5480,1.3640873487345286e-09,1.114528101910755e-09
733,754,0.9501805826678498,1.3290232486566387,1.531201745868395,1.8193345813291741,173631069.15454537,13593759465.412327,108088180.86972962,297035504.15857196,103199189.34041266,283600140.06924677,4.4116172960532054e-07,3.9444552071580736e-07,4.494057238437769e-07,4.0181652862956093e-07,1.5263544,0.77687591,3563,6654,3929,6902,1.5503368264968508e-09,1.1479734560013947e-09
734,755,0.7781692336836272,0.9918436022948647,1.3364594338066405,1.474135733203016,168731189.60265437,8657296913.67854,129176238.8650641,142318119.6050779,128455597.14355326,141524162.63887823,6.630133368223684e-07,1.5589221829594662e-06,6.644986542229058e-07,1.5624145625479837e-06,1.0164518,1.1759216,5174,11222,5647,11477,1.7637324592598525e-09,1.3584833254163943e-09
735,756,0.573937205862308,0.7702083681088585,1.156319532157682,1.243943598961841,151872572.89882228,7023886658.778195,87156613.19101197,94891974.32379891,88360133.64578575,96202310.1424048,1.3792887331392702e-06,3.2931084243924197e-06,1.3717430904102439e-06,3.2750928928786834e-06,1.0000999,1.232702,8909,18236,9687,18764,2.27269232440852e-09,1.7311114106961011e-09
736,757,0.4681170656177436,0.6539032156860316,1.0956949719477151,1.1705944049911174,148935281.61846468,5262326382.848899,61812297.19647654,73531922.81393667,64748538.861507244,77024876.56697094,2.6125672433979776e-06,5.954615794152985e-06,2.5645161712562923e-06,5.845096824325927e-06,1.1279171,1.3244487,11791,23376,12189,23659,2.5169415985001076e-09,1.8935872403788185e-09
737,758,0.1445063675042729,0.22757236139969164,0.8876143428403699,0.8569948067791531,143594738.95650455,955151845.8346367,19574261.991534233,17819131.721309315,22177242.85949201,20188715.768679686,7.839376045697707e-05,0.0002063298624605489,7.457489238379272e-05,0.00019627872421048963,1.0600836,1.8338825,70736,112764,70634,107464,4.277263725648595e-09,3.0834151220659935e-09
738,759,0.14395487333573193,0.22907908435422236,0.8977482402343837,0.8673303757262267,146261357.5515958,1371395586.3978019,20655483.78412556,26564663.645702366,23182628.061832048,29814780.5842864,4.2510198916659895e-05,7.786028231800582e-05,4.0592165322460576e-05,7.4347275064557e-05,1.0193436,1.2612777,61188,95399,57192,84658,4.1761896079523065e-09,2.9933320704984842e-09
739,760,0.12658953401403478,0.20341655369562425,0.883160130629493,0.846509205523193,147144444.92278454,767046806.5493702,16049414.031890322,21179018.126115713,17488992.265107345,23078704.52181112,0.0001476398638490531,0.0002823543327454817,0.00014265315923022332,0.0002728174934492327,1.1605998,1.4132674,94879,153237,97576,153247,4.4014770557962165e-09,3.1407813472460635e-09
740,761,0.45077490636413775,0.39321141322197983,1.1002603946934424,1.0130194219934512,149527396.82757327,4432942958.964112,68699463.05337542,49825453.79676559,70509990.05009131,51138569.28869565,2.033555385442301e-06,6.857506049232722e-06,2.012505523310996e-06,6.786522215728948e-06,0.98113137,1.180037,10618,34924,9188,25761,2.5140852089665275e-09,2.2834136174964933e-09
741,762,0.974259542899424,1.2629357504586074,1.4931545221723475,1.6916990090111177,150760787.6009629,13485593833.747677,159184676.9709582,130644499.06968029,151713190.12214446,124512573.08758934,2.992750479344975e-07,9.464842520807913e-07,3.05085577196179e-07,9.648605733958908e-07,0.92270273,1.4573992,4032,8580,4374,8758,1.937160591769573e-09,1.4723665961539312e-09
742,763,1.3520214595812894,1.6218032614602325,1.829719192376079,2.0349081762893486,145677557.84524223,20860812587.86141,174622039.49755007,178383910.55461454,172595608.8379245,176313824.63320458,1.5263595125497582e-07,4.013189897296449e-07,1.5335027645120056e-07,4.031971335334495e-07,1.1279171,1.3244487,2680,6341,2823,6321,1.8956594972442435e-09,1.455340033600113e-09
743,764,1.0911594061072925,1.1711073887823549,1.5860364180438495,1.611677943528484,149924413.2986404,15126622665.53054,174418718.14691678,144016406.98399544,171439893.50301072,141556810.7502393,2.234653937750911e-07,7.605067377408875e-07,2.2501048614242765e-07,7.65765060454489e-07,0.93792361,1.2191499,3368,9340,3604,9436,1.8657915476830015e-09,1.4874396668890243e-09
744,767,0.6721272005689334,0.898556252156762,1.26207441517736,1.3982684144678166,152029948.1828228,10337751564.759407,117955524.2804633,129751791.02282898,121170453.4946742,133288232.62740903,6.469244166398814e-07,1.4345729892905534e-06,6.400032268393305e-07,1.4192250573123566e-06,0.86628807,1.0528368,7046,14078,7720,14086,2.154295104810658e-09,1.6431604934298091e-09
745,768,0.26616059082700155,0.4930417345274797,0.9731224869038594,1.051097045482375,148314523.83822685,2915128849.965067,38100476.98899956,51680148.635356575,40721733.24332384,55235666.139086224,1.0698078025049808e-05,1.7966990629531744e-05,1.0417114177028848e-05,1.7495123177003395e-05,1.0360889,1.4149582,28697,36384,30100,37016,3.10546894138135e-09,2.101629969787348e-09
746,769,0.8698272485944442,1.3733994738478925,1.4125554971132337,1.787589437130939,151327299.0866081,14041940280.190159,116700605.21445493,156920258.93065563,113718207.59341645,152910008.88895693,4.142353811962821e-07,7.269313162726089e-07,4.1854719106828226e-07,7.344980036393868e-07,1.1279171,1.3244487,4748,7640,5157,7707,1.992983518126962e-09,1.4459392264618286e-09
747,770,0.6848553049146339,1.039516257327687,1.2804409170372626,1.5136256162406032,148530007.84556866,13201118625.887836,223890732.37589136,126256422.50978002,215361181.61536244,121446439.74179333,2.4907190942910454e-07,1.097369802403826e-06,2.5297186747231766e-07,1.1145523750876482e-06,0.45433575,1.222903,6758,11631,7237,11846,2.185568292670077e-09,1.5991821288873091e-09
748,771,1.2870403721452093,1.3059391296368508,1.759220951320208,1.7365556100924129,144339896.18621665,17071917295.803654,164702949.98001996,142322702.56847334,159824080.22428045,138106785.79709393,2.0131092156501775e-07,6.606759471575244e-07,2.0374689667161258e-07,6.686704968237326e-07,1.1279171,1.3244487,2834,8384,3047,8516,1.906085852185269e-09,1.5175921537692654e-09
749,772,1.2232380542425887,1.0996688200409181,1.700417976419916,1.5629463290929224,149793954.34874153,12917773362.760311,216429424.21104264,118710633.064516,219780313.89230388,120548582.02567014,2.0900458977885971e-07,1.140139516974221e-06,2.0772407288325508e-07,1.1331541779614427e-06,0.84662086,1.3876073,3066,10656,3189,10614,1.915292350405003e-09,1.5783774305399889e-09
750,773,0.8391727026687967,1.0884422193545729,1.384700542756454,1.5467703658812144,151980667.98557392,10875814657.737614,113073937.70948516,124898892.31739104,111210692.59060459,122840794.26068519,5.771391715501808e-07,1.3027945619245618e-06,5.809877026653659e-07,1.3114819733071466e-06,1.1279171,1.3244487,5087,10656,5565,10698,2.022315392743838e-09,1.5467500323638808e-09
751,774,0.44781493562923735,0.6195734208094602,1.1084364554487827,1.1842432500717255,151334023.4785624,5406976629.693477,69050588.61848626,81011708.80524193,70069532.73791075,82207157.04027016,2.430671592733527e-06,5.211617426927455e-06,2.4164707959780792e-06,5.181169414095036e-06,0.98144907,1.1573949,12633,24457,13391,24347,2.466682926509903e-09,1.8741970895981077e-09
752,775,0.8698149260403736,1.1852801638226134,1.4122601517502715,1.6185731632069973,149862123.07553798,17363364670.918617,156932163.04571626,197896141.00799647,152144357.38690558,191858575.18728662,2.8071330318619245e-07,5.336390625273776e-07,2.842139816607821e-07,5.402938906320177e-07,0.8306284,0.89758497,4911,9566,5868,10323,1.958712096163527e-09,1.477223139393033e-09
753,776,0.5672492516361346,0.8657529841438751,1.2046248805982733,1.3831487294781906,148888804.58659464,8248257315.092247,68995101.94429378,117023551.32100265,70920236.78032759,120288799.2724637,1.3928033094311288e-06,2.0385312547456517e-06,1.3775552414335613e-06,2.016213916053928e-06,1.2241023,1.1014956,8897,15196,9385,15265,2.3253829732722404e-09,1.7031693622385212e-09
754,777,0.9561597779483102,1.3022244970943362,1.4813169058616897,1.7246879924918206,145670444.9295572,16923847612.83294,173363049.6213878,149791721.4434292,175286797.42199203,151453906.63978356,2.1946747474809374e-07,6.507136555666828e-07,2.1850083413653828e-07,6.478475987776919e-07,0.80342507,1.2663959,4262,8495,4623,8696,2.033054693689067e-09,1.5197860460765992e-09
755,779,0.9254232478668054,1.1751991734870815,1.475263518451578,1.6417674123063417,146636611.5629198,16601390218.88816,192886049.230011,149773532.4027602,194219559.43725273,150808985.89994687,1.9909050979595348e-07,6.664519114918428e-07,1.9854259774545382e-07,6.646177857278415e-07,0.703529,1.1505853,4362,9577,4698,9616,2.0129376866757966e-09,1.5409952772696962e-09
756,780,0.5482203603376188,0.7466365559102464,1.1728711659685804,1.267922059785554,148029060.28545076,7365893949.029604,76511718.81427705,99241338.59563133,80765016.39463548,104758179.04650311,1.515119962278342e-06,2.958135127084006e-06,1.482684984402137e-06,2.8948087570337324e-06,1.0606551,1.1136882,9694,19235,10522,19565,2.3845944749456403e-09,1.8094018641549191e-09
757,781,0.9792090305039396,1.7330716274626052,1.4797902599680104,2.086097013775339,152301284.20486376,19476045775.89435,151803863.0197536,217373411.7304395,153270178.2104883,219473081.19432327,2.2108884758576048e-07,3.793167970032027e-07,2.2024035598852041e-07,3.778610604589865e-07,0.98241764,1.2142655,4095,5823,4383,6084,1.959814019545552e-09,1.3910257109499053e-09
758,783,0.17167781963910572,0.2735472176585996,0.9315026818895297,0.9210796359329594,152238098.7714595,1335841783.1177018,25666460.173226632,38284463.797683135,26881673.063881744,40097092.94890881,4.891878373671306e-05,7.770750856267661e-05,4.80219203743379e-05,7.628284073392569e-05,1.0182902,1.08776,60870,94633,64174,95430,3.644130139968749e-09,2.6230664878624437e-09
759,784,0.09871198627386107,0.16193944401237173,0.8664798978216866,0.8185995043500695,141891741.74935216,881597000.860285,7943515.524550123,22035548.19642947,9438926.151331708,26183861.728146855,0.00018439801307781802,0.00011931618203652471,0.00017210452986712597,0.000111361587211195,1.7632515,1.0427637,101566,128090,92196,100875,5.20004754957505e-09,3.6668169606983924e-09
760,785,0.287631590953738,0.45073537505505135,1.026514028329556,1.0750159698893167,148085886.17805746,2967261747.313495,47790558.26976694,51897615.61295193,51986622.43051243,56454283.97561081,8.39015283006974e-06,1.9140845357313684e-05,8.112413374466769e-06,1.8507225436795887e-05,0.89126766,1.286139,26117,42901,27933,44160,2.981895452424017e-09,2.1630552481747676e-09
761,786,1.0053830594798039,0.9768128936697476,1.5108308319852661,1.4356663461877626,143914998.10450187,11790109255.610523,128280439.31538433,106140785.77821451,121670767.41555044,100671863.3693994,4.005551429010444e-07,1.4178996249288226e-06,4.0912120394903125e-07,1.4482220785592796e-06,1.1279171,1.3244487,3855,12393,4187,12622,1.977854772531157e-09,1.6226727993706398e-09
762,787,0.1349795032275616,0.23600024249106838,0.8873811110864543,0.8629373688681463,143864598.36017656,1072273615.4745815,19541308.72625359,21994826.05774498,22084630.071284037,24857475.196374055,7.110209753408533e-05,0.00015373863542398036,6.770610330994742e-05,0.00014639573646552987,0.99372935,1.5436394,77425,110114,76722,106793,4.396915484275904e-09,3.0101149948831583e-09
763,788,0.6613130195780896,0.9052739372199107,1.308736478278775,1.4655639783652576,145916749.35854694,8833028039.502308,85552959.63268928,99735558.0462593,89359074.53243355,104172634.15845884,9.547616195697232e-07,2.208956901431888e-06,9.382822548632501e-07,2.170829890821656e-06,1.1279171,1.3244487,7001,14305,7477,14732,2.213937033908957e-09,1.6766464764589604e-09
764,789,0.7129219312977655,0.8752549149283227,1.281394523672128,1.3584089196021998,148367502.84052405,8383045953.7207985,93778564.63643748,98047879.1491211,97710121.73590347,102158422.28710525,9.808506006519566e-07,2.4837819245710267e-06,9.648692661557128e-07,2.44331281569154e-06,1.1279171,1.3244487,6665,15310,7290,15721,2.220814919931563e-09,1.7285587712858446e-09
765,791,0.9968465155467504,1.190623848590059,1.7973512323528282,1.6145963346382912,173946205.9636657,10570427424.925135,171057162.5748114,260090463.28915927,166858124.4641481,253705873.7687198,3.9778480621182454e-07,8.336105969321679e-07,4.017591284747175e-07,8.4193931412356e-07,1.0136826,0.79627872,3423,9488,4148,11066,1.4611452807479894e-09,1.2153633003804866e-09
766,792,0.6464159630265007,0.687436479695575,1.6989520550573372,1.2579783776430504,173524775.81518087,3769513981.1008987,108474783.43570943,94337762.4302103,109249547.2390302,95011554.82049905,1.7007916065952885e-06,6.73710552578535e-06,1.6959567092427774e-06,6.7179537299134175e-06,1.0340577,1.2644699,5890,19726,6200,20084,1.7076037874777095e-09,1.4988020557527726e-09
767,793,0.9222769156415979,1.1128795710619925,1.6850401334190566,1.525230319020272,174807621.92501706,12210534484.647415,159146668.95251948,299094613.5084029,155116472.85078517,291520405.6827215,2.9178424888604526e-07,5.095071032617164e-07,2.947933598493373e-07,5.147615452549125e-07,1.0130343,0.65042907,3358,9315,3517,9565,1.5005669578805294e-09,1.2540302759906476e-09
768,794,0.142414158530387,0.24591067726057098,1.315745427772336,0.9193756772201827,172798560.66688555,724732561.4214463,27317667.9223147,54377749.473835215,27163493.883341003,54070855.148502536,0.00010824187358589214,0.0001269065085900918,0.00010848719927530189,0.00012719413689583933,0.90084416,0.78144115,82405,115681,87081,117697,3.4323939871558033e-09,2.3983516799862015e-09
769,795,0.5860207132336049,0.5905828094554679,1.4492945215338884,1.097249566886378,175090415.2247433,4343800795.256119,122218080.00472368,124762261.95241114,118110674.20064457,120569353.35121591,1.3832510201945676e-06,4.875643337277224e-06,1.402295442310304e-06,4.942770567581254e-06,0.83953708,0.82881945,6747,25051,7157,25553,1.7390608481561648e-09,1.5793884610760584e-09
770,796,1.0004920136921078,0.9970855234602501,1.8402468266493357,1.4696440370339328,173776955.0918853,8089663279.463614,256247153.14209726,150190970.25428015,254827378.39626724,149358815.26639432,2.688093366469742e-07,1.540759668309265e-06,2.6940740847139416e-07,1.5441876926380055e-06,0.67849517,1.1536678,3026,10725,3205,10804,1.4690166019041018e-09,1.2959296333841608e-09
771,797,0.7522427815124015,0.9649864648107198,1.5965268515156303,1.4191384565013134,174418297.53851685,7476293537.682683,219139549.4736665,147048662.6240734,214552287.8963249,143970483.9855071,3.9577258195738667e-07,1.713611409734854e-06,3.9913586148529083e-07,1.7281736973613496e-06,0.59872764,1.1445959,4634,11154,4942,11193,1.5972815780627696e-09,1.3052806818463443e-09
772,798,0.462574187170389,0.5421661234885483,1.3826384481767822,1.0693720169696277,175016300.37794012,4458028201.562717,135600103.8010885,134393316.341269,134820374.03213295,133620525.85982756,1.350887182018935e-06,4.533206941745205e-06,1.354006903375763e-06,4.543675871126818e-06,0.59703511,0.70604634,9667,28365,10087,28623,1.912260473139518e-09,1.6398553746476392e-09
773,799,1.0149087539529484,1.3209901076520345,1.8621748638892655,1.7436720717144536,173536230.0454948,13500616435.610561,209786372.98684332,276585742.7806821,213152500.19041178,281023699.2582061,2.1167805440216982e-07,4.604342256997746e-07,2.1033452859064147e-07,4.5751183835789447e-07,0.83953708,0.82881945,3108,7303,3404,7500,1.483064321165983e-09,1.2000365074270323e-09
774,800,2.078480070582395,1.2490702095498727,2.6825034947087194,1.6630979913846715,174452360.22065496,15978671163.108246,431899629.71580994,262907978.4955377,407187612.6432317,247865162.97524244,5.832062937445952e-08,4.020990425808461e-07,5.971143546328397e-08,4.1168813314331576e-07,0.83953708,0.82881945,1077,7638,1110,7752,1.2243823216388823e-09,1.198373632714403e-09
775,801,0.8770115303976254,1.1873542265692856,1.6943805705825081,1.608182370955853,174212560.8381071,11613028969.183079,181988893.92129973,249574283.55787894,170747004.50473222,234157482.9140438,2.8541153222260143e-07,6.147793793717047e-07,2.92784602765787e-07,6.306610492443437e-07,0.83953708,0.82881945,3681,8353,3948,8614,1.5180509028363914e-09,1.2167671130630691e-09
776,802,2.192771000930657,1.6788170666308064,2.8600594223109836,2.0727999400418304,173697073.246167,14382513852.270323,172107786.64622912,263002201.64456767,163295382.4015306,249535746.91116455,1.7233301337017302e-07,4.079637045281754e-07,1.7599451308574873e-07,4.16631567747665e-07,2.2130196,1.1087573,1060,5195,1120,5292,1.2458550975766677e-09,1.1298538893337233e-09
777,803,1.8961040135966272,0.8791894264698258,2.5775840870598845,1.3852219053764938,174098624.89040226,10311006163.959568,393203718.19234633,184679148.3556257,369092175.1222715,173354486.26902977,9.501883296166768e-08,9.599220206555596e-07,9.745470319834404e-08,9.845302525898372e-07,0.83953708,0.82881945,1183,12309,1167,11942,1.2439943863177442e-09,1.3467752156922479e-09
778,804,2.184961380714481,1.2656467582581152,2.7735631511722816,1.6495050653311123,174829114.599292,17321434716.1653,455006541.9671033,266972381.1883643,393692720.8227716,230996861.4521158,4.434831414300204e-08,3.284858106436142e-07,4.699170659621096e-08,3.48065290261298e-07,0.83953708,0.82881945,924,6962,915,6865,1.1625750128455408e-09,1.1584946969448066e-09
779,805,1.2493585757647407,1.193215317387294,2.1070326297995967,1.6565917801781889,173809689.11326918,13425067496.303066,258655193.22227713,250226250.55466107,247910875.594009,239832064.06492957,1.4408072308408558e-07,5.061792555174349e-07,1.4654672882243565e-07,5.148427388899558e-07,0.83953708,0.82881945,2191,8222,2304,8199,1.3863668888021428e-09,1.2332503504582084e-09
780,806,1.5075797273848008,1.3104340075720153,2.3369144401460207,1.758911915961622,173590887.98367387,16589747861.426659,443530239.0925911,274461950.69195175,429378745.95155436,265704833.2051283,6.149491233932882e-08,3.6440632605130604e-07,6.229773590105117e-08,3.6916369496957295e-07,0.59004343,0.82881945,1686,7259,1729,7294,1.33414096460284e-09,1.2027265295844181e-09
781,807,4.391759195200033,1.0175256585350032,4.8424711868381545,1.50187817836464,173914368.34455127,13056479343.930538,909775213.6863194,213511316.82357195,864157667.9066104,202805526.95024678,2.8163583103353034e-08,6.48824493594287e-07,2.874910652146086e-08,6.623136129952974e-07,0.83953708,0.82881945,442,10293,438,10221,1.1205694304284685e-09,1.2917583285950233e-09
782,808,1.3923875131991115,0.8929599982883303,2.0713823403678076,1.3431463882926247,174893023.72903487,9463995179.286093,290063260.08369285,188427617.3414124,288878424.36192656,187657937.74831605,1.722719610982501e-07,1.1409409652102683e-06,1.7255424368065294e-07,1.1428104961541058e-06,0.83953708,0.82881945,1834,12762,1942,13028,1.3224542128870608e-09,1.3369397083864555e-09
783,809,1.4489159285354154,1.1040561878762636,2.1055257713510844,1.5045195289544078,175024391.0574912,15121784080.2839,335906601.6327522,275772922.7614491,323777737.34905654,265815356.172899,8.866723217852132e-08,4.164375076688553e-07,8.998119861433462e-08,4.2260872666652205e-07,0.75495875,0.7007097,1695,8947,1776,8987,1.2960401553190253e-09,1.2330114878824661e-09
784,810,0.7544341387239466,0.5846976963215921,1.5182125243908564,1.0556724458631312,175403147.0162148,5726674977.018129,257361172.60870555,140388606.0008952,250469157.43420532,136629062.97007373,3.9919271772436804e-07,3.119112166613791e-06,4.035507128484933e-07,3.1531635784010383e-06,0.5141806,0.73052806,4267,24193,4446,24451,1.5492924984083714e-09,1.5524145214488123e-09
785,811,6.249953128629947,1.5673916505310943,6.611582701302105,1.968163517861415,173427766.45669836,26059476428.195087,1578950544.017636,357609245.29460675,1550148815.0958734,351086074.20358336,8.192596530796338e-09,1.6363816363885992e-07,8.253147769582869e-09,1.6484760846918198e-07,0.68647838,0.76012921,305,5606,311,5610,1.1049216013477891e-09,1.1438050052653297e-09
786,812,3.236860948734776,1.6281973032526738,3.747351885082857,2.003391016347501,174324895.3721105,23954181736.498417,672114978.1999624,342457364.5498725,609845031.8086789,310729457.23715013,2.183466780846324e-08,1.8178944445699737e-07,2.2700541785213894e-08,1.8899847326311737e-07,0.83953708,0.82881945,613,5188,623,5254,1.1364827890907041e-09,1.1097257789736865e-09
787,813,0.574256222212906,0.6537133070916274,1.4545630461476922,1.1695207677662973,174735834.33122393,5673285669.059757,127923347.25666532,160233492.72181016,125405789.72649696,157080064.94777298,1.0148439815395723e-06,2.674827700261917e-06,1.0229447349941887e-06,2.696178883426573e-06,0.78440052,0.7128793,6964,20974,7340,21287,1.7591251444623995e-09,1.5128116220739943e-09
788,814,0.8059109907295461,1.789175099699559,1.8760386049545634,2.266834858212682,174170615.02983946,12661287187.09961,170688641.90980622,273366828.2401812,179560816.89919072,287576082.6422491,2.900669177034367e-07,4.75916997518192e-07,2.842466927137418e-07,4.663676699909215e-07,0.82235122,1.1399398,4219,4921,4466,5286,1.596534637090497e-09,1.1122228335601443e-09
789,815,1.2312685837875261,0.8523764344898918,2.1061361687614832,1.3278080977756979,174643423.97706175,9109406929.214863,197948136.800081,179760685.00593144,194009676.73762754,176184090.19609916,1.9044449816334262e-07,1.1079784151908467e-06,1.9198161517395842e-07,1.1169211385869526e-06,1.0863096,0.82811177,1827,12475,1597,12188,1.3290428271333952e-09,1.3298789559641007e-09
790,816,0.7557780638070435,1.2926434612455622,1.8516567484099322,1.8355186000971724,173889560.2216328,9994270189.074993,163299257.90697157,225862236.14732236,163797490.29619044,226551350.61723685,4.093907598728516e-07,8.133421551486339e-07,4.088921974872632e-07,8.123516545196103e-07,0.80479187,0.99519604,4739,7745,5084,8168,1.636847328638319e-09,1.2106352093248527e-09
791,817,0.7879650123075256,1.5168495083426374,1.9385761737344176,2.044040585100442,174047557.66169447,10853489488.880917,123914933.88820975,265278338.79581967,122179535.46947992,261563180.3784746,4.4612841496373487e-07,5.423679253230616e-07,4.486523607778798e-07,5.454363406244203e-07,1.1067543,0.99519604,4233,5881,4375,5915,1.6036117932255229e-09,1.1521478661112627e-09
792,818,0.9703693965367806,1.3519945143512175,2.1084217742168505,1.8980794630220004,174207394.29800338,11087495582.771843,152739884.61323217,236664367.60572332,147922579.85495552,229200145.7551667,3.178270209798842e-07,6.269625351825536e-07,3.2192745144282675e-07,6.35051263039802e-07,1.1067543,0.99519604,3076,6903,3184,6985,1.4891488048342278e-09,1.1833641542911576e-09
793,819,1.1196957351491765,1.6459376798067078,2.2626500453984306,2.126896291444088,173350391.16037598,14209806558.399738,175377401.8937306,286701241.9182199,171603132.08091936,280531189.04377306,2.0289473608602627e-07,3.722406023517101e-07,2.046680955760943e-07,3.7549409437177495e-07,1.1067543,0.99519604,2563,5306,2605,5315,1.462220254113944e-09,1.1387446464004247e-09
794,820,0.986375477110328,1.3737908044539235,2.027184243394126,1.8538274653682154,173161036.42158017,11426455217.340864,154326755.1951278,239035355.81359205,139540885.7623423,216133652.49966937,3.167287222644211e-07,5.920771185146616e-07,3.2974889478566717e-07,6.164163895912749e-07,1.1067543,0.99519604,3093,6718,3270,6798,1.4953659837686817e-09,1.1774569154167741e-09
795,821,5.338272497729307,1.9219960133328222,5.717937307084016,2.238912924777289,172341867.4141217,14434721705.099539,962780591.9238807,174014859.2780565,842691529.0189208,152309725.6707388,2.316988271979253e-08,5.310435723808878e-07,2.4438093101555823e-08,5.601103993392653e-07,0.95557374,1.9035178,327,3959,350,4027,1.0536024531331787e-09,1.0436206369240914e-09
796,822,1.4882488200894626,1.392723394326707,2.369917872765427,1.8734757781191584,173728050.24603137,13777177608.664867,233611530.39576992,243123073.3478537,220511171.76643926,229489330.84153935,1.3640448390663653e-07,4.724899019626442e-07,1.3958993908274004e-07,4.835239630195646e-07,1.1067543,0.99519604,1648,6445,1698,6541,1.3150808479959695e-09,1.1548097849385629e-09
797,823,4.456312905403439,1.5132755259333033,5.01035110752819,1.967194318535001,174664288.03387612,18573476497.0065,703280503.0696205,265591081.26699325,659646355.9959742,249112819.39158118,2.538444172667343e-08,3.035931783448729e-07,2.6043214056248744e-08,3.114719722728588e-07,1.1067543,0.99519604,415,5674,426,5666,1.0888789305211913e-09,1.1271734061198044e-09
798,825,0.9637608392548276,1.4482353402120771,2.003444320311788,1.9432259515078807,173361122.01083434,11159842689.067839,150962738.92346323,252279644.83752176,158412643.5573857,264729467.2806098,3.452209700118812e-07,6.00960631831289e-07,3.3863289121938197e-07,5.894921048945899e-07,1.1067543,0.99519604,3398,6687,3481,6739,1.5752909316189722e-09,1.2026288342621064e-09
799,826,0.7614814584426814,1.388074371787875,1.9359184595218846,1.9335877960732082,174270246.0661966,8188111076.046026,80244440.34188677,243067750.07832047,78922282.22406314,239062812.19629475,9.116863537475097e-07,8.340183911840247e-07,9.177651895871059e-07,8.395793616497688e-07,1.6537415,0.99519604,4393,6725,4514,6862,1.6115239077232855e-09,1.17786805436924e-09
800,827,1.5277184705880558,1.568270409990759,2.38049551747151,2.01879117023632,173279464.98453647,15848072309.157444,278918222.8744815,273060830.9035056,250457065.3862907,245197368.87471485,1.051027828247305e-07,3.6478214407310144e-07,1.097265326623582e-07,3.808298769122991e-07,0.94910342,0.99519604,1721,5732,1755,5809,1.3692749253980218e-09,1.1502748208196772e-09
801,828,4.866638365939623,1.3366799248738739,5.325060917380115,1.729655019481623,174330155.39862713,16040765832.553593,766567450.9718872,234148458.85187376,707934034.2009451,216238848.73637828,2.690857665436579e-08,4.1754049769915325e-07,2.7778817805885322e-08,4.310440333261406e-07,1.1067543,0.99519604,358,6627,390,6730,1.0438276533325949e-09,1.142983365145866e-09
802,830,0.6432420380613738,0.9661489392089949,1.7048804837498528,1.4778005113520345,173160923.48861343,6893855260.0836525,111309385.07374263,168106820.9847115,97630338.0914274,147447816.34845307,8.207032860059418e-07,1.62722443968803e-06,8.64898150457439e-07,1.7148504608949868e-06,1.0006738,0.99519604,5519,11099,5654,11272,1.693494703932291e-09,1.297813649377944e-09
803,831,5.62427632243001,2.402061813599723,6.120461684413563,2.819799871956437,174001121.10122797,32808344733.98221,884234545.5408787,419979010.8899556,881249372.0311893,418561162.84923315,1.1233397627593943e-08,9.479257945551696e-08,1.124860314177583e-08,9.492089058266054e-08,1.1067543,0.99519604,334,3113,333,3125,1.1057182226504355e-09,1.0282207735545499e-09
804,832,1.0414168385521052,1.555762005716597,2.137074727697963,2.093187285946903,173890801.96329144,9098845900.468801,127989449.20362888,180421746.9343534,127501596.77285327,179734040.34326816,4.551593288536319e-07,9.574601567382454e-07,4.558551514108584e-07,9.589238691845705e-07,1.4149042,1.4994462,2824,5709,2927,5810,1.4752677477597754e-09,1.143929444567781e-09
805,833,1.1179818610022523,1.8034254187196113,2.134208859764804,2.2852131613505535,173697278.86185655,15110375964.892424,175459365.34694788,314762192.8458445,175251018.2093668,314388432.2217336,2.0127631658314284e-07,3.2193231027621436e-07,2.0137199739088802e-07,3.220853473747136e-07,1.1067543,0.99519604,2598,4707,2748,4888,1.4526275512353171e-09,1.1039874196531939e-09
806,834,1.0875277056003594,1.2556415741564886,2.0702817287507793,1.8282988909370945,174233432.7076954,11239409092.281404,209501793.25367436,219830800.0861612,217641843.24729738,228372176.63024056,2.2226151658591614e-07,7.080961878454543e-07,2.188983122773009e-07,6.973814577992599e-07,0.90444899,0.99519604,2677,7831,2762,7997,1.4629457162607364e-09,1.2160027119488584e-09
807,835,1.2173846545815996,1.5417020074398002,2.1257942683749524,2.0164728376803787,174360883.3394594,13888564175.253159,177826164.2468438,270110122.0855153,173750302.54385144,263919067.42906594,1.9621390652142963e-07,4.0542846065780316e-07,1.9804223593535103e-07,4.092062600656172e-07,1.1936616,0.99519604,2221,5637,2283,5658,1.3961003683043562e-09,1.1331401887780781e-09
808,836,0.9105227041540591,1.1570410553970638,1.9577674303578223,1.6671161122487161,173168704.00037792,8096532606.125518,138749982.0847339,164202064.57038954,124393346.51308782,147211869.93591863,4.765055462237201e-07,1.2967041333294965e-06,4.97785536282102e-07,1.3546129053985606e-06,1.1363896,1.220224,3338,8540,3395,8604,1.5252491445110774e-09,1.2353562181635038e-09
809,837,0.8207625125418262,0.7802952425568812,1.9598161656952218,1.3573501626084565,174626388.17749807,5080051939.455895,118661523.95891085,129625369.10257304,116931498.47599143,127735496.25838186,1.118925657088619e-06,3.570472032012868e-06,1.125518388882323e-06,3.5915093228595445e-06,1.2078624,1.0511842,4171,16409,4706,17255,1.528482701111685e-09,1.3993024271168005e-09
810,838,0.7527710981735078,1.0258825800466624,1.8384800642471355,1.5960586837489237,173672746.46890572,7431050135.1757555,120700138.63529278,177666275.5687527,118314179.8057253,174154229.73597613,6.911911966367751e-07,1.4446439049958174e-06,6.967333301868912e-07,1.456227399538002e-06,1.0831456,1.0028231,4603,10567,4742,10705,1.6421713106331703e-09,1.3008790295049103e-09
811,839,0.19284353677862587,0.4191368675617217,1.5787895569750563,1.1899285964975477,173301001.1556595,1296621541.589655,34426346.15408335,83756230.49944459,37587852.42769605,91447893.36116649,3.807537542487016e-05,3.594448970721299e-05,3.676051283231444e-05,3.4703213307515365e-05,0.9707675,0.86724102,47834,50677,50856,53741,2.9466956188057606e-09,1.857762081132052e-09
812,840,2.550212553146485,1.1986009319789477,3.3038665603832804,1.7049166452204514,174390295.2208786,12719687911.018864,401834734.24879044,210033362.25074703,362077156.53589904,189252635.72247759,7.317635250261758e-08,6.344530419939823e-07,7.629029555148767e-08,6.614515267829169e-07,1.1067543,0.99519604,815,8040,841,8109,1.1753038328212392e-09,1.2103257522485176e-09
813,841,0.7042858596577133,1.250566285937892,1.8530652663205223,1.8161393809224444,173608326.9896253,9211189609.54193,145824280.70993677,199235228.70643792,150199692.48607612,205213219.21432844,4.4512584881030363e-07,8.961445141623241e-07,4.39893084556742e-07,8.856097114941188e-07,0.83847415,1.0897105,4874,7654,4890,7575,1.6724925349103482e-09,1.2193118660912604e-09
814,842,7.127424668280115,1.5192758220055589,7.533139170438624,2.0229456868799227,173377443.97467026,18475843348.83741,1116539299.7419739,264679669.25575778,1073039885.5468087,254367976.18355137,1.7192096625997175e-08,3.2550447393235926e-07,1.746755433444386e-08,3.307198190080126e-07,1.1067543,0.99519604,272,5957,287,6043,1.1238050680984156e-09,1.1606185676489876e-09
815,843,2.6901726032759887,1.7560560166325496,3.438723381393244,2.232590514496722,174394727.42658073,20158795196.55511,423898888.74050105,307725209.9661094,407125854.63308185,295548991.5810832,4.556850050031652e-08,2.41211233311748e-07,4.6310361981267726e-08,2.451381855002554e-07,1.1067543,0.99519604,796,4796,830,4886,1.1955106274692476e-09,1.1035592300389033e-09
816,844,1.7417224735312633,1.1445815848709167,2.5326577908721264,1.6704641942491822,173827941.3061702,11153062178.034979,273556680.0152753,199920671.46395093,283461654.02031344,207159423.79056063,1.439874057604275e-07,8.026305454864042e-07,1.4195337090912098e-07,7.912922031249975e-07,1.1067543,0.99519604,1408,8871,1451,8995,1.3062877770147286e-09,1.247569875488392e-09
817,845,3.681326732371038,1.2983231351516475,4.2705538180192875,1.749776921377255,174776530.40099514,14827389829.255638,581348103.6904422,228011772.33497357,537889489.4818288,210966777.11434028,4.045626624157585e-08,4.819798255482143e-07,4.173333385016073e-08,4.97194299852975e-07,1.1067543,0.99519604,513,7084,542,7181,1.098474271528481e-09,1.169400107707871e-09
818,846,0.9442538682909872,1.3828168525080782,2.0096699683224513,1.9013266927705474,173486220.70016944,11400803028.22707,148013913.28799802,241057701.21646598,149454318.96387362,243403567.71869215,2.9851138240647595e-07,5.706261653124692e-07,2.9735724479505585e-07,5.684199475323017e-07,1.1067543,0.99519604,3135,6614,3075,6537,1.5257086481870894e-09,1.1839508391017965e-09
819,847,1.7174473941721433,1.8513748808522288,2.550312121090232,2.279801266156188,174529132.81678382,19527666547.922955,270832111.84569985,324678595.4593589,267297253.89968416,320440941.7142424,8.053690677482808e-08,2.2383119851792572e-07,8.09612507925816e-08,2.250105513622464e-07,1.1067543,0.99519604,1374,4343,1421,4392,1.2747813786289632e-09,1.0741234316529217e-09
820,848,1.067061379423005,1.2936044334047583,2.0534130106564827,1.800007331262022,173494307.7732104,11537800517.733334,201368110.64648438,225516377.36210707,201791793.81626302,225990869.04448432,2.3036102510915586e-07,6.557125237563287e-07,2.3016743619673028e-07,6.551614814336195e-07,0.91935647,0.99519604,2808,7539,2891,7602,1.4879727995263329e-09,1.2158955245378235e-09
821,849,1.7801559319571885,2.1753616890801144,2.690303050641335,2.6171332020731133,173844271.35916582,13509623084.272053,83831287.0136,379999671.0002752,73656760.92218564,333879460.9324763,3.669822646696841e-07,2.626182729502236e-07,3.8647595871258564e-07,2.765682666033904e-07,3.6915801,0.99519604,1327,3547,1343,3565,1.2878167717943296e-09,1.0495979076233626e-09
822,850,5.493862941700174,1.750585953678819,5.925798791130697,2.158038108321503,173098790.85577527,22892500485.54367,859252168.5577844,304487055.50607675,765340009.6363413,271208074.32619286,1.672761732785896e-08,2.0492973825740582e-07,1.752026103530663e-08,2.1464040202468974e-07,1.1067543,0.99519604,345,4694,346,4714,1.1110146937172557e-09,1.0960963619950727e-09
823,851,0.875145507846106,1.3093036504077757,1.997416687064664,1.8713210784925673,173586019.40788388,10000985342.182243,137259936.65413955,228373907.98952273,145608575.9507673,242264424.2540753,4.2406646270262245e-07,7.482141777769283e-07,4.14168116988812e-07,7.30749739414105e-07,1.1067543,0.99519604,3708,7430,3832,7519,1.5771759778975726e-09,1.2168931199579269e-09
824,852,0.9141405266219853,1.2904088121559205,2.038064742307128,1.8533131890013546,173559717.70755026,9395176017.311953,115804283.83925895,225044091.98123097,120268132.21777593,233718751.25790864,5.092213301362726e-07,8.091708484813561e-07,5.0157537958329e-07,7.970211604571961e-07,1.3700527,0.99519604,3442,7576,3492,7639,1.5582145329309677e-09,1.2224325436961166e-09
825,853,3.7958076512806325,1.4876415583065796,4.438003912431523,1.9858838740947864,174402081.51747653,17447044513.52161,598142474.2811534,260700177.54549137,560038279.2843249,244092478.16276553,3.330340603244775e-08,3.4327245305520964e-07,3.4191914940133566e-08,3.524306944676811e-07,1.1067543,0.99519604,515,5971,525,6018,1.1307762447207776e-09,1.1475471800228845e-09
826,854,0.9282415947274791,1.2843636340077795,1.95782680368223,1.835744666012498,174013962.5386151,10249243445.959457,145946573.7713347,224576059.7019551,146066565.5606888,224760697.70032257,3.769721425461088e-07,7.353342371715396e-07,3.7684824091463243e-07,7.350925505815157e-07,1.1067543,0.99519604,3379,7525,3491,7573,1.5356782479590878e-09,1.2120607681213777e-09
827,855,0.7160202286909169,0.6984317241001186,1.6084392348626266,1.1660092339242918,171959020.82834268,4672058304.14855,95968747.65700151,122724319.13552283,93440304.17667286,119490959.19104357,1.3513428220692125e-06,4.01207939801087e-06,1.365852408233529e-06,4.0551577425825155e-06,1.2829816,0.97862947,4664,18595,4921,19154,1.5989341420057802e-09,1.4551222410932382e-09
828,856,0.589469140413603,0.5933539859512406,1.2618779024152669,1.1274538081149097,174746023.46032512,4667799969.211735,113808291.28715408,128024673.23025158,108125154.97775498,121631626.988146,1.4143210166897662e-06,4.368021146735891e-06,1.443599952121701e-06,4.4584468758394125e-06,0.90509564,0.80989271,6814,24563,7294,25175,1.7442240909454331e-09,1.5846708214022684e-09
829,857,0.6461899382804518,0.6899904863459669,1.3495846614698581,1.2573465407567859,175054418.75319868,6759783978.918301,201719429.26264754,158889866.10455453,195189602.5987095,153746468.22705922,5.105170051620829e-07,2.274108963295585e-06,5.172811267076016e-07,2.304239887985549e-06,0.56077099,0.7601862,5898,19759,6154,20222,1.7326681313146304e-09,1.5212450496036773e-09
830,858,0.7956417956852682,0.6969889304910357,1.4131662475677325,1.2077814306863734,174066889.3266634,6632664254.449282,163593235.746919,151033333.5259085,156343301.63228926,144340014.50097224,5.831785730154024e-07,2.290802101170367e-06,5.938489381357624e-07,2.3327166981206394e-06,0.8465808,0.80328423,4313,18752,4569,18915,1.5952979634592524e-09,1.5027868166249652e-09
831,859,1.1202924087502018,0.9219185830574014,1.6727580446123325,1.389048825613367,175409851.3643974,10924906854.423271,232122350.168508,201315543.8445177,218583005.25698093,189573113.25916526,1.907825812497538e-07,8.411578893672061e-07,1.9542447185795576e-07,8.616239239553279e-07,0.8465808,0.80328423,2435,11550,2462,11440,1.4133601291307138e-09,1.332560895066666e-09
832,860,0.7681064186002641,0.9381486763772591,1.4167362558098413,1.431991133220956,174900042.5089838,8416742767.652763,143961198.67624116,181934220.36672914,140185685.6433721,177162830.39196074,5.306332929817602e-07,1.2684737149781527e-06,5.363042129618398e-07,1.2820299939180849e-06,0.93318093,0.90187675,4520,11749,4786,11838,1.6090452102316773e-09,1.3437864569277086e-09
833,861,0.8365303832599651,0.7588895896391746,1.4086168395582406,1.224890036894317,173266490.41613623,7143438513.584243,192141708.2278908,151651612.61771208,192437235.4612702,151884863.28425288,4.5756840482833016e-07,2.0233659162620504e-06,4.572871988032765e-07,2.0221224241840633e-06,0.75435305,0.86705399,3975,16243,4333,16670,1.5323918281492702e-09,1.4277305944324274e-09
834,862,0.3666126546650319,0.41236995112593167,1.1287690562558461,1.0090279094266248,174118485.59301892,2416552852.8174267,82703666.62863003,79871505.85298419,79279184.827738,76564294.34286356,5.057337198766964e-06,1.6521665750488934e-05,5.143611356954637e-06,1.680351225359121e-05,0.77184051,0.89895928,14964,44166,15834,44413,2.143384499159586e-09,1.877318241219188e-09
835,863,0.598167557221514,0.6444786027629698,1.3090502880615815,1.206278589056202,174753413.54385787,5559730663.401924,160431942.3831003,133693939.05380921,153191419.53873396,127660140.51286231,7.992604115252189e-07,3.2279726915365865e-06,8.141620644246221e-07,3.2881559909023564e-06,0.6515649,0.84240794,6558,21214,6820,21304,1.7659867126381865e-09,1.5546439717019738e-09
836,864,1.0890490696076673,0.8307898992471991,1.6290900015178846,1.2917886710281177,174008918.97626168,11999286619.614164,199757373.827465,245987731.66205654,192356067.69946104,236873522.4046967,2.1449170631135058e-07,6.812237002013408e-07,2.17755571608337e-07,6.91589706574307e-07,0.94867212,0.58769131,2597,13835,2713,13909,1.4169191853779852e-09,1.3838342838995395e-09
837,865,1.055115409558873,0.8899486738938225,1.6257359477836255,1.3741832195056916,174247512.9977289,8466521456.982715,119849449.009936,190133591.65745297,112596556.21234602,178627334.6916998,5.373987421300986e-07,1.2562572404677382e-06,5.509865774683072e-07,1.2880210225306585e-06,1.5340182,0.81559151,2822,12882,2966,13041,1.4626837984571865e-09,1.3732896990742983e-09
838,866,0.5661997663249373,0.6980498372902969,1.2752434165164175,1.2475641211301451,174606971.80604163,6487010985.914699,116584403.0964766,171752522.53034425,114096196.60358201,168086888.61722657,9.668143366764557e-07,2.0605774118440456e-06,9.751934963117207e-07,2.078435966914729e-06,0.84799016,0.70965111,7116,18692,7396,18836,1.7944460231941976e-09,1.499893950761319e-09
839,867,0.9090287967093331,0.8793556154444351,1.5633343105164763,1.4142724122636976,174887525.61876574,8988020809.144129,187788096.50856632,191449454.60219496,178689580.90694728,182173542.6460819,3.508573852868381e-07,1.2070685015929659e-06,3.578970793871288e-07,1.2312874388753145e-06,0.8465808,0.80328423,3557,13360,3725,13506,1.5520456012106333e-09,1.39786921667347e-09
840,868,0.6348287636857319,0.7262029763937973,1.3449461295453702,1.3028421954540532,175385672.32302454,7524101210.484013,125292621.21362595,203469711.0365161,125767950.38083644,204241624.71636996,7.226883226056725e-07,1.4546662941813251e-06,7.215945459798803e-07,1.4524646812022104e-06,0.88863868,0.62596834,5924,17461,6119,17485,1.7320158417007564e-09,1.4848820869380137e-09
841,869,0.5727575142489403,0.5664574098864765,1.224616987425343,1.0865415798712266,173073370.33864745,4465643037.038256,124492797.78364074,114348098.30926919,121444870.45864514,111548541.22963944,1.3464098651977615e-06,4.921539127233139e-06,1.3598258900235136e-06,4.970578793993283e-06,0.79626352,0.85737056,7080,25457,7551,25634,1.7591638094644123e-09,1.6130137521941602e-09
842,870,1.0494049848009208,1.1082557253614165,1.5811334272884154,1.513309519679145,173096684.2048578,13014962623.707588,214567260.74710006,238813839.66807202,202634560.52199298,225532717.70918807,1.9364412441793456e-07,5.436302586802545e-07,1.9812729001493275e-07,5.562161529361653e-07,0.8465808,0.80328423,2786,8796,2977,8808,1.4347413154547114e-09,1.251350140410368e-09
843,871,1.176811754532776,1.116429124442057,1.685975595504184,1.5215689990194918,173465289.7343823,12858872965.280624,198573066.78344983,237668215.16499394,181494319.9417985,217226997.50713003,2.0370221815492026e-07,5.54406290402638e-07,2.1116341661720096e-07,5.747130666316773e-07,1.0280145,0.81484056,2363,8692,2548,8749,1.3848602833878993e-09,1.2429939457620872e-09
844,872,0.5156972722069164,0.7092981625437748,1.1879131469234125,1.1871828526224169,172815676.9897402,6018467254.182099,95211760.85262929,175109684.61685085,94004251.50876054,172888881.44628417,1.4778028448189498e-06,2.1497520291099903e-06,1.4853668895292942e-06,2.1607554051837003e-06,0.93602484,0.70000607,8774,18174,9502,18483,1.8516481718293e-09,1.4793374546503993e-09
845,873,0.7682411816230553,0.7627508968539504,1.4321388203082066,1.3248915003304689,174723729.80795357,7355106182.335186,190550180.17487425,165675611.93458483,180344980.54589388,156802606.97655088,4.773415058986026e-07,1.9142540805046355e-06,4.879679751762712e-07,1.9568687744392025e-06,0.70443368,0.80440736,4647,16956,4984,17503,1.6253128361483634e-09,1.4596464733582799e-09
846,874,1.2119136094533296,0.9727738505214528,1.7612853596277702,1.4464869959894022,174601669.6515724,12532869344.845802,231043805.92561865,247813355.79545343,215914113.64083838,231585524.87731567,1.7582103640984787e-07,6.161051030836388e-07,1.8064924675169156e-07,6.330239262865516e-07,0.9158529,0.68538654,2298,11162,2406,11266,1.405653145150154e-09,1.330958975899653e-09
847,875,1.5238528289765887,1.4987854818416344,2.0394225711149803,1.9111469166867419,175021327.9759505,19697672196.70126,352585615.0180164,311716322.34228396,336243201.5197449,297268208.7015224,6.413143769402117e-08,2.4672206503486594e-07,6.536050620303046e-08,2.5145045303793675e-07,0.75643116,0.84153253,1660,5877,1670,5775,1.3418282124088345e-09,1.175807704706592e-09
848,876,0.773078400177442,0.6261309005577408,1.410112859263597,1.1640249537431036,173898343.81405196,5868275648.942015,158800026.44670662,135547447.03228143,153881329.84379598,131348979.42387304,6.493321733253931e-07,3.032707251721988e-06,6.57556049786664e-07,3.0711168836575733e-06,0.8465808,0.80328423,4374,22116,4501,22155,1.6074969332865086e-09,1.5701023184010921e-09
849,877,1.2965249900165374,1.204314320325755,1.8382857060029312,1.6439879983330654,174660530.83848128,16240165361.287865,341277746.4081642,289340402.05783725,316941760.2812547,268707987.3031625,9.564861024154113e-08,3.912429557857736e-07,9.852128463526094e-08,4.0299339960268663e-07,0.6635409,0.72698516,2154,8398,2341,8740,1.3879227192504764e-09,1.2495277141306276e-09
850,878,1.3546969798540505,0.8322835593028991,1.8582749769558564,1.302084265583352,174093492.99533018,8507853240.540569,363370627.9260252,185442181.39318112,338180245.65329975,172586548.38441378,2.596072648274389e-07,1.7937918781483744e-06,2.671760194625766e-07,1.8460892227594058e-06,0.64904511,0.78134948,2437,17018,3403,19532,1.3475704103775179e-09,1.391143450490783e-09
851,879,1.328400510822463,1.1723617754357571,1.8632129817352159,1.6176830089399499,175027131.93316296,16990131734.699947,269051209.2408198,312581580.1234447,260421437.88561282,302555579.59393144,1.0569349496169246e-07,3.1806234717316834e-07,1.0708078474432416e-07,3.222371040456998e-07,0.86417055,0.65645301,1996,8273,2078,8232,1.3670124797147256e-09,1.2476426895802669e-09
852,880,1.172573917663346,0.8749432845198912,1.6860450175315695,1.3250653290338779,174544284.01688844,9626389717.373146,236837813.2034477,177036946.63680604,220415498.30187947,164761219.00886896,2.037779719389228e-07,1.095038500090614e-06,2.0972045988093253e-07,1.1269715545857058e-06,0.86416131,0.86262417,2250,12341,2270,12220,1.3818776767092433e-09,1.3495857393279231e-09
853,881,1.7214003453174387,1.2191076773350011,2.174943288536624,1.6249355274418114,173661756.23355246,11532053933.002436,388224456.19562685,173488777.63186285,372607241.07413584,166509795.4523475,1.08438260991936e-07,8.641270071311151e-07,1.1023390290149465e-07,8.784361878113688e-07,0.77002209,1.2203232,1471,8043,1624,8166,1.2979600126661776e-09,1.2403307231997223e-09
854,882,0.9037122614407963,0.8150566427927319,1.4510354659276161,1.2599394658322667,173098258.75014204,7032939271.972833,148490208.01266184,142862377.92771122,142855583.95319483,137441308.06298646,5.485377627777848e-07,1.9591253134274503e-06,5.570918036531662e-07,1.989676424304828e-06,1.053477,0.98755801,3422,13885,3662,13952,1.484004799669909e-09,1.378523306536649e-09
855,883,1.7023179093441005,1.4090351734867956,2.18727009970993,1.8285794866655005,175148306.87218845,19131361952.975563,352190953.9878802,307226403.48556644,342821075.3976134,299052786.1118416,6.566839884625148e-08,2.6855411275520303e-07,6.638052774795051e-08,2.7146639855359563e-07,0.8465808,0.80328423,1434,6403,1484,6396,1.2992319710646736e-09,1.186821349344462e-09
856,884,1.0267894644400168,0.865669105215334,1.5739671249414715,1.3201043672927562,173266452.5482757,9999053762.440174,287428185.6610772,189017172.45113236,276998972.8030639,182158762.51204193,2.0322564630296517e-07,1.0881164281603788e-06,2.062523907613568e-07,1.1043223078263218e-06,0.61896563,0.79353327,3027,13486,3283,13711,1.4787867579018637e-09,1.3869277265421566e-09
857,885,0.23510634021490331,0.2970430736165125,1.053870408107365,0.9327607815443235,173629243.75961095,1708753254.4115667,56954075.8049892,80731446.05452597,56050695.67319567,79450919.88768348,1.3271065712146449e-05,3.0863313904061e-05,1.3356212504569889e-05,3.106133207679021e-05,0.71674126,0.63885099,30576,81279,31639,82551,2.6565898524371683e-09,2.2091234220837323e-09
858,886,0.3430755594226582,0.6277941797634948,1.1414995190742452,1.1906647421467802,175461365.97111428,3622168092.2333217,57757527.204562254,124968338.42143428,59156099.22541963,127994389.39813621,4.098222832764051e-06,5.0969521887419825e-06,4.059188258530066e-06,5.04840496066353e-06,1.0422279,0.88145226,14500,21413,14243,20945,2.238550974109844e-09,1.5765782101697168e-09
859,887,0.5417685188590096,0.6071093833065675,1.2032067984721146,1.1072469372497338,172925752.49822295,5676457550.3524685,96966186.02498192,170314950.58891445,95468646.81986713,167684618.03506547,1.6108327954063943e-06,2.5027118730691246e-06,1.6208927574455231e-06,2.5183417922697703e-06,0.96616906,0.61641592,8492,22930,9464,23047,1.8128382323749833e-09,1.5744953724251212e-09
860,888,1.6086517276466898,1.2873798649459691,2.1227645721567363,1.7434921862130692,174981924.46946713,13442924126.049185,367747834.77689475,218448082.40047947,348725100.279052,207148274.5427711,9.753684636360066e-08,5.995735523926374e-07,9.963122637767442e-08,6.124480189344116e-07,0.76542932,1.0312208,1630,7693,1713,7816,1.3564143261957686e-09,1.248389677864146e-09
861,889,1.352055929431394,0.8456934032062914,1.8497690574119414,1.3031448403287376,173775764.95961827,12197856399.571789,506396242.315547,213026068.35323146,484419083.65950006,203780921.3500363,7.953602974569025e-08,7.94285627919027e-07,8.096020523484834e-08,8.085081397327263e-07,0.46397373,0.6898734,1958,13796,2091,14044,1.3447970076193573e-09,1.3820849818063024e-09
862,890,1.4637472591053133,1.2749546475737157,1.9753678031841964,1.7167398243544147,175072764.6988008,14665246969.405321,229863986.66490299,258538530.58168218,214984246.65257695,241802606.98599342,1.4238431379002362e-07,4.426482525144432e-07,1.462473028640366e-07,4.5465761869796755e-07,1.1148431,0.8633523,1791,7488,1873,7519,1.3566083785792364e-09,1.2257785664352551e-09
863,891,1.3991233388670212,1.2788897612093895,1.9315630212310677,1.7237366213124237,175172458.1323873,15739715187.680702,289503228.16171736,278887913.8725163,279529239.2143711,269279644.60320395,1.1171411303402996e-07,3.9623961979956247e-07,1.1329180836081766e-07,4.018355591081033e-07,0.8465808,0.80328423,1969,7686,2077,7764,1.4026715259871186e-09,1.2460041822621587e-09
864,892,1.1088965252657876,0.7959154049838701,1.6422323986531473,1.2577844229279491,173516244.3582741,18565355834.237724,492994140.04071385,351509680.9802871,473261695.87220746,337440253.7979271,5.77069971438007e-08,3.164213433478314e-07,5.86576468331099e-08,3.216339842169245e-07,0.39029178,0.3928889,2584,14877,2745,14952,1.417320554727644e-09,1.4128843089546029e-09
865,893,2.2089523567712828,1.8795956743912536,2.6410331642419957,2.252258218669629,175182281.02231753,27582392323.02629,457096726.65481836,409907035.819116,451622203.10255706,404997690.39839506,3.2687830027249685e-08,1.2985981562519543e-07,3.2845752912959575e-08,1.3048720009226434e-07,0.8465808,0.80328423,1051,4425,1065,4459,1.2660656283487882e-09,1.120324645308881e-09
866,894,0.14876623761311195,0.3155231472364973,1.041870052957084,0.9788382666727434,175231647.97237176,918685241.4749236,24551801.60100857,55897179.1189477,26056163.00489694,59322164.3896549,7.396502958739953e-05,7.511251221001959e-05,7.222633812917435e-05,7.334684694747714e-05,1.0617776,0.98913115,62886,69666,63997,69763,3.379516571343197e-09,2.135048554292963e-09
867,895,0.4896441964752848,0.6731432025055563,1.230729477627864,1.2277513167316314,175497592.48440874,5256396146.782959,101504047.40501472,147065020.10747793,102976417.76849358,149198276.68833792,1.4778614860591018e-06,3.0023083386206634e-06,1.4693726883682714e-06,2.9850631581132496e-06,0.8465808,0.80328423,8885,19635,9176,19646,1.9145644060392417e-09,1.5263898945421038e-09
868,896,0.9261288285766007,1.3884536410245456,1.5491287906702866,1.81948111066115,175405223.93299565,14787844062.32827,191886981.80644017,303182874.41606265,192356810.69940534,303925207.6004815,1.9710633153248732e-07,3.617207258221397e-07,1.9691361842898e-07,3.613670673519418e-07,0.8465808,0.80328423,3373,6704,3443,6659,1.5410076396360923e-09,1.2142938275743237e-09
869,897,1.7563563074247615,3.195032513443053,2.230582329362718,3.4721024081718315,174711209.0294985,40974082974.60849,362464083.70797634,694907197.8074225,354082384.2979471,678838010.5094608,3.3099519089675465e-08,4.563972032269426e-08,3.3410728641777184e-08,4.606883582981665e-08,0.8465808,0.80328423,1455,2250,1602,2328,1.3120059946998705e-09,1.0117504040117272e-09
870,898,0.7969747867704422,0.6996592991230353,1.4092099600218146,1.194374911132568,173609122.91653457,6536615996.872842,190725796.2244647,133547594.77713288,183985403.3103897,128827922.45515633,4.807764253527305e-07,2.485839765709599e-06,4.87745859221793e-07,2.5218750098326607e-06,0.72545034,0.90954268,4165,18020,4332,17865,1.575630765902453e-09,1.4909883578397953e-09
871,899,2.6058075393403026,1.1900271031924696,3.591535904547292,1.5442858211802521,174481440.1915241,12044906339.312233,790815545.212658,208295671.77162,696936938.2651236,183568657.2136776,4.811422343638509e-08,7.621402356653089e-07,5.0608814773018415e-08,8.016551294618199e-07,0.57493186,0.99684089,785,8550,1008,9209,1.092441072890957e-09,1.1950423560684569e-09
872,900,2.8910763364918584,1.0816751121599635,3.5315147668357456,1.469378923935472,173928997.8364386,13852955587.653667,598898238.2591794,231579683.8898195,555059688.5586272,214628360.88818368,4.109280337023136e-08,5.530745543967847e-07,4.2361478476427596e-08,5.701498537554574e-07,0.83961177,0.81239712,656,9294,678,9431,1.1068174168517723e-09,1.2378512115638117e-09
873,901,1.3739702844222927,0.7775736292308637,2.2304496694364278,1.2130722602748052,173623751.0655034,12832829178.662071,220922778.7956983,312067363.42360806,201704474.9357992,284920296.70769167,1.61556632846581e-07,5.469713748641832e-07,1.675462757003386e-07,5.672501039323754e-07,1.0798066,0.43261573,1783,15781,1920,16225,1.2868728961020566e-09,1.3927062541423388e-09
874,903,1.0215404427323795,0.8555827858159798,2.7966505710941814,1.315984392707453,172505757.15433896,5157898973.862306,96533083.63655235,138345176.13503453,100629406.6568633,144215770.0123064,1.1332649978646216e-06,3.2829210180749926e-06,1.1145818901315235e-06,3.2287984896500265e-06,1.8255048,1.0668457,2845,14797,3202,15872,1.397235033972951e-09,1.3731394385505168e-09
875,904,0.17096623338419267,0.27445972554186704,1.5781850059655416,0.8460852358503089,174299027.0764141,977572467.218735,38757359.00092132,70957526.83903143,42287164.83223217,77419945.808442,4.829226929554757e-05,7.44321022568643e-05,4.663756384855229e-05,7.188173121751662e-05,0.76886684,0.67417884,58067,104195,61401,107928,3.0926342430939634e-09,2.28232793769958e-09
876,905,2.930600516118926,1.1659148700498077,3.874084597838624,1.532978626771135,173885624.88821128,14572044137.154886,606934443.0974972,249552627.34691682,559475132.7464907,230038830.22292686,4.021735111038601e-08,4.867566408637627e-07,4.1548740300028e-08,5.028706441916721e-07,0.83961177,0.81239712,637,8500,698,8731,1.0820169728831429e-09,1.2156358523027179e-09
877,906,2.6230738369744966,1.6656115782203103,3.577363041818329,1.9947020980478887,174808552.39128014,22724051431.507713,546128290.0511894,358400025.8824747,530660402.2294093,348249130.0276682,2.8930405209278354e-08,1.884768492779208e-07,2.926481031085565e-08,1.906554437176398e-07,0.83961177,0.81239712,743,5148,783,5272,1.1175805690166457e-09,1.1022462457339914e-09
878,907,4.8644526642462225,1.1784036118526808,5.340313964766581,1.4952986147473992,175663908.22665474,16878137823.597183,1017742719.8109128,254805167.11635783,883697336.5286918,221245156.68980488,1.656525869928059e-08,3.670148984883559e-07,1.7527985528992072e-08,3.8834478509579666e-07,0.83961177,0.81239712,326,7627,333,7625,9.852832996508995e-10,1.159698968013766e-09
879,908,0.554828403071054,0.49361318953895056,2.090222320350227,1.0490588059846377,174659165.4922981,2083699164.3854995,92561209.3166671,66014082.10556431,87826295.96988982,62637171.18635268,3.7999696606564045e-06,2.2346771593169067e-05,3.880627083919051e-06,2.282109985784068e-05,1.0469382,1.3059951,7108,34711,7563,35654,1.7324856699236645e-09,1.7011757583264286e-09
880,909,1.6780428211792033,1.1037613805030042,2.699448445173219,1.4423452204138187,171908558.1705168,11048790169.71091,557271729.5074952,188484388.38448027,515811874.0798547,174461542.65409645,6.221811859587398e-08,8.501797787192276e-07,6.417223200217253e-08,8.76881770692822e-07,0.51764679,1.0066936,1279,9043,1328,9331,1.2110345915875406e-09,1.2267870373978702e-09
881,910,1.1930200528019317,0.6831596622781151,2.483041613908113,1.1528605984700577,173614308.81738898,6241128438.231857,590551926.1767931,145995461.65099138,584781821.3089969,144568984.00083408,1.3099488025463833e-07,2.8251729261760405e-06,1.3151037402673876e-07,2.8362906053228855e-06,0.35073182,0.81239712,2171,20726,2331,21704,1.3320784130942514e-09,1.4835988200156733e-09
882,911,3.78297627104833,1.125853241809553,4.920202239457617,1.550700184519361,174182300.90480778,13880695111.94007,784800231.1347873,241388975.0612667,748196425.8568032,230130371.0384077,3.066728027358158e-08,5.512669510835833e-07,3.1258825747947525e-08,5.619004166916152e-07,0.83961177,0.81239712,469,9191,507,9419,1.0498241374800266e-09,1.238649275384322e-09
883,912,15.508668103120046,2.3707949701393036,15.881615152521665,2.652419843744779,174206372.32715663,30798954727.64185,3217807213.291482,508381407.4567839,2925858045.07331,462256354.2119775,3.4621530416517572e-09,1.7361621169048724e-07,3.59640811848747e-09,1.803486864135894e-07,0.83961177,0.81239712,98,4248,127,6582,9.461895539423373e-10,1.0285945781750865e-09
884,913,2.8635298146870873,1.074776267618964,3.7990503767530437,1.44785536579381,172317927.6444916,12354277446.53645,925053360.7124319,227971289.60474578,875300157.407818,215710048.90119907,3.4195835428517026e-08,7.526702776233111e-07,3.4960459313932957e-08,7.695000951990936e-07,0.5334152,0.81239712,675,10387,792,11446,1.0952755242908523e-09,1.249221972235413e-09
885,914,7.241064443525449,1.459227850947555,7.9021635629142954,1.823778354684026,174527295.7269465,19693339111.24025,1505175892.797505,313485959.521029,1424085541.260945,296597111.6588105,1.2065507508291505e-08,2.997810497088524e-07,1.2335764365236386e-08,3.064958840587772e-07,0.83961177,0.81239712,225,6580,283,7267,9.820810431551852e-10,1.1376210780771997e-09
886,915,1.64239641933169,1.2666029568856394,2.610553379709357,1.6175861761544714,174309826.0451589,12173116086.8919,340974060.1312661,217162886.2078697,324709803.12293005,206804347.51845413,1.0870085687795764e-07,6.782417329684764e-07,1.108468468902483e-07,6.916316916741672e-07,0.83961177,1.0166624,1430,7733,1576,8121,1.238469560355915e-09,1.1844943344169554e-09
887,916,2.5160296044005426,0.9536858738576384,3.8127040756243034,1.3988872721043446,173946724.62139595,8002054079.9402685,521258901.2847461,204198820.98453277,512549240.4900604,200786884.11196032,1.2108290857579813e-07,2.00762865228223e-06,1.2190176696063166e-07,2.0212058249392958e-06,0.83961177,0.81239712,861,15865,1154,19775,1.1174401536979774e-09,1.3181718377533886e-09
888,917,7.458221074577936,1.32174538036611,7.975502056107477,1.6462870026175498,172724152.64894995,18635148061.53897,1534298304.7688994,281016937.67870617,1500956515.8522465,274910167.3140613,1.0678100803539668e-08,3.0472823988558276e-07,1.077235592323136e-08,3.0741806247222976e-07,0.83961177,0.81239712,213,6897,237,6990,9.839231831703347e-10,1.165436573064611e-09
889,918,2.1262414257317657,0.9892771533154552,2.876435783998362,1.3876135504393576,174144910.1370101,10730444727.34629,209868333.70731005,212060797.26712608,201104687.99271983,203205599.0370088,1.7050514210630215e-07,8.27505359490907e-07,1.7343924283037446e-07,8.417453058318933e-07,1.7643163,0.81239712,979,10720,1037,10930,1.1667570737620923e-09,1.275215021251918e-09
890,919,2.114459814945997,1.3474702296156127,2.9174124825829844,1.6827753804963683,173358810.26776603,17357335538.726257,436583014.88322246,287538975.8612095,398690967.5457526,262582804.6102164,5.132285920165902e-08,3.254767737753011e-07,5.3220998532905706e-08,3.375143000417685e-07,0.83961177,0.81239712,1000,6843,1061,6954,1.180662245645419e-09,1.1678702203813296e-09
891,920,1.7745882890147986,0.9222013365384152,2.6738274091267544,1.3050676581446725,171723746.31832784,9138652651.794807,362952212.0232459,194934059.3060518,346323139.24589115,186002931.3183874,1.1475160953010321e-07,1.3396750117201948e-06,1.1692461834323482e-07,1.3650439422225291e-06,0.83961177,0.81239712,1215,13583,1249,15070,1.2172126476359494e-09,1.3333260657362786e-09
892,921,1.2216864739899844,0.7003381575524723,2.2891280405937136,1.1373659837957208,172065164.04442725,7416337290.120224,250365336.77695414,148331151.10727876,230727427.64392698,136696498.7047494,2.4272461788894965e-07,1.5995257877554945e-06,2.5078630488226367e-07,1.6526513271044466e-06,0.83961177,0.81239712,2061,16176,2144,14602,1.3388802179434478e-09,1.4873638096337268e-09
893,922,8.694065205682861,1.778994286166002,9.174171869182707,2.068142843807793,172022968.95702326,28289711665.055447,1781274348.961924,376697395.0669051,1763303726.002745,372897033.342504,5.728056670516172e-09,1.3224202430529323e-07,5.751336545032053e-09,1.3277948018407312e-07,0.83961177,0.81239712,179,4537,193,4605,9.764575625777111e-10,1.0777198902050972e-09
894,923,7.2878189698313385,1.3962776586426149,7.875658116181824,1.7455428479504072,172412961.36112508,19239930714.074013,1496542205.991711,296328433.573166,1439646367.6756155,285062560.4307055,1.077883856610245e-08,2.8522673117454185e-07,1.0947254762746006e-08,2.8968331533719534e-07,0.83961177,0.81239712,227,6687,247,6755,1.009118265726249e-09,1.1792250243382846e-09
895,924,0.48368926640128596,0.5378981098575687,1.7011252721724268,1.0387695757249447,174271285.64526042,4139078593.24214,95576462.02944861,149668325.28922424,94081193.006492,147326803.05905613,2.079210577525881e-06,4.706310736371275e-06,2.092366362541202e-06,4.7360889670768316e-06,0.88194466,0.62631953,9150,30202,9758,31102,1.8579676809065167e-09,1.6455472876221726e-09
896,925,6.750856793523011,2.4082743481055355,7.347650296960163,2.668798633106527,173157616.03713593,26879306732.414597,1392265223.4550595,513309358.95161986,1277431654.8819995,470971775.2230789,1.9616435677045983e-08,2.5285303574157553e-07,2.030363601236604e-08,2.61710949269242e-07,0.83961177,0.81239712,282,4712,628,8366,9.936482857576663e-10,1.0114310748944654e-09
897,926,1.21107316406508,0.49033458288016474,2.9221805569375863,1.0533818312412322,174247463.11934724,5086009381.370562,335243190.9240177,114316052.6988924,340356798.64429396,116059764.32513405,2.79957639235872e-07,3.4955400654115875e-06,2.7826753243718775e-07,3.4744374584395104e-06,0.62947267,0.74739772,2105,26832,2262,23787,1.313312511882712e-09,1.7155338916557142e-09
898,927,1.519043298541712,0.7146274910693712,2.363168615664823,1.0892842879330313,175991963.34190482,10615503785.228079,330072023.26115173,230354847.78976232,299248773.40454566,208843527.4453338,1.0269722873416855e-07,8.535677847271681e-07,1.0680442811863152e-07,8.877047631368147e-07,0.80994266,0.54597807,1361,16578,1346,16596,1.1940277557509843e-09,1.3961463173400563e-09
899,928,0.7164859250280892,0.4450260739367593,1.832741892187477,0.9525663310471439,174409827.6193165,2998051882.024462,228578467.97380233,89965408.12378527,223101542.51970688,87809763.98937048,9.710101431881247e-07,1.1426383262146124e-05,9.804757672247793e-07,1.1537770201630694e-05,0.54669273,0.86274183,5048,40002,5325,39707,1.6442089785754319e-09,1.8185624455865652e-09
900,929,1.9388812659949426,1.0952844999143607,2.7258699894551968,1.4669612663712421,174304870.1314465,12293003275.153954,402515137.7636632,235000122.2487827,402122989.91259784,234771174.85204142,8.721906325828846e-08,6.839254498429073e-07,8.725307550627133e-08,6.841921557800367e-07,0.83961177,0.81239712,1189,9934,1277,10349,1.2342361461157008e-09,1.2712272749587195e-09
901,930,2.0261214866902852,0.629028106042677,3.140927491679323,1.114726910023294,173299776.14184472,6615775824.545506,341435106.03005105,102269115.75336371,331366176.4321475,99253197.03740767,8.751508626575555e-08,1.6925395575611497e-06,8.856924115093847e-08,1.7129268864103767e-06,1.028384,1.0659174,862,14623,563,10505,1.1642742686919036e-09,1.5374712748900113e-09
902,931,2.6617537024375184,1.3901196303315448,3.732893284263135,1.7711948573826102,174595606.16269198,8475133109.070131,444897759.81622845,135212155.06974784,410807458.27580625,124851520.43728301,1.002039809488227e-07,1.4804726863312529e-06,1.0345077188104904e-07,1.528442689597331e-06,1.0445782,1.7950219,739,6757,813,6990,1.1134913461217046e-09,1.1615407990655303e-09
903,932,4.6439175395842,1.432442708726742,5.368756614634366,1.7907537039867025,174390776.41679907,19806018398.96038,964560543.6708919,307490991.77929056,925100974.795889,294911727.52452356,1.623604004764932e-08,2.71249983027482e-07,1.6509588761181408e-08,2.7582006807808593e-07,0.83961177,0.81239712,373,6431,383,6613,1.0410222199371375e-09,1.1523460942633633e-09
904,933,0.739139279269124,0.6569119968898587,1.894693179287852,1.0820361484900103,175298050.3198238,7288229324.658884,195874418.9976701,191601878.56968763,179862826.95547757,175939541.80374146,3.986263002688898e-07,1.6992457113689462e-06,4.1245870259616956e-07,1.758209834701263e-06,0.6614936,0.6010139,4236,20266,4392,20606,1.5346924266306139e-09,1.474354310320977e-09
905,934,0.4526986930864556,0.6501988668089236,0.9906962817530548,1.0457984419494388,163202239.2966635,5718696232.154877,67311360.30015704,111107803.49724379,64878794.7324932,107092478.06211773,2.0632812088628604e-06,3.2838288246714152e-06,2.093884203352582e-06,3.332535222517201e-06,1.0976073,0.95505363,10175,19552,10750,19663,2.010162012339693e-09,1.5503080077721921e-09
906,935,1.1954948454298369,0.9699978853495923,1.5784153566399035,1.3059655654778373,165409933.19756395,14636257251.347515,265164492.4345424,173386291.14381155,254416064.08495712,166358087.21632063,1.1836221982641807e-07,6.550091067521628e-07,1.2033762529201873e-07,6.659408768000208e-07,0.74575114,0.92537469,2186,10215,2323,10360,1.384697862177398e-09,1.2936515913880556e-09
907,936,0.7261689496871636,0.7948302305101642,1.191707677802162,1.161417530172368,164188275.2706764,12215032457.915733,160532956.7941236,177427429.86116466,154543690.58995694,170807853.85271654,3.039513819592024e-07,8.260828131742662e-07,3.086095011656735e-07,8.387427069815567e-07,0.74270374,0.73552215,4716,13799,4999,13719,1.6532919348677376e-09,1.4168710532517074e-09
908,937,0.633271705806084,0.812016563213187,1.1191726986393402,1.176272788944154,162751998.78006288,11341507504.761288,158487726.58760023,157544369.77494228,153991887.9487238,153075291.4417369,3.481049732817769e-07,1.004942289744567e-06,3.521351228665954e-07,1.016576905916805e-06,0.65031052,0.83885777,5804,13582,6071,13587,1.7600138360283375e-09,1.4199314490514186e-09
909,938,0.49765460342433937,0.6217217225637178,1.0240139008235272,1.0225103701181733,163986998.99064893,6830425705.250099,102244185.86705817,126831302.11755708,97413476.45593247,120838930.4284593,1.1787265661994638e-06,2.5486457783237956e-06,1.2017687403466762e-06,2.59846762975881e-06,0.79817629,0.80385739,9231,21355,10087,21656,1.918327050538033e-09,1.5738324640163795e-09
910,939,0.8336084430454616,0.8582946463378895,1.2776395198676587,1.211814287759288,165176069.7934491,9776750477.806671,88597420.70249309,160416950.88217884,82211164.29636015,148853817.64307767,6.304437343871713e-07,1.1145558095847596e-06,6.495946580252251e-07,1.1484125552949144e-06,1.5541329,0.88375783,3751,12288,3966,12330,1.5575284779656642e-09,1.3623482465966506e-09
911,940,0.6256353706541578,0.49077836214608117,1.1647993725352073,0.9431362916466159,172148390.33151126,4111864717.7856307,156341812.43183193,90184941.37001207,146505565.31871545,84510954.63927653,9.563002392349138e-07,7.373340692158593e-06,9.81482752788882e-07,7.567504872298151e-06,0.68888879,0.9368161,5567,31957,5708,32363,1.668129176828498e-09,1.6907341452769278e-09
912,941,1.1380297741745689,1.041963057654103,1.5787471377573696,1.390809059976314,172462420.20597392,13976884773.710764,230737565.53099254,221049892.52016178,211527073.42080566,202645965.93610567,1.5025900197733576e-07,5.83083143217923e-07,1.5557558334258887e-07,6.037142463986376e-07,0.85060865,0.81293625,2335,9667,2469,10025,1.3663837554063281e-09,1.2437649808014242e-09
913,942,0.9628197686168898,0.7783285825669333,1.424414148711816,1.160175780377517,172185424.0870877,7504275586.925237,190352922.48634297,128977617.08025514,177346489.15804216,120164835.2459347,3.799721224002015e-07,2.127634722106731e-06,3.908827599461994e-07,2.188728286383367e-06,0.87092716,1.0390705,3032,14980,3274,15366,1.4234317567421042e-09,1.3739749052364016e-09
914,943,1.7459861046620562,1.470752956411387,2.1271015763408765,1.7865549494358985,173256592.52946943,22866913024.441734,355631938.4919839,313453417.38725543,337737240.0448971,297681059.01826656,5.204032131831893e-08,2.2510744364567196e-07,5.3126192576670424e-08,2.2980452654031137e-07,0.85060865,0.81293625,1289,5910,1399,6332,1.2173179399798774e-09,1.1139465780674705e-09
915,944,0.7407149350276607,0.649056162318668,1.297605122331551,1.090523027569773,173647594.353049,6488650695.940002,151213330.0889055,138641918.33819538,144041941.33116668,132066736.81195487,5.975162492759727e-07,2.6082012494661316e-06,6.092424627320305e-07,2.659387011568261e-06,0.85060865,0.81293625,4366,20365,4558,20818,1.553662825308854e-09,1.4890056779506118e-09
916,945,0.9212371473243142,0.5175996712646377,1.4010966180474602,0.9643707772836003,172633879.4500054,7164999462.36128,184815194.77444384,161262012.59806025,175623120.04685438,153241392.47355187,3.9488937113019056e-07,2.267981059921065e-06,4.0303043080162346e-07,2.3147378745946353e-06,0.86051768,0.55409974,3137,28989,3288,29327,1.440604335767405e-09,1.6420222382385556e-09
917,946,1.0784174127841435,0.6888302796637878,1.4964640247667311,1.0735103254054013,171203133.7746394,8559174618.026859,217054506.30649504,145066605.7975662,205730663.9542551,137498408.28543273,2.537165065982283e-07,1.743992392801672e-06,2.592129141848098e-07,1.7817735097942488e-06,0.85060865,0.81293625,2442,18005,2553,18362,1.3752423956645047e-09,1.4491877407419915e-09
918,947,1.165574418209713,0.9611710641280355,1.6256569802284713,1.3377682594093236,173453742.11704934,16124638241.215874,357219461.4717728,252139699.60668227,340055864.9923923,240024950.75551066,7.732378180634359e-08,4.4127140161647866e-07,7.886186135445079e-08,4.5004891484896287e-07,0.56596369,0.66121566,2167,10624,2203,10761,1.3452153039571506e-09,1.2758766594028545e-09
919,948,2.1443871883340737,1.1771942680944074,2.500282827771759,1.5240857242687817,173474586.1214785,18303799108.38412,437329998.9136654,251204554.40663904,418156056.2806971,240190945.17036957,4.730818998681877e-08,3.513554009016737e-07,4.816423684998547e-08,3.5771321524380685e-07,0.85060865,0.81293625,957,7770,1018,7911,1.1516236027090373e-09,1.1834034222468012e-09
920,949,0.8571362264384276,0.7543629788849673,1.3432612041137306,1.14485589361181,172211008.12839973,9554018380.832916,302594165.9357643,156459773.40221247,279594424.7803603,144567494.2554692,1.7977535786363665e-07,1.3373179815513528e-06,1.855508632883439e-07,1.380280973525297e-06,0.48780945,0.83030677,3436,15328,3521,15388,1.487688039364913e-09,1.3999057728334221e-09
921,950,0.34351920734625435,0.5510524623863531,1.0137617378493067,1.0158473533951313,172851629.00872132,3064369484.380594,62219891.22294249,97012689.04731111,61102265.16462824,95270096.65225348,5.1743341464924604e-06,1.0183693143331195e-05,5.211986063770016e-06,1.0257796508316357e-05,0.9543227,0.98183358,15858,29931,16615,31784,2.175162549715952e-09,1.6162406429439965e-09
922,951,0.7656522798722262,0.6147094192448039,1.2744408574690886,1.036399169070135,172284392.87136215,5158876348.661036,133139508.17425159,103744057.84999889,120865433.68427698,94179937.39165562,8.361878920241276e-07,4.418021525543169e-06,8.691721618404689e-07,4.592294814409106e-06,0.9907648,1.020828,4171,21967,4354,22327,1.5447671133468904e-09,1.5246847542486722e-09
923,952,0.8883756456346731,0.8233889152741882,1.3908013233999512,1.2227745123386644,172892516.47411674,9419995411.414854,180568938.42790902,175115553.7702344,171587987.8975892,166405838.02846563,3.1848175901599453e-07,1.248832930374335e-06,3.250476484880488e-07,1.2745791427013265e-06,0.85060865,0.81293625,3402,14178,3527,14471,1.4972428812347655e-09,1.373844449470732e-09
924,953,1.4393596936570303,0.9567301103852979,1.8346039251310915,1.3186961004858286,172853222.24315652,13727344582.864494,295502563.79144436,205922628.07580543,282122056.0388441,196598345.78853306,1.0095523849163945e-07,6.429452719003785e-07,1.0284390162557963e-07,6.549734444877767e-07,0.84194857,0.80308747,1609,10758,1646,10990,1.2706213503123222e-09,1.276751723273014e-09
925,954,1.2360940672468164,0.9614258547909121,1.6895066635185392,1.3400069352796722,173589001.78313702,10332872332.246445,198232230.86244884,171284852.18812415,185803974.91646427,160546073.87037784,2.2218721448200345e-07,1.0572582219086537e-06,2.280167606134016e-07,1.0849976019255703e-06,1.0824291,0.9743591,2031,10872,2121,11212,1.3204812093476099e-09,1.274960739782774e-09
926,955,1.343886458795749,0.9677298447836751,1.794243045746231,1.3494739502515518,173647046.83949235,15243444659.012117,208150924.6455103,275961322.5948714,198431888.0829092,263076065.4732372,1.4407975220361603e-07,4.3978263017451425e-07,1.4686209013542208e-07,4.482753147812641e-07,1.1211188,0.60893834,1829,10701,1959,11009,1.2850511836381448e-09,1.2698736446736482e-09
927,956,0.8267381333069816,0.5809141271259114,1.3560709510890567,1.0308672229860716,173290806.7254926,8607004431.126873,319676257.76055324,180096176.91944864,302213423.31732935,170258130.94307968,2.0562135562282854e-07,1.6138283277474067e-06,2.1029399474031103e-07,1.6505017430660277e-06,0.44816002,0.55896288,3736,24370,3949,24850,1.492825196810124e-09,1.5610478764068953e-09
928,957,1.2894226172339067,1.0365252913477438,1.7287160678674725,1.409552548515367,173193081.11509097,14361393467.441519,262540330.31315273,220827904.84768406,253991094.18179435,213636971.93202826,1.1946456664804742e-07,5.527543339890271e-07,1.2105706138772513e-07,5.60122697629477e-07,0.85060865,0.81293625,1926,9583,2017,9765,1.31298278060228e-09,1.2472686520503935e-09
929,958,0.9290039809733885,0.8843057824031557,1.4161375293512228,1.2689329930321145,173078332.28582802,17462908463.57466,154281478.42067915,410561896.6532204,147337402.18471083,392082859.9008634,1.924684843885387e-07,2.6763541061322687e-07,1.960468821749226e-07,2.7261132115743307e-07,1.042189,0.37279195,3090,12273,3225,12537,1.4453740190337888e-09,1.3188667663777278e-09
930,959,1.2548710702370385,0.6489331735330618,1.6407771884802478,1.0376155068512314,169925818.96641314,7106620787.673717,159605311.37036255,119264531.48442136,148867816.16116986,111240974.34559307,3.746755003191329e-07,2.5961909480595032e-06,3.8525998628063234e-07,2.6695326707494096e-06,1.3360144,0.92458755,1935,19666,1993,19955,1.3221106776003222e-09,1.4941271392400046e-09
931,960,0.8738297795342176,0.6006029667071121,1.3819193724537637,1.0455808916218345,173115428.32232508,6468410257.65177,181668738.36831313,130958856.87205735,173869767.3308397,125336842.09384525,4.4450989881612916e-07,2.807462377405321e-06,4.523805118373796e-07,2.857172068917539e-06,0.83268821,0.79394126,3362,22689,3453,22873,1.4793916738522055e-09,1.5463269358411433e-09
932,978,0.7161188554797772,0.9638596910965844,1.4704891577708437,1.3954208750722417,173953075.2270176,9431120577.970535,172891157.81552103,205274567.09976512,165920537.16849887,196998313.10382074,4.047558119696353e-07,9.563889704865758e-07,4.114737633159245e-07,9.722626760192797e-07,0.72051734,0.8167907,4953,10865,5298,11043,1.6179444405747524e-09,1.2822025748379764e-09
933,979,1.166431742583535,1.2541617497218123,1.7720365677725352,1.620058151381932,173787997.19907933,16315667444.701523,443541990.87180567,246149853.0038464,427011167.1722926,236975840.37954068,6.630370234907606e-08,3.789753354882207e-07,6.731874069986116e-08,3.8477704015769693e-07,0.45702964,0.88546979,2273,7005,2367,6983,1.3681314453722425e-09,1.1610091329255467e-09
934,980,0.8825817864962997,0.8169015912150359,1.5740716413175597,1.2361643188345783,175251602.87306976,8787149617.189056,189158500.12897724,194727333.02387908,182580825.1133998,187956011.02456185,3.385367116887225e-07,1.1878275288498976e-06,3.433634389683071e-07,1.2047631205862912e-06,0.81769454,0.73519886,3441,14009,3638,14197,1.475378832306218e-09,1.3508162827229188e-09
935,981,0.7663116483611567,1.1726825416078626,1.5073188538871598,1.563959900623248,173968481.2580324,12530141007.531565,185025489.65126893,249769984.84597003,174730409.32163423,235872429.09423327,2.4944685131965193e-07,5.04475027336126e-07,2.552250241183899e-07,5.161606584241723e-07,0.72051734,0.8167907,4211,7796,4338,7739,1.5665518544390814e-09,1.1937390017888465e-09
936,982,0.5836018124412939,0.7836673645008705,1.4067335029651977,1.2523946467778235,174329103.12708035,8057023141.250047,126589015.77929635,219910506.60856482,122847168.14360718,213410166.87410384,6.870827290513546e-07,1.103600117896701e-06,6.953786962575212e-07,1.116925195066714e-06,0.80369359,0.62123466,6667,14661,6888,14313,1.7569597838685301e-09,1.4016104247595866e-09
937,983,6.557031853977698,1.8637682668722544,6.8364447154202495,2.1779653075894205,174471974.91708457,33670503482.55043,1587773442.284847,398113409.35810626,1464199863.7661402,367128951.915696,6.719306851982449e-09,9.836759020299391e-08,6.940643584500993e-09,1.0160785909990106e-07,0.72051734,0.8167907,264,4016,314,4055,1.0253737253813372e-09,1.033319825945522e-09
938,984,4.142850589755619,1.645921605487971,4.519957645371,1.9729489061463867,174693722.65823466,27214303507.448334,1004458812.804244,352026746.22312903,865016863.9087346,303157350.15535367,1.1940534147826453e-08,1.4850574377161185e-07,1.2676132748714014e-08,1.5765446492509974e-07,0.72051734,0.8167907,438,4843,451,4948,1.0706997202252639e-09,1.0685182412050727e-09
939,985,0.6995976217697693,1.0102137709901462,1.495216337814002,1.4806046248073443,174107533.29843852,9488911218.361176,130320403.52208279,242864514.08202702,126798736.46778058,236301551.3011693,5.691341234545465e-07,7.716929119761191e-07,5.754049867119069e-07,7.801956190327677e-07,0.9346596,0.72421378,5322,10148,5778,10111,1.6475577224201508e-09,1.280237711171399e-09
940,986,1.0035314828769015,0.9797258640174895,1.6636353013063347,1.3942564947494964,173835147.03858,11239351357.769514,242116370.00124162,208512155.71991715,232017136.9817447,199814632.0952144,1.9161482373012975e-07,7.429300019460459e-07,1.9490848250280338e-07,7.557001930552595e-07,0.72051734,0.8167907,2883,10283,2989,10223,1.45073819635047e-09,1.273960959932692e-09
941,987,0.32151290400865595,0.5637841989461839,1.2271162298735654,1.0812461289963569,173891211.09469974,4026364487.711643,95840761.4120751,127662463.27096978,93690797.83402555,124798654.15392229,2.694070030682938e-06,4.648801814164152e-06,2.718630644575629e-06,4.691182830663706e-06,0.58334541,0.76794004,17782,24589,18595,24374,2.248582320821999e-09,1.5870125327082716e-09
942,988,0.24796739786319721,0.39138747285019565,1.2205063992615606,0.965228112003468,174448519.1573731,1688953938.3478312,58575362.23326477,72839692.17595902,59927288.532217324,74520840.89968581,1.4383314413218196e-05,2.8106561979793713e-05,1.4252633448090666e-05,2.7851197149378777e-05,0.73849386,0.93735933,30716,49701,32895,50643,2.5501736753762535e-09,1.8849526403657437e-09
943,989,1.1588295169804648,1.9663202756022975,1.8154133538952846,2.2882490107142095,174068757.8785676,25980546788.552723,227082389.14239463,550069033.602768,215392708.76896915,521752741.83562744,8.335705036639996e-08,9.235206890476915e-08,8.513797596425714e-08,9.432517331291013e-08,0.8882944,0.62223995,2367,3856,2438,3856,1.4011961382535248e-09,1.0465017450779478e-09
944,990,0.6596032859489086,0.7517183819779231,1.4084204688405155,1.2156728279250448,173792182.34993568,6573495696.899157,162914265.2981104,142984321.0874775,163623543.2857576,143606830.3032325,6.409724183173276e-07,2.126630495642425e-06,6.398595706018367e-07,2.1229382682998166e-06,0.70364553,0.91368604,5576,15380,5988,15300,1.6495849581990357e-09,1.39897123192885e-09
945,991,1.1685237241225324,1.074779967161626,1.8279750779257542,1.487443517890068,174161257.50550202,13064119383.921003,282451996.53098226,229171353.96202597,269343113.304567,218535279.3198765,1.3076630448146325e-07,5.709479876294051e-07,1.332758189356894e-07,5.819049557355921e-07,0.72051734,0.8167907,2270,9023,2371,9132,1.365883432730536e-09,1.223402855423231e-09
946,992,0.9408451097901904,1.1759693175884811,1.6631133477864184,1.609861583940357,174158012.723498,16952367282.422237,192283321.1257114,410915728.2942134,185244224.20563993,395872948.60583013,1.7473077067126643e-07,2.405851872628402e-07,1.7735693216601016e-07,2.442011248138973e-07,0.85215771,0.49840993,3309,8171,3476,8183,1.5035357441775142e-09,1.2221898066785655e-09
947,993,0.44598738216944467,0.5908915615764716,1.3024719142782988,1.0778213184905525,174900284.65107238,4261541482.4503803,116438877.02382492,121734209.88541721,114439448.3072822,119643852.42705096,1.7499335485881501e-06,4.750048629286268e-06,1.762099623391889e-06,4.783072424385184e-06,0.66990787,0.84895694,10492,23706,11132,23844,1.927383324317134e-09,1.553552655030673e-09
948,994,0.7682859383701206,0.9076752467558007,1.53092795501358,1.360599113910459,174250115.47397497,8945881761.673136,191090994.30618402,186793071.41013724,183301806.287158,179179073.90519136,3.549134732098428e-07,1.1055095340037595e-06,3.608709115088141e-07,1.1240661832574154e-06,0.70057678,0.84672582,4363,11795,4532,11680,1.5891030887645697e-09,1.3227057384708925e-09
949,995,0.8107195370447418,0.9180541757352159,1.4855359281252618,1.3557820674627146,172510896.39675617,9655624898.790272,164926416.41441092,215164399.2471385,160558690.59373882,209466227.16098985,3.65701955903693e-07,9.333775736595912e-07,3.6964926334728304e-07,9.434522483631544e-07,0.84800214,0.73606205,3988,11983,4164,12244,1.591177851715152e-09,1.3320384596274706e-09
950,996,0.44243584610611697,0.5550582874456985,1.2042884656007378,1.0816723200498137,172947863.93406385,4781010193.273413,106582548.16521454,149611905.42875063,105812063.80983983,148530362.2071346,1.6274546165676902e-06,3.6181607494453527e-06,1.6321845109518951e-06,3.628676261236425e-06,0.71792555,0.6416344,10364,26643,10838,26960,1.9863146966581314e-09,1.6275029155799145e-09
951,997,1.5647959613852287,1.7923300690614588,2.083323220773284,2.1683152531299736,173411080.69827726,20315425659.59488,312396469.0547844,311073666.04835457,293114132.16278,291872977.75272804,7.037725918210031e-08,2.2097445954620089e-07,7.219383172005981e-08,2.266782357299737e-07,0.86861724,0.99915206,1561,4407,1646,4493,1.309818096058518e-09,1.078390235262798e-09
952,998,2.2790877073700617,2.4501287481137766,2.721128939778696,2.774081380486104,173214640.0036355,31320242405.635685,454482525.31669325,424758338.6527631,447731002.1148985,418448380.3621301,2.7844347360577197e-08,9.573538075556099e-08,2.8011544260213256e-08,9.631024281429504e-08,0.86861724,0.99915206,958,2910,1004,3001,1.2231075394144363e-09,1.0064148696723327e-09
953,999,0.08009579942837945,0.1612713300513634,1.0450696284988428,0.8140571295337972,165724680.09204003,315635060.4585097,14064570.898757894,24103083.96907311,14740969.841570312,25262259.078826357,0.0005309753565277655,0.0007262143053069698,0.0005210921572127438,0.0007126970664435622,0.94377929,1.1088473,174620,209123,177578,206718,4.936374094131267e-09,3.110789949559972e-09
954,1000,0.6954341247098398,0.6404304720808356,1.3511743044826396,1.1052424150747635,172923131.84579012,7522832896.882818,409009850.6822818,162066632.16661948,363985749.04271704,144226219.50448033,1.9803630362005186e-07,1.8675540000126156e-06,2.0749353350810814e-07,1.9567390998333236e-06,0.29401895,0.68333155,4908,20511,5067,20560,1.6591497805347994e-09,1.52546751020107e-09
955,1001,0.5135852936822973,0.6489434755459037,1.2592131037533763,1.1291461742295332,171671778.70450598,3977264221.625806,121987598.75738497,91045027.00791301,118627398.88613376,88537153.32938851,1.4030880078012146e-06,6.000826349988842e-06,1.4188522807414585e-06,6.068248111077428e-06,0.72276282,1.2236284,7717,19855,7721,19505,1.920097117500027e-09,1.547925595502936e-09
956,1002,0.3170764503401703,0.39806954902463054,1.0938375140560452,0.9420251319423995,173675042.8488785,2123532827.1852067,66275979.62905582,82735398.97186388,62959067.098175004,78594742.2341868,7.24178719036999e-06,1.9250470690785644e-05,7.392050190230005e-06,1.964990710042791e-05,0.83089328,0.83561265,17763,47860,18508,48921,2.274302824177316e-09,1.8773551266785355e-09
957,1003,1.2177479451724467,1.2499389462225436,1.8087659635231137,1.650997534936421,172728482.0769738,13536516313.542763,286005781.0410261,227243402.13313624,280608638.3450409,222955149.41471392,1.2457867114398265e-07,5.332080402591389e-07,1.2553164042241327e-07,5.372868354229747e-07,0.73543882,0.95008284,2203,7454,2293,7597,1.4056314661659566e-09,1.197911547615032e-09
958,1004,0.839495682314507,0.8453001001117685,1.515944925481436,1.301691773176606,172926732.54130805,7036653191.322507,134313067.98890427,158790771.37938178,132435814.9325849,156571400.8791719,6.389833129114241e-07,1.8277178077129065e-06,6.425910096356782e-07,1.838037093701304e-06,1.0808423,0.92055088,3869,13624,4160,13971,1.554526729311912e-09,1.3610156253834917e-09
959,1005,0.5257397555776662,0.6224131526877172,1.2484509702583777,1.1111860486570033,172711370.65240258,3945977122.9156466,94350327.99570699,108013883.40309724,95584475.14108962,109426756.34901524,2.0803806396714093e-06,5.670479819927817e-06,2.0695943272673544e-06,5.641079639185753e-06,0.96238387,0.99522233,8028,22160,8530,22483,1.8580218425357818e-09,1.552386090057768e-09
960,1006,1.2525820489201058,1.576550053613894,1.8411744612278858,1.9994653388333004,173302190.38812283,28703003253.214073,419218378.2505318,475360959.7104088,408405913.84371734,463100467.9860066,3.945402945955462e-08,1.0538876955606633e-07,3.9868572051399846e-08,1.0649608696525357e-07,0.51780939,0.57476234,2097,5213,2187,5263,1.378799835860201e-09,1.1112380839209224e-09
961,1007,1.0067781064354238,1.1940436493671958,1.6069119390214857,1.600797732792338,173071523.16132244,11076946004.974537,200600002.32812646,206830332.82950404,196912384.98005527,203028183.7038932,2.3736726569753139e-07,7.395583346042348e-07,2.3913546425666683e-07,7.450674597896349e-07,0.86861724,0.99915206,2912,8049,3027,8199,1.4875167061823804e-09,1.2237417957222893e-09
962,1008,0.9172860400171459,1.0145809773995418,1.549279440297467,1.4287292709491157,172506734.94909415,9217950176.463425,182172322.2736656,175170585.89926305,182398534.7614904,175388103.98068967,3.133182831009913e-07,1.0825109088459384e-06,3.131627930442819e-07,1.0819736925656146e-06,0.86861724,0.99915206,3252,9979,3325,9987,1.5276497299914093e-09,1.2824341388388203e-09
963,1009,1.5354530648383595,1.592487958862119,2.0725985882301594,1.9473034406805723,172775333.45752054,19257994511.26631,244243177.47441843,326712780.2790211,235707909.37865555,315295547.6716309,9.42456329519774e-08,2.2464165019722679e-07,9.55961824930789e-08,2.2786078797670077e-07,1.0861651,0.8421545,1609,5183,1671,5137,1.3321133131483798e-09,1.120671678813032e-09
964,1010,0.954279727344916,1.1790419823642997,1.620689160420341,1.569642615637561,173166279.13145414,12786436179.020248,321580818.92996234,215422918.3971274,335172716.81406164,224527958.67437762,1.3764484363420628e-07,5.874964439759633e-07,1.3538437289484546e-07,5.778482909030052e-07,0.51386482,0.94776505,3189,7943,3425,7926,1.487326171316521e-09,1.2089199527486444e-09
965,1011,0.9418196437894342,0.7779596612529828,1.50469629432814,1.208972980201667,174107738.2266797,6493668526.453639,165457850.3548128,135187682.04448184,158827924.05167052,129770686.9177742,4.7571311731352733e-07,2.2687331076391955e-06,4.835588477645971e-07,2.3061503403791196e-06,0.99105656,1.0019315,3036,14706,3117,14704,1.4687503801061332e-09,1.3912552006126676e-09
966,1012,0.8424846852405488,0.9225504592169033,1.5349012220770888,1.3693805690417893,173045618.0870561,8082286971.796207,171915796.57133636,168948376.01024193,164626379.77412623,161784781.07299945,4.346978620791526e-07,1.4237653436552776e-06,4.4229705396809935e-07,1.4486549669893316e-06,0.84802145,0.94492364,3862,11909,4143,12178,1.555952996211739e-09,1.3221367020795196e-09
967,1013,0.642443323672545,0.88479634122001,1.3015652559093076,1.3155437689236305,173714937.99213398,6679427191.821055,128482370.59540358,153832782.52031133,123442851.27108888,147798933.0775307,7.892350463846824e-07,1.8949616385636761e-06,8.019686670599341e-07,1.9255351955922907e-06,0.86861724,0.99915206,5718,12435,6069,12668,1.6893255969333596e-09,1.332189334060136e-09
968,1014,0.9470287815937473,1.1519962808950317,1.6065721278121814,1.5566010802704604,173010319.42833346,10822148168.169388,188628252.42952773,199476388.54680595,181710284.37287495,192160563.55108413,2.4640717215860073e-07,7.427525661071864e-07,2.5011759144998023e-07,7.5393699481461e-07,0.86861724,0.99915206,3069,8196,3070,8045,1.5036346269209276e-09,1.2299131878191963e-09
969,1015,0.34827760275246544,0.6193891692990579,1.1608167840859889,1.1032123184555591,170829127.51492918,3408027707.9754353,61660033.81893383,90673517.61638872,60396442.99907738,88815357.35652557,3.18234239804431e-06,6.196529690319119e-06,3.2088089740820278e-06,6.248064347406801e-06,0.96490312,1.1669307,12421,19823,11240,18097,2.2908687176824497e-09,1.6043573663170423e-09
970,1016,0.7839533056425729,0.9027601598255164,1.4565776076850694,1.387392335344444,173161519.28009114,9936286305.833,166765886.8926404,226553482.02337223,165406880.0970466,224707254.79205957,3.5931793597011175e-07,8.559553236471469e-07,3.604959211698812e-07,8.587614810970886e-07,0.81401867,0.69000626,4190,12138,4386,12326,1.593905357207721e-09,1.3340972586775007e-09
971,1017,1.6721778696004694,2.0153638543588634,2.199819783528846,2.3952869375404258,173246989.5665786,23807759082.97799,333518342.2425926,349452035.0075339,327688282.4579355,343343446.66943854,5.275677247330793e-08,1.5452432428007536e-07,5.313023577772831e-08,1.556181964419511e-07,0.86861724,0.99915206,1411,3700,1446,3682,1.293549697041493e-09,1.0480640136570336e-09
972,1018,0.4269944924453058,0.5186397121910573,1.1899997829447986,1.0238904044870465,172278525.3340483,3177080547.5247264,84688604.02107345,89426312.94374812,87726817.90353642,92634492.7051664,2.905159832800294e-06,8.59148350784064e-06,2.8644884136296924e-06,8.471205159262524e-06,0.86861724,0.99915206,10454,27963,10626,27319,2.0335475248701644e-09,1.6871683435254797e-09
973,1019,0.9098809909786207,1.0129896916360643,1.5465169668985563,1.4901888261674092,173482744.67558327,9451411822.14005,245950567.5540685,170376064.73566148,239683476.9745227,166034695.48856586,2.3528790318296298e-07,1.0907842013454522e-06,2.3772972752965972e-07,1.1021043898626081e-06,0.64179015,1.0314608,3312,9931,3465,9995,1.503798361296149e-09,1.2703537068068064e-09
974,1020,0.7105907290799438,0.820087554817489,1.3726855552003947,1.253053970068319,172504414.94875175,6375382467.693815,141120890.01128122,141588782.64289755,142495928.33750233,142968379.970277,6.949883499056601e-07,2.2268392041545237e-06,6.922979813431422e-07,2.218218889598959e-06,0.86861724,0.99915206,4900,14146,5101,14209,1.678232801689537e-09,1.4043756574298977e-09
975,1021,1.6381054195783982,2.848380993406157,2.054170366944413,3.1751674438838093,174318348.5556972,26773014326.982937,206670243.11447546,305417438.6261877,177978777.76697397,263017169.84626403,7.782355593408441e-08,1.248455857520421e-07,8.261805431150607e-08,1.3253698395573516e-07,1.3816785,1.625726,1446,2023,1508,2056,1.2773021453390043e-09,8.80696712472064e-10
976,1022,0.6342843024894738,0.904154876020042,1.2464192318072291,1.450419295023494,172577298.22145003,6533865990.743155,102756310.68813099,112078813.20097126,97427909.94403824,106266996.6063719,1.1114302093872659e-06,2.4348094311451526e-06,1.1353564822455403e-06,2.487224701411736e-06,1.0652686,1.3922043,6305,11341,6817,11427,1.7408037305204344e-09,1.2926167785648559e-09
977,1023,1.361360740758117,2.3313727559028687,1.8545452207411013,2.739045731325297,174512230.84546673,20040567072.64286,171946006.1476936,250259306.03616685,153934216.4188706,224043995.20113197,1.4209375304490654e-07,2.2373380412576834e-07,1.4852438274771248e-07,2.3385915598327217e-07,1.3816785,1.625726,1926,2704,2061,2758,1.3491779648384947e-09,9.32874592110156e-10
978,1024,0.5318589387279327,1.263524691780444,1.1972162326953766,1.7935570513867407,174483073.39792565,6761154144.306,70949617.14384067,134464512.5273074,64200215.72276524,121672971.02968268,1.582651392264384e-06,1.5970931355401575e-06,1.6472165295439392e-06,1.6622474317094809e-06,1.3079758,1.6395677,7820,6525,8181,6586,1.8354346447112516e-09,1.1151089145279083e-09
979,1025,1.4017370862076532,1.765756082004104,1.8231416551603656,2.142635990725613,174534846.1129327,16356743393.94169,248100589.6380716,182428217.14442876,211886610.01644367,155800099.30030864,1.1810234210897388e-07,4.332673562100918e-07,1.2579640317409098e-07,4.6149359996338136e-07,0.9860999,1.6893547,1818,4035,1959,4195,1.319438497432884e-09,9.957728980896802e-10
980,1026,0.8335194507798209,0.8947423582326185,1.3505999675966351,1.398247820137867,175303677.73176286,6046791770.714959,103020043.83715542,95370673.43010218,91482609.82783028,84689908.69596942,8.744519009251088e-07,2.92305112568977e-06,9.169997135981132e-07,3.065276709049917e-06,1.4183553,1.6446526,3659,10812,3728,10747,1.5256216414066424e-09,1.2549300679598879e-09
981,1027,1.2376534350019062,2.2481856223665204,1.7321532286564933,2.6463638088153534,173786839.3320914,17219094807.39309,163714386.14300528,202611740.60564432,147642711.970703,182721552.8511452,1.6938375231825376e-07,3.168159760034396e-07,1.7653128458603958e-07,3.3018474591461725e-07,1.3137995,1.9283437,2168,2841,2220,2829,1.3965896684875036e-09,9.5068951128462e-10
982,1028,1.414639053881341,1.9997462203536802,1.8720884633945873,2.4127632531217267,174915030.52269304,18778586164.447544,147996824.5776989,254905080.5296238,131893036.18906629,227168421.396905,1.6685033067781956e-07,2.428967182756056e-07,1.7471865760366288e-07,2.54351240306475e-07,1.6719388,1.3722193,1774,3273,1874,3324,1.3174078465667346e-09,9.552748397625936e-10
983,1029,1.0351638927299316,1.875785273422163,1.5773417718812157,2.329807685953956,174492375.65534073,14733700276.95155,119407407.89089379,218089268.93653393,111267160.77923362,203221677.61282942,2.994876361984047e-07,3.562124399062295e-07,3.080665917421196e-07,3.66416302492561e-07,1.5127052,1.5008085,2804,3570,2917,3497,1.4585061861867482e-09,9.881844452223927e-10
984,1030,0.712144214779833,1.177267489352651,1.330303444110645,1.7199459923277425,173846479.7431087,6021883734.735014,65077467.59045876,105096094.5557457,60827412.65641957,98232518.0867624,1.6389692599128708e-06,2.4105242033934344e-06,1.6838497176893234e-06,2.4765324150027646e-06,1.902406,1.9473969,4964,7384,5188,7454,1.6539716886673542e-09,1.155800256044764e-09
985,1031,0.1065783439618224,0.20571632458167022,0.8864049155469218,0.7856337400279833,168236199.1186776,490862946.29014087,21053185.193972368,39104830.11329348,23078794.272233874,42867258.37065948,0.00028635851122621854,0.00031521620816255886,0.00027602725964359295,0.0003038438276612647,0.85166854,0.88502961,155662,170334,165044,174828,4.1479714674622585e-09,2.713247715863892e-09
986,1032,0.26510197665220914,0.3193827224106002,0.9603040834621965,0.8496213751588563,169561148.74673438,1868017821.7305808,62498084.00854824,73040284.06848672,61862332.211079225,72297293.42132005,1.0982520564238441e-05,2.8013259682769402e-05,1.1027528553469972e-05,2.812806215300084e-05,0.71923798,0.74143881,27261,70274,28524,70578,2.568392256306799e-09,2.163721111065453e-09
987,1033,0.41364567648602285,0.5739913464982485,1.0431123510737776,1.012598470350947,169802468.83206055,4944304332.210537,83471861.26487671,162153949.07969648,81233910.54598399,157806465.49163252,2.2454514905712423e-06,3.2501006405516978e-06,2.269994328493093e-06,3.2856243174539634e-06,0.8414579,0.60106552,12547,26309,13194,26735,2.0780768008285762e-09,1.6443366780184564e-09
988,1034,0.31937322286772324,0.32554492858590256,0.9736066976070765,0.8399290005067833,170397447.65904427,2398639524.261923,91843604.3459021,85615175.2542616,88710057.19656509,82694131.4835099,5.0416118571426855e-06,1.8747745200224396e-05,5.112105773376641e-06,1.9009883979878324e-05,0.59253317,0.64792281,19408,68505,20409,69405,2.312538580796327e-09,2.1191033828939795e-09
989,1035,0.7671674587788522,0.45126028429092796,1.3002412375241676,0.9268901594944661,169028370.439627,3867541133.0329933,140559949.34335613,99953894.57067914,133843658.3410182,95177858.1115751,1.2012653926802764e-06,7.903305894960018e-06,1.22502367764912e-06,8.059615229094292e-06,0.92254633,0.76310974,4747,39381,5036,40055,1.6431223804607694e-09,1.8266825068825328e-09
990,1036,1.1969823685446177,1.037684527088845,1.6164914595444395,1.3608521007869192,172290702.63947317,13939404214.624855,277832949.6111417,237181823.35846683,248930231.72799495,212508006.45829454,1.2886559991677114e-07,5.405940482021383e-07,1.3465405686399092e-07,5.648767534078903e-07,0.74227673,0.75378203,2273,9730,2420,9997,1.3653002665835782e-09,1.2514589147068108e-09
991,1037,0.46643564963829764,0.406402676582304,1.0327089330185326,0.8471718481198806,173082627.90250123,3580943735.627862,117977667.6706932,111183969.56154028,111896045.65496807,105452555.3843371,1.9151478680347238e-06,8.116537723495937e-06,1.95612380490403e-06,8.290196761999631e-06,0.68429822,0.63265634,9550,45152,10022,45941,1.8865404943281567e-09,1.8478149981565023e-09
992,1038,0.531978492816742,0.5552239564298707,1.1091321219934804,1.0074192762950778,170631160.13268468,5736510016.726587,103386693.11570036,160872788.21960652,101868963.94826043,158511156.218716,1.377318146502345e-06,2.7557728997082415e-06,1.3854899233948337e-06,2.772123197103197e-06,0.87798637,0.58890325,8586,27014,8999,26844,1.8928721942127555e-09,1.670087670603849e-09
993,1039,0.4802669517335715,0.4166235899148071,1.0812074474279938,0.8989215113825131,169649593.9082472,3148522602.4956903,106223130.07364032,90571509.94068535,105182252.9428961,89684002.5463083,2.538013748875712e-06,1.114555835584097e-05,2.548030491106565e-06,1.1189546370137124e-05,0.76703721,0.7803781,9803,44355,10418,44968,1.92856888617873e-09,1.8811267147886736e-09
994,1040,0.36997604872021556,0.411570184316822,1.0074331104925607,0.8905692386143894,170404412.6800568,3037523938.05641,76261250.85581493,102255605.97087248,73472306.94275677,98516024.64158468,4.21663815224298e-06,1.0124731388579058e-05,4.279947415071611e-06,1.0276745684661797e-05,0.82670492,0.68586338,14832,44598,15493,44840,2.168573734823098e-09,1.893384543850546e-09
995,1041,0.39204575162475414,0.4759839341061786,1.0234699390170345,0.9435131548061992,170384760.03713506,3900053006.312615,141358870.90649325,109537063.71051808,141301559.2094722,109492653.65710089,1.915846577045491e-06,6.968706273511986e-06,1.9161573650130157e-06,6.969836734627699e-06,0.47254637,0.74039239,14627,36055,15812,36708,2.1261921709856143e-09,1.777259204153584e-09
996,1042,0.6821061982246407,0.546701382938283,1.1871851139793692,0.9394279827841929,173539594.13088486,5424051618.721062,159472105.22693476,125864417.4707947,146783144.95782614,115849571.36144723,7.121628580354131e-07,3.4899609093051813e-06,7.361778314713201e-07,3.6076465167244196e-06,0.74227673,0.75378203,4973,25187,5204,25113,1.5927299052265005e-09,1.5858781185505407e-09
997,1043,0.5187109658070335,0.5904709501334732,1.091151668523859,1.0018962940435123,171557624.7230904,6307148037.080865,108661737.58864166,176709315.34540194,102985139.32869248,167477843.30872273,1.098360254015262e-06,2.150911793379881e-06,1.1221880578071587e-06,2.1975736276905937e-06,0.81895268,0.57325667,8135,23601,8459,23665,1.8422452087359513e-09,1.5811072122287578e-09
998,1044,0.6096825468123743,0.5609040839818891,1.1810267668753875,1.0077893505723494,169143828.4052397,4451058768.932131,136700792.11466405,107932717.44059835,132179669.7729513,104363045.21943709,1.247562687183354e-06,5.554981429648028e-06,1.2644595026515034e-06,5.630217325294821e-06,0.75437778,0.87900561,6876,27564,7361,28129,1.7869045244797312e-09,1.6644541683840087e-09
999,1045,0.29247607905211964,0.3144939934266515,0.9583894374899824,0.8168600782506346,170803134.53229353,1798559263.377424,52131131.83900642,78066923.8702255,49761239.710448876,74517985.22542293,1.2020502612252912e-05,2.8933750370231593e-05,1.2246303327794319e-05,2.947726021733525e-05,0.95827252,0.68808347,21601,74060,22561,75629,2.387879631986798e-09,2.1399455861164766e-09
1000,1046,0.38149732823517735,0.5941515350350333,1.0276147627970953,1.0458469375209818,169984716.61098853,4667301866.218135,91478147.62109981,141103222.47729456,91317934.48837,140856096.90797284,2.4427846701349707e-06,3.7893039772485586e-06,2.4444980701985746e-06,3.791961842984745e-06,0.70889843,0.71576452,15142,24703,16083,24709,2.1811213087426837e-09,1.6376559272053333e-09
1001,1047,0.6376158867601196,0.4997172938587205,1.2025722646479549,0.9702194122983248,169324543.35040784,4874402900.5993805,186691021.46556026,121107332.2930411,181880102.75788456,117986466.99383457,7.991646503905117e-07,4.861351879502247e-06,8.075539798828803e-07,4.912384520492512e-06,0.57830322,0.69867283,6411,33425,6736,33916,1.778321818645665e-09,1.7607700147898162e-09
1002,1048,0.628966565219418,0.5942400551284963,1.179864136344987,1.0313400841616442,170317648.29788297,6698424062.3819475,181508986.46191463,154913148.9510889,180793897.15716025,154302839.02572337,6.341148798169061e-07,2.4103833739332698e-06,6.351169310002779e-07,2.4141923485987548e-06,0.59018624,0.65333104,6700,24553,7197,24713,1.7709080903131977e-09,1.619893791820991e-09
1003,1049,0.9268888342043761,0.7199430385412555,1.4239016379705094,1.130260164310525,168402743.14631397,7265249436.320093,259181585.67705724,136672337.8061479,248210779.31533882,130887182.39413153,3.0579529231763007e-07,2.2136754550778534e-06,3.111316534627415e-07,2.252305780603251e-06,0.60224426,0.88708794,3536,17987,3689,18130,1.5568807469216384e-09,1.5065855485678204e-09
1004,1050,0.5215724609539507,0.49216074155654627,1.1124468599173292,0.9607703120892777,169396446.75877967,3497550219.3377,139636805.49319088,87416507.76898621,132508543.03774428,82954018.03989895,1.6574688402609245e-06,9.420288269232933e-06,1.6925744586280036e-06,9.619812409207416e-06,0.6327309,0.95371324,9018,34532,9162,34547,1.970067431223633e-09,1.7931933850901478e-09
1005,1051,0.5589142532046177,0.6490302600322819,1.1450609478246707,1.0817359745900168,169699430.27393916,6028412336.441155,127779070.13305914,146116597.33786017,125897164.2493436,143964619.83518878,1.01692836702824e-06,2.6416827614036994e-06,1.0229817176043557e-06,2.657407597472919e-06,0.74227673,0.75378203,7894,21260,8259,21127,1.8702468954975923e-09,1.5834052253785366e-09
1006,1052,0.7547032912467762,1.0219697244235797,1.2733181719283244,1.3844830784672448,170672439.673555,12536609689.797085,121803577.65819985,360115071.4029469,128351978.49487448,379475568.6905686,4.817388272058228e-07,4.0632345998501366e-07,4.7175296877304456e-07,3.979008701496434e-07,1.0574981,0.48435092,5207,10468,5711,10517,1.6687232544738533e-09,1.3198649433030942e-09
1007,1053,0.3388033110786845,0.3329205998427424,0.9898890645456462,0.8442666445475471,170001100.89157426,2694819066.2604637,88739349.45063315,94944047.82416712,87670468.52937588,93800430.23023099,4.450496774072033e-06,1.4200479716325894e-05,4.47212213544661e-06,1.426948111575325e-05,0.64905745,0.5961076,17541,63978,18478,64196,2.2523056224707546e-09,2.101150190644113e-09
1008,1054,2.5072041838764023,0.9329972009939789,2.825937144648943,1.302513788968694,168535798.92178884,14225414870.650003,800715690.5387927,216416714.29131612,740751932.0240767,200209763.74988165,3.550181248716887e-08,6.30941663066582e-07,3.662458768989218e-08,6.50895733127433e-07,0.52771997,0.7265771,937,12162,957,12353,1.2551202942620756e-09,1.3710502503673772e-09
1009,1055,0.3639062261263464,0.35481843301561033,1.027311181364737,0.8633623466938988,167280644.16084123,2359169970.110964,85886867.46157987,77055900.41060722,83233162.1645424,74675051.54358931,4.53565318075692e-06,1.988433899660208e-05,4.592952840605154e-06,2.0135541153249808e-05,0.70877504,0.77027529,14666,59781,15097,60901,2.1968445254083487e-09,2.0540356945637727e-09
1010,1056,0.7691315118138178,1.0988140743873276,1.2930588915801084,1.4563347813897236,170383514.53392366,12071952804.087225,206833622.42485836,232147614.95597276,211486058.32765812,237369454.06466448,2.7837679198200737e-07,6.494129937060144e-07,2.7591085296164345e-07,6.436603128517337e-07,0.63358814,0.80646878,4981,9643,5304,9721,1.6797902516915063e-09,1.3108565268825993e-09
1011,1057,0.2973982369808766,0.38661561907372965,0.9624424523193467,0.8877990812034318,170446649.4899955,2432231017.8398438,72953819.51990831,85065231.93594247,73319214.15992725,85491287.48732974,7.1267631900915894e-06,1.627222173177881e-05,7.112535079208201e-06,1.623973531838981e-05,0.69483042,0.77466828,23395,50667,24947,51090,2.4160003896456373e-09,1.9566623898917885e-09
1012,1058,0.5232099787480826,0.5304544410095396,1.0784162285366536,0.9396240248488216,172954501.0861353,4164104646.8006334,134286251.83373496,106392132.8610333,127022287.95980237,100637049.23169759,1.3768358996561246e-06,6.04129301143964e-06,1.4078060578527078e-06,6.177184151642279e-06,0.67387033,0.86232394,8030,28599,8508,29173,1.7990258547867251e-09,1.6296698301255305e-09
1013,1059,0.2954031266964122,0.45489337801689966,0.9703236511897313,0.9335038706620082,169788338.50595474,2571072973.0109844,60961895.94055989,84609746.54193304,60572767.50729844,84069670.52227294,7.304641674789121e-06,1.318989973368411e-05,7.323376063157233e-06,1.322372818347654e-05,0.82274354,0.91284508,22138,37566,22827,37150,2.448274918412777e-09,1.834077947907552e-09
1014,1060,0.9822231837613402,0.6614210409730984,1.4613492453389594,1.0791262542427251,168807177.73130196,6132221294.3504715,237544018.5416606,119806013.90059303,231412240.83199674,116713434.04937485,3.9736445903622583e-07,3.214121685012945e-06,4.0154306441471223e-07,3.2479207474471633e-06,0.69800252,0.93194503,3246,20709,3491,21149,1.5049466125910637e-09,1.5412866034021834e-09
1015,1061,0.5916902335905939,0.7831119326420972,1.1631567150946256,1.1986991777842375,170517723.52001983,6933339847.493141,123914707.02023529,161421209.62142393,127182634.8357709,165678273.80391127,9.210448938845728e-07,1.882292793398645e-06,9.115044931532696e-07,1.8627955597003737e-06,0.8142187,0.82724237,7384,15785,7843,15776,1.8251971079120071e-09,1.4595472220626886e-09
1016,1062,0.3619354148320175,0.47912685821760365,1.0025219627867963,0.9529771339355018,170585680.23616648,4913991738.740706,146887148.95914227,145713047.78093973,149901888.73138398,148703690.07737333,1.5607131838698196e-06,4.2015955371347536e-06,1.5480813462874755e-06,4.167589370620423e-06,0.42032948,0.56091189,16924,36089,18246,36809,2.2081364761451707e-09,1.7786933123934343e-09
1017,1063,0.8603227037447172,1.0112679788733152,1.3977423014279173,1.3851534288745235,171015062.4621429,12120302766.243513,202621005.185448,227979718.8429259,197681468.33729973,222421982.01882693,2.250810892561155e-07,6.360190551683056e-07,2.27314118753474e-07,6.423290002452855e-07,0.72612482,0.75858527,3598,10073,3757,10162,1.5274065448352136e-09,1.283994518938776e-09
1018,1064,0.9578872819217892,0.6062405568830612,1.4679275258484734,1.0405166978301255,169570876.32571217,8745372226.24077,334197518.1675926,183165665.49271348,321290556.72219604,176091668.66713172,1.830660231243453e-07,1.5270081026705908e-06,1.859729802921652e-07,1.5512558963005548e-06,0.4860293,0.56124461,3114,23371,3294,23794,1.4710929224770673e-09,1.5797647316691044e-09
1019,1065,0.5945226471457392,0.75439171734787,1.1941578376182373,1.173787727877626,171816334.3785113,8436994192.764621,134249046.48464176,179856161.71597177,139764566.305953,187245415.12897748,4.873592716095774e-07,1.1012060444853266e-06,4.795731763437651e-07,1.0836130783325872e-06,0.76088959,0.72066933,5750,14140,5404,12892,1.782431330440145e-09,1.4422902868323872e-09
1020,1066,0.46886869665029307,0.47988806531931166,1.1015164712161976,0.9485489697748076,170556291.77813426,3271562576.098076,108412858.34344974,90898079.86129221,104542397.10360593,87652915.9549518,2.132015809374786e-06,9.969151357874643e-06,2.16324524169106e-06,1.0115177919315916e-05,0.73762935,0.90043628,9149,35223,9456,36221,1.908292087683494e-09,1.736169599120774e-09
1021,1067,1.376482802821369,0.8583256126549691,1.776850619287781,1.1984080775622048,173451926.03209132,10477146902.820011,372739894.7120766,168604809.62450358,351117507.514388,158824159.5550774,1.0185351050988623e-07,1.000220483049576e-06,1.0431754537418861e-07,1.024417765302153e-06,0.64053673,0.88300109,1656,11998,1666,11868,1.2641274824894627e-09,1.3112143120786904e-09
1022,1068,0.41351175624027564,0.371352923777405,1.038852492678076,0.838884745837627,173011816.11153397,2538344139.874014,92113773.54279341,84624721.9695181,86319670.61836201,79301692.30539313,3.423268847348368e-06,1.5974574621746358e-05,3.5133945859833157e-06,1.639514349943739e-05,0.77667451,0.75921601,10881,52656,11188,53409,1.9816590936019508e-09,1.9378588045694907e-09
1023,1069,1.1722988059919301,0.6773187600379499,1.6325672611972244,1.0862972804525006,170318660.03603342,7998168708.382859,387668274.4181505,151891715.90563124,365733122.5784834,143297337.48614815,1.520357495754629e-07,1.8754167362434659e-06,1.5561953257420658e-07,1.91962401402962e-06,0.51503921,0.75948858,2270,19375,2361,19750,1.3776609104929578e-09,1.4975751209034614e-09
1024,1070,0.6722538376173177,0.5825706806335182,1.2275068050923101,1.0175288171886332,167805611.60898805,7683680178.5387125,201320764.36499935,166055341.45178902,196019970.98124263,161683089.74649924,4.0014452589237334e-07,1.8554673471705288e-06,4.044382103988945e-07,1.8753771319742446e-06,0.56033945,0.58871114,5299,24165,5487,24217,1.6717565301649329e-09,1.6108911880266969e-09
1025,1071,0.782058174779455,0.9051618536766717,1.3217549562458575,1.2753316934324048,172504752.24736312,10551718157.971798,185792783.78523803,205836743.06285724,180428448.19312328,199893684.64863268,2.864113176257259e-07,8.118775848498072e-07,2.8978753885656193e-07,8.214480109123406e-07,0.72612482,0.75858527,4012,11345,4162,11293,1.550669226777282e-09,1.3044204626029164e-09
1026,1072,0.20148549579633981,0.4392151280967817,0.969483462706797,0.9537987901235183,171598744.02753258,1758013580.3483615,41150803.778561436,81351036.45887864,45565871.85461603,90079185.87623382,1.9129320171165048e-05,2.2266571427282824e-05,1.836517162790302e-05,2.1377100815292863e-05,0.84019399,0.92646348,38626,41008,40026,42252,2.8949687021311332e-09,1.8204572674093584e-09
1027,1073,0.5785697222071096,0.40878496171525736,1.1719179990344912,0.9015953582609972,166378434.049386,4304512455.488366,139809769.017625,118748622.83276999,134180572.46586606,113967416.60610007,1.0889571600573264e-06,6.115057054282264e-06,1.1070059264531097e-06,6.216410202337985e-06,0.68851787,0.57274771,6605,45292,6808,45958,1.7770787154940508e-09,1.9086922630164875e-09
1028,1074,1.3257698939321774,0.8019261759004743,1.7657462525029435,1.1919546146762072,168871574.98889732,14060981626.046616,522569346.15800023,242760646.94722396,498747179.3637539,231694011.1692666,6.377263526957027e-08,6.095784161343718e-07,6.497402255029341e-08,6.21062021173611e-07,0.42843089,0.55784386,1968,14977,2093,15365,1.3460330263406353e-09,1.412337743482799e-09
1029,1075,1.1194003754908524,0.675766899266767,1.5921753288117326,1.0945518555173597,167811051.77708045,8131830299.803049,155648680.67069575,172153441.26306957,150327578.43372062,166268097.05417162,3.9448203827835584e-07,1.6319328655027895e-06,4.0000916905065013e-07,1.6547980544949287e-06,1.2068702,0.65872139,2508,19707,2658,20146,1.4161024199085357e-09,1.5190857439344892e-09
1030,1076,0.7079091415401568,0.4600912425855284,1.252956187447046,0.9157087314301962,171120094.97660175,4392437375.932192,248765678.52467477,112116764.00099395,235371367.16526008,106080051.64362438,5.42225772119185e-07,6.168290796501105e-06,5.543638325825351e-07,6.306371814581151e-06,0.48695415,0.70222199,4726,37590,4891,38583,1.6075207288633194e-09,1.7617631699206988e-09
1031,1077,0.8201429667564666,0.642472310503034,1.3529651370667484,1.0698655004460897,169796121.74166083,8489111055.665264,513445541.16909224,162923574.90111995,506490337.9174073,160716589.9590592,1.2383531062636298e-07,1.6488692062885336e-06,1.2451273895835012e-07,1.6578891757175378e-06,0.27122077,0.66957349,3783,20713,3876,20905,1.5458822662667625e-09,1.5321117929186744e-09
1032,1078,1.022543561284547,0.7182574676580098,1.515732316190369,1.1328298940145765,171235542.58741316,4169953840.1910043,110953503.49684602,83909999.1996465,104015203.33480212,78662821.39366978,1.1008982622430476e-06,6.215276958992154e-06,1.1297045171852255e-06,6.377906748462605e-06,1.5781007,1.4657515,2778,17383,2909,17682,1.4385380899844528e-09,1.452412530908034e-09
1033,1079,1.0957874449011293,1.0851694452512595,1.584008789000213,1.4494542699725241,171160038.5516286,13018634433.289736,190924568.84082064,239968995.73168498,187840875.44259763,236093167.6368055,2.11808730790454e-07,5.375214947695322e-07,2.1319280504980223e-07,5.410339546288612e-07,0.98235142,0.77400684,2600,8996,2807,9041,1.4263897399633552e-09,1.2533489383468176e-09
1034,1080,0.603819451539746,0.47653203227462343,1.1666625517645068,0.9122575385278773,172965356.08155176,3364829817.001668,84571203.72559167,97252256.15581252,78364234.35465686,90114581.05339737,2.272540105940285e-06,8.784208822212583e-06,2.342898117122268e-06,9.056168582536544e-06,1.2349339,0.84752309,5980,34308,6192,34875,1.694234993238727e-09,1.7203941364834374e-09
1035,1081,0.5550942823599055,0.4595436624051603,1.130487169682464,0.8945248822877826,173420465.74142268,4015399887.0552073,169755588.73406282,103098009.77289528,161784847.48335946,98257123.1458894,9.627366667495375e-07,6.5745220617218785e-06,9.814360526592463e-07,6.70222003921671e-06,0.56707829,0.77299529,6622,34139,6817,34152,1.7287014286986462e-09,1.724111964286236e-09
1036,1082,0.372879873074562,0.6032273978807782,1.055810445804328,1.0634299363072854,171445207.69201386,9100783592.100365,154503359.56418434,245963023.88133943,150294249.56366867,239262293.05906928,5.020704366639565e-07,9.092491245240395e-07,5.076482283050642e-07,9.193505003392604e-07,0.41376749,0.42047152,11644,20812,11043,19680,2.156242140809551e-09,1.5824761488018424e-09
1037,1083,0.38621454477958767,0.4736726186661549,1.0294243790669924,0.9213900989719268,171921138.65377378,2925137308.265089,82023648.2722254,87486603.16578297,79482854.7588596,84776587.23120405,3.838389353954555e-06,1.1059221196610001e-05,3.887006582134192e-06,1.1199297835747905e-05,0.80950367,0.93082064,13122,34315,13870,34754,2.058228941058983e-09,1.7275868768742238e-09
1038,1084,1.2112934251823184,0.7328487902227252,1.6721858065639894,1.136457525395033,169573059.5590509,9324966188.454613,314246910.3841817,170202119.8808056,298441227.3682164,161641460.51841924,1.539289367480141e-07,1.335632907452297e-06,1.571394212037728e-07,1.3634901042767967e-06,0.65363485,0.73014021,2159,16915,2196,17058,1.3748714617472304e-09,1.4619322134947424e-09
1039,1085,0.5647217881745582,0.8042394407842747,1.1748408026175652,1.2141944013398414,171781876.50694668,8458793552.473717,133598199.37980367,182120278.05235416,127532385.2459515,173851395.97310916,5.029517854985171e-07,1.108266410393532e-06,5.123873547489882e-07,1.1290579151952782e-06,0.72612482,0.75858527,6212,13234,5859,12358,1.8168615145322597e-09,1.410443983464631e-09
1040,1086,1.29324048341116,0.6927236375170965,1.7272743768688608,1.1029605891332335,166753403.5510838,9821186203.76556,351649746.32214713,171906347.55990946,340330237.1711563,166372729.2517217,1.3062954821364717e-07,1.246258207476724e-06,1.3235042299638544e-07,1.2626760421194625e-06,0.61325866,0.67195904,2018,18192,2092,18215,1.3645943413471063e-09,1.5033177141878712e-09
1041,1087,0.8886228413603523,0.9137280497454485,1.3977326857750647,1.27215678202072,172913764.5814913,15050787503.602707,309263736.90598,276118871.1657247,290071919.34629405,258983907.15987343,1.1260055583764858e-07,4.2800855939651073e-07,1.1552337243494116e-07,4.3911854470591836e-07,0.4968417,0.5722034,3274,11197,3411,11258,1.4675327062944026e-09,1.2878560204264474e-09
1042,1088,0.7012760037291484,0.5525760244376022,1.455927589703684,1.0014572970141062,173087001.7529488,4128908944.7172775,259369625.7504618,103083001.79849197,233875741.12193805,92950797.04472087,5.718211087388527e-07,6.202612954482002e-06,5.959828446013427e-07,6.464698235303448e-06,0.46798757,0.92783219,4791,27062,5045,27602,1.5992013756708584e-09,1.6011647332652854e-09
1043,1089,0.9403758545664944,0.7369550310901556,1.6719203432248326,1.1113706400004302,172774795.2900178,7537236542.202756,149616863.2143175,189426628.11226806,142573036.07553422,180508593.10444874,4.405818957659388e-07,1.5198973068081578e-06,4.4916293007776675e-07,1.5494997282092961e-06,1.0859287,0.67217189,3027,16972,3058,17043,1.4769134606927662e-09,1.4490256035327175e-09
1044,1090,0.7801739696794452,0.9237122160108113,1.4451013275201645,1.2510171291854568,169596958.71053582,8924318657.386442,190964837.8870275,179336343.86194798,174907674.80521092,164256955.67849827,3.081499754139626e-07,1.0689903227316928e-06,3.1916844981615114e-07,1.1072140561309351e-06,0.69287694,0.87354732,3904,11141,3969,10921,1.572596679529399e-09,1.3252833827819444e-09
1045,1091,0.7530351586557493,0.6664195622851415,1.3857932760816256,1.0310755176806583,167801535.68563083,5998229729.461716,118715565.39747575,154590222.3608468,107544543.31337775,140043429.08907455,7.62155507990231e-07,2.40025340360747e-06,7.928870172886061e-07,2.497036027387137e-06,1.0643967,0.72337192,4144,19527,4295,19903,1.5910599785777339e-09,1.5095362230119977e-09
1046,1092,0.875564808142422,0.6795461306336577,1.547687206889386,1.0742622085192102,172089663.5391946,5805860211.382589,300748990.46180016,122825982.66976428,274248842.2109601,112003313.75637588,2.955513215140558e-07,3.054146532752529e-06,3.066596641686811e-07,3.1689371079712472e-06,0.50100136,0.95210201,3321,18561,3425,18624,1.486898205165587e-09,1.471829412373839e-09
1047,1093,0.6995392673567865,0.4378890773463892,1.4308956173127212,0.8713089531049646,171020353.73493183,2921958067.418431,184118437.77052394,87005839.86169119,169886763.10702264,80280610.0491313,1.1463501903055653e-06,1.2091243055248352e-05,1.1838383460987964e-06,1.2486653120359565e-05,0.64977443,0.8607232,4886,40489,5155,41047,1.633817396641964e-09,1.8222863059100665e-09
1048,1094,0.3782586591839723,0.4820291616779093,1.2406479268801727,0.8985810388115405,170772817.22556168,3442564736.868964,101623822.90340006,120394009.84097958,99303406.68658882,117645006.65589477,2.5532265307040363e-06,7.01159259068968e-06,2.5769257238491667e-06,7.076674589902613e-06,0.63564128,0.683734,13214,34721,13828,35303,2.1148659267160053e-09,1.74961832655961e-09
1049,1095,0.2343833647977082,0.3973724552376606,1.0898849699603324,0.8176207235528327,167468271.38921714,1852251963.2013497,64148443.44198799,74798152.41607305,63926699.86598728,74539595.71687604,9.946811579541683e-06,2.2815656651786786e-05,9.9605983108279e-06,2.2847280185103105e-05,0.61188978,0.88969147,29112,47100,30110,47500,2.7249769323682743e-09,1.9462649198920528e-09
1050,1096,0.5877195585357972,0.6649477719116781,1.417206872661635,1.066904699436542,173133516.82101175,6515111160.461758,139397955.02967256,190633615.7946567,131939589.92458966,180433931.6773682,7.568301332099648e-07,1.9383052526313264e-06,7.736613910647096e-07,1.9814115113235837e-06,0.72995299,0.6039058,6447,20489,6755,20911,1.737121858092721e-09,1.5044857344443643e-09
1051,1097,0.36295502856145195,0.4564815821425047,1.2700494777693994,0.8672979306801853,170737800.30766428,2312927374.051094,80817812.27664173,81424535.13196154,77512175.91803521,78094082.39842919,5.09517405113286e-06,1.5905643469541693e-05,5.181003535761711e-06,1.6173578022509023e-05,0.76678818,0.9571889,14523,37808,15369,38434,2.1514654445840192e-09,1.7873217142224503e-09
1052,1098,0.7653018011837724,0.6383667817275962,1.411089794751101,1.0012869418497783,167135015.40263698,5879885887.13801,169088418.6666582,144591897.95506787,155302014.8831718,132802786.05285634,5.543625898625356e-07,2.6965014197575457e-06,5.735464868911017e-07,2.7898147250201504e-06,0.75646061,0.73789364,4153,21205,4309,21487,1.6155422110973218e-09,1.5639341818879275e-09
1053,1099,0.43326850883308876,0.4654428267949201,1.1941999593488728,0.8605676970744297,167696909.1719991,2726825303.421401,160095619.99095446,76714147.58955956,152356156.93861294,73005574.48247008,1.7821890847141604e-06,1.3085995601158447e-05,1.8178646974470531e-06,1.3347949237445104e-05,0.45383996,1.0174567,10324,35085,10708,35071,2.0297290491832897e-09,1.8011269024718645e-09
1054,1100,0.4815408960021972,0.4741540010586955,1.2674012355744932,0.8842609050549419,169602009.53299183,2929439646.49735,87521955.96890402,92776749.25367929,83268848.68702348,88268286.6231112,2.8553835178005487e-06,1.0138883140676054e-05,2.9128507342212707e-06,1.0342937478062734e-05,0.93314075,0.86678475,8652,34225,8964,34266,1.912442873602197e-09,1.769102642567429e-09
1055,1101,0.28213714410928603,0.36103822043031797,1.2541028419272688,0.8429442411550503,172903108.36243758,1480653047.6733298,66599615.05314118,61029884.09390484,66489145.981283516,60928653.55907285,1.1415595543871893e-05,4.07544781185047e-05,1.1423178388962123e-05,4.078154940822569e-05,0.73247254,1.0228535,22046,57978,23076,58995,2.4004578432398565e-09,1.985537543038588e-09
1056,1102,0.48539445442165163,0.5585627473356531,1.343260856114941,0.9814712934884116,173598484.79288334,2633530893.1703777,122291360.57373174,71609423.03212172,119509380.40735553,69980395.489486,2.4227998216944434e-06,1.4051320989917079e-05,2.4452037087907067e-06,1.4181255046454732e-05,0.68904084,1.3540906,8784,26846,9260,27328,1.8548190106804615e-09,1.5995675413932142e-09
1057,1103,0.5104477586909182,0.37038138531903697,1.4073853023567637,0.8372271347667982,172309630.48356912,2115497834.8236,122103847.79364759,78599256.11132179,118940506.0939845,76562986.91168419,2.9865378853138014e-06,2.2524864709943504e-05,3.0180599024541333e-06,2.2762607942655215e-05,0.72033,0.81197053,8239,57085,8771,58686,1.831764697791651e-09,1.9693750360298887e-09
1058,1104,0.6604284847238561,0.6437809475471266,1.3482393806292488,1.011344941012594,168000723.3304645,6818991630.346909,211334961.68112776,163878310.28672794,197233397.02138576,152943344.43699592,4.0243703559589074e-07,1.987574847812285e-06,4.1370836204770797e-07,2.0432422018964872e-06,0.52500761,0.65997547,5111,20503,5227,20536,1.6952250487435073e-09,1.5523492926422805e-09
1059,1105,0.5616156457614567,0.5660932327745792,1.4478967436035661,0.9553122877139198,171303895.7291787,5024899596.059799,148948032.9843055,140696154.5419254,137834459.016488,130198284.31725496,9.207447011474455e-07,3.4124087771038404e-06,9.49751558054001e-07,3.5199122500869277e-06,0.64590949,0.68924397,6844,25051,7163,24878,1.7761821418661372e-09,1.617796580825537e-09
1060,1106,0.7449375640719591,1.0516239564443228,1.3597106674440014,1.4872834724672137,174818453.45067576,9924612654.534698,177480399.90369877,165796655.85990408,174120150.65630856,162657615.78350493,3.1932019661865386e-07,1.0019683702876178e-06,3.217710248512216e-07,1.0096586210016163e-06,0.73376459,1.1088479,4234,9058,4319,8968,1.5667569849905368e-09,1.2447568486549896e-09
1061,1107,1.973206709501071,1.6106713362161744,2.338926267734434,1.9255914456659657,175137983.2030423,25940519337.251705,336854597.7248056,339197041.742812,329283156.3902172,331572949.56842,4.2831199636179397e-08,1.548152566792627e-07,4.322245430306923e-08,1.5622946389727262e-07,1.0259128,0.83163971,1033,4754,1083,4829,1.160553573170263e-09,1.063389272926248e-09
1062,1108,1.0607178851976329,1.1175082727051153,1.5916510774461303,1.5137376205560216,175705909.8565315,13331300747.686161,181666902.99579653,236103213.28674072,165856151.2916541,215554785.25572392,1.9831352811231609e-07,5.324969182614917e-07,2.0566956647909428e-07,5.522488121348346e-07,1.0259128,0.83163971,2508,8442,2577,8536,1.391848898611483e-09,1.2157182929527387e-09
1063,1109,1.379914570045528,1.5300144867355852,1.8322038461295753,1.876957942331889,174398419.1501887,21811418451.784912,234576388.5373615,320850609.4106226,228316954.7647959,312289035.2768592,8.287669862443413e-08,1.9739196642287483e-07,8.377817502231049e-08,1.995390620699517e-07,1.0259128,0.83163971,1701,5144,1762,5177,1.2741291999240557e-09,1.08627214401519e-09
1064,1110,0.33634834614853115,0.5278020991102571,1.0845838140863895,1.0466046461452931,175878443.1414275,3424688885.380376,70849067.31288405,113895796.44246185,68571008.83329289,110233627.06301604,3.8482539139891e-06,7.395950458453618e-06,3.898891585333227e-06,7.493270884018885e-06,0.83496404,0.81503457,15351,29982,15784,31077,2.1793810782841294e-09,1.635720447887232e-09
1065,1111,1.0093268829375186,0.8214774654887029,1.5690098124360288,1.259933449053094,177342708.63726062,6954911393.774807,148754250.64276528,133954307.72476564,137756741.35295868,124050968.91429669,4.7181237755769584e-07,2.0963313118913445e-06,4.865325933395318e-07,2.161735380815938e-06,1.2033052,1.0875577,2628,13321,2727,13406,1.3794610536991116e-09,1.3472839265054393e-09
1066,1112,1.11563681833763,0.9929888850318842,1.639748751855259,1.4013248285878286,178030227.68458524,13323596652.698246,239665471.19188717,242421241.79444996,228172327.41300178,230795945.1960559,1.431841543472163e-07,5.513760943320249e-07,1.4602659470160083e-07,5.623218143253961e-07,0.82872629,0.72923493,2227,9901,2302,10074,1.3258759571329177e-09,1.2457272977464014e-09
1067,1113,0.582209495033783,0.5788140025864484,1.2196196057132433,1.06070818581304,177153944.8274968,5217371750.413543,126958197.35130827,130330962.16064765,121627225.20951286,124858367.69264935,9.917194494564973e-07,3.620164999416211e-06,1.0088830137465847e-06,3.682818741603336e-06,0.81239897,0.78675997,6167,23816,6369,24007,1.6938459404766618e-09,1.5660547159522168e-09
1068,1114,1.72136023852353,1.5654759064707644,2.1637261698449506,1.9018037715224179,177946971.13645637,22514618890.615585,298573953.5367823,334966804.24696285,281936062.7068959,316300939.2085702,5.627465044625315e-08,1.8561227098948862e-07,5.7580220200186484e-08,1.8991846862983112e-07,1.0259128,0.83163971,1204,4965,1235,5025,1.1805406227843206e-09,1.0748321026410034e-09
1069,1115,1.2694689750591714,0.7271207222704842,1.7973117854446725,1.1917330030478956,177184578.92174828,7882556662.3085575,110778395.65854646,176187489.92222756,102163337.37833677,162485671.21560556,4.770532096497097e-07,1.51329678413583e-06,4.927547529089346e-07,1.5631048442002448e-06,2.030453,0.73123568,1838,16206,1852,16313,1.2865608308361685e-09,1.413514003537305e-09
1070,1116,0.9216849252939798,0.9076252257816309,1.4851930760400014,1.3625190213305207,174891977.85478812,13132825786.231432,201057111.71790618,245604878.64050066,193007138.11107,235771290.69191706,1.8894500026806888e-07,5.746620989552967e-07,1.9205863226229251e-07,5.841319779922457e-07,0.80173886,0.64630789,3054,11574,3095,11677,1.456899674107873e-09,1.3095093382531845e-09
1071,1117,2.3275217733871085,1.364819750207189,2.714830394428502,1.7222916414035194,175734001.74726206,24102197119.86858,563388437.2780509,312406256.876699,504171966.63072836,279569949.4264472,2.4910961881771954e-08,1.9312669486645457e-07,2.604247112875347e-08,2.0189892301715764e-07,0.72600836,0.76773506,828,6071,827,6063,1.1320142854340077e-09,1.1267049670749093e-09
1072,1118,2.1049856484904756,1.5424041492170328,2.4851856179857914,1.8653067280024527,177879167.88105875,24614363169.53239,591657624.651917,317954944.6173513,532580273.92862505,286206962.34734327,2.3911020250506078e-08,1.7959466960785809e-07,2.4938611103760313e-08,1.873128613808898e-07,0.63285434,0.86289448,913,5050,930,5123,1.1268104115448426e-09,1.075910118124975e-09
1073,1119,0.863827287898975,0.7783358438193375,1.4333479733144017,1.221919223975866,176138711.97037032,7529190342.052568,183530027.72583988,143449118.73162967,167671666.47039223,131054046.52023098,3.7800725220928794e-07,1.8760746717354508e-06,3.919215209128501e-07,1.9451320957343465e-06,0.82903832,0.95570523,3353,14689,3433,14780,1.4766302614696121e-09,1.384216588213754e-09
1074,1120,1.0201955877547202,0.7902129218817644,1.5419672926875343,1.2175883756022314,177502149.3519184,9395597261.393974,127911257.77133416,213261539.02008927,120876937.88349642,201533486.99888483,4.131629270605903e-07,1.0106197198943395e-06,4.2261749689704736e-07,1.0337461286160022e-06,1.415723,0.65771115,2609,14252,2742,14437,1.373060279976056e-09,1.3655346702754001e-09
1075,1121,0.9577813018483426,0.8362117540391496,1.4900758837502808,1.2541021283747436,177029246.59970984,9062883280.067734,165272625.77628565,178002487.17725676,155831496.17327878,167834169.56746185,3.270330189199842e-07,1.198611695232912e-06,3.3481883279959775e-07,1.2271475525718152e-06,1.0259128,0.83163971,2827,12996,2889,13062,1.414150336052237e-09,1.3441937836990931e-09
1076,1122,1.6328040748561987,1.8551126855475275,2.0846305017632445,2.1832012678559263,175230219.58825955,31656261890.83062,349334752.0087159,438391008.3956249,324438298.081471,407147676.66329324,3.629939025437627e-08,9.40935521427683e-08,3.738894413136767e-08,9.691784185724046e-08,0.81903279,0.74151111,1366,3995,1403,4017,1.2383779405244459e-09,1.044834211471718e-09
1077,1123,1.5543346830302909,2.0481326901271455,1.9922500680711408,2.3569007711502565,174642598.40398532,30357838963.055786,264596608.82859138,430103578.0024852,255409127.99032134,415169265.7342237,4.981235551846356e-08,9.147044343536125e-08,5.052149842184781e-08,9.277264276234457e-08,1.0259128,0.83163971,1441,3397,1474,3339,1.2424680682505087e-09,1.011980773842051e-09
1078,1124,0.9075887291669769,0.9538518073663442,1.4803582499514452,1.3943185057628422,174912304.83392972,10789055813.06736,154738722.88160664,200616223.69674578,143651093.8377322,186241293.96287206,3.1559801359781334e-07,8.100525072643292e-07,3.251249432465452e-07,8.345054914910322e-07,1.0259128,0.83163971,3186,10513,3319,10509,1.4545518482179056e-09,1.278523287018992e-09
1079,1125,1.3930157877054008,1.2858769894454627,1.8783388921033526,1.676670973972879,175410524.9417501,17350760130.23121,238177777.46173936,271218840.3427079,226438515.3487515,257851056.45163888,1.0353283079915774e-07,3.3230579329974106e-07,1.0564731511398787e-07,3.3909258143482605e-07,1.0259128,0.83163971,1699,6823,1751,6933,1.285911303020623e-09,1.1582414002374773e-09
1080,1126,1.1269525959800832,0.9119834886309344,1.6392514068366564,1.3218536794855054,176600537.4128222,10760325774.047642,193993518.8340157,193661717.04793102,180541593.49101463,180232799.5501503,2.1404316972957498e-07,8.735044086759436e-07,2.2028521711443511e-07,8.989780358733364e-07,1.0259128,0.83163971,2214,11262,2245,11302,1.343812983095572e-09,1.2959369375060442e-09
1081,1127,2.2452298276781484,2.0577503761494484,2.594469158848053,2.340088605560825,174021144.32522625,21550848567.466606,180138737.92044723,282423281.0213205,176114002.5126873,276113261.3541226,9.339837250949672e-08,1.9574137802945406e-07,9.424636306978571e-08,1.9751857003363013e-07,2.1689808,1.2679269,880,3328,928,3327,1.1330258652473115e-09,9.946026956228752e-10
1082,1128,3.1377386855644427,1.288311078175993,3.4792533392603535,1.6550023806027194,176373247.5524743,20343959458.374603,539434893.437369,273223615.9282599,476435325.07424235,241314352.95787778,2.9450170524861445e-08,2.7724104173331e-07,3.095008500584203e-08,2.913610908130561e-07,1.0259128,0.83163971,568,6689,584,6782,1.0681727989964263e-09,1.1457796255009383e-09
1083,1129,1.3620145489357365,1.4405106831357357,1.8532059314183271,1.8187587328419688,174883539.8520285,19720920859.663933,232177555.09809944,302921571.0027137,211857414.15513036,276409925.5732492,9.473123603579209e-08,2.434077211849732e-07,9.826612499702452e-08,2.524904620284518e-07,1.0259128,0.83163971,1767,5740,1821,5772,1.2986800661322211e-09,1.1220628395851677e-09
1084,1130,0.553572619326868,0.611184586166931,1.1531098726674187,1.1230126201467765,156809472.02093685,4957597625.673671,87878066.32432528,80978181.54948352,87871919.31529725,80972517.18255013,1.9374927071970203e-06,6.363802052413016e-06,1.937546920353274e-06,6.3639801185258606e-06,0.98779404,1.1835229,9111,26144,9724,26657,2.1560842433067928e-09,1.7929559001952458e-09
1085,1131,0.5618398554772291,0.5783648971384778,1.14689329305082,1.08158537113753,158441105.2499737,4756694698.08407,70176994.22224377,87193290.12439163,67589165.95882095,83977973.43741381,2.51153394625304e-06,6.169629375839609e-06,2.549565200410188e-06,6.263053851824901e-06,1.2684859,1.0509613,8720,27481,9418,27924,2.0851098522356707e-09,1.7846090231544095e-09
1086,1132,0.1657853915523303,0.27497010793178894,0.9197755220647765,0.8900642697658145,155293203.96618488,1094886932.9723864,29234425.013511136,34231573.92382086,30647246.411194436,35885894.13342307,5.7519328159146384e-05,0.00011886076277282796,5.644364389969187e-05,0.00011663791602420582,0.88065165,1.2474153,67543,101779,71512,104327,3.612445789829708e-09,2.554219597867704e-09
1087,1133,0.463302457468427,0.5507964952378885,1.064220844884921,1.0500384072822513,150264299.95106623,3823461551.588561,60349060.67420544,58640687.34682036,60788378.99099583,59067569.35248592,3.9898449123574655e-06,1.1738654518796568e-05,3.97828594681205e-06,1.170464650442186e-05,1.1535858,1.4113929,12259,31123,13224,31800,2.3729639365473322e-09,1.925132470669162e-09
1088,1134,0.9123064039030584,0.7257487132195397,1.4101559994968291,1.1969545810450297,162293515.83650273,9663079152.966911,152086984.42913055,148929871.29305753,134513728.13057762,131721411.22287345,4.287813877637382e-07,1.5162532742434808e-06,4.503665235337766e-07,1.5925824567133702e-06,0.97353113,0.79087096,4014,18328,4256,18526,1.7330421560267853e-09,1.5756986179421958e-09
1089,1135,0.5849121899988283,0.5841456861871994,1.180901139481736,1.125373057176755,160764374.49736467,6389639035.663583,91759874.97821017,125079647.83546187,89279362.85029395,121698414.11554857,1.4118288480224195e-06,3.282556700716937e-06,1.4273903094491242e-06,3.318737700666561e-06,1.024773,0.75080013,8199,27407,8803,27936,2.0465035265419803e-09,1.7680709183490968e-09
1090,1136,0.8807147505724099,0.8283478179328302,1.3619485664690134,1.2424818366324077,156234473.32265565,9428394518.192177,143440757.4965765,115920010.92653862,132758455.05693692,107287230.13860138,4.5916328537873765e-07,1.8062471806775194e-06,4.735995780283215e-07,1.8630363746921024e-06,0.95926714,1.1164292,4202,14915,4513,15254,1.7822936498699947e-09,1.5276245430605438e-09
1091,1137,0.3720059995656834,0.4540616265933625,1.0239945247649456,1.0109333679428674,151233069.8558563,3274410163.6697063,55478242.65392819,62854438.189342566,55792415.10953597,63210381.92957556,6.1066608201552705e-06,1.5237177696175984e-05,6.0928826358345455e-06,1.5202798737034739e-05,1.0140842,1.0925105,18080,44251,19718,45668,2.595135629295395e-09,2.101721862910396e-09
1092,1138,0.7559956354035686,0.796782784301387,1.2962048888820525,1.258132566376149,157835672.61618122,8591086194.636774,136628520.41809076,119657257.34102626,132896141.0240895,116388494.12617396,6.080073289604382e-07,2.0414382730380117e-06,6.147809650216101e-07,2.0641813539915745e-06,0.87333947,1.0510081,5638,16692,5981,16687,1.9364315614968003e-09,1.6089677862845081e-09
1093,1139,0.6391881568285063,0.7544092407182762,1.1915307926288654,1.20338812675206,152535628.1821352,7814053991.242217,98900354.39102836,105495080.90500158,88682457.5071989,94595849.3999592,9.516338173071498e-07,2.590323711236894e-06,9.940630202618846e-07,2.7058149521572017e-06,0.98583031,1.0908024,7132,18255,7543,18556,2.0756375706097035e-09,1.6643489211309365e-09
1094,1140,0.4002466075324657,0.4031879398905576,1.0576822679505482,0.9890436297166612,159354454.24151343,3203896766.710291,63618712.02851412,72652991.71054405,63255084.18042577,72237726.29270528,4.843634684189325e-06,1.4066228409779196e-05,4.854753172396755e-06,1.4098517218678771e-05,1.0025522,0.8843379,14698,50409,15479,50961,2.3768252817791257e-09,2.096035032697935e-09
1095,1141,0.5227024484882831,0.5525375224636856,1.115975133570072,1.0659966724448575,152885256.9922618,5001328679.697794,78781145.25441583,81700788.87444313,79799526.58470246,82756911.60267624,2.2316370778643595e-06,6.518173759011941e-06,2.2202013299389e-06,6.484772184543687e-06,1.0143734,1.0339538,10219,31021,11003,31529,2.2600874554689603e-09,1.913591989897161e-09
1096,1142,0.964490544392379,0.8356522554538611,1.4421895139149294,1.2657222775519295,156121929.6912772,9595633734.80153,152742437.95519808,119603369.65918384,144620675.35650197,113243708.34055993,4.3221617548075174e-07,1.7806357835054864e-06,4.4176646935134495e-07,1.8199808982274333e-06,0.98583031,1.0908024,3883,15304,4207,15664,1.7845343711726746e-09,1.5572877801415138e-09
1097,1143,0.971849207302144,1.0313257321880258,1.4656907314327068,1.454462891155928,157304941.26269227,12958387522.263077,130776410.6595505,182550258.42717496,129643773.67765594,180969215.08223033,3.841196548450427e-07,8.253742160145026e-07,3.854585023699485e-07,8.282510545524262e-07,1.1689928,0.8887012,4003,11794,4258,12035,1.8294493133501968e-09,1.4988663318026511e-09
1098,1144,0.7436275608790928,0.8060871872368046,1.2894483106498287,1.2686520890876098,158634669.73145482,7969168330.819952,119660667.08099307,117228725.13121338,116807481.63903594,114433526.8418943,7.720463051226524e-07,2.3121401601645123e-06,7.7953505971168e-07,2.334567636495943e-06,0.98583031,1.0908024,5819,16660,6241,16892,1.938272570947308e-09,1.5988017614924845e-09
1099,1145,0.7271272724871711,0.7288615562248391,1.2757837085409842,1.2087116206315347,161438143.17333245,6794088723.498647,119073308.59102786,107871101.3721307,115696422.04192643,104811906.36385702,9.19215993198568e-07,3.147455254100386e-06,9.298552961654499e-07,3.183884918369559e-06,0.98583031,1.0908024,5881,19180,6335,19604,1.898842998955745e-09,1.6140341576279159e-09
1100,1146,0.43111214980862234,0.5280259050129399,1.0791326427223322,1.069553091866586,159938807.83885926,4465948023.079366,91777782.64159402,86894305.82691234,92229691.83201382,87322169.02286336,2.4113502254096028e-06,7.227683574172751e-06,2.4066171841353856e-06,7.213496947811692e-06,0.75128818,0.97189146,13424,32755,14334,33212,2.3176800189683675e-09,1.8748906429896238e-09
1101,1147,1.2786254455273531,1.6815464925852073,1.7294933333938523,2.0497819338464116,161562839.41345432,20580941980.142365,209547581.8000486,249060165.20297465,203352655.61904818,241697115.12715727,1.3857514828921703e-07,3.103715495900647e-07,1.402485804094339e-07,3.14119593353305e-07,0.98583031,1.0908024,2677,5714,2893,5856,1.651374852638079e-09,1.265589593865402e-09
1102,1148,0.6463164447902275,0.8355231187166862,1.2029070457219275,1.2735618169525125,155069016.38198745,6202742677.905212,64948269.35578274,93296457.61222781,64032432.111996196,91980881.8248797,1.8526792791896e-06,3.5105942946119357e-06,1.8632334762175489e-06,3.5305931709888196e-06,1.5431305,1.3887317,7068,15598,7447,15680,2.0573099406186396e-09,1.5978937532812707e-09
1103,1149,0.9007186258439986,0.9218762313311016,1.395281091347774,1.3438427970741684,161789963.78513616,10211812048.24341,147821823.26682383,136734501.20886856,132605341.18634333,122659325.82916434,4.149213334874144e-07,1.3277441621472365e-06,4.333479834230637e-07,1.386709259637774e-06,0.98583031,1.0908024,4042,12386,4298,12430,1.7294556099660958e-09,1.4371446345191127e-09
1104,1150,0.8180350414690677,1.067324021086077,1.3369571487394347,1.476898855729298,152671972.20065185,8809334244.459341,96430549.34798117,109655403.9276654,95000986.21131878,108029785.03146757,8.469765170157788e-07,1.981232727147041e-06,8.52051764665194e-07,1.9931046581148867e-06,1.2951396,1.4860231,5325,11523,5761,11745,1.9890582682339827e-09,1.5388683249253147e-09
1105,1151,0.8547369949488719,0.7925872992163261,1.3781644316833959,1.266831486456151,157769760.7298161,9274340701.783928,120955464.8776948,140508454.66166872,120054057.3453244,139461330.58569726,6.257033228123472e-07,1.7184324215105058e-06,6.275783058665753e-07,1.7235818774150808e-06,1.1148868,0.88995576,4841,17531,5205,17908,1.8898351940843875e-09,1.6299565911851731e-09
1106,1152,0.5518253088707019,0.6218433688811197,1.1443142996156026,1.117837173473181,158287077.65703112,5092356882.470921,88180156.79935487,89571758.6496333,86188419.0436842,87548588.58485065,2.047874100021809e-06,5.76187804588096e-06,2.0666742782670357e-06,5.814774038993362e-06,0.99054956,1.0988929,9417,25616,10528,26701,2.1108491231427195e-09,1.745535361911206e-09
1107,1153,0.49717914147121034,0.5179955964810781,1.0956171097080483,1.0370526613962538,153561564.50356176,4403972650.893849,77444978.1350877,72922661.5210876,76478608.41115625,72012721.92294402,2.5785308495467568e-06,8.532287562588161e-06,2.5915145138817775e-06,8.57525015027331e-06,0.98583031,1.0908024,10805,33981,11519,34448,2.2776585763290296e-09,1.9469846050809148e-09
1108,1154,0.5144946621086043,0.7758852242974529,1.1118959646602322,1.2358792757749681,151498563.65956917,6824079788.480642,72661572.4801326,109798776.15281619,75148929.44744991,113557416.95213684,1.8214258980649166e-06,3.013799616838748e-06,1.7970671480776362e-06,2.9734947153567114e-06,1.0727156,1.0705538,10762,18946,11587,19211,2.3219926223020948e-09,1.7379394439907797e-09
1109,1155,0.29424344431551985,0.38291371196034796,0.9935755754889459,0.9664810689321468,160790329.3597832,2205108245.396392,50171077.12417929,55537789.97444916,50960684.16454236,56411859.906443834,1.0911361763047974e-05,2.7997016660106047e-05,1.0843418633184133e-05,2.782268416338876e-05,0.94300348,1.1085933,24166,54814,25515,55689,2.6616235985627626e-09,2.114788328219943e-09
1110,1156,0.49608713250191583,0.6296848993424261,1.1126179360364774,1.1427002513666251,153012695.45213383,5535321497.633629,85815334.0175237,84471072.89627998,88910121.6540732,87517381.9858897,1.8319510204448066e-06,5.1785676468574426e-06,1.8061729556089949e-06,5.105698093541046e-06,0.88454622,1.1406246,10866,24962,11464,25131,2.3055289481895197e-09,1.82248515743673e-09
1111,1157,0.4712631972590142,0.5790283828280602,1.0894514515747804,1.0922111375534316,153778967.9733232,4832677739.711523,96293193.43758622,72762337.91819768,95386548.39257233,72077246.78369376,1.8954105963615903e-06,7.112007489837641e-06,1.9025964696852643e-06,7.138970505132109e-06,0.75260115,1.2237428,11594,28010,12171,28086,2.3277894146671887e-09,1.8627889337355414e-09
1112,1158,0.5794982209186865,0.6595572192159144,1.17482426860062,1.1625580301488359,158706337.77606073,7244045775.0349245,107213349.19008473,125647960.10048515,108298484.21493208,126919676.76017018,1.051785301023069e-06,2.6813008146965163e-06,1.0475570671139756e-06,2.6705218401147722e-06,0.85782266,0.83308882,8414,23033,8882,23315,2.1081409264820173e-09,1.7331288847629727e-09
1113,1159,0.35142572313732584,0.40794546894096206,1.0332386968307647,0.993184523755666,159407645.66855788,2744400672.818184,54932794.195878595,65976423.40845023,56908001.13936634,68348723.80806535,7.386085405446522e-06,1.8547186070126785e-05,7.2824526339459085e-06,1.8286953999892742e-05,1.0197906,0.98564947,18674,50711,19877,51642,2.51907984853322e-09,2.0990885216524732e-09
1114,1160,1.3657067389536421,1.0836631769653433,1.7977330710713924,1.5021253430505608,160838650.29204747,13303723450.863604,222815657.38028222,159785972.92625868,212162094.86570084,152146070.6342138,1.8866326998830314e-07,8.623946285094519e-07,1.9239710009246552e-07,8.794622592453983e-07,0.98583031,1.0908024,2435,10479,2546,10518,1.6416511743401524e-09,1.4282820742254126e-09
1115,1161,0.6247995189034068,0.7429000769875755,1.1938518083880467,1.2137898986162028,155771227.8156144,6984673646.229626,98724686.39982155,106089294.57495612,98045224.84305348,105359146.93025863,1.1689374537674114e-06,3.1587115533034998e-06,1.172171075303294e-06,3.167449469666334e-06,0.98583031,1.0908024,7668,19564,8282,20226,2.0827161251300915e-09,1.6760419597095738e-09
1116,1162,2.786447037638716,2.141413442335044,3.071768407607351,2.413252129455624,161873082.68988785,40459420314.033905,461462604.8191867,325015292.8549295,386407491.73497474,272152808.86474085,2.0244790157704918e-08,8.980982358117517e-08,2.1734500795703643e-08,9.641846948678591e-08,0.97743732,1.0665258,805,3354,838,3407,1.2806698542415864e-09,1.0553642740300156e-09
1117,1163,2.3771068234925004,1.3122429008003706,2.724593274317805,1.726574160189961,169539072.57829165,20754808096.158794,535429773.4721916,221637943.7304211,479546733.8073825,198505494.5944802,3.782522942745467e-08,3.279071559933892e-07,3.953030842577647e-08,3.4268849674258617e-07,0.75268972,1.0037832,996,6707,1043,6780,1.2880192772042869e-09,1.1739749895038543e-09
1118,1164,0.5964117468460923,0.7948355095244986,1.1987878749356098,1.2902815430950187,167220694.04922715,6792038689.936064,102034559.35846148,124622344.39866129,94669450.07539561,115626792.38786215,1.198908116496117e-06,2.5295297769220637e-06,1.2353808812588165e-06,2.6064822499635794e-06,0.97743732,1.0665258,7530,15501,8331,16109,1.86845184576861e-09,1.4325240091898215e-09
1119,1165,0.5500292145064936,0.8299992431744179,1.1525198511972168,1.3104672517567046,169864811.23149276,7418555552.3440895,104071377.29951693,141832775.35606343,99145713.33719634,135119876.87835187,1.0453259280332088e-06,1.8467045041768487e-06,1.065797425419186e-06,1.8828700726527582e-06,0.89775509,0.9940415,8056,13583,8638,13782,1.8859948746317275e-09,1.3746403646881819e-09
1120,1166,0.42522110404432883,0.7112250308349348,1.0857179943708868,1.2236511289730765,168196520.96777236,5584815818.1072445,89901959.87258746,112035128.62613484,84368396.74044092,105139244.95297024,1.783153588301337e-06,3.4541962919625794e-06,1.8290454489541143e-06,3.543094688566259e-06,0.79554117,1.0677506,11961,17788,12518,18067,2.1205740692771074e-09,1.4858828524073784e-09
1121,1167,0.3348417145108554,0.7100006172662312,1.0371868115704836,1.2370083708444954,169347589.03383955,4155020757.2690935,61244316.933155484,101815341.24057557,60273420.12561604,100201278.17776264,4.030826831803317e-06,5.20544963034447e-06,4.056674150654527e-06,5.238829113506051e-06,0.9258759,1.180931,17530,18043,18089,18315,2.35821949456469e-09,1.4884554750007642e-09
1122,1168,1.1913117935971413,1.2090228181956635,1.642029765310166,1.6200924753411838,171006800.25333875,14436177542.674492,320173650.3813963,174491030.0053858,290073574.68423104,158086828.0812676,1.1957787013959028e-07,6.262490722544204e-07,1.2439467275736442e-07,6.514754637856657e-07,0.63628727,1.1848811,2476,7466,2713,7630,1.447584142773857e-09,1.1807246352384676e-09
1123,1169,0.7767774035277287,0.9849720343949067,1.3273641462683705,1.439977292783939,167316805.5132134,10330633273.22139,80493874.88764949,228471798.43921453,72950526.45286445,207060947.17190394,8.185193343973219e-07,7.807006962202482e-07,8.513785496946044e-07,8.120416935330705e-07,1.6146311,0.7213248,4839,10855,5237,11181,1.7086864992118887e-09,1.3219517235364777e-09
1124,1170,1.0218561689560797,1.2461686790059021,1.5218906315003053,1.6621203448357622,167381100.75033906,14357683852.86783,174987599.58172363,195574345.42380863,154744577.55259192,172949794.92874217,2.392929260044787e-07,5.702673669726032e-07,2.5135445886992836e-07,5.990116290938528e-07,0.97743732,1.0665258,3256,7567,3515,7677,1.5864464007863565e-09,1.2309171440671141e-09
1125,1171,0.8330401795058795,0.7615062568735012,1.3390942248069502,1.2239941220496735,168625923.80814978,6386341802.962429,130352767.2030246,97389946.33262035,119735021.92713134,89457152.38600528,7.085389865918238e-07,3.1986524452737904e-06,7.330327439156012e-07,3.3092278945295953e-06,1.0776309,1.3185108,4016,15328,4199,15493,1.6204982972018107e-09,1.4214269626958846e-09
1126,1172,1.145740416053469,1.0086889619959951,1.6304313293962718,1.46229307729237,168774257.1278476,11670967295.099216,197835179.42692763,159621764.64360616,173876659.85315424,140291020.82093516,2.3826724084538358e-07,9.615299386805967e-07,2.508933952046103e-07,1.0124829164534713e-06,0.97743732,1.0665258,2657,10239,2845,10522,1.503046934832017e-09,1.2894001477047297e-09
1127,1173,1.2663760129674662,1.065784364774665,1.7049342121520805,1.4857078256233898,168867687.27573162,13434700230.135883,149280916.56552508,200392335.62205166,137542855.18424892,184635348.12501645,2.66253607205631e-07,6.38492290705413e-07,2.7511989896164714e-07,6.59754195822023e-07,1.432534,0.89812088,2296,9290,2497,9551,1.4519388207776918e-09,1.2563012629205846e-09
1128,1174,1.363168232172577,1.3688683356946187,1.7883769437577777,1.7408212226907074,165777628.64486098,18317564099.488243,231199272.1677305,212772861.77089334,203763658.52703476,187523846.17478728,1.2470386370335224e-07,3.96332235070646e-07,1.3116676350194885e-07,4.168725410896212e-07,0.97743732,1.0665258,2139,6578,2337,6807,1.4658368577554833e-09,1.1889372206276418e-09
1129,1175,0.37781330657471235,0.6951696527836696,1.0590899472079185,1.2271498435367374,169514660.82729647,4530415812.798989,72798648.85854809,113177548.27543527,74387376.83051705,115647488.85212687,3.2883852142604644e-06,4.7516587355367196e-06,3.260110471071764e-06,4.710802229466502e-06,0.87975389,1.0412087,15671,19706,16934,20675,2.2369709066929945e-09,1.4995573799782518e-09
1130,1176,0.8839798734259621,1.2774213134539343,1.4120046101941817,1.69791291945938,170335158.117508,13449412034.590279,154048600.79693493,204017344.36227483,146814222.18532115,194436350.41090328,3.1795354800655214e-07,5.677813058563666e-07,3.241302225200831e-07,5.788112199527178e-07,0.97743732,1.0665258,3970,7011,4375,7160,1.60501890281441e-09,1.1765592574304502e-09
1131,1177,1.0732795012206253,0.8281070271215949,1.460422523854903,1.1777188924724948,163165601.09309617,12136883561.983421,265359852.62229624,142314144.8271566,234949059.83644086,126004646.89042452,1.5012929454126116e-07,1.0283013660312685e-06,1.5761953653559547e-07,1.0796053177231342e-06,0.65994269,0.94943887,2584,13052,2761,13145,1.4517250316966638e-09,1.3961502114568465e-09
1132,1178,0.9474226674629889,0.8430206938112108,1.3500764247148023,1.1764557327027598,168730047.3635497,11563331233.94071,183966024.618061,164475820.57395327,167688999.01371914,149923257.68449816,2.2664541975477564e-07,9.093760127016972e-07,2.35201543485282e-07,9.437059969151385e-07,0.86895758,0.86482573,2899,12178,3016,12159,1.438895761639431e-09,1.3353525654395252e-09
1133,1179,1.6507873892268803,1.765466056501909,1.9634286953213593,2.0196066466981373,161100039.96761292,37375579725.96672,343592832.9207081,327469684.39092517,309438470.43788636,294918020.8193978,3.26784730825579e-08,9.892353595418027e-08,3.407608335548396e-08,1.0315435021941372e-07,0.77400309,0.86852819,1429,4207,1578,4257,1.313437322281912e-09,1.0983546414174875e-09
1134,1180,0.760354130988203,1.0324562079363462,1.186325218390652,1.3539665234251455,162699766.71133333,19243922043.95862,239523263.3493036,239628312.73068276,226614117.04191786,226713504.76933172,1.285305565575445e-07,3.576431235097763e-07,1.3141068639068247e-07,3.656572382636947e-07,0.51648194,0.70100391,4411,9495,4789,9818,1.6332966981142475e-09,1.2926224463517046e-09
1135,1181,0.9162611713227122,0.784611563304803,1.3249715992156084,1.1266658200043675,169944129.17757994,11029158181.021366,177513442.83482927,179061065.68450728,163696794.33108836,165123958.9180631,2.599960541652553e-07,9.79343563408729e-07,2.685611487495281e-07,1.01160624630992e-06,0.87719107,0.74466288,3093,14194,3269,14505,1.4425580597883777e-09,1.3637743874538577e-09
1136,1182,0.5237242564526488,0.7392679139457548,1.0188672419242333,1.098180777684125,164783444.95304024,8240862839.569317,109067071.46562937,128822776.3997845,100388787.15849674,118572563.72048092,7.17826060979454e-07,1.7126334976699603e-06,7.420319400108902e-07,1.77038537033563e-06,0.7912662,0.94563335,7310,15063,7476,14925,1.8607027343504652e-09,1.447359049688758e-09
1137,1183,1.6790103425154763,1.26770042383294,1.9903600621029458,1.5575446960451427,163788743.84221753,24657062021.30448,481665345.39775914,229582248.20818034,411249303.47364384,196018959.1542216,3.4339332260608275e-08,2.4846558781604105e-07,3.658035671221785e-08,2.6468073881121737e-07,0.57094204,0.90440381,1355,6692,1483,6774,1.2737647668214585e-09,1.187626530124938e-09
1138,1184,0.8461643204885324,0.7418941727097775,1.2695353612855433,1.0943958305375578,169007705.84618452,11064977188.54299,134398317.70753303,191339140.32922918,126429956.08690499,179994805.90354657,3.3513488914732186e-07,9.010856672821475e-07,3.434291702096651e-07,9.233867109147662e-07,1.0640631,0.65530676,3399,15158,3485,15215,1.4968495049226932e-09,1.4087018536020648e-09
1139,1185,0.5053810426645389,0.4713961948268488,1.003564822892552,0.8823739941856871,167142054.40031886,4462783468.564598,116055911.22442989,89346074.03155826,100060863.76890914,77032227.37763256,1.3735574809753447e-06,6.63724109192488e-06,1.457498263159312e-06,7.042855867073664e-06,0.72784251,0.88185328,8027,33219,8422,33589,1.8546881046870466e-09,1.7516084037598283e-09
1140,1186,0.2760998825230293,0.36948149952514564,0.861410329865953,0.8102841993711697,169794763.52730206,2258200845.14542,56944662.697953515,68482254.78871839,54897496.685410164,66020311.24873432,8.479416396581377e-06,2.1117726794141314e-05,8.60451024552343e-06,2.1429269193055804e-05,0.8232609,0.91609168,22304,51375,23259,52056,2.435560298209127e-09,1.950943941247461e-09
1141,1187,0.8268091917844994,0.7159183969698317,1.2516194170706085,1.0758576355540908,165774852.74657518,9553145417.451448,243559593.5056014,127620734.27704498,214808027.70675,112555444.15214664,2.165448305247169e-07,1.553337370947166e-06,2.2770350394139716e-07,1.6333816942696095e-06,0.56275415,0.92995286,3584,16007,3676,15957,1.5439656431072976e-09,1.4563196507851808e-09
1142,1188,0.8527535702093401,0.7714187918691724,1.291264883274918,1.143296021586813,162289725.98048162,8504543936.479532,169944778.028538,115661912.18765551,159452834.19305447,108521249.78746262,4.439143119769437e-07,2.0996399054752507e-06,4.553752048526015e-07,2.1538479978589854e-06,0.81434184,1.0824077,4104,15921,4636,16497,1.6112834391727287e-09,1.4696716162382255e-09
1143,1189,0.7360112396665135,0.7296969057076147,1.1969475188003942,1.1019736541869296,166795444.86541614,6738410796.855581,144900105.37210572,102559095.92735139,136728384.2574297,96775219.3211929,6.02251598120692e-07,2.9588990954520047e-06,6.163990616880206e-07,3.0284064529798793e-06,0.84722728,1.1867316,4548,16475,4790,16801,1.6198950095704824e-09,1.4478284506399856e-09
1144,1190,0.5224904286838988,0.518772326970702,1.0316670738632556,0.928674689125961,167867905.80877104,4427147075.205752,114186648.74803963,85557761.40573815,105725728.94264309,79218164.21184441,1.3963513277933504e-06,6.585591315744801e-06,1.440020112688175e-06,6.791545766353556e-06,0.76812285,1.017853,7695,28382,8048,28644,1.8324449633242642e-09,1.6716881322123332e-09
1145,1191,1.099353204480179,0.7403004268894349,1.4872405148710441,1.0979060851971307,169439928.3334272,10738823884.220493,744906646.4157636,151194989.83358666,676683174.069447,137347553.70525327,5.6002771107336636e-08,1.2625873082687393e-06,5.81963980561834e-08,1.3120428171645727e-06,0.25006399,0.82963365,2331,15912,2405,16343,1.369956660682659e-09,1.4045476177050623e-09
1146,1192,0.25920086107122386,0.402647137538097,0.8746541767463838,0.8649422879717152,161906691.2790487,2549751384.3215036,47484918.005557746,67858389.57896632,47323380.011105284,67627543.4783565,1.0166226277350466e-05,1.8011598870915333e-05,1.0180093022580933e-05,1.8036166714077823e-05,0.8837828,0.96069574,27696,46856,29330,47804,2.652337819090221e-09,1.9649956673594055e-09
1147,1193,0.6572164950862247,0.6880811649258034,1.140820106704611,1.0745386392911642,165887522.9643533,6115374177.141443,181728892.21946442,91508133.90203719,168312376.87592095,84752354.63347125,5.892950525317705e-07,3.819580585552737e-06,6.076534464191455e-07,3.938572531222206e-06,0.59992671,1.2473654,5641,18415,6007,18726,1.7160741618265763e-09,1.5060847468791484e-09
1148,1194,0.7165192324187742,0.5985090938817134,1.1754307712209946,0.9873591617866931,168653643.57603973,5121805813.145516,153078421.44711286,87844342.59821105,139971296.607629,80322794.13963267,7.573936303293009e-07,5.124644023292314e-06,7.850035923356052e-07,5.311457354053251e-06,0.78942269,1.1490864,4654,22488,4914,22842,1.6038584172452033e-09,1.556392263353721e-09
1149,1196,0.46470726907275883,0.4117824298400257,0.999535336372695,0.8671339293613783,163134903.8079183,3291900871.351041,111470054.10515687,64582238.35170477,106004384.44140746,61415601.50192848,2.2667686375189975e-06,1.389538502635007e-05,2.312815283657908e-06,1.4177652862017924e-05,0.68009275,1.0401635,10233,43562,10972,43976,2.00728567329569e-09,1.931979635817138e-09
1150,1197,0.3931705464835119,0.47951487398793247,0.9584857387616668,0.9184436557138739,165501509.7547389,3739955978.3161297,106794094.79657963,76817730.31264257,104712973.90899646,75320765.67808217,2.29356032644589e-06,9.692475139860035e-06,2.3116861214002482e-06,9.769073873697377e-06,0.60930634,1.0331005,13231,34326,14078,35088,2.124512017124681e-09,1.7706213296712552e-09
1151,1198,0.9515592339938936,0.7668355984371906,1.3718533654916587,1.1352717369755272,164621581.58124506,8524016332.625784,175222857.29699624,118904705.07064839,168075465.81494147,114054547.45246899,3.532316821772783e-07,1.9989121112642557e-06,3.591651773721228e-07,2.0324893241971277e-06,0.89398831,1.0616711,3178,15644,3368,16049,1.5210285136167023e-09,1.4480002870522145e-09
1152,1199,0.6901401593156025,0.7781414433885597,1.1583585342066254,1.148970681385597,160861695.02314857,9464748959.5981,146847391.928191,119086713.01000108,137634999.28127274,111615871.71773301,4.269355439482872e-07,1.5810924481968976e-06,4.381443886419396e-07,1.6226027416108664e-06,0.75600332,1.0511093,5144,14448,5345,14237,1.737682100864885e-09,1.4678728559021573e-09
1153,1200,0.5259279043262376,0.6450551935032565,1.0381073238173306,1.0289372892304602,168381759.30653015,5726562180.543789,117137932.40861477,103334190.20447499,116469392.9124932,102744432.59111327,1.0674891239790068e-06,3.667875503607201e-06,1.069935890264139e-06,3.676282553307939e-06,0.75600332,1.0511093,7680,19716,8086,19983,1.819053339140544e-09,1.5048780972918112e-09
1154,1201,1.445504549964156,1.2157413563997566,1.7928730344797255,1.5186118775738873,162836664.0068873,20468024564.84977,282314488.23429066,209018020.23884973,247523043.92814514,183259374.78071892,7.686603223360689e-08,3.407128616015116e-07,8.101799205100886e-08,3.5911664893818933e-07,0.83375508,0.94713014,1756,7352,1887,7363,1.3640153085824447e-09,1.2297443541796182e-09
1155,1202,0.7066886306822482,0.71541791896063,1.1734598895370874,1.0897343811010414,165331735.8554031,8279473536.968504,158070367.1052831,129642158.00048485,149350786.17733878,122490752.52797367,4.946742406389288e-07,1.9783544130243544e-06,5.060302453265592e-07,2.0237705680258383e-06,0.73915219,0.91236746,5110,17461,5541,17953,1.6669687377640897e-09,1.4785781981527923e-09
1156,1203,0.5931354362954968,0.634793999803419,1.0905315694122286,1.0292485752762244,164169251.68243623,4913674245.580864,93501991.34656961,82321756.99339345,89118690.87317842,78462577.19194877,1.5857553019123456e-06,5.610243964217293e-06,1.616504794122587e-06,5.719032598168074e-06,1.0414174,1.2659309,6894,21306,7482,21776,1.8021918519768485e-09,1.5725708835451245e-09
1157,1204,0.6259515803189323,0.8469730001210061,1.0614855653288566,1.1692111724450498,184786632.97133103,5009338247.948726,107864592.6568038,121471671.89506172,95061681.7523116,107053678.42392904,1.0761205183354143e-06,3.3475642710625047e-06,1.131905780870143e-06,3.521099436066109e-06,1.0723397,1.2884427,4894,12575,5027,13015,1.5659886296097008e-09,1.285627306863403e-09
1158,1205,1.7539832096554069,1.3427922574231739,2.058367208603589,1.6071833491091536,174006096.11403292,20453878622.911476,346432297.62672824,227454449.15831727,336618187.31093925,221010872.53122705,4.755157651666727e-08,2.599043422524864e-07,4.8101347073196e-08,2.629092427279585e-07,0.8809911,1.0272564,1085,5385,1104,5175,1.1259714413151876e-09,1.0701598669896273e-09
1159,1206,1.4099578986977694,1.2326184115174947,1.7400945432419412,1.5030935197250996,177802619.36096305,19713915563.53325,535535417.219805,258487885.86987117,483295941.8536732,233273360.15942627,3.7446816527182644e-08,2.82694494564994e-07,3.901619584847119e-08,2.945420943119677e-07,0.46811882,0.84786481,1482,6491,1577,6573,1.1718472039095744e-09,1.097694992922394e-09
1160,1207,1.353601107961469,0.700542203089032,1.6687887543192543,1.0551956925725092,190724958.08420074,9088365858.198883,254509109.45765546,243063211.35404465,226137493.1704781,215967536.15105787,1.733327199937561e-07,1.0219894273436218e-06,1.8172423750765165e-07,1.0714667688339014e-06,1.0143665,0.54969603,1462,16682,1553,16897,1.1316399232992693e-09,1.4011477710409984e-09
1161,1208,0.524204476004551,0.4695652241316733,0.9821325609971814,0.8789576303344576,189432382.93733412,2985955929.1073127,116250265.01137204,91012287.66743362,104791892.9520742,82041532.59896746,1.5087515445302782e-06,9.226699858974999e-06,1.5726940153466927e-06,9.617737063611633e-06,0.85420281,0.97735,5522,29167,5274,28189,1.6723364891738005e-09,1.694508036149387e-09
1162,1209,0.4726197835380202,0.5250418326306203,0.9488682671424138,0.9154881732674655,187907698.4576586,3238580344.3001122,84653476.69811513,108598208.305406,75827235.93317156,97275413.65441738,2.4849003544295735e-06,7.198379204137996e-06,2.596789865575862e-06,7.522506136938687e-06,1.0490874,0.90848094,7542,25870,7671,25661,1.7639939030500174e-09,1.6015650818275072e-09
1163,1210,1.2700302649285313,0.954790009798687,1.6152791736643595,1.2666407048037718,173376546.2972836,12409107471.685385,355990145.38657486,161145936.2414738,316262694.2372631,143162524.6417192,8.548502054805113e-08,8.000096600220415e-07,8.962847853447657e-08,8.387861192634893e-07,0.61853808,1.0272564,1708,9693,1715,9664,1.257816814142052e-09,1.2450433573794417e-09
1164,1211,2.3585383011022594,1.8854386049262304,2.6176475489857114,2.091277226084393,178609951.9452504,28590972614.850845,478164209.1740848,327822828.4794273,472904310.14763874,324216713.7948003,2.3418344140283557e-08,1.2618404156443634e-07,2.3522187160820554e-08,1.2674357437944342e-07,0.8809911,1.0272564,696,3368,760,3512,9.876645939009648e-10,9.189968653229705e-10
1165,1212,0.7166956781891352,0.6372044772140665,1.1537030030107904,1.0001197270842215,173194795.80497193,5816025235.055364,140895817.94671154,107432282.06424816,124983877.46093145,95299515.43305977,6.551358279076878e-07,3.449666041245953e-06,6.873041941764307e-07,3.619050947386791e-06,0.8809911,1.0272564,4192,19314,4325,19531,1.5374174784404794e-09,1.4766149070060397e-09
1166,1213,1.1146282698584176,0.9898262605283339,1.48285103925244,1.2963611343880286,174765052.65378124,13246311722.301651,260023495.61327395,186770626.74643448,227574091.22300735,163462749.96697468,1.1514759089294408e-07,6.379627086362747e-07,1.2145370459382315e-07,6.729010460029808e-07,0.74915564,0.92620045,2032,9132,2036,9124,1.294028687028604e-09,1.2171778848378421e-09
1167,1214,0.6631625611056119,1.0839652727192592,1.125777319324913,1.3851168687812687,175354194.8005533,11968479263.293344,135933653.38092756,227901475.89864114,135715208.93648922,227535239.79704937,3.786170537118918e-07,5.228539163577965e-07,3.788607018332679e-07,5.231903839659662e-07,0.85547864,0.83403522,4988,7651,5297,7503,1.5587497380677937e-09,1.1540679351279108e-09
1168,1215,1.0873132523269453,0.9811110038298564,1.4530996868372668,1.2833060522077941,179452155.016499,10286459084.599697,221478635.03736722,171390982.76503155,194131268.50717154,150228255.15089858,1.8996218657258602e-07,9.520122697869159e-07,2.0024500806212847e-07,1.0035455375529847e-06,0.8809911,1.0272564,2132,9418,2218,9533,1.2744184402579187e-09,1.2070780174016727e-09
1169,1216,0.7617061968152639,0.7029274219602641,1.183511329902807,1.0572911430333123,177896457.58138147,5285607793.264353,131922646.17381215,100840620.06055196,118064841.03834933,90247824.18305556,7.186334157143594e-07,3.72655231897848e-06,7.512542025983246e-07,3.895710983676117e-06,1.0271537,1.2400588,3637,15929,3698,15884,1.4730749158011884e-09,1.4061923890685109e-09
1170,1217,2.362249021114622,1.1787138548836251,2.622157824521475,1.4630391198406207,176205189.5697537,16796022627.7741,472468492.1067501,202184671.9555744,427318854.65323526,182863670.04760063,3.8447583133887484e-08,4.102047745164937e-07,4.0023711837868486e-08,4.2702079952836624e-07,0.8809911,1.0272564,714,6811,733,6707,1.0423750043811852e-09,1.1341213311601228e-09
1171,1218,1.0673487657058518,1.5410952244775138,1.4525685450311645,1.7953568786829432,175090347.2272556,22771555861.829422,289361171.7982183,302310788.1290224,275244611.72780186,287562477.65585977,6.863584155090034e-08,1.8296843601556497e-07,7.002280992105538e-08,1.8666579628326313e-07,0.645845,0.89256126,2311,4633,2420,4668,1.3076224934442488e-09,1.0205616687040597e-09
1172,1219,0.4154327774794271,0.5167879754558073,0.9100593293756685,0.9069200244736729,185550202.3538393,2874441659.0961223,101519174.27467054,88038876.8164651,91715707.82953206,79537170.79979944,2.7440533920873833e-06,1.0189877033583768e-05,2.8578162354998775e-06,1.0612328502169204e-05,0.75930125,1.0891792,10005,26937,10388,26892,1.8899894265924007e-09,1.6108785827476066e-09
1173,1220,0.13216515106085944,0.2799369952360329,0.7512530335269739,0.7399136761948083,183028818.2524057,818049286.0575159,25130291.053396117,47656575.47360334,23054965.46220799,43720970.01409587,6.785459637496374e-05,9.650789162164157e-05,7.023482239045813e-05,9.989322742216666e-05,0.96258461,1.07512,57915,74371,57666,73432,3.5470060338397828e-09,2.2054177031482268e-09
1174,1221,0.6199204552116188,0.5596318535531281,1.05908004638258,0.9472319248975528,186731998.62109312,3461288067.122695,149162696.0205044,100003640.76722936,132734516.24470907,88989641.74074179,1.208496809101825e-06,7.682528939582015e-06,1.2662400602142228e-06,8.049608268542965e-06,0.77605855,1.0449737,5152,24971,5390,25447,1.5652827699133358e-09,1.5580212155581785e-09
1175,1222,0.9521947134942776,0.6143040189415546,1.326414673161203,0.9928820877670673,187994741.09791717,3986305015.4314995,255216931.08275127,101870692.95450303,223588233.5008928,89245992.3664859,4.627508306211042e-07,6.038667035817457e-06,4.879006783217831e-07,6.366859977280312e-06,0.7013939,1.1336521,2530,20976,2630,21234,1.3091202402433923e-09,1.4950328205253109e-09
1176,1223,0.45879647121248757,0.5309811858782665,0.9491134826690711,0.9127968285611141,181012337.45881227,3321232831.118347,104416188.46175134,90613754.76746011,93156920.94598396,80842812.91864228,2.1246266283908587e-06,8.519189695885486e-06,2.223840854258306e-06,8.917012447140074e-06,0.79535389,1.0607015,8546,26391,8872,26675,1.8150699222915679e-09,1.58719376833537e-09
1177,1224,0.8292331431470705,0.7721010240445703,1.23315244100921,1.109977548749547,180578859.27414855,7057526392.630745,158652339.4303434,144860862.3326279,137646954.19687527,125681452.6278929,4.4399967213327696e-07,1.9387190217760876e-06,4.699531871005971e-07,2.052044720660816e-06,0.94383717,0.96247613,3214,14048,3320,14216,1.4097993450107717e-09,1.34219497129558e-09
1178,1225,0.912877532249391,0.788468660739744,1.2932729452474359,1.1273220316287815,187286143.38479945,10311244499.979992,284008341.43946934,243266826.63852984,253347312.92628244,217004178.6118128,1.665043199085553e-07,8.17119498700312e-07,1.7428957983400933e-07,8.55325640685291e-07,0.60198694,0.60702586,2729,13723,2852,13880,1.3333654051332737e-09,1.335353190861334e-09
1179,1226,0.6141501880589276,0.47951592670427257,1.0678663182802297,0.8798832249102623,179082013.15573987,2691482627.9760804,110647291.82117753,69498655.30683936,97697884.29909953,61365004.722248726,2.0751677975384047e-06,1.4889754387207644e-05,2.1810994654388578e-06,1.564983582194078e-05,0.99399859,1.235602,5372,31977,5619,32434,1.5988317070355364e-09,1.6764779593671876e-09
1180,1227,0.170629961448095,0.24190429088372317,0.8767851153164953,0.8464394480385993,151844858.98596892,851356925.6440928,25300768.58937063,26365652.38318862,28298933.63444485,29490007.166586936,8.924515264443034e-05,0.00023336424337276843,8.533557009561863e-05,0.00022314120328182,1.0240512,1.3931733,69017,137516,74195,142607,3.7087639109128916e-09,2.83249495708567e-09
1181,1228,0.36340870052030105,0.4569698559131193,1.0003131361342814,1.0048709538396436,144054076.557508,3195355576.7291956,66410298.87126534,45638196.69002355,70044302.38119502,48135540.77335468,4.886107529754639e-06,2.0164218235127752e-05,4.7830846674556414e-06,1.9739058644194883e-05,0.78828895,1.4423964,18659,43988,19806,44670,2.7859144777984506e-09,2.216418901994075e-09
1182,1229,0.35573082972516695,0.40483370133869306,0.9782629292690783,0.9430436755960256,148979696.0990185,3058521081.843218,48239130.11329996,60069997.79595873,49043292.92351589,61071385.21989871,7.603927830010021e-06,1.7925654172427388e-05,7.5538076950918904e-06,1.7807499946650546e-05,1.0986241,1.0040287,19499,53240,21169,54606,2.698203971482211e-09,2.237109238385761e-09
1183,1230,0.49545860072113396,1.0900711078732461,1.0697324590686685,1.4857915880721515,150093402.25845063,9811039028.340435,74418796.6874666,129265285.84397438,73147771.76498564,127057518.3546757,7.340503485172869e-07,1.2477736343151376e-06,7.391259770737742e-07,1.2564014287207315e-06,0.99927801,1.2657109,9191,10831,7207,9672,2.4299865850313222e-09,1.5975587724253026e-09
1184,1231,0.4129993740461861,0.43242482908221963,1.014691026017487,0.9582676845388284,143367101.944709,3426547797.7551394,63110087.46194263,49255140.270126835,61878670.73979811,48294064.06472965,4.477279451875987e-06,1.750419010074643e-05,4.512708951632199e-06,1.7642703835609964e-05,0.93821013,1.2586604,15098,46785,16352,47653,2.6090603758938375e-09,2.2302398799886373e-09
1185,1232,0.3128333685289497,0.44608936649031883,0.9395865458645306,0.9623900691266607,152221266.83630148,2656639935.3317437,53879321.88628325,50685970.374510214,54247326.57718626,51032163.945768565,8.771912770365687e-06,2.3288926900767245e-05,8.748061282728434e-06,2.3225602564718772e-05,0.883825,1.3397058,24077,44759,26367,46182,2.772051496793781e-09,2.093374740155991e-09
1186,1233,0.29591855044954035,0.4637876445651957,0.9474579221056559,1.0076589529266822,150445353.64301723,3108177493.7006083,51543914.27158356,62437821.369937725,54668612.25697272,66222930.3862759,8.1745930847659e-06,1.6209396400852054e-05,7.984392574838331e-06,1.583224790806583e-05,0.86372119,1.1175069,26936,43482,29417,45084,2.910733170512818e-09,2.1127301286463847e-09
1187,1234,0.27328784097774644,0.3711719850700769,0.9256444088204414,0.9208019800316675,149015355.08913815,2509076635.490162,41483396.33655311,56746822.73714941,42521254.25608096,58166550.73887762,1.324094924024901e-05,2.5076902582773544e-05,1.3110716195025379e-05,2.4830255508694925e-05,0.98169601,0.97468585,30792,62273,33842,64554,2.988301515139266e-09,2.312119193506022e-09
1188,1235,0.19778099746639688,0.3014583976482221,0.8875503553070558,0.8755528454528009,152607663.74313834,1350359620.370603,28453487.306922197,35767818.75659412,29067223.4319803,36539323.57245942,3.839080225160483e-05,8.340219946556968e-05,3.806448592099972e-05,8.269329269369147e-05,1.0607802,1.2862082,47594,86828,48871,87562,3.444735558009706e-09,2.542738863879564e-09
1189,1236,0.48473656737989845,0.5767183243369529,1.0711121766458025,1.0796495191886797,144536030.0934766,5505468259.576345,85683500.73559058,72775836.48880692,90472335.62132545,76843264.42562293,1.908060601244545e-06,6.532837904485107e-06,1.8670017455578688e-06,6.392260163626275e-06,0.8176825,1.1453881,11991,30599,12847,31401,2.5024581266193573e-09,2.012598571308668e-09
1190,1237,0.3554821187994796,0.4396216196175984,0.9711418122300491,0.9584519699276461,152783659.12642032,3311109844.84325,58667326.46069902,61415134.54306221,60475733.59907685,63308242.24733964,5.294354605318113e-06,1.4458167939084581e-05,5.230450386618025e-06,1.4283654141868624e-05,0.92575991,1.0936555,18291,44129,18936,43773,2.6623370256525624e-09,2.1317040392016816e-09
1191,1238,0.717970090006138,0.6585642836720731,1.225404986032359,1.1230608306716987,144663250.11331418,8295903104.067426,143501094.6618701,93477588.87460157,144265561.79681742,93975567.96470632,6.317485197314334e-07,3.0783237426651167e-06,6.304073239442863e-07,3.0717884921561126e-06,0.72378463,1.0191753,6608,24265,7241,25057,2.1758338574058786e-09,1.878976658420566e-09
1192,1239,0.2652558204708851,0.36966952862651725,0.9236769487691088,0.9185600756378329,151206412.36694044,1713196906.7837267,33234788.585441604,36043311.23351028,34613049.74301574,37538043.04851161,2.2418334336187595e-05,5.477548471604056e-05,2.2056904525165113e-05,5.38923908700528e-05,1.2068192,1.5508121,30355,60402,31825,60511,3.0403822735630302e-09,2.326960555154205e-09
1193,1240,0.6496554055971686,0.8002296098347949,1.1903521002735382,1.2563182405533548,145121680.49798208,7604609983.664524,117968907.78969763,84571234.93647322,121437948.96207304,87058170.7019231,9.179811442592925e-07,3.45197020267832e-06,9.074005009345395e-07,3.4121828217385017e-06,0.79918587,1.3731698,8010,18755,8735,19117,2.305703758475625e-09,1.8128416860433199e-09
1194,1241,0.3318104432268692,0.4192331811333256,0.9546662540556866,0.9472129360264577,152580172.64585745,2569256773.7347317,51443192.259801544,47364678.69511838,50978043.0167228,46936407.36365752,7.847495934305432e-06,2.5019599266506365e-05,7.876059707136627e-06,2.5110667061349288e-05,0.98414761,1.3505142,20034,47808,20487,47598,2.7393922058479964e-09,2.174883740758023e-09
1195,1242,0.15529011391474806,0.2722992044824636,0.8753500649983313,0.8710639255680958,149822689.6523425,1080640091.528878,20193432.627586436,33956706.5888959,22308379.257205706,37513141.17223893,8.441046697596301e-05,0.00011795165917920583,8.111350257083298e-05,0.00011334461889413538,1.1521559,1.2014298,75502,104363,79171,106093,3.9142706951220446e-09,2.6890904715244435e-09
1196,1243,0.6236855962459074,0.7061899295667108,1.159733085024338,1.1602069336196454,142603743.37197518,7135394801.98996,89004160.82592341,79564241.31909147,91058175.72684051,81400404.21005125,1.2329582096265314e-06,3.882244714710739e-06,1.2217571870960426e-06,3.8469757897959864e-06,0.99927801,1.2657109,8152,21667,8804,21886,2.3089991529508952e-09,1.869757235466718e-09
1197,1244,0.6128666286122122,0.726633975013725,1.1601797982976463,1.1928123773360064,145594275.00281376,5765101606.857489,93667032.47165917,65547591.28384589,96229673.00597052,67340910.76795873,1.488156095985366e-06,5.965951866154198e-06,1.4721755077656588e-06,5.901886395892843e-06,0.95262837,1.613999,8432,21052,9006,21310,2.311855429230825e-09,1.8397114856684237e-09
1198,1245,0.5201603957266546,0.7410418544511876,1.0860166912924178,1.1870962588939744,147248737.88447744,6270818377.753089,76648301.07513346,86210427.5056097,78926882.3306286,88773269.23056783,2.0123183211696684e-06,4.386417788208354e-06,1.98887603706227e-06,4.335318689758981e-06,0.99927801,1.2657109,11174,20757,12628,21732,2.3805231225814535e-09,1.7900190856848004e-09
1199,1246,0.5703030927645854,0.9424897751068877,1.1206902034283817,1.3676205176111091,150273907.82575816,8785723494.835962,86563422.79070811,128674650.45843008,90591451.78224291,134662228.18829083,1.1513324596517889e-06,1.8713416358782155e-06,1.130575654690133e-06,1.8376041406595902e-06,0.99004489,1.1006956,9506,14585,10217,14937,2.3360663042486873e-09,1.6716011106536485e-09
1200,1247,0.6126527197323752,0.8993094231906652,1.1617972607149807,1.3320828669590477,146364702.42252794,6741309360.272847,89059013.3668685,75461656.45272845,96534411.41720998,81795725.27065365,1.347657523868968e-06,4.038001808939122e-06,1.3049018020893331e-06,3.909892345792275e-06,1.0068687,1.7442919,8469,15458,9023,15606,2.313905989235637e-09,1.722192570780809e-09
1201,1248,0.9142607059587973,1.04612431044356,1.3818247924771245,1.4407418594425843,146798492.62248427,13978055011.916374,142558674.3632206,149145908.62127927,141703232.76356265,148250939.4780593,3.26994532690951e-07,9.124581165424522e-07,3.277827144374099e-07,9.146574891923514e-07,0.94145161,1.0296593,4647,12166,4855,12387,2.045741824868605e-09,1.6170205478396886e-09
1202,1249,0.9868951766769788,0.9444737313806914,1.4615388143755106,1.3834655018903848,170021893.16460338,9428549708.921822,152863236.53668284,158790703.75708765,144224499.9505552,149816989.12718624,4.699879008970862e-07,1.359479710900921e-06,4.810522843759926e-07,1.391484374902887e-06,1.0976726,1.0112759,3605,12197,4037,12675,1.6203398357763433e-09,1.3800721112492277e-09
1203,1250,0.7599362730382064,0.8056128740758483,1.299699062913516,1.2918150811499096,165168424.53175136,8683213944.894667,154545210.93247536,145038289.37370488,149099878.62586907,139927929.25282982,5.833697313203133e-07,1.734221965164613e-06,5.918003208538936e-07,1.75928413888304e-06,0.81217319,0.91742539,5731,16310,6237,16414,1.8798816453027577e-09,1.5486930363742137e-09
1204,1251,0.3644049926801953,0.5091458663464563,1.0161048891524798,1.0575197845576068,169552381.3426916,3320648884.1689224,87575488.80155224,81538435.32175021,87068239.89764214,81066153.83626258,3.972202539643455e-06,1.0693916587115315e-05,3.9814430375667996e-06,1.071879374607925e-05,0.70551401,1.0587264,17266,32852,18696,33541,2.3176840537615416e-09,1.7710534733527518e-09
1205,1252,0.6414581033184587,0.8213657411527175,1.2524505693846761,1.3611020751687262,163473201.7913773,6865259254.738348,127469366.78723264,119583141.41284016,131579559.41525939,123439046.23655947,1.0399723249143502e-06,2.914335731209403e-06,1.0268541024152092e-06,2.8775742678095476e-06,0.82263851,1.1228279,7875,17213,8679,17819,2.0481478977652462e-09,1.5909657436677079e-09
1206,1253,0.7683623462969003,0.7475145638848799,1.2345834312472164,1.1903811353712968,170743911.45168993,6981305141.6012535,157072133.20452428,117246408.09559917,155537802.61365128,116101107.86352798,6.193750437283169e-07,2.5792324181907907e-06,6.218118233779957e-07,2.589379777423424e-06,0.83524168,1.0885925,4759,16351,5177,16541,1.6485521677667054e-09,1.4577593360099217e-09
1207,1254,0.4819139972845021,0.6725153927660621,1.1402128408265502,1.238008182348198,164605572.43131328,4899939777.950856,75067680.36582331,112186173.95718502,76753262.41802445,114705220.77474777,2.8143677606109365e-06,4.762842181178754e-06,2.7894803592491066e-06,4.720724457033024e-06,1.0567228,0.98675066,11989,23008,13050,23651,2.2234822034286654e-09,1.6828988288224418e-09
1208,1255,0.8659510695564634,1.0281508851736691,1.401342540858871,1.4918589342027166,162815685.12847072,10564104038.208511,125212135.03294244,170106225.9044031,121759027.95712648,165415027.14674032,5.590568794702579e-07,1.1065730740344368e-06,5.653457028568002e-07,1.119020899796817e-06,1.1260124,0.98408562,4815,11630,5245,11879,1.8380608275130713e-09,1.4450277013553905e-09
1209,1256,0.629674425094042,0.6889690589780677,1.1772013918894313,1.172244846700643,170619301.6507058,6565478225.707181,114005400.88083471,140989785.880279,109384180.08509567,135274750.22878584,1.1164013726312377e-06,2.5946856036195422e-06,1.1350336206559695e-06,2.637989765454185e-06,0.94236422,0.83375841,7033,19814,7778,20432,1.8464559525938417e-09,1.540225447859199e-09
1210,1257,0.8685903924634121,1.0595534022507738,1.4064114540867008,1.527460686045371,164521804.56215692,9941599567.79751,163357700.21259132,163940406.68089604,170391017.31852767,170998812.04019254,4.815795723545395e-07,1.3102076442700374e-06,4.7352751857402955e-07,1.2883008545702227e-06,0.87478006,1.063311,5186,12223,5473,12250,1.9366845738467963e-09,1.5211155200890556e-09
1211,1258,0.7619712725034777,1.0146944714807467,1.3277175178031655,1.4955304879525897,162804797.29136682,10823919894.449749,159202018.50587595,166645184.4061837,158876893.42934036,166304858.76934293,4.537534747553375e-07,1.1071731161097275e-06,4.541246707407545e-07,1.1080788462886163e-06,0.77921486,0.99131054,5883,12058,6303,12089,1.9372129635541194e-09,1.4814635905863447e-09
1212,1259,0.363187151592318,0.44079863896571636,1.0499024396794272,1.0556477853658455,163537946.0379151,2419154410.169583,60599530.37924332,59248230.30100341,61931680.203829035,60550674.711191945,7.837227442968777e-06,2.354885372918652e-05,7.769355771402015e-06,2.3344916804079796e-05,0.98012114,1.2166997,18177,45627,19344,46822,2.471025325662752e-09,2.000872210361963e-09
1213,1260,0.4727298952555873,0.7287474660422245,1.136526653168552,1.2845125642615607,165412385.6403672,5299979151.684264,90204989.72859485,113235725.10151751,91098882.1638973,114357842.1637641,2.1162992755368846e-06,4.2099674163641385e-06,2.107968363352652e-06,4.193394680527752e-06,0.86686313,1.0645391,12148,20420,12939,20960,2.2435181637806457e-09,1.6390653539933269e-09
1214,1261,0.35723290464545737,0.5744205050952622,1.0363276735027696,1.138562325262113,166698451.4637778,4209472802.0162635,81488986.56785561,105774256.14946958,84859491.05495615,110149235.14954148,3.384904823890331e-06,6.279452655987935e-06,3.3304725566415145e-06,6.1784734961797775e-06,0.73077571,0.90527707,18505,28828,19498,29199,2.472349468695097e-09,1.774579155046021e-09
1215,1262,0.5758889363478668,0.49817518301545416,1.1277457468036154,1.0238159582434794,171752105.09135562,3946357945.8295527,129523594.28113309,89176189.34366491,126057511.30096206,86789812.76234725,1.6498359785990915e-06,8.240409320919862e-06,1.667834041166741e-06,8.330303955577357e-06,0.76364571,0.9594785,7817,33116,8526,33893,1.874634937875401e-09,1.7423957245428712e-09
1216,1263,0.5181517688980889,0.6086336207137379,1.1339904939661976,1.1575113515202766,166269310.78384826,5334994209.152322,111892582.03562135,110953573.18700415,109662161.51074007,108741870.47675276,1.5731144904716767e-06,4.475715084945512e-06,1.5858354761392961e-06,4.511907941722814e-06,0.76995933,0.912067,10192,25781,10900,26180,2.1284019811723684e-09,1.7181791153063875e-09
1217,1264,1.1627321401585513,1.268846931031643,1.6118721854211064,1.6602820817951476,169446262.31981897,14171360007.965706,235884558.86084422,197503997.05976754,221227261.4965954,185231575.20429325,1.8506754988411883e-07,6.311233343146077e-07,1.8987798883332135e-07,6.475280485448362e-07,0.83524168,1.0885925,2844,7884,3140,8216,1.565465198090642e-09,1.2647904418686573e-09
1218,1265,0.33088065881697126,0.5307923812678096,1.0380384417120598,1.1292569425347714,165726647.25715294,2892070514.818869,56190582.00796545,78068932.71019538,59651756.04562959,82877748.58980973,7.68139140194904e-06,1.3297773088533645e-05,7.499909345053814e-06,1.2983597298504154e-05,0.97588849,1.1267791,21576,33765,22764,34131,2.591850539352335e-09,1.8693546334832382e-09
1219,1266,0.22270272488132722,0.3868140549099612,0.972303405726323,1.0239474165891562,166741357.93029848,1939156627.9632225,52771746.89035614,65221733.53766498,57778743.960432865,71409988.57888842,1.6341617037322165e-05,3.007008501541006e-05,1.5759715687292154e-05,2.8999332774305556e-05,0.70366734,0.98890197,42224,57376,45034,58965,3.028386464505888e-09,2.0964031491567747e-09
1220,1267,1.002945809214769,0.9347939567765842,1.4764681096648222,1.3760142742656107,168867467.50109404,9575439345.133606,202773547.94235542,145009531.22145241,186223698.7516421,133174230.72351314,3.3207511020118445e-07,1.4560890876600774e-06,3.4357920161172923e-07,1.5065324405394603e-06,0.83524168,1.0885925,3483,12391,3807,12808,1.627989631077359e-09,1.3952416414362599e-09
1221,1268,1.073703937424995,1.0571109261050675,1.5229950424253493,1.4628880778693525,167251080.06462386,13722056852.988997,224342616.3731199,196171188.44361827,206029207.62624633,180157453.66416425,2.0516102030190717e-07,6.941749746114129e-07,2.1226971925059956e-07,7.18227696249115e-07,0.8004638,0.90126866,3191,10249,3517,10569,1.6129293323933847e-09,1.3472279865652835e-09
1222,1269,0.8957638046173048,1.3044858578116842,1.4037520892677084,1.7055770127467613,166792591.42674944,11571749429.755154,172849764.49118218,165992834.21989077,164966034.38545796,158421850.7804508,3.5981486324044084e-07,9.053939395507359e-07,3.665969118960359e-07,9.224594540078492e-07,0.86437356,1.3107709,4449,7940,4817,7993,1.776774577895512e-09,1.3186724195522614e-09
1223,1270,0.8274663724607201,1.021699159312635,1.3843246116131944,1.5118867128713767,165272469.83967167,8295990184.493215,102021224.55080038,156386193.8772723,103319669.51586862,158376552.91226918,9.352347420206069e-07,1.634211343950402e-06,9.305155627776586e-07,1.6259651401831005e-06,1.34048,1.0797548,5436,12406,5788,12556,1.9248882893752574e-09,1.4910681891803154e-09
1224,1271,0.293051568133765,0.5355629357464302,0.9976328296883036,1.10750889222396,166933277.30913827,2497647634.9990106,44680210.53482807,75246757.45446268,46753222.57467019,78737954.83905399,1.198196071224909e-05,1.5673411354046146e-05,1.1766555705316641e-05,1.5391643506324693e-05,1.0948932,1.1881346,25693,32244,27333,32948,2.6571166002270828e-09,1.8081472632425873e-09
1225,1272,1.0407287030886079,1.049855586129012,1.5135015099560858,1.4786039359975987,168987079.69338685,12574238250.473663,239107773.27263,185055390.91628513,217909717.46842372,168649339.16053632,2.1169189789049284e-07,8.186966961447715e-07,2.1970051527931857e-07,8.496692022361991e-07,0.73552483,0.9586969,3353,10462,3619,10738,1.6323540762493452e-09,1.352955150140802e-09
1226,1273,0.33755359904475524,0.42122234108215034,1.0471446251889125,1.0622406670055764,164767111.86873427,2374746972.1651187,71433453.17205667,61820952.08134576,73334562.80815147,63466237.343298845,7.505144354592216e-06,2.4540303178012828e-05,7.4267058817819936e-06,2.4283825245992057e-05,0.77859503,1.1226548,21330,50508,22891,51910,2.5690615101443357e-09,2.05534360515469e-09
1227,1274,0.4569236961177557,0.6401344586686053,1.1274406369723853,1.2260095953372696,166023409.61407226,4157649738.3640885,98031680.68767354,88536178.15885088,102980117.78262667,93005301.86634359,2.6340043148678025e-06,7.573615766389635e-06,2.5826271230957116e-06,7.425889694931981e-06,0.77383178,1.2003828,13164,25499,14152,26232,2.2872968719331447e-09,1.7307694384741196e-09
1228,1275,0.33785325253064846,0.49420257105243603,1.044295973329026,1.1105900968884497,166267389.8523015,2775899290.376947,66811747.57231536,72803918.70568424,71629383.45036255,78053635.76239347,6.870354374452195e-06,1.5737361096218968e-05,6.681650977309912e-06,1.5305113596445987e-05,0.84077996,1.1286449,21295,38184,22683,38706,2.5742929645281614e-09,1.9229797532987382e-09
1229,1276,0.48942851896534434,0.5576447456608535,1.1128222149469813,1.1129400269859977,163391146.9959469,4279338879.5101132,95742692.20649427,83699101.9227029,91398783.95192777,79901619.19725713,2.338257288832774e-06,7.51168552843842e-06,2.3820911955541187e-06,7.65250259093457e-06,0.83524168,1.0885925,11175,29395,11980,29529,2.1917108038529638e-09,1.8011828451516275e-09
1230,1277,0.6907489176196325,0.9864095106691344,1.2798592133900204,1.4811761248149042,165908035.6062301,7095248479.400267,176243565.83871457,114829786.37063143,185725405.04232076,121007586.76277265,7.155608290393722e-07,2.8151115464793865e-06,7.007181090056108e-07,2.7567183102197986e-06,0.65024102,1.4251813,7211,13518,7808,14015,2.0318749022818623e-09,1.5192060662416135e-09
1231,1278,0.9623200531389304,1.1984206951644536,1.4895949364050902,1.650467856353847,164386556.26190695,12762928381.264187,189397252.72963402,180971530.6977451,183446150.22223526,175285175.09025094,2.876210751906134e-07,8.028659956708954e-07,2.913176075399445e-07,8.131845028359511e-07,0.83524168,1.0885925,4099,9280,4395,9413,1.7778524986961865e-09,1.3759515079578833e-09
1232,1279,0.44220117789929403,0.6159121004923379,1.1061894607591032,1.1875392566249712,166213940.55938515,3704845722.4358683,100056463.56195231,76939727.152432,102394598.4519068,78737666.57657817,3.025110272808129e-06,9.903322768694618e-06,2.9972878352736112e-06,9.812240277721355e-06,0.73458523,1.3305633,13853,26536,15257,27575,2.2663266849457522e-09,1.7149198490009816e-09
1233,1280,0.49479889308658964,0.628246120801695,1.1622794074310705,1.2329895593011302,163487782.2494851,4540899863.569067,89184851.18096863,92765131.73480429,91981694.55970226,95674252.9704655,2.424533215715239e-06,6.441763889527596e-06,2.3947711225715753e-06,6.36268871924454e-06,0.90703267,1.1072109,11403,25910,12138,26419,2.2363052949436665e-09,1.756190832291318e-09
1234,1281,0.26402755401159095,0.34872528711414597,1.0141739722982368,1.0279212874914605,164733496.72174692,1697812721.0840816,58121683.80223219,50890475.296748124,60136937.06307507,52655000.85035359,1.5183336292320876e-05,4.765481291619625e-05,1.4977728861711385e-05,4.700948810409744e-05,0.7483297,1.1288308,32098,69704,34448,71675,2.8382908367346216e-09,2.234247000057494e-09
1235,1282,0.43795434818386897,0.537801453489644,1.095508349225436,1.1255449011471461,166900603.88502482,3463483754.9301696,75602590.67904308,84406813.67526257,78213255.23618476,87321500.52480133,4.108802092067823e-06,1.03332946542784e-05,4.053384007257843e-06,1.0193922791948298e-05,0.9668299,1.063414,13720,32773,14719,33655,2.2847139271213366e-09,1.81545350712429e-09
1236,1283,0.7103523093348533,0.8819960563173523,1.2928176744236033,1.396699919300125,166348557.59408614,8604555322.883738,168181992.07362312,154703730.56751558,173802250.1808057,159873575.95472476,6.111090164596352e-07,1.7647164031703872e-06,6.031263883848257e-07,1.7416647473698623e-06,0.70260841,0.94838548,6848,15547,7484,16011,1.9904132842457147e-09,1.5488138126106897e-09
1237,1284,0.6325078492307799,0.7020120797495,1.2348221949612717,1.2487824318297946,165296281.18399972,5968577869.863673,116282443.83234334,112493297.44693094,114262362.45366117,110539041.86105125,1.243543738605781e-06,3.752407428423407e-06,1.2522915370671697e-06,3.778804010151742e-06,0.89911419,1.031528,7634,21046,8255,21712,1.9992918588270583e-09,1.6270116693670418e-09
1238,1285,0.7013591229990911,0.8861478916215801,1.2883921238137104,1.395115065512309,164954418.8420229,8563499826.580418,140672325.20078292,144155075.39311838,131581465.44248065,134839145.11347133,6.610315904508463e-07,1.7541279638465745e-06,6.789343682839231e-07,1.8016351687686783e-06,0.82242393,1.0140053,6436,14488,6883,14814,1.9336305477269534e-09,1.5010008846718957e-09
1239,1286,0.8086479801971271,0.9048062947222225,1.3720297576641625,1.4144768802617984,164102989.8226054,8663271019.28569,158878028.290398,136397612.67345694,153337735.76412973,131641242.75732009,5.718184728438123e-07,1.87189832066885e-06,5.79994799514751e-07,1.8986642488286253e-06,0.83524168,1.0885925,5354,14300,5931,14897,1.8577487311660387e-09,1.494976642052433e-09
1240,1287,0.415067751933452,0.5705127215771939,1.091761139464644,1.1657120133152385,165935317.48813346,3507728120.684414,86134557.8426811,79690620.45117915,89349192.94185919,82664760.81938685,3.62635279401246e-06,1.0544013471198996e-05,3.5735903813642984e-06,1.0390601042421041e-05,0.79961401,1.1879467,15170,30668,15908,31134,2.3988174148308597e-09,1.8309653481385507e-09
1241,1288,0.7594667245232329,0.9704954747658905,1.3319229125053302,1.462624165290594,164328474.24004176,10541433365.363962,142709491.96442422,185636657.82624152,143273514.697721,186370339.19323382,5.511036631553397e-07,1.1003758050278683e-06,5.502348274443843e-07,1.0986410210683392e-06,0.87451792,0.85909778,6007,13044,6643,13502,1.9165668478888146e-09,1.4786749313987716e-09
1242,1289,1.265307081264791,1.7227997203345122,1.7428800520177234,2.1200469466284027,163373409.31797868,18108585988.43897,244863234.87125513,237424855.76427802,261411262.98783594,253470193.03521693,1.5454420367977325e-07,4.0810530487129793e-07,1.5055404764219941e-07,3.9756848881851155e-07,0.84421629,1.1854684,3056,6083,3315,6234,1.7543718609744767e-09,1.3216887503491505e-09
1243,1290,0.5829114616087139,0.7587673841840857,1.1905098833772847,1.2815420124556693,166955079.1727329,5919086854.234684,144496524.74763748,105550099.77606983,139914890.62516716,102203362.27072997,1.0827907804351145e-06,3.857215801904631e-06,1.0968366033153605e-06,3.907251109688345e-06,0.67351121,1.200189,8704,18454,9516,19023,2.0348768883402674e-09,1.5657769532390478e-09
1244,1291,0.8676841067230692,0.8936003257667323,1.3768906020255578,1.3552575691984348,168170859.28044817,7512757751.535746,152058780.1053549,117772039.52612965,143669757.44328135,111274602.75951357,5.940839754360025e-07,2.3066634259513498e-06,6.077238709550203e-07,2.359623359947929e-06,0.95962352,1.2760035,4405,13414,4651,13581,1.7456073173709445e-09,1.4438718487610895e-09
1245,1292,0.5754652630082506,0.8400288244366072,1.2086054989290307,1.3699176675499014,164573106.58321404,7510214527.47823,119128890.19774729,134432413.23930916,121027519.66579373,136574944.24764028,9.493014440100048e-07,2.1771775253789373e-06,9.43316273495103e-07,2.1634508226410157e-06,0.79498857,1.0283692,8551,15718,8968,15900,2.0666574023973137e-09,1.5401102371318325e-09
1246,1293,0.5382704853129887,0.5462346864775063,1.1540719353183215,1.1079195661331853,163134508.6286825,4188752120.8109026,102649744.52544114,80319229.28497139,98789907.81017913,77299064.82602483,2.120239383002853e-06,8.339204391912721e-06,2.1529949653427e-06,8.468036776735819e-06,0.85543799,1.1094445,9542,30671,10382,31485,2.082573919160133e-09,1.7831309277775793e-09
1247,1294,0.7383159436882258,0.7361424317348245,1.2973914723164406,1.2567968649640544,164394465.471099,6155183155.681707,155248057.19876367,99190577.30586861,156758345.86760348,100155525.96715161,7.948731801626022e-07,3.803161089039495e-06,7.918009973743123e-07,3.7884618812533542e-06,0.78181368,1.2200528,6030,19291,6258,19187,1.948304500968531e-09,1.6391081807719466e-09
1248,1295,0.2726972624742472,0.4320026428568625,1.0224845892018997,1.0824343416998197,164771948.96227258,2180684130.733337,56479878.59164829,59622633.090355024,58597349.2861251,61857927.87930379,1.1434159485424837e-05,2.6271224591951488e-05,1.126705875461017e-05,2.5887292494948012e-05,0.79555517,1.1938741,29537,47076,31342,47986,2.7869142354203353e-09,2.0151854043792858e-09
1249,1296,0.46005466355433133,0.6733326258419972,1.1454967507432716,1.2720036351095834,163628454.1358906,5633608621.3210745,112468282.55609687,114377891.84500028,114415394.1415706,116358063.6167385,1.6192560218144587e-06,4.174786228654414e-06,1.6081766858201398e-06,4.146221345332327e-06,0.66932678,0.96326637,12803,23687,13629,24416,2.2963230127862323e-09,1.7192048026170017e-09
1250,1297,1.7029874324862453,1.682374800097832,2.131295709996371,2.0145877156420187,160084513.90788788,25093237207.88652,313140145.8982566,241318622.15850446,305575255.8685364,235488808.05556977,5.821799969678135e-08,2.3042953286165536e-07,5.879027689985099e-08,2.326946324744475e-07,0.87060672,1.1160438,1625,5211,1678,5181,1.4837938294768738e-09,1.2253314669131645e-09
1251,1298,1.199391968457048,1.334350364263197,1.650246787668076,1.6739652274790664,159146931.02053753,18418081374.99678,219248882.97510564,190277268.1310753,211363729.62372866,183434061.36926496,1.2857203908408804e-07,4.4185880298302367e-07,1.3046959129350547e-07,4.483800509450523e-07,0.87060672,1.1160438,2458,7023,2720,7292,1.5035647261981556e-09,1.257550946966091e-09
1252,1299,0.47208749991428245,0.580181249231817,1.1481257746735736,1.0905784866515127,158990372.93873817,5166025505.242838,86428471.2313312,92590654.61941218,83240287.8144991,89175159.87091516,1.972372881732614e-06,5.2594911511054945e-06,2.002250108891097e-06,5.339161183742311e-06,0.86843336,0.99624777,10849,26587,11733,27273,2.1491001836120677e-09,1.7455497704197967e-09
1253,1300,1.7651544170818427,0.8340018113053078,2.164688724310477,1.2357842282531812,165412322.90047985,9753515336.532352,335373350.21667427,123610002.50278588,314936354.7740452,116077450.92651816,1.3299861311964596e-07,1.5779176503014205e-06,1.3638588099314992e-07,1.618104759313547e-06,0.87060672,1.1160438,1429,13833,1490,13790,1.3728495090950427e-09,1.4483472635816264e-09
1254,1301,1.4870307281309114,0.9173340716283552,1.8659344705534413,1.2748437888928852,156090497.05228508,8156715621.525944,147419001.63034216,78729678.79883477,134764853.8945718,71971683.04732135,3.457189660453618e-07,2.5907108196382995e-06,3.583553840397052e-07,2.685404221026993e-06,1.574501,1.8187186,1684,11480,1791,11619,1.4039959405595978e-09,1.403055661547697e-09
1255,1302,0.6291516966828128,0.5113493777217104,1.2334394789006855,1.0048307960656515,162910868.27778977,6119830246.740095,137961193.98090768,119731986.20494188,131097712.2696352,113775395.99388824,8.762458783944992e-07,3.881681569181418e-06,8.943154234006582e-07,3.9617278456242995e-06,0.74293101,0.69575703,6671,33070,7218,34143,1.8687766259251635e-09,1.8009996959045425e-09
1256,1303,0.3657534514888589,0.4073262492920411,1.0412531631930175,0.9567503826789371,155377617.0494457,2675475997.0314674,69704597.4782357,50352728.70592288,70453731.3974021,50893882.924738474,5.57441556176091e-06,2.3910128144665845e-05,5.550630415271375e-06,2.3808107422636145e-05,0.81529629,1.2569206,17070,49748,18293,50895,2.4843251644024974e-09,2.1134352972632066e-09
1257,1304,0.6472415067390932,0.5266213825285866,1.2346184343446573,0.9959197896484117,165317764.08990258,3030041889.597375,90350220.00618304,56565411.10339181,86302218.83781207,54031085.78331794,2.4556987875797076e-06,1.5868773384908274e-05,2.501139971886647e-06,1.616241520277119e-05,1.1842862,1.5391008,5979,30457,6283,31241,1.7991757689924772e-09,1.738956210330061e-09
1258,1305,0.8390511888190806,1.0131032286939363,1.3755219041047664,1.4318960680720274,153372126.16180366,11964914655.827766,147813084.63570255,139225535.95672235,146305583.0997421,137805616.2668184,4.005619873991845e-07,1.1561605994625433e-06,4.0220783415927187e-07,1.1609110831245632e-06,0.87060672,1.1160438,4977,12035,5505,12395,1.928962383777554e-09,1.53625435633434e-09
1259,1306,1.2410395939865086,0.914632738799216,1.7109162568117409,1.3106094820493115,163867110.5271405,10623713490.09568,233590630.12555748,134294213.27420336,222001315.81314734,127631369.61846247,2.0798752314056426e-07,1.3124163416491409e-06,2.1226443348807336e-07,1.3394039558438912e-06,0.87060672,1.1160438,2371,12312,2538,12493,1.5069816352576335e-09,1.4123753437859767e-09
1260,1307,1.2403706383231483,0.9275414332885089,1.6637703307873273,1.3025687626283458,148714312.38997737,15859469584.701633,211876226.48598936,142653231.69238394,178793711.0412229,120379247.39985545,1.43879982929639e-07,7.503571299477279e-07,1.5398994858146775e-07,8.030822182880992e-07,0.87060672,0.96695101,2474,12100,2621,12307,1.6506869289157763e-09,1.4917642717472228e-09
1261,1308,0.8691318437219226,0.6659042816657975,1.3998474377973469,1.1055564818400343,164313361.40304184,6321656885.734258,172598307.59403846,96463096.0637393,162524920.41855747,90833202.42027912,5.422580679197749e-07,3.707720289358536e-06,5.554598220467899e-07,3.797988031837008e-06,0.82741237,1.1342884,3906,20353,4143,20664,1.6544447845113977e-09,1.5906911892298435e-09
1262,1309,0.46149867457561033,0.5374991943910588,1.1434973423714603,1.0539155619182976,161156263.14332962,4763937984.522129,99155488.84013811,90214943.05556412,96699314.2490507,87980234.18103355,1.8451230808899229e-06,6.274620286518792e-06,1.8637286774667283e-06,6.337891433540214e-06,0.75006843,0.96016645,10952,30258,11719,31132,2.1299048793484043e-09,1.7793261242550501e-09
1263,1311,0.44357939863116924,0.5733488176597396,1.0670187528357273,1.0316063279543988,150661098.93069506,6170438206.27832,101335034.9645048,85276916.01682238,102184715.53991172,85991951.43468632,1.3702029390712359e-06,4.399376670052267e-06,1.3656341461789496e-06,4.384707426331151e-06,0.65949708,1.0129513,11867,26300,12820,26799,2.2866486062592117e-09,1.8024555003640174e-09
1264,1312,4.460372157786977,2.1711128067452985,4.681276632970353,2.4078352944181796,161465393.95535487,45145411246.83305,827234308.0978867,314109163.69289976,763072004.4231805,289746093.459252,8.022352339196076e-09,7.930525853059219e-08,8.285656773628931e-09,8.190816418245756e-08,0.87060672,1.1160438,396,3136,416,3208,1.1051806300132556e-09,1.0304013863549824e-09
1265,1313,0.4324396189837037,0.4457504772717764,1.1063672788421235,0.9618960465494055,162985213.90718952,2894643294.346751,91630000.22400387,60147492.64690684,87670958.00617914,57548709.91086767,3.401878234741968e-06,1.772813560628405e-05,3.4625140056693417e-06,1.8044125508160592e-05,0.76919419,1.2078764,12002,41392,12802,42485,2.1534158475867453e-09,1.9143462845490497e-09
1266,1314,0.42684091201122176,0.8396502761464679,1.0950324446365867,1.298652926147976,153280292.6962662,8816384145.149057,106085944.897406,125939582.04922917,104199812.66012841,123700466.34090386,1.0207486808922217e-06,1.7772934456606624e-06,1.028099603553599e-06,1.7900926262133176e-06,0.6167292,1.0219332,13455,15173,14592,15333,2.366490010824822e-09,1.600965267545401e-09
1267,1315,0.18931447526099168,0.2888629780008295,0.9590493695394037,0.8844479499606447,156582942.43742946,1232758654.26305,28467540.2130767,41097386.49621644,30798403.95307822,44462356.11690943,5.0226449358746844e-05,8.753700174144012e-05,4.866998031312023e-05,8.482431479468132e-05,1.0413059,1.1005813,55116,94524,59461,98050,3.3208639932324132e-09,2.461380840748029e-09
1268,1316,1.2480856679476604,0.8974519679159936,1.7239399490495568,1.3045471320330588,163236517.86530453,8665170771.932455,221157858.8158376,108059994.24206816,214580396.068678,104846178.59748214,2.6259059578724906e-07,2.0573691470392367e-06,2.6578110467001997e-07,2.0823664418551017e-06,0.92121148,1.3557,2354,12884,2470,13150,1.5200484367962652e-09,1.4334508072241123e-09
1269,1317,0.598717042474058,0.5614984126562635,1.208554913748501,1.0692241598972692,154866908.7896401,5319657671.952364,106502115.68276548,77915869.84163639,99208673.2534093,72580061.18300009,1.2817726725143787e-06,6.024296993012781e-06,1.3186648975111552e-06,6.197689455560495e-06,0.87060672,1.1160438,7383,28090,7832,28715,2.032124365017125e-09,1.8114437203128636e-09
1270,1318,0.8584993097424701,0.6142438709923235,1.3988837278420096,1.0608493655587714,165907533.23790762,5465590218.39799,163600279.5450736,91311546.5923828,154157638.34688836,86041248.92467196,6.669417557813997e-07,4.867589965827685e-06,6.829918253711283e-07,4.9847293666952556e-06,0.87060672,1.1160438,3934,23366,4187,23838,1.6343660648435226e-09,1.6292405902226485e-09
1271,1319,1.5973386058709054,1.090836288639545,2.0271405893043437,1.4868747084881972,158950599.34750283,15103604410.700546,291633320.6847806,155360463.33420002,282166340.9407244,150317163.22034985,1.0738763246545928e-07,7.081861712176479e-07,1.088145680425368e-07,7.175963427588616e-07,0.87060672,1.1160438,1794,9633,1863,9584,1.5214533341334839e-09,1.390397533883322e-09
1272,1320,0.4431887030239844,0.566602559183305,1.1006230647044144,1.06608273336226,156659835.4578971,5143848502.88964,81568332.65418676,86789362.30456986,79952876.15063697,85070503.58560768,2.006569272407952e-06,5.470603817587536e-06,2.022689196635793e-06,5.514552322248042e-06,0.85118657,1.0227505,11769,27541,12126,27514,2.28522932307668e-09,1.8187559460288845e-09
1273,1321,2.0016413673801714,1.4326483806276658,2.323060262996615,1.7242024798098239,154117595.61693683,18082191119.050705,503130816.7813598,126102399.93015935,448107105.69987804,112311509.39233369,4.1266448810169085e-08,5.775040919791043e-07,4.322318168789622e-08,6.048876269422341e-07,0.61313707,1.7509288,1142,5873,1217,5964,1.3312984859895896e-09,1.2132144915921725e-09
1274,1322,2.9595421185044013,1.2992225048217974,3.244326072474844,1.6071356361555518,160269749.54660895,22643122186.002483,544821287.5100951,186575173.35171562,504619147.06538886,172807867.4579603,2.5914665144665468e-08,3.2318419414455907e-07,2.672155570002167e-08,3.33247001147463e-07,0.87060672,1.1160438,652,6514,674,6557,1.1784754453366457e-09,1.2031361507326809e-09
1275,1323,2.1608476266437338,1.542810902336523,2.498525682748182,1.8555026619076025,157491319.41714188,26167893159.82528,390893770.93197864,217714864.43464875,372177911.63777375,207290751.61417395,3.885940082181188e-08,2.469397731996528e-07,3.9629570171832174e-08,2.518339671552267e-07,0.87060672,1.1160438,1093,5636,1168,5790,1.336399471853237e-09,1.2139311825646762e-09
1276,1324,1.3611723347182703,1.0392421117379538,1.8220751138661362,1.4302443176604662,162143077.0298172,15124713128.38352,386917355.8495663,165281081.5380517,373558070.6222942,159574340.608608,8.282062482026579e-08,6.77372718532676e-07,8.39928925219276e-08,6.869604530087918e-07,0.57041812,1.0195112,2111,10095,2196,10049,1.5083149741906671e-09,1.3736749617021032e-09
1277,1325,1.6919002511923287,1.9722914633920323,2.1201915449534865,2.277626865794798,160195316.520964,29154753326.24134,311316797.8552401,283099870.49762917,309943955.4524427,281851458.8824412,5.345221108070025e-08,1.6491021675263274e-07,5.354678841469305e-08,1.6520200577937838e-07,0.87060672,1.1160438,1665,4253,1790,4308,1.4839046263745085e-09,1.1806514576615548e-09
1278,1326,0.9709621243625666,0.8972170203519533,1.4284839876124478,1.2615634463791734,155680911.25857717,9678071405.581776,165745139.49165377,100984773.30596933,152268559.21296045,92773797.05316602,3.1681500298619514e-07,1.8355010372474254e-06,3.277464263336334e-07,1.8988333880000442e-06,0.91200423,1.3831745,3143,12392,3362,12843,1.591575972316296e-09,1.425080505067045e-09
1279,1327,2.208917179373135,1.5455556780407564,2.546279001951827,1.854329043403789,161666564.43895423,18683757195.432297,410182971.61712694,223884292.55013788,387253659.97282255,211369115.0041074,1.3680874265187418e-07,5.761283631769516e-07,1.399931191115316e-07,5.895383950351495e-07,0.87060672,1.1160438,1512,7213,2936,9645,1.2896943717014277e-09,1.1916985622791358e-09
1280,1328,0.837350232550984,0.7814314480842319,1.3497871268930992,1.2007320769116931,146185926.1547086,10516001862.428526,140601739.510265,102356448.70264818,128241933.31153715,93358651.99286851,3.955646796737406e-07,1.7378484203481862e-06,4.1039471652449574e-07,1.8030017503574455e-06,0.87060672,1.1160438,4483,16194,4778,16375,1.9032143373041162e-09,1.6438149257784757e-09
1281,1329,1.3604917300251618,1.7663751331056723,1.81060789943117,2.0903906787258992,153833011.2932312,25686440056.11979,240393894.121686,243473245.22489858,223990496.34407613,226859726.3823279,9.839321068385473e-08,2.379253736776166e-07,1.012144847344924e-07,2.4474751799102575e-07,0.87060672,1.1160438,2478,5238,2903,5476,1.6604586837901653e-09,1.276018825505167e-09
1282,1330,1.8129684640736417,0.7613514297278305,2.189813240901258,1.1582474659754234,167722497.45111367,12357697123.834547,326439396.93865114,186883111.75816643,307421510.4331517,175995572.31733322,1.0990032598554107e-07,9.495439137538055e-07,1.1257094362290022e-07,9.726181740053317e-07,0.93149173,0.68329215,1342,16490,1458,17173,1.3149805140463336e-09,1.4550909859815041e-09
1283,1331,0.9795344118291438,0.8707026288524538,1.4779820120642373,1.3020942159177298,154720802.53072065,9013610555.976887,145959770.67846525,104488733.87753126,145230956.46303892,103966995.08438393,4.698834514867696e-07,2.1525733077777933e-06,4.7082524393888625e-07,2.1568877335944044e-06,1.0383296,1.2892855,3839,14763,4079,15049,1.8233132062247361e-09,1.5874602338082117e-09
1284,1332,1.2893500737779475,0.5487682905049885,1.723423328146759,0.989107897437715,168188164.72940624,5476357694.3847065,485882491.0732405,93663770.23545396,455121074.1916501,87733879.08718455,1.9029619723681837e-07,5.04328030362215e-06,1.953402913539212e-07,5.176960224081848e-06,0.44630837,0.98540056,2132,27412,2335,28028,1.4063473979458066e-09,1.657418413615898e-09
1285,1333,1.2995501541387626,0.6400506996751076,1.7591333509473217,1.0816222077116968,165979987.86270344,6099382089.342563,247757470.57285085,95189460.63191177,233020043.175118,89527279.1370468,3.2629648918002433e-07,4.1153252473982275e-06,3.3439963369410763e-07,4.217523941861425e-06,0.87060672,1.1160438,2161,21963,2286,22491,1.4598101499900873e-09,1.6019111478751153e-09
1286,1334,0.35795260549491265,0.3422466112746335,1.040648590520279,0.9202645778389961,155253891.35247123,2813711895.0253,63698847.11370612,60941797.15495789,64357156.44897271,61571613.16879276,5.86338420073092e-06,2.0576020648663258e-05,5.839319554251099e-06,2.0491572035725724e-05,0.87244177,0.87189943,17684,65579,18910,66401,2.5158290576796466e-09,2.295270969660904e-09
1287,1335,0.7696208701380267,0.6210855189669078,1.315002006199893,1.0658157669663288,164908853.02133322,3918626153.0969014,113614746.45185137,64818927.57670607,103280161.26793008,58922890.75497378,1.406822896372293e-06,9.703076861198031e-06,1.461526002488556e-06,1.0080372713121603e-05,1.1170847,1.5801326,4641,23292,4935,24063,1.7032588584562577e-09,1.6238856134203556e-09
1288,1336,0.33758891778464445,0.47131652004694924,1.0308239870978586,1.0000776798818285,155854465.90484884,3194578909.8103356,61244394.07236744,57664990.44439175,60145192.5736042,56630031.32882362,4.829045003779825e-06,1.4899079326616423e-05,4.864155181176675e-06,1.5007404951620495e-05,0.8590948,1.2738541,17770,37434,17957,37364,2.571335851795831e-09,1.9837171227588275e-09
1289,1337,0.4224495610829334,0.4517617789402645,1.0840951231210785,1.0014995224557302,154231589.98313078,3767170006.0342636,80522998.51924168,65305118.14613814,82153133.4445461,66627177.13361751,3.1228244941444247e-06,1.2126248763402505e-05,3.0978893352313475e-06,1.2029422976201874e-05,0.80914855,1.0669292,13586,41925,14539,42816,2.3761188551425193e-09,2.0411582875703903e-09
1290,1338,1.0277849008066715,0.9547338895831337,1.562903113268413,1.386139905172763,160699271.49306497,11179389662.893959,189711704.5124625,137472239.4638543,181357809.067385,131418692.48828404,2.685945000420263e-07,1.2015596183560108e-06,2.7347665653221905e-07,1.2233999839934026e-06,0.87060672,1.1160438,3229,11846,3449,12036,1.6456629360565384e-09,1.4320039194797713e-09
1291,1339,0.7964261668277175,0.9072081987344264,1.2886711477427928,1.3366021410693578,169857579.52739412,9527461772.291374,143754788.95069048,149683227.84122187,132877632.02580008,138357497.61590353,4.520763914504927e-07,1.2851963304235997e-06,4.665304599098006e-07,1.3262874293947086e-06,0.9410401,1.029482,4308,11643,4577,11894,1.6260490254064194e-09,1.3148126437107447e-09
1292,1340,0.6158565232777473,0.9058263545729669,1.1627641095941295,1.3471116629560513,169817697.81276372,8465163047.817186,111135898.42345695,149420141.53886077,103603768.81140293,139293333.83147275,7.54485072835886e-07,1.4503680865504278e-06,7.75965077385836e-07,1.4916597094331804e-06,0.9410401,1.029482,6429,11712,6787,11926,1.7880672136394201e-09,1.3217735627689716e-09
1293,1341,0.5149184882166988,0.6290752955550296,1.0899773341675265,1.1320074404156626,170545494.2925077,4771790148.64304,99047595.13421382,91809666.08282274,93219686.90382113,86407633.77836688,1.6649835280579797e-06,5.1037769940963605e-06,1.7058642176434354e-06,5.2290911005082155e-06,0.88661444,1.1685693,8517,20730,8961,20841,1.9072741993076683e-09,1.5288072153140525e-09
1294,1342,0.607154397037972,0.7658814193871695,1.1254526938674712,1.1875675998666624,168617441.6483509,10183054254.496702,171855028.5373983,171012940.10716105,151533071.6664778,150790560.6818726,4.0617061780983555e-07,1.145812591445992e-06,4.27140184156294e-07,1.2049680106304084e-06,0.59571618,0.75515318,6503,15100,6943,15451,1.7807863611304984e-09,1.4001911293367413e-09
1295,1343,1.208965411360619,0.921424689130906,1.611881841066482,1.3128308809104936,167178049.82922047,9921763866.112764,125966397.27077377,132485652.74137497,104765580.59896193,110187610.59464683,3.69841549538677e-07,1.2596486508599556e-06,3.981347943555317e-07,1.3560130201593394e-06,1.6044952,1.1627069,2229,10788,2287,10749,1.4344863953084507e-09,1.3093166286869534e-09
1296,1344,1.0359221455755687,1.3860702497506507,1.4862010177022351,1.7519081523051978,170161544.5825234,16920971651.002934,187318385.6441191,229101484.62766197,180014180.53885114,220168008.9953175,1.705676273341509e-07,3.7258780985111567e-07,1.7330300117229582e-07,3.785629586141448e-07,0.9410401,1.029482,2923,6065,3067,6124,1.5100470355807843e-09,1.1422300127759533e-09
1297,1345,0.2661209755976014,0.515120743171577,0.9270954937471639,1.0266616921927891,131632835.66723686,4413472955.833708,37906836.77319068,55923478.73685095,42261015.97795011,62347144.46318813,6.4216250567726074e-06,9.707417820328946e-06,6.148313292471993e-06,9.294258928643239e-06,0.92411453,1.2124926,29537,35535,30669,35335,3.5166501186329322e-09,2.303523990984499e-09
1298,1346,0.09317518872574536,0.1541125998187178,0.8376448390624835,0.7871156815437431,124056372.32451448,650946504.253684,9194607.429032357,13840960.380718267,9787350.465560712,14733236.962166509,0.0003178043726198092,0.0005403104041886549,0.00030996102540440274,0.0005269756534134729,1.2571473,1.3813095,161646,257671,164558,254623,6.056845980926703e-09,4.219411215518575e-09
1299,1347,0.6715734211621454,1.0003011722071824,1.189979747646474,1.3965814687280766,135721291.85215688,11813958890.401817,81700839.06397502,106338055.25964771,85146570.79739766,110822861.23809919,6.967198168843506e-07,1.3817494289964292e-06,6.853018518162441e-07,1.3591050799613908e-06,1.1156166,1.2767035,7059,12679,7378,12786,2.420860741434635e-09,1.7385542946263445e-09
1300,1348,0.17729033975132427,0.27093231669543877,0.8893382602643022,0.8786718219300566,136234956.53765863,1569798938.468861,22956687.392704178,29566010.086323734,25761754.164309826,33178666.87096338,3.866123708988855e-05,8.079826770389676e-05,3.691894329826018e-05,7.715704122509782e-05,1.0521179,1.2484083,55795,100711,57684,101599,4.019442167590964e-09,2.919446208892736e-09
1301,1349,0.11714946647794486,0.27159890910762363,0.8471113979452115,0.8492087749035423,126121912.09141138,1232964478.245962,10195176.39946227,26691144.233783934,12173375.510235818,31870102.960931096,0.00012655057730290374,0.00010131512993278654,0.00011788474840072326,9.437735374944892e-05,1.449226,1.2833685,106822,98626,107666,97336,5.306222293172368e-09,3.123365232586264e-09
1302,1350,0.529589337091978,0.7657329127272438,1.0906780744592444,1.2101999905276035,137261239.4990755,6383259717.517097,56285401.009173594,67244273.38567337,59489921.884050466,71072720.4415129,2.2182878263815643e-06,4.8975527274268805e-06,2.1696957697651096e-06,4.790270815412157e-06,1.291491,1.5630394,10388,19674,10964,20001,2.64298037141556e-09,1.9348481837408254e-09
1303,1351,0.8894213367712533,0.8963425974461687,1.3711836536840916,1.323376412362347,144457911.07527462,11351345878.070648,148961634.2200103,103270141.02555338,150430020.0932414,104288124.05858414,3.853192441100576e-07,1.5824069672919719e-06,3.8381033549494194e-07,1.5762102679522318e-06,0.86253047,1.2538356,4622,14127,5071,14326,2.058379409583638e-09,1.6719536709740964e-09
1304,1352,0.3972135527054608,0.807719006364004,1.0079251378984635,1.2502760159447257,135467592.7786068,6085837171.584372,40124677.43147714,72106345.32920215,42135202.05025519,75719373.31433792,3.5411430061954014e-06,4.348589209643645e-06,3.4725623722603854e-06,4.2643709207469346e-06,1.3410591,1.5174774,15469,17546,16070,17440,2.9026710682890512e-09,1.8937504110999153e-09
1305,1353,0.4697883745505833,0.6330654682443172,1.0649038089774907,1.1187943760353767,142663174.06555104,6307308505.66585,66105809.58864126,77253269.83291163,67834666.0097432,79273664.29495448,2.0349987704692105e-06,4.5400357860848004e-06,2.0140921003568012e-06,4.4933934824846256e-06,1.0138519,1.1690784,11728,24126,12660,24494,2.5148747820675857e-09,1.9065636873272857e-09
1306,1354,0.1321132680462263,0.21436725615460908,0.8424459981539855,0.7974678655364859,118610316.62370168,1692560222.3671303,12593113.56094182,17942728.120811462,12992432.148684049,18511679.14462081,3.867322770403728e-05,7.952996062287357e-05,3.8193326467020354e-05,7.854306274160776e-05,1.2443306,1.4170737,61300,109193,52604,94991,5.202298263249999e-09,3.660410943821743e-09
1307,1355,0.17505575372793036,0.33097298581965434,0.8652361728401227,0.872375333615203,118983755.4514882,2379032855.8250785,18325216.417654786,28755984.206289858,20145617.79982201,31612563.479442485,2.8144669964500534e-05,4.074615611543592e-05,2.709839500784664e-05,3.9231422321177084e-05,1.1366191,1.3694683,57506,72250,58909,70784,4.587520143602704e-09,3.0001870670303663e-09
1308,1356,0.33032409253741746,0.47065661904147976,0.9573151805627821,0.9702312135890151,142288886.00582293,3816737672.337874,52160217.880985916,54192495.94941624,51100054.59743486,53091026.34703363,5.013629512001218e-06,1.2844812819312898e-05,5.0549801110270985e-06,1.295075217984652e-05,0.9010976,1.2357653,19884,38701,21236,39672,2.83839655330848e-09,2.120756020506902e-09
1309,1357,0.15933443321248225,0.2490865063573892,0.8648535439564443,0.8390723750689899,130093907.28280857,1288083713.8675075,17393454.535014387,21584022.47791278,20082013.63562789,24920330.394435056,6.267504817633612e-05,0.0001335766234511198,5.917334388364879e-05,0.00012611359231908998,1.1917379,1.5013252,66103,114852,67742,114604,4.422112023980391e-09,3.163045830778807e-09
1310,1358,0.509611787135734,0.8147614784609296,1.0752748878852638,1.2512139013172254,132235539.9617765,8197127265.447733,56028804.13044186,79347640.38495927,60727316.6620647,86001644.3118586,1.613720595818697e-06,2.924825115252186e-06,1.5625691528736787e-06,2.832114502650085e-06,1.2027526,1.3578277,10858,17839,10998,17657,2.785944875678963e-09,1.956841615977537e-09
1311,1359,1.106966257869866,1.3629052219730151,1.5754284116068227,1.721044323714071,169970538.09168035,14792649403.765575,123643872.56143099,224245166.9694124,117942728.89805445,213905358.88814014,2.585127441894588e-07,4.248034794767982e-07,2.6344049186689784e-07,4.3290104683628463e-07,1.5217224,1.0330378,2395,6002,2513,6083,1.3804486586671678e-09,1.120562426910652e-09
1312,1360,2.1437885602706093,2.5366414954057355,2.4628829913452908,2.771163319706606,167348131.8771144,47200755506.978165,356729185.9597853,455642657.26632965,338086280.1534108,431830467.3051193,2.203107878742033e-08,5.2049524326719514e-08,2.250920735412555e-08,5.3179126953270556e-08,1.0056901,0.931656,953,2497,1034,2637,1.169445653070298e-09,9.44770090631088e-10
1313,1361,1.2190683624531722,1.0563778210893275,1.6352968908679726,1.4094650942200149,170413395.41187865,17574139954.762417,166530803.67179084,269116402.57129115,153623661.5603173,248258257.55589804,1.4388545028712814e-07,3.22588188460039e-07,1.4860433088557176e-07,3.331678206658906e-07,1.2474904,0.66893333,1990,8531,2027,8475,1.3214305363877647e-09,1.2115293494056408e-09
1314,1362,1.651932973088785,1.8618478588838479,2.033949179213077,2.1575331045833916,168865495.4158662,34013846796.973457,273904045.3730229,395856536.09398997,258541777.65115812,373654402.9394979,4.3385791824972555e-08,8.94081076810341e-08,4.4399145770562405e-08,9.149639637821418e-08,1.0184387,0.79423183,1363,3790,1449,3829,1.242203799000949e-09,1.0236991814884993e-09
1315,1363,2.311732157247729,3.330752955601974,2.608522830361749,3.528111802420259,166667766.0737553,64416141129.30533,383111292.8419423,595852068.203005,361682597.3084242,562524069.8090577,1.3707680906056198e-08,2.551287852994871e-08,1.4026939458359573e-08,2.610708587401992e-08,1.0056901,0.931656,846,1713,878,1764,1.1544196671100413e-09,8.933730267546556e-10
1316,1364,2.1457170429773647,1.7051937091936291,2.4694128897348366,1.9998227464312994,167925068.2710846,31199675406.924908,358281026.0659857,307350320.3239867,352466445.89384526,302362299.89187,3.220175840922389e-08,1.2852208786473452e-07,3.241320675115472e-08,1.2936601017590564e-07,1.0056901,0.931656,941,4247,999,4304,1.1652649452747253e-09,1.0438108218780725e-09
1317,1365,2.068405212229093,2.2998995241498257,2.41084169509131,2.566269374822159,169828885.63244385,41909463022.453316,375572289.7923188,420329243.4625943,355032027.5789339,397341197.9881808,2.1625458402662824e-08,5.982196386426614e-08,2.2117484207232382e-08,6.118304252226223e-08,0.93530583,0.92924625,977,2769,969,2698,1.179775569151437e-09,9.668857630542595e-10
1318,1366,0.9131292360342225,1.0366848149959085,1.41277189539477,1.4343370030882676,170114146.64961296,13148363264.293003,166582323.34166136,200806088.78168333,160456337.85506594,193421540.6446426,2.407752532284654e-07,6.247259281371612e-07,2.444109527006063e-07,6.341592718745503e-07,0.9324891,0.87823409,3206,9164,3395,9353,1.4616805477877274e-09,1.2275916667048238e-09
1319,1367,1.5733001251567853,1.3540349034234338,1.944538626692803,1.6701918488138656,170154584.13216367,21163822015.886208,266189583.16397253,247296476.2663996,246937391.33854994,229410730.54246184,6.752493150940718e-08,2.547944754001561e-07,6.958342994939863e-08,2.625618883897804e-07,1.0056901,0.931656,1394,5843,1421,5788,1.235605116395313e-09,1.1125258924071764e-09
1320,1368,0.43609830425550306,0.731180846052144,1.0759334444496047,1.1978731907164897,169625204.96146548,5556554599.637024,71186628.09268503,122756259.51885419,68667821.5266078,118412757.36419961,1.9404423217049527e-06,2.914010398252492e-06,1.9686059760064203e-06,2.9563044569674946e-06,1.0391455,1.0103493,10059,15865,10376,16026,1.96116204068441e-09,1.4141536186413493e-09
1321,1369,0.6581447745347772,0.7816089154813072,1.1842702311537623,1.1879642267271033,169362061.79336038,7196960659.073308,137929123.01477796,129353370.8581229,135367680.7256212,126951186.40919058,7.399764196968294e-07,2.328982044131147e-06,7.4554570955903e-07,2.346510678479984e-06,0.80813068,1.0233587,5872,15455,6590,16379,1.6414380195853459e-09,1.3697579475103086e-09
1322,1370,1.018443981657163,1.0540702936191981,1.4958181869390053,1.4466401763008265,169189474.6464382,15570578834.826963,187336260.5308447,225957371.95830888,178618443.1628796,215442295.5064996,1.727864786074858e-07,4.5680707987366506e-07,1.7611160402899217e-07,4.655979346109883e-07,0.91978991,0.78925329,2744,8885,2925,9012,1.4184337585140185e-09,1.2263877296566468e-09
1323,1371,1.0991118433692872,1.3738804396174484,1.5603626398118526,1.7218950571026401,169094370.78665787,18778094824.959496,184802083.2448219,249357540.20068496,171502384.8375926,231411962.84567106,1.3624788021622523e-07,2.956993141082393e-07,1.4037974001822058e-07,3.0466670580271894e-07,1.0056901,0.931656,2418,5897,2544,5960,1.3859987735365142e-09,1.1194562669714553e-09
1324,1372,0.9800975486503888,1.0525436394925238,1.432415794058201,1.4036448869818412,170555372.39046198,14893903172.327665,226931279.00505206,206981114.3045497,207510810.4753135,189267953.58811873,1.4535547880976732e-07,5.104670740847715e-07,1.506512917127953e-07,5.290651905069743e-07,0.73661464,0.86731088,2807,8708,2939,8766,1.4110511033319405e-09,1.210592755486901e-09
1325,1373,1.7723864822403497,1.722280289091218,2.1212146754442966,2.007248720860884,170777919.52430952,28156158210.068794,300971915.7323081,315703912.8269711,292082274.0802226,306379140.293413,4.493362114109632e-08,1.382122902906679e-07,4.547573507398519e-08,1.398797901796213e-07,1.0056901,0.931656,1198,4142,1258,4177,1.1925422157603717e-09,1.0259226301621818e-09
1326,1374,1.2794353409950514,1.3089358446416735,1.6994080541284466,1.6474480059383398,170518729.72957286,14566298582.510262,183917489.17099103,185893523.00893885,174937202.71483034,176816751.16690308,1.627912239110062e-07,5.313336053191225e-07,1.660838214195235e-07,5.420803007676538e-07,1.1862259,1.200677,1908,6324,1999,6446,1.3063903167690545e-09,1.1229515279266943e-09
1327,1375,2.0009521030737343,2.141683721837518,2.3546878555929687,2.4239360135762564,169728351.63750234,36959875190.13653,337696773.74799514,390170242.91836584,319016534.8290139,368587349.8516082,2.965925083244175e-08,7.912548862666214e-08,3.0342102014286125e-08,8.09472114249882e-08,1.0056901,0.931656,1048,3122,1090,3139,1.1918310317863942e-09,9.869780634413204e-10
1328,1376,2.181816548105804,1.5328415282211134,2.588081361966559,1.8701278549475908,174472943.0058094,23481751603.714466,423412114.2817714,313052209.65555066,417099410.44702864,308384875.3547371,4.3609014572320735e-08,2.0926517400442528e-07,4.387183042766184e-08,2.1052633998669873e-07,0.89904833,0.85429639,967,5394,1139,5752,1.1358480354121218e-09,1.081944882032712e-09
1329,1377,0.702219484780154,0.6327501919702887,1.379692512935787,1.148291688131879,175701008.84853786,6330176718.723994,154952703.6499509,153333492.05048808,139538575.3695464,138080437.01836732,6.368542710625352e-07,2.5047405406394506e-06,6.641130513289895e-07,2.6119490106523124e-06,0.7962473,0.7250526,4829,21475,5063,21868,1.5975810108741414e-09,1.523087262022678e-09
1330,1378,0.2769194226248191,0.31346110276237893,1.1368957833477757,0.9167214048647625,175256855.42655233,1432826610.2629917,53868543.57392686,57375276.65317444,50801453.29459643,54108525.00886194,1.4648716016495192e-05,4.9186017230531814e-05,1.4996268191514168e-05,5.035299372524594e-05,0.90093446,0.95748919,22375,72320,23297,73604,2.384569579860581e-09,2.1025494071085327e-09
1331,1379,1.154782600010182,1.0770504128566638,1.825540657096048,1.5562227499532282,176319820.52722335,12379713240.376015,226473988.0911137,222294437.5237952,206343273.9261765,202535233.29921696,1.7284205084987967e-07,6.504672293924165e-07,1.7939924671350948e-07,6.751443320131395e-07,0.89904833,0.85429639,2266,9206,2380,9426,1.3504633208900559e-09,1.240681299384366e-09
1332,1380,0.3211254173662368,0.5060847272109579,1.2514031908054275,1.0964968075624824,176102719.1090281,2458141576.7276196,46428747.26602264,106847684.83734058,46101493.593150765,106094567.4400408,9.3769116616484e-06,1.2327039085754679e-05,9.403480159340624e-06,1.2361966460707068e-05,1.2180182,0.83411163,17966,34381,18924,36328,2.2252295696533598e-09,1.6749640757416857e-09
1333,1381,1.2288075583431701,0.664965189541006,1.8232340068319624,1.191856980192321,175518790.04332873,7242353630.184095,282178724.5656903,138976929.14408284,273982577.3245213,134940213.13672405,2.179332791237756e-07,2.1348996563064782e-06,2.205180184316594e-07,2.1602200620849314e-06,0.76433408,0.83980763,2015,18629,2065,18411,1.3179900852308384e-09,1.4845628970692982e-09
1334,1382,1.0858128200948491,0.8149853125182679,1.7775683524083536,1.3212893023582875,176058918.622962,14336058375.855639,336255912.1774074,285021155.6144529,307547393.21249855,260686906.1484073,1.0401874170528394e-07,5.279640931776168e-07,1.0779900378793586e-07,5.471514300913422e-07,0.56851649,0.50342029,2481,14495,2623,15035,1.3735055083665408e-09,1.369872311259097e-09
1335,1383,1.6452313372265464,1.5552906327261105,2.2507946310505447,1.9796641375006807,176490210.10387784,21024004683.1049,322971763.23835343,321309528.8187093,278660817.5503141,277226637.6774549,6.298981616733652e-08,2.2320438665241833e-07,6.681989670142763e-08,2.3677627538710043e-07,0.89904833,0.85429639,1387,5353,1473,5493,1.2331973561578311e-09,1.1099408800655503e-09
1336,1384,1.4454929260313079,1.2171777265612729,2.045554113509517,1.6491165538042845,176205705.04519042,15282772619.03846,283304124.6727881,251052985.80745623,265603694.21819595,235367559.6921992,9.95362433427154e-08,4.373561736457043e-07,1.0213833177959643e-07,4.4878959130366844e-07,0.89904833,0.85429639,1657,7717,1692,7824,1.2896676522357505e-09,1.2013404825679336e-09
1337,1385,1.7652636022091182,1.2849681001279092,2.2191240727304606,1.6678345822097358,176405168.6544415,18477790642.171135,429277888.96964,267490846.12413618,391084080.59154004,243691590.71808,4.828780030463429e-08,3.0355477334875474e-07,5.0121582512246096e-08,3.150825989877528e-07,0.72540802,0.84741223,1201,6659,1230,6619,1.1924475099597757e-09,1.1518738564992479e-09
1338,1386,5.029697446831756,2.237139433204589,5.34466396928149,2.535141922139793,176558129.33221805,43154150472.5845,987748870.3189607,462351425.1089611,823983801.498095,385695287.878509,7.041694303148235e-09,6.004245066800918e-08,7.571262686893996e-09,6.455792410203435e-08,0.89904833,0.85429639,323,3023,338,3033,1.001611608228426e-09,9.83282695146948e-10
1339,1387,1.9686766913885965,1.3047354429426734,2.526407176412599,1.7141810511745748,176592854.908584,16706588816.906544,301432123.1290758,249857818.24414355,278437818.6974844,230797783.50836694,7.586961899830244e-08,3.709233159152734e-07,7.831634790900369e-08,3.8288526870593367e-07,1.1533417,0.92215228,1056,6665,1099,6720,1.1712915163668566e-09,1.1525087663417095e-09
1340,1388,2.8150940375744122,2.032722489475521,3.2486815559197124,2.3622874310246957,175686328.0771183,33907974855.891747,550107839.7567768,418030035.42568296,527266764.1079787,400672973.8232717,1.874565414217167e-08,9.168299128515566e-08,1.9066350612168028e-08,9.325148345090572e-08,0.89904833,0.85429639,681,3617,707,3639,1.1125190136338106e-09,1.0346603016901355e-09
1341,1389,0.8857026695343454,0.8595169362981794,1.568268646154197,1.331768532849132,176920085.69624236,8851097799.51004,194678154.8541937,170979472.02288657,172230972.650914,151264844.2343049,3.068285813800785e-07,1.264069957109653e-06,3.222390725989662e-07,1.3275579766627195e-06,0.80491102,0.88938051,3253,12518,3374,12580,1.4498797096112869e-09,1.328854317465954e-09
1342,1390,1.581262017123065,1.2609421812299386,2.119277073571007,1.6716347330105419,176138951.50003278,16696373028.079517,309796286.193962,259981238.7174031,286616373.668265,240528641.50964096,7.910113139835091e-08,3.655852499392858e-07,8.160049240513417e-08,3.771366589039926e-07,0.89904833,0.85429639,1427,7084,1469,7145,1.238462267208247e-09,1.1727035125894869e-09
1343,1391,1.381389728846546,1.2759164565507142,2.0105303760482176,1.695155797040555,176041541.65941986,16789321868.968967,270488214.46410334,262923152.51362813,239838983.00784883,233131124.15274835,8.873039033002253e-08,3.4732952311302066e-07,9.310303130766787e-08,3.644459507525386e-07,0.89904833,0.85429639,1684,6925,1657,6826,1.2881553223348272e-09,1.1780054105283202e-09
1344,1392,6.687210948605574,2.2607322379578,6.961878632189871,2.570147658605028,176753846.12822577,43319154413.538666,1314712697.4106236,467745296.3661856,1111149111.4954393,395321937.2468946,5.416809660916733e-09,6.29493837956299e-08,5.7938464463413614e-09,6.733097273755124e-08,0.89904833,0.85429639,237,3072,261,3192,9.80685909364583e-10,9.868940668536657e-10
1345,1393,2.978179925811295,2.184988269374318,3.416335305104381,2.536496958947072,176390560.8687446,35571477344.908356,584309886.3015413,451144720.77608055,575630841.7725226,444443644.49371433,1.736352405949226e-08,8.189569023668858e-08,1.746777322042231e-08,8.23873851807397e-08,0.89904833,0.85429639,647,3352,687,3410,1.1099062893516368e-09,1.0267643569225687e-09
1346,1394,1.1033591538496879,0.9463638170185232,1.7297079114239924,1.3918241901629356,175600073.4098738,11036691105.656271,215505598.4737344,194524473.80809027,202845389.32023585,183096833.22090232,1.9835498362621114e-07,8.473538392804287e-07,2.03217209265462e-07,8.681248100296735e-07,0.89904833,0.85429639,2371,10900,2435,10947,1.3680760734289122e-09,1.2916449613454282e-09
1347,1395,1.2390659170693454,0.7052753430511152,1.8001531407013933,1.2040169605976416,175847928.81553778,7470697834.562837,242353128.20454192,145173513.2817388,224890278.21505514,134712978.6739653,2.610245884592266e-07,1.9271903883009205e-06,2.6895065044822264e-07,1.9857098962615907e-06,0.89904833,0.85429639,2059,17052,2169,16853,1.3271798996197638e-09,1.452733451190963e-09
1348,1396,1.8207096118954058,1.3405830670578673,2.273406867815938,1.7068106516462178,174798326.36245632,19745227493.00978,353993197.397246,274297865.722649,348041272.85317284,269685912.12753665,5.659681938765325e-08,2.768156662239016e-07,5.6982000572202e-08,2.7869959163475307e-07,0.89904833,0.85429639,1174,6325,1243,6398,1.1838803618141338e-09,1.132563900646247e-09
1349,1397,3.235076106994174,1.9177113631528346,3.554064512080391,2.2100990006087287,174190111.4035445,35672860428.64311,626794187.4451401,391019276.0939039,600371504.3575867,374535749.88976526,1.494513345114105e-08,8.836840223131796e-08,1.520483645376642e-08,8.990398834513266e-08,0.89904833,0.85429639,553,3682,593,3690,1.0575179532030727e-09,1.011481576229586e-09
1350,1398,3.7368147392741564,2.1175034282568834,4.095440697535692,2.4426467840367683,175538233.21350473,64565772237.6006,980836746.0604728,807209528.8567353,940992410.104406,774418416.7946234,5.427570827317079e-09,2.5090138022334313e-08,5.518356358665429e-09,2.5509814077135242e-08,0.66876966,0.46047872,488,3460,524,3518,1.0703501731946988e-09,1.0288469439334771e-09
1351,1399,1.4811611717822752,0.9204168196106531,2.0753504386078405,1.4000522554112114,175624279.21565717,8140963274.518837,389264459.80374146,127603299.28192034,372897320.2672306,122238049.63719468,1.3560520726771714e-07,1.7653706512205623e-06,1.379553551233243e-07,1.795965951606977e-06,0.66825485,1.2667975,1582,11342,1652,11345,1.2622511722431183e-09,1.3060945125339853e-09
1352,1400,1.1806738723070382,0.9542522577668398,1.83091190075438,1.434447193498587,175792363.48002174,14349212027.123693,230859057.94626597,273498011.56897193,217155622.41433582,257263593.898781,1.4091085213236637e-07,4.657876036381733e-07,1.4440252176667041e-07,4.773294856653354e-07,0.89904833,0.61335093,2176,10869,2249,10897,1.3450976018213298e-09,1.2981390229637484e-09
1353,1401,1.9211948470541877,1.2158123150555296,2.405949108434637,1.6290014766871201,175720006.0083823,16941177013.616974,375499690.9539167,250080124.19041455,368437520.57613266,245376768.93426642,5.81103615503641e-08,3.7517848591577815e-07,5.85533666334198e-08,3.7803866389229583e-07,0.89904833,0.85429639,1085,7444,1095,7440,1.1826220668796472e-09,1.1887214787248616e-09
1354,1402,0.5419503151666251,0.4595584099322597,1.090282001623189,0.7603842754719455,174726939.1437875,2837253084.16202,115938422.3113821,91422117.54266381,108282871.32693219,85385407.12345083,1.973625229098608e-06,1.0935058484979446e-05,2.0282978825812013e-06,1.1237977526825205e-05,0.81675529,0.878313,6615,35036,6856,35324,1.6976619788014629e-09,1.6968042305510969e-09
1355,1403,0.5251841700998002,0.37757545234788953,1.0432971914782145,0.6758531102453238,177404645.2881648,2870895768.419202,195026659.5232632,115818683.01686282,182000581.40886378,108083006.18287306,1.290467316474526e-06,1.1323847264845397e-05,1.3266473455212785e-06,1.1641326923363492e-05,0.47773013,0.57834917,7271,54465,7755,56211,1.6897739774416751e-09,1.8525703101160366e-09
1356,1404,0.619563730730079,0.5288223581562268,1.141399583185295,0.7989189029873985,177999809.2060865,5144701071.001048,246977549.75258783,140579718.47896495,230397803.8850037,131142520.60874298,4.784933344652045e-07,3.4165862008110475e-06,4.91980114624537e-07,3.512885864080648e-06,0.44652733,0.66958648,5247,26036,5513,26251,1.5621692519748037e-09,1.5404170952510046e-09
1357,1405,0.8767730404122442,0.5344015256805648,1.3191214894529464,0.7985173042374525,177333206.5416543,5005939131.865601,225302576.60250992,136876409.2448499,208312084.28149152,126554301.01478676,4.3328126675636793e-07,3.645491096049138e-06,4.4708550524974996e-07,3.761635578574526e-06,0.69009852,0.69235551,2995,26126,3143,26358,1.3574497170204198e-09,1.5400903824057463e-09
1358,1406,0.6994379115817002,0.6201820580997465,1.208688373170904,0.8762079662634209,178124522.04931942,3950286657.2161164,134189401.07095623,98334724.50615108,124787899.96853808,91445253.2552755,1.0743289419788098e-06,5.551204237784077e-06,1.1060011306906113e-06,5.714858758598725e-06,0.92844176,1.1234041,4326,19441,4571,19520,1.4805264923443233e-09,1.4206392643901711e-09
1359,1407,0.7981708235769959,0.4632609826760239,1.2580835188502957,0.7522117184434058,176293609.55684507,3930863525.580789,176670317.90525055,126461721.23999411,163971396.16598067,117371753.43962303,7.622538966109974e-07,5.928296460426443e-06,7.85340241283296e-07,6.107846471273836e-06,0.79646891,0.64580768,3545,35327,3762,36084,1.421572030423703e-09,1.6771614753774364e-09
1360,1408,0.5532146776349236,0.39898595875262655,1.136041286853104,0.7334320659932091,173007763.86375922,2942249151.578827,111790042.35706598,108880737.04863423,105975569.5672002,103217584.3244614,1.920237065082771e-06,1.043643110970826e-05,1.9617054239650844e-06,1.0661810401972503e-05,0.85616243,0.63397503,6383,47372,6599,48435,1.7022874221917937e-09,1.8443965951189142e-09
1361,1409,1.6249549545096469,2.6113431365015045,2.033851527349982,2.8708918935328254,171004119.73184153,39251519321.25444,338281884.08849156,506803582.5016934,322148567.4587121,482633140.48219854,2.8837785336046062e-08,4.790366960246133e-08,2.940701338391126e-08,4.8849238480779606e-08,0.82142735,0.88111144,1344,2288,1378,2134,1.2201545920515104e-09,9.292214614260565e-10
1362,1410,0.8182293013897949,1.6890108215727557,1.372944102399969,2.0315898646119397,171271321.93331498,17855959798.73139,170604514.31718576,328311610.81104594,164551224.3503753,316662649.5413869,1.8612805447378547e-07,2.048825568670868e-07,1.8883721994241554e-07,2.078647013361632e-07,0.82142735,0.88111144,3781,4239,4046,4152,1.4921667522780449e-09,1.0356400527152586e-09
1363,1411,0.8645818829011983,1.0515939982684968,1.4012244133699128,1.4403254193013886,172086971.56285176,10779567567.440369,199396243.8029954,168928807.0443217,193636957.42964774,164049530.69527733,2.1638382041459412e-07,7.917459555964894e-07,2.1893554339815854e-07,8.010826811805408e-07,0.74616891,1.0712538,3158,8287,3126,7967,1.4555704880322805e-09,1.2035896180515566e-09
1364,1412,1.1049621811961412,1.3536593045525889,1.5847469182026954,1.6904899057180032,171806889.24910483,17804070796.032837,231110048.97659513,263948444.72600073,220600023.20797044,251945050.81066468,1.0440814993075652e-07,2.6694541724800467e-07,1.06370135050558e-07,2.719617204464344e-07,0.82142735,0.88111144,2237,5636,2263,5394,1.337283336561108e-09,1.0970091760292932e-09
1365,1413,1.1100137733638418,1.3357033361781028,1.5943781374552206,1.684025711522269,172011842.28986868,17675177191.464737,177944000.58475107,292068777.3719393,173128279.6165261,284164483.1516687,1.2724211133148047e-07,2.4189060319376034e-07,1.2864621158244865e-07,2.44559834732731e-07,1.073009,0.78665304,2171,5760,2096,5435,1.347578049899161e-09,1.1123650581976354e-09
1366,1414,0.5991635938337343,1.0201773473689084,1.1953907612196084,1.4126367991695394,171610361.26381728,10342211227.171371,137806765.07151732,224270707.58025217,133525179.06235002,217302730.91130325,4.672818128963864e-07,7.089103363831841e-07,4.7321862112047093e-07,7.179170312705613e-07,0.74613667,0.7806325,6117,9267,6477,9392,1.6741857246533806e-09,1.218630968048738e-09
1367,1415,1.1866711013574618,1.0754101771871887,1.6369199671579595,1.4394076258230353,174403286.1767543,8027964282.824554,180643879.90332133,122129715.95783724,175633146.3217158,118742059.15269448,3.649110998871172e-07,1.7428823583252334e-06,3.6904028959950585e-07,1.7626041259177412e-06,1.1456759,1.5357038,2356,9059,2557,9111,1.4023343025938117e-09,1.253357310532179e-09
1368,1416,0.39664694876374684,0.44983232392969286,1.0414642383927442,0.9427384065444653,173510223.6117416,3138415612.596478,74145267.37208548,97084039.93013923,73374113.85511032,96074309.95696941,4.050690331827171e-06,1.0192493840216853e-05,4.067665855385092e-06,1.0235208267913062e-05,0.92820895,0.80394787,12935,38876,13696,39789,2.06861599275203e-09,1.7826075840976833e-09
1369,1417,1.1678012557286255,1.0533994471031893,1.6353800167040884,1.4340475996671627,174200920.1219437,10888037809.585075,167265793.26745972,186531626.33228165,159264445.4372991,177608675.653277,2.823837473904922e-07,8.705488628819532e-07,2.879751529348839e-07,8.877863695853786e-07,1.2162203,0.98376429,2388,9520,2528,9635,1.415916403684623e-09,1.2709577489247014e-09
1370,1418,0.9636205833475966,0.8287872459927978,1.4504430009559015,1.2311602268863449,174069947.67106116,10251159570.10847,267701865.608302,178571281.41359997,260296066.37995514,173631222.23585498,2.0353997123253461e-07,1.098613731156741e-06,2.0583689683302356e-07,1.1110114631052225e-06,0.6265828,0.8078956,3168,13814,3330,13940,1.5073171609663216e-09,1.388888930117381e-09
1371,1419,0.753436902231249,0.5774398531282738,1.2734855534196385,1.0214931074071252,173105301.45099235,4544804271.221956,167181225.59386095,88492807.14854406,160103833.48959047,84746583.29850887,7.554503653150442e-07,5.898568208217295e-06,7.686351572556531e-07,6.001515268862903e-06,0.78013498,1.1295596,4372,23944,4401,23733,1.6278948483230732e-09,1.6049662106985643e-09
1372,1420,0.8410930792499554,0.6386611770931873,1.339741065828181,1.0638469783764495,172550538.56035483,5926485211.881719,182650076.24790916,112705809.82030238,175989769.07408664,108596009.65433486,5.411211056446325e-07,3.499322714333621e-06,5.492213962104561e-07,3.5517056845670976e-06,0.79458529,0.97777861,3844,20975,4036,21210,1.5653026244965168e-09,1.536486167084841e-09
1373,1421,0.5173201621465411,0.5881265938889176,1.1281368384207688,1.0535521730152544,174402223.74289918,4479041422.422318,116569881.03930874,103274830.31017725,116482637.05766726,103197536.69608691,1.4883135588942223e-06,5.28605041279692e-06,1.4887593497511497e-06,5.2876337303237954e-06,0.77397168,0.99318087,8197,23723,8613,23839,1.8572369017739558e-09,1.5891389700433405e-09
1374,1422,0.578680802530905,0.6243010274485641,1.1835316304924086,1.091712120752096,174043601.3405791,4724624642.704711,135292455.4412592,98227120.44182463,132175611.82917021,95964181.44877838,1.0870321563979084e-06,4.923946331466058e-06,1.0972138760165216e-06,4.970066623923841e-06,0.74442947,1.106167,6684,21159,6899,21031,1.7756119902245496e-09,1.548385815728554e-09
1375,1423,1.0935843676248735,0.84821226871584,1.5665029098384229,1.2540739339641571,173810855.53188783,9104207500.47705,220575986.47043857,155897891.58211628,209738191.9678396,148237994.69401208,2.6161753649345047e-07,1.3896014212106973e-06,2.66943368204576e-07,1.4178899809689776e-06,0.8617295,0.94567347,2626,13278,2764,13378,1.4460839664384526e-09,1.3743267555190098e-09
1376,1424,0.9532464434833495,0.7627562508116398,1.4416576159666485,1.1739013774782818,173446542.50344902,7550674021.774282,258308384.5591562,128682135.61256461,248679809.82963336,123885444.39708291,2.800829387656512e-07,2.133480716389688e-06,2.8437135366924246e-07,2.1661469349784087e-06,0.64007717,1.0280948,3170,15586,3304,15669,1.5024781893553543e-09,1.4272232377270995e-09
1377,1425,0.9336299799672918,0.7243924199448071,1.4391638421211637,1.1594616821544024,174166606.34373108,7314480989.931132,282500944.6541603,131433287.44938315,270064544.0795855,125647264.278541,2.736943526459078e-07,2.26419862797209e-06,2.786677876918836e-07,2.30534249776167e-06,0.57559866,0.95991641,3270,16985,3478,17253,1.4914923163880242e-09,1.4426216409198705e-09
1378,1426,0.6555105232925927,0.500412889113634,1.2030544140587247,0.9653717485258985,172745084.08196464,4102436901.060492,184282550.54975542,87306954.34499322,178736260.63006884,84679306.31560786,8.401264943402425e-07,7.461268814161989e-06,8.504588396852259e-07,7.553031669659383e-06,0.61447066,0.99011433,5481,30903,5609,30915,1.706597192660407e-09,1.7110962032755426e-09
1379,1427,1.3523181004581666,1.0688449453062272,1.7672134026907325,1.4276016457156198,174433877.42043906,12630284843.845043,296871956.6514513,190679941.51662034,291900359.25539374,187486699.85305214,1.2796120593017311e-07,7.169440609744252e-07,1.2882855704094851e-07,7.218036762236698e-07,0.79458529,0.97777861,1944,9249,2034,9261,1.373436768518767e-09,1.2709055679469561e-09
1380,1428,1.273632364091581,1.2893619834153311,1.7243970883955513,1.6372042345942666,174281706.16398677,15908643016.537447,279354304.9853751,229819106.32367578,269305584.60030735,221552228.39346573,1.036894888096515e-07,4.2076953748358963e-07,1.0522010648727758e-07,4.269807484720171e-07,0.79458529,0.97777861,2043,6890,2076,6846,1.3778946698167518e-09,1.1871648407113566e-09
1381,1429,0.2317529967959722,0.3560029541072307,0.9386492068952264,0.8755216541104885,173873817.56691304,1748482770.099423,48851415.371334985,66121543.151227295,48456748.14519604,65587351.75011522,1.485053049029103e-05,3.044052354269039e-05,1.4898794221179365e-05,3.0539454233235417e-05,0.82486409,0.93614864,30532,56365,31479,56855,2.6830322451572602e-09,2.0021607810446123e-09
1382,1430,0.40343352029217605,0.49810437223461473,1.1075955636711052,0.8360965476818345,174829911.86890322,3079128807.0769467,118731747.63347039,108442482.13955766,116027751.37084891,105972813.56093986,2.6824569476588298e-06,8.808544319553116e-06,2.707289845429423e-06,8.890089591243725e-06,0.59404707,0.80303901,12935,33072,13904,33775,2.022374959050324e-09,1.677289715825429e-09
1383,1431,0.16605568129801412,0.30435971330861644,0.8693668682647353,0.645494653717729,170769821.52484873,366039335.77628434,31307920.265450466,50216393.73508406,32257998.265856374,51740273.01364711,0.0003037169322696679,0.0005853735836297038,0.0003001067243248204,0.0005784153928349693,0.9057548,1.0350296,109710,184242,122740,207018,3.1633246837064126e-09,2.1138585055092346e-09
1384,1432,0.20141942508735872,0.3501896637584892,1.0520672361391306,0.7418440045911965,173355199.93500304,1229694297.4644072,36056292.07755216,72254886.21785134,36258277.27505166,72659653.78051768,3.256777044313257e-05,3.971287328339708e-05,3.2495078253056724e-05,3.9624233020526904e-05,0.96840531,0.84018123,39740,57844,41355,58124,2.8587678747158885e-09,1.9914211669969028e-09
1385,1433,0.6957785282997356,0.45798062817695884,1.2584329964794625,0.7713073930981562,177017716.41102502,3027649715.897107,154795408.54834878,92316552.61814795,139074061.5367859,82940689.52096961,1.1881152231919052e-06,1.0296331607780819e-05,1.2401189250393988e-06,1.0747001162889677e-05,0.79566395,0.87818146,4407,35119,4521,35498,1.5258047433422984e-09,1.6819779542549774e-09
1386,1434,0.52639065978428,0.6832209077190222,1.249327657258453,0.9967861120149153,174688295.70993605,5372716766.783707,180424682.11387953,142838350.04923016,174611435.12253064,138236127.12194338,8.12758546401855e-07,2.9786741266188667e-06,8.23475820706987e-07,3.0179518036385683e-06,0.5096547,0.83556479,7979,18797,8568,19153,1.7815051832209768e-09,1.4398951962593502e-09
1387,1435,0.23436946681585843,0.34002859274800173,0.940628729153428,0.6890124528414016,174039219.3121484,1198938598.6019177,52954650.2153804,50220385.20904698,52554553.83001641,49840947.435178146,1.862495911553705e-05,5.344914451276012e-05,1.868154662685805e-05,5.361153703407795e-05,0.7702719,1.1783723,28385,55610,28990,54382,2.617034170666969e-09,2.0001958129530227e-09
1388,1436,0.5111131088512081,0.7372719084966923,1.1979395371729133,1.0309193115724753,175079690.9959737,4757586452.326969,115462586.53728591,130458226.65832128,115405110.15951051,130393285.56749527,1.4087713186424248e-06,3.33088285221788e-06,1.409051926589704e-06,3.331546318450774e-06,0.7750175,0.98944575,8176,16027,8648,16016,1.8040865488521885e-09,1.3925852010966057e-09
1389,1437,0.39654641470992824,0.5001578282152571,1.1061789890637632,0.8385937883062148,174985074.956615,2933196604.6630974,115229545.07731892,101548924.7457833,110299249.82290779,97203978.47849792,2.8996643123882605e-06,9.711273374012974e-06,2.9508303318539348e-06,9.882633624359325e-06,0.60218674,0.86185211,13194,32493,14124,33051,2.036081601567136e-09,1.6726063954116856e-09
1390,1438,0.7264113761133489,0.43377538529906673,1.2669842755891763,0.754005090581182,175776094.85789526,3309585093.9169264,266226545.89701888,98058027.51989788,242844931.06942454,89445982.38180418,5.916936645258997e-07,8.844071374052033e-06,6.138550670133873e-07,9.175318837222826e-06,0.47961316,0.7775737,4104,37795,4083,37643,1.5294202603956953e-09,1.751740737934308e-09
1391,1439,0.6923934709876234,0.7242519604347368,1.306595028998478,1.0183057519829568,173375092.9118095,5236601045.965225,117630417.89526135,136611563.61198032,107979236.00208579,125403042.2726758,9.896080953107637e-07,2.904941788475711e-06,1.0240826187398317e-06,3.0061399134924994e-06,1.0205165,0.91915536,4879,16561,5078,16550,1.6102441993649556e-09,1.4136668518402843e-09
1392,1440,0.5987440727654872,0.6851903450743199,1.3630135272520705,1.0131314108492775,173643640.36736852,5376348292.626911,136977593.8445197,143707743.18780652,129931075.89021593,136315007.16344053,9.436253984656155e-07,2.8176201217794177e-06,9.637718143842762e-07,2.877776352171752e-06,0.75901538,0.827923,6308,18264,6684,18297,1.7001865591034056e-09,1.4497653468466279e-09
1393,1441,0.511464591258931,0.525213627205257,1.1430375862844195,0.8428521139573945,173994430.11427003,4099297193.3237104,138615567.64231694,127588746.9242563,132730224.98453107,122171581.25016406,1.2961342526941856e-06,5.038306353751855e-06,1.3188240511156214e-06,5.126505670539019e-06,0.64200574,0.71624064,7927,28627,8276,28836,1.8029117595401586e-09,1.619804346190994e-09
1394,1442,1.7096472519146584,2.1200943188785653,2.1468742590818577,2.446667575510282,175426036.38917068,31209778109.3724,423604798.6054931,430738592.6168065,396417589.26797277,403093532.11283386,3.119260958339369e-08,9.17124510440026e-08,3.203132408149807e-08,9.417843780736222e-08,0.70801049,0.86344653,1304,3307,1375,3315,1.2191697997835473e-09,1.0088950420320427e-09
1395,1443,0.840273972853282,0.8969399300764885,1.4192825787442251,1.3635370162724136,174192903.65898988,9429524950.728085,220501122.71722847,179878031.7971884,213281357.01697564,173988369.06806135,2.77080422308895e-07,1.09597296338264e-06,2.807947637353273e-07,1.1106647909257771e-06,0.66380507,0.86859173,3736,11866,3936,11898,1.5126597549587242e-09,1.327278724495625e-09
1396,1444,0.7360078243861697,0.87133393068979,1.3598619060539685,1.3707421161537754,175075485.80835515,8306584193.875839,139757550.9983887,177425249.63683596,132648578.59831414,168400254.60984704,4.884964217086526e-07,1.217559425670606e-06,4.988046107579041e-07,1.243252209037597e-06,0.92200333,0.85979426,4341,12008,4401,11763,1.577617465768842e-09,1.339288000438192e-09
1397,1445,1.279574425881088,1.5057034406356171,1.7713390474055017,1.8860499736829808,175489112.61780134,20046963632.78441,317158267.70632267,306023073.20954174,302772421.5865055,292142303.6109939,6.84454940286346e-08,2.2409938870957165e-07,6.97282477424694e-08,2.282992900648756e-07,0.70801049,0.86344653,1902,5268,1938,5203,1.3089349126770612e-09,1.1023384087416603e-09
1398,1446,1.2695218364556762,1.3980635929902354,1.7732037221578467,1.798341385805349,174669313.9506297,14073801567.00971,309707130.2073643,208990618.8659686,286620820.30821556,193411958.50408354,1.0693672369289855e-07,4.958212369540072e-07,1.1030222216283003e-07,5.114256575562354e-07,0.71598774,1.1684678,2018,6039,2102,5972,1.337211618539469e-09,1.1479775049699669e-09
1399,1447,0.9945950396651451,0.9912310438251543,1.546806139055708,1.4504016122023284,174766451.62540895,11324569092.386585,245507444.2279948,200630758.53726858,235776572.15746713,192678607.63252437,1.9043549780537476e-07,7.364545145366224e-07,1.935412367243886e-07,7.484650665305441e-07,0.70801049,0.86344653,2862,9789,3046,9659,1.415716775801005e-09,1.2658889038073642e-09
1400,1448,2.4192917566086223,2.405828661696166,2.773585317796659,2.689890377829655,174415065.80082336,42052977822.0062,595981185.1379241,485974232.0526131,606420524.7718843,494486665.31101567,1.2728133848345507e-08,5.12076850998436e-08,1.2640032677589727e-08,5.085323745946339e-08,0.70801049,0.86344653,771,2621,756,2494,1.1090517528836361e-09,9.570758360816242e-10
1401,1449,0.331604865506788,0.4770331330715313,1.057579893128579,1.025430771303985,173313248.90573552,3402573606.6941113,92995734.75877978,105682241.24897406,91328646.67112708,103787728.49610858,3.1635913898651794e-06,7.427693133785025e-06,3.186565046513885e-06,7.481632233598669e-06,0.61800164,0.78230894,16680,32397,17418,32306,2.2037141809458898e-09,1.7182988195358574e-09
1402,1450,0.8528639027256053,1.0147056987021656,1.4193061703143772,1.4475566025223,173711908.3159338,13134430433.27595,248309940.16705948,266433787.69960865,243314382.17467448,261073609.864244,2.0918647866443611e-07,5.389051510050577e-07,2.1089395875836108e-07,5.433039526089168e-07,0.59664392,0.66157699,4014,10220,4605,10699,1.4998638434744774e-09,1.2615982911052356e-09
1403,1451,0.8753794237981156,1.0300476886426237,1.4495224066754,1.4757898653325183,174097874.9098001,11028430631.869698,215253445.50052813,207689888.62394553,207049399.71567908,199774115.8874907,2.5904160097760626e-07,7.580307282617158e-07,2.630994680242186e-07,7.699052221689654e-07,0.70801049,0.86344653,3667,9597,4035,9682,1.4884171004154773e-09,1.2584366476517374e-09
1404,1452,1.3270364754289323,1.748723365536348,1.811052874170472,2.095349738473811,174203563.33025816,23725888329.64775,326512793.17760754,352811472.36217785,312536843.2034939,337709842.07063514,6.120443183471559e-08,1.54086226708388e-07,6.22848557642054e-08,1.5680626578971e-07,0.70801049,0.86344653,1892,4257,2051,4234,1.29676388642643e-09,1.053053370060511e-09
1405,1453,2.033894508717969,1.959698088662464,2.439995654927474,2.3022490070692507,175138221.5275665,29332585898.751892,503117781.5339271,397497732.6961002,474533393.37463224,374914095.42296845,2.8819979526454587e-08,1.1892316597114027e-07,2.950222853060143e-08,1.2173840778903691e-07,0.70801049,0.86344653,1044,3774,1194,4040,1.1520796143339894e-09,1.0147593408013863e-09
1406,1454,0.9052252874425104,0.9394592662699458,1.4840209228891474,1.4206271001839326,174913520.1537384,10145453056.130579,223635304.55424353,190311874.0940733,216524077.1507411,184260275.85931686,2.4083145301367926e-07,9.22982696390437e-07,2.439646337252942e-07,9.349905614151131e-07,0.70801049,0.86344653,3300,10919,3451,10845,1.4753562306459988e-09,1.3063396137689492e-09
1407,1455,1.1103365549213078,1.2151715515240114,1.6284793928219539,1.6297764231194327,174827410.67449594,17095730031.258835,274172865.5378149,246043372.11043364,262419796.79950717,235496140.67910108,6.601465506278229e-08,2.821296492025176e-07,6.718178038051026e-08,2.871176424920805e-07,0.70801049,0.86344653,1961,6397,1594,5586,1.3502293605363539e-09,1.1699744404314094e-09
1408,1456,1.1371991430323145,1.4712758980631369,1.668763852662162,1.8716204635741587,175097632.5140732,18784020780.16334,473965068.8950397,269649989.9132536,465946170.0982034,265087847.84501368,5.372233805584754e-08,2.850253927877865e-07,5.409026897071375e-08,2.869774607230929e-07,0.4201172,0.95537525,2315,5588,2402,5604,1.3657759483810938e-09,1.1201617622696219e-09
1409,1457,1.64531012784536,1.6540694498191595,2.0987708987491813,2.0311664433549543,175244097.1994445,14692120605.47175,233761716.50065205,207616212.0982365,224742158.66980475,199605463.1198584,1.1115302392711085e-07,4.3133189523640714e-07,1.1291634657995743e-07,4.3817450981308615e-07,1.2334393,1.3961622,1304,4561,1324,4539,1.2063395169187594e-09,1.0603892717494106e-09
1410,1458,1.4787502874512954,1.4462108768881428,1.9180341501296614,1.801061091038061,175368922.23427138,21251620652.264973,281259776.8884823,327867971.0787319,251214974.70669094,292844376.7284045,6.959085238717447e-08,1.904048156863151e-07,7.28076473248215e-08,1.9920616279147335e-07,0.92201895,0.77354443,1551,5417,1604,5231,1.2494906675410982e-09,1.106135362016306e-09
1411,1459,0.5816739217299746,0.7146872777230873,1.2271169227035224,1.2144361169311724,174365716.76123947,6002590778.844927,137991463.04783547,138801787.27012774,130324710.76256965,131090013.68466082,8.577443706050468e-07,2.54507645036228e-06,8.775827059805012e-07,2.6039402353182135e-06,0.73500192,0.89780515,6637,16947,7005,17016,1.722843674559827e-09,1.443882951289888e-09
1412,1460,1.175269453833736,1.3022547197823708,1.6881786042424138,1.7054608600617678,174119040.8630356,16118580330.3594,289030731.81465685,262607277.79850778,272319223.3697385,247423550.74957594,1.0656232829046562e-07,3.642651079475734e-07,1.0913146616890142e-07,3.7304726672388786e-07,0.70801049,0.86344653,2287,6766,2426,6800,1.3652335136121978e-09,1.1700525892524102e-09
1413,1461,0.5567732655981985,0.49887877171458495,1.2269871542525086,0.8311472601184039,175542093.05796698,4099355943.2446413,127788625.53058492,131675640.13943613,116727362.12961027,120277920.40478216,1.317027974122861e-06,5.102416175025897e-06,1.3655978071696652e-06,5.290584920584526e-06,0.76483446,0.66507536,6702,30986,7059,31450,1.7011353781787545e-09,1.6374807821899948e-09
1414,1463,1.1072721541088257,0.8244250083866416,1.6869810124926503,1.1238356041175939,171268438.6090665,8906567203.058437,250149636.00239062,187683279.00960863,220714327.67248106,165598437.0154213,2.0675166094717875e-07,1.1818772166391226e-06,2.1736856922397316e-07,1.242567814944383e-06,0.75810933,0.75232053,2303,13685,2429,13992,1.354192984154976e-09,1.3458368250547172e-09
1415,1464,0.4623234485269981,0.5142558928209103,1.2867988158536814,0.8754884323387302,175368741.10954094,3665990361.56005,106946423.0886082,119874980.05958453,102267421.75575702,114630342.83586377,2.105382264410946e-06,6.073372783193908e-06,2.1433966263319687e-06,6.1830323898906615e-06,0.75810933,0.75232053,9522,29267,10181,29595,1.8468399165999738e-09,1.6179312142036132e-09
1416,1465,0.32966330999865445,0.48297086150344243,1.2127775947467399,0.8571034066385499,174307962.25008294,2681091866.0611687,70471293.68163705,112896940.29900183,67172706.14827134,107612512.83400047,5.607000577926868e-06,9.931106793459843e-06,5.715554372691378e-06,1.0123377030221664e-05,0.81540918,0.74568599,17345,34756,18436,35707,2.2010488447172863e-09,1.690609241358115e-09
1417,1466,0.7804278148851354,0.6038024655745686,1.365689680046932,0.9074048128419963,177374038.64915407,7394892144.109393,177467927.95403397,208564880.9670759,162018721.52061325,190408575.55477208,4.2761685560741044e-07,1.549700325054595e-06,4.434827039830219e-07,1.6071987843939187e-06,0.78001493,0.51350391,3812,21953,4054,22317,1.4533007315385018e-09,1.474264046925861e-09
1418,1467,0.560454596227687,0.5156870271628882,1.4687644953325474,0.9161702388867267,173408485.14358196,3709371948.4543056,128197317.5605174,118864902.15615097,124909204.72231099,115816154.97306512,1.591890393690656e-06,6.63817252329214e-06,1.6085218321114282e-06,6.707525512659477e-06,0.75810933,0.75232053,7186,31667,7789,32730,1.7357392720838953e-09,1.652743151627015e-09
1419,1468,0.5170355041650417,0.435002060805066,1.1955741615302777,0.7840213579190719,177180000.5404728,3587013559.6659145,173290077.7687617,120594095.47714223,162844531.8050416,113324947.79437275,1.2043610681199543e-06,7.257783504828658e-06,1.2346871119649786e-06,7.440535892473262e-06,0.52864164,0.63911641,7652,39863,8172,40734,1.7250631498238203e-09,1.731240202089955e-09
1420,1469,0.7181950835921963,0.5138648286518682,1.4247820391205388,0.8775549530547033,172297260.1848689,4258872530.701681,122921108.60427412,127258950.82927561,120367792.94789664,124615529.57107145,1.0785745238877072e-06,4.93035181389908e-06,1.0876686885074573e-06,4.971922822703613e-06,1.0066867,0.69572711,4406,29823,4563,30181,1.5719403364689621e-09,1.654282708830892e-09
1421,1470,0.8536017013676678,0.4110245752146128,1.353865909138781,0.7201516171588417,178343317.51115853,2347480914.27702,310866275.9882489,74790349.12707819,287900801.5910197,69265157.16929029,7.384816265200211e-07,1.845144928652595e-05,7.615036496509001e-07,1.9026669680666824e-05,0.48970947,0.98011959,3269,43268,3540,44193,1.3694014892039167e-09,1.7536365766764896e-09
1422,1471,0.5696381269197852,0.7221115602710384,1.5091236275940287,1.076144038090624,173021724.3445883,6131094359.970912,125047922.00229731,174043842.6365461,124296551.38208911,172998072.12000096,9.065619978529201e-07,2.0259544551144263e-06,9.08750096307257e-07,2.030844344412998e-06,0.788176,0.71787077,6704,17167,7052,17303,1.74199343604065e-09,1.43623223643987e-09
1423,1472,0.8295715192525996,0.6077858337481973,1.4109698584590094,0.9085804934117914,176722280.8652746,4747293253.9752035,169815582.84680912,121566551.62220651,157742982.5670718,112924091.60459495,6.381237513215196e-07,4.1293368047392155e-06,6.5722777134246e-07,4.25296005622856e-06,0.86331165,0.88354319,3368,21780,3509,22187,1.424605111659985e-09,1.4699573267746556e-09
1424,1473,0.2630230172671749,0.5078758618345893,1.2519514954631628,0.8956520306851719,173576209.95864204,2259781649.2349505,49069802.09243435,106883862.02206127,49165918.73961572,107093223.34037279,1.0236211128190729e-05,1.1419131664378371e-05,1.022820193853509e-05,1.1410196914004687e-05,0.93039989,0.82477528,23996,30936,24862,31287,2.47850359020677e-09,1.6661520127477e-09
1425,1474,4.9468730866745565,2.0131923685917212,5.1327962802317115,2.1698528524991274,186054022.40412298,27579247314.513695,696980624.4075315,341701077.1226708,649957374.2576492,318647501.9394552,1.3119499900549773e-08,1.181256978208234e-07,1.3491232056029952e-08,1.2147270956680427e-07,1.3205326,1.0961702,252,2955,274,2972,8.279592951586029e-10,8.747713433569378e-10
1426,1475,0.46835681229070114,0.5078481524050199,1.0861971447777221,0.8380855117349699,186126104.24865583,2221458122.9815063,60486341.060288765,86230950.4099126,60548898.80847292,86320134.41388544,5.24917298816759e-06,1.5071329084369476e-05,5.247002984842137e-06,1.50650986106728e-05,1.4412085,1.0961702,7999,30050,8091,30543,1.7744573868102878e-09,1.5829284407743386e-09
1427,1476,0.24770101586198023,0.4874792423109168,0.9672238053185784,0.8212501932964732,185967190.43126234,1413648023.33883,33676411.028276145,105590123.66868544,39839053.691447936,124912675.5992893,3.0741702140154154e-05,2.177961830790918e-05,2.8743167475213997e-05,2.0363713554845187e-05,1.3678495,0.85855705,29585,34458,31771,35861,2.425064752144046e-09,1.6064685704073703e-09
1428,1477,1.6959235065146088,0.7010781440160846,2.0388088090482346,0.9453683549560158,185861310.83095613,5290364074.963749,238696542.58428514,118871415.07930368,235166253.49888378,117113323.17450579,2.263970969159069e-07,3.324337312063066e-06,2.2775048204873932e-07,3.3442099551135082e-06,1.3205326,1.0961702,922,15791,907,16044,1.0057335554258311e-09,1.3078777772664932e-09
1429,1478,1.1832730926401596,0.9675122574383548,1.5493757330395483,1.179563950148589,187656282.27403823,8086460441.349905,168150812.39172435,165630988.0394886,167272374.7108678,164765714.18834338,2.465855414074261e-07,1.2421018584644533e-06,2.4710270922582747e-07,1.244706938651669e-06,1.3205326,1.0961702,1530,9000,1510,9163,1.1230004475688766e-09,1.1144939815449863e-09
1430,1479,1.0194346492445003,0.5267772729781275,1.4496127463123931,0.8038435349537862,185552965.55071932,4002441597.105886,143244568.4055618,114601068.78732765,137941216.72467157,110358186.99746223,6.535948163469963e-07,5.5493090947436514e-06,6.635325670731939e-07,5.633684994164655e-06,1.3205326,0.852916,1988,25769,1981,26041,1.202582326698948e-09,1.5100581949315148e-09
1431,1480,1.2566853519753391,0.7720379976508686,1.6654902553039155,1.022622783559452,186438206.02871197,5699881369.361618,177423989.80899277,131309334.32420157,177596851.70282817,131437267.30684943,3.683667602778825e-07,2.6972117591145326e-06,3.682233001241276e-07,2.696161332052709e-06,1.3205326,1.0961702,1558,13790,1590,14025,1.1417310136727135e-09,1.2678463249314825e-09
1432,1481,1.168898865588754,0.6439767861585887,1.5976009652735752,0.9145598345343147,185767410.27259174,4231273331.7618823,118193333.63143018,109134420.76818693,117591717.88435489,108578915.78271267,7.077339113313807e-07,4.836205011856129e-06,7.091800408367296e-07,4.846086944386965e-06,1.8371875,1.0961702,1652,18483,1630,18668,1.1622246533465579e-09,1.3822095967554448e-09
1433,1482,1.1717696980470365,0.8784531506284704,1.5208480912875475,1.0916863047542382,188100020.87058216,7510178409.333937,394521835.53052783,150740328.43352604,385327070.54823244,147227159.4059196,1.2378360581748787e-07,1.5951743704131905e-06,1.249567552179727e-07,1.610292510202059e-06,0.55867606,1.0961702,1635,10772,1664,10929,1.134714767648843e-09,1.1736323751675483e-09
1434,1483,1.7278068282943984,0.7965108675620878,2.089413706108733,1.0422031386920982,185939096.7655647,6450160365.02631,243285808.34614426,135109047.1885214,245664849.66739908,136430250.46100956,1.8568888220116594e-07,2.1849782740002486e-06,1.8496749025132092e-07,2.1764897435143874e-06,1.3205326,1.0961702,929,12777,907,12857,1.0231758746936976e-09,1.2536007772910646e-09
1435,1484,1.6769939315546551,0.7385544597356192,1.9755598410089752,0.9782869390184789,186555251.6324348,6045237326.983158,236913518.74784827,125693266.5020773,218978688.4603783,116178033.20130573,1.8654930805881028e-07,2.514836669181169e-06,1.9251689104490606e-07,2.5952845500979086e-06,1.3205326,1.0961702,892,13764,854,13869,9.928872918586227e-10,1.262941952362499e-09
1436,1485,0.4448557422308622,0.5303211600037795,1.004647542041372,0.8156835193214195,186700334.07520092,2553908999.9886403,62894862.035040595,90324602.63912822,64048674.25513197,91981616.05688341,4.000001642049673e-06,1.1121759711299948e-05,3.971020958809878e-06,1.104118069556306e-05,1.3205326,1.0961702,7713,25641,7736,25912,1.7561635758817952e-09,1.5043897682656484e-09
1437,1486,4.779251200065209,1.119254702001885,4.969220259800179,1.3166693936477005,186521959.8649716,12155608989.249384,675057397.6917952,190449968.99703747,643060840.8048837,181422968.7923728,2.7702093189885803e-08,6.396335416412665e-07,2.8245420241788325e-08,6.52178810480547e-07,1.3205326,1.0961702,238,7017,255,7093,7.865659605188175e-10,1.052530299422361e-09
1438,1487,0.5109554185771574,0.703759811810064,1.1037928195925428,0.9861651416908752,186115233.10224622,2473825758.0673037,101232242.6933123,67588084.00990328,98400614.6558828,65697537.000504404,2.7887503154586795e-06,1.3640044886573606e-05,2.8205775912958714e-06,1.379571514096325e-05,0.9393903,1.9379218,7126,17141,7344,17412,1.7009175614134608e-09,1.3628926877493613e-09
1439,1488,0.5021167013530072,0.501656035899274,0.9942481213200945,0.7795441293368496,188054659.4031306,2271579673.7104807,71505531.36936052,86062141.59859721,71965405.84409033,86615634.19425865,4.128590616362113e-06,1.5029768686665667e-05,4.11801728225177e-06,1.4991277399761249e-05,1.3205326,1.0961702,6807,30223,7102,31146,1.627952171123261e-09,1.5322837636504878e-09
1440,1489,0.6105315721491159,0.437718630781634,1.1636751477606417,0.7553655876378903,186050593.7822733,2122800636.9249022,86018142.62000638,74293035.12035508,84296120.5620973,72805741.37824968,3.1333713540973038e-06,1.8948536565010927e-05,3.1588198444412505e-06,1.9102432032643914e-05,1.3205326,1.0961702,4906,36412,5037,36695,1.5182396107769385e-09,1.6782941961719807e-09
1441,1490,1.222581548875798,0.9794372476656754,1.5892896729208155,1.1913571649815426,187464110.36109108,8450322067.545023,173558882.5326132,167500751.51482996,167924805.58395964,162063333.91210648,2.0627652035828313e-07,1.1449028933888564e-06,2.0901747315984207e-07,1.1601160877344683e-06,1.3205326,1.0961702,1396,8720,1320,8826,1.110999876648951e-09,1.1094730460665687e-09
1442,1491,2.688489334071122,0.9320080944564716,2.935891113340279,1.1394899355005494,183583045.6671831,9402533549.856363,373759087.9562636,156089706.29450312,345235790.4466816,144177773.51671776,6.24977304132009e-08,1.069993533365663e-06,6.45140974500279e-08,1.1045147819939308e-06,1.3205326,1.0961702,469,9133,445,9178,8.767243044621447e-10,1.1268861967777724e-09
1443,1492,1.3036961778957628,1.345405984172867,1.8144038945779697,1.7388366313446775,176027066.17269567,13604554331.892738,457290061.4455457,201701887.84134367,431039892.5026128,190123441.07780242,7.761139620757441e-08,5.416533807891958e-07,7.946853650915747e-08,5.546144454279756e-07,0.50183862,1.174148,1948,6298,2104,6276,1.3150900086052367e-09,1.1414105916781127e-09
1444,1493,1.1855863056695775,1.5214122249788808,1.728453185498326,1.9144624136242239,176300675.14525968,16293168904.403088,236203195.97438315,291383774.54108506,224262404.0389687,276653436.06789964,1.2964275139314191e-07,3.1356164610920843e-07,1.3236097509674968e-07,3.2013610314469377e-07,0.88491464,0.92052484,2240,5439,2387,5550,1.360600702900537e-09,1.1095110548964952e-09
1445,1494,2.9310639842274946,3.339351707500343,3.2966812612934047,3.6409251064434627,178345278.4500895,50444978762.21104,590725250.5417713,646976142.5633342,574183206.7703496,628858908.4353994,1.2033931977680796e-08,3.57297729317351e-08,1.2171429048485995e-08,3.613801349082751e-08,0.88491464,0.92052484,612,1808,686,1958,1.0494791244851552e-09,8.941973027690961e-10
1446,1495,0.8014566244876395,0.9410327575590308,1.3945137933953957,1.3776750193865805,176785367.9467071,9031562255.707556,160112397.1159221,180723881.7096752,143945382.6664442,162475665.70894492,3.433227619729318e-07,9.793790860457324e-07,3.5825601112737556e-07,1.021978393544387e-06,0.88491464,0.92052484,3570,10085,3504,9609,1.5113002270772005e-09,1.279270665332976e-09
1447,1496,0.8124668903550297,1.0541083376748877,1.3717856437856983,1.477453459375592,178082772.3816191,9048292365.475603,159619790.07664883,189886772.4660695,149817768.3401452,178226098.872318,3.6715394459133177e-07,1.0329074666442595e-06,3.765802706052263e-07,1.0594263769438945e-06,0.90644372,0.98858142,3549,9151,3665,9454,1.464617727203787e-09,1.211223326280761e-09
1448,1497,0.9787650601063715,1.2278819762113222,1.5229220609924057,1.6490202553057947,177906296.3154003,11842969757.630947,149424233.06579363,248750269.6767546,138810753.70145017,231081744.29823294,2.707924489914024e-07,5.482810158842207e-07,2.78891783243206e-07,5.646799635952986e-07,1.1653295,0.8781817,2674,7189,2752,7394,1.3751615694572111e-09,1.1496636198578328e-09
1449,1498,1.3718212825428897,1.2588671691813067,1.8230699233045358,1.6480469221539351,178442058.79174593,16475758812.352226,349261306.77145857,264300176.83603796,340055897.57305026,257334070.852304,6.776643465810713e-08,3.3360850521853917e-07,6.849434270789519e-08,3.371919358306332e-07,0.700881,0.84992319,1586,6570,1593,6467,1.2323487654913463e-09,1.1363479163467431e-09
1450,1499,1.1577142871466823,1.1189200636833012,1.6927945304920085,1.5490600094193878,176544832.1954751,11571683819.72166,230969706.3601695,214594485.99248958,216120911.7979703,200798436.77504677,1.8796920301373385e-07,6.8086652109628e-07,1.9303230315120625e-07,6.992062029233667e-07,0.88491464,0.92052484,2292,8430,2458,8559,1.355646207256009e-09,1.210503732943586e-09
1451,1501,0.8545344469827175,0.9702430570308311,1.4569225328782662,1.4257310404327797,175714185.8091536,8906299034.147892,114098208.73600227,226095820.44509143,108560338.19525875,215122033.93872163,5.842476370318552e-07,9.286768032498847e-07,5.959914371182841e-07,9.473438787004199e-07,1.3160051,0.75404078,3668,10686,3954,10969,1.4967174455476528e-09,1.274502170357603e-09
1452,1502,1.0085667372927554,1.1303840571257728,1.5670132670954473,1.5441718570897955,175560723.81364068,10207750683.267206,209552596.87594584,176808010.10148025,197015817.22782972,166230221.53808504,2.1803422621678268e-07,8.695369796746489e-07,2.2348143636308158e-07,8.912608656005057e-07,0.84496546,1.1224098,2644,8030,2634,7908,1.4147280582292505e-09,1.2043954153650125e-09
1453,1503,1.8414938587108405,1.725332775508138,2.278304721519024,2.1150151634812686,178368324.07932496,22950084978.304306,389029435.15294987,332630539.29638946,363199585.17217124,310545328.8914922,4.046820405580135e-08,1.7088644022527584e-07,4.1595732701298326e-08,1.7564769318859788e-07,0.84431702,0.92518479,1077,4240,1100,4239,1.1478349781262715e-09,1.0361664479946574e-09
1454,1504,0.7068397738363251,0.9906210011585319,1.3619733798361127,1.4676809584972381,176224634.20769572,11941145014.305788,254584210.39910147,239930792.52657902,245560423.48026523,231426398.85804304,1.9729062620691753e-07,6.038316069741815e-07,2.0015926044003214e-07,6.126114058531513e-07,0.4892785,0.72759241,4685,9999,4815,9910,1.6054678187049187e-09,1.2710160316170754e-09
1455,1505,2.819630061447284,2.649371280874254,3.192541994008072,2.9935876480236323,178186266.88240957,40240673861.62775,567760247.0659889,512839586.29997545,516730830.53761685,466746354.17113674,1.5569310973130337e-08,5.604493269061705e-08,1.616700735334964e-08,5.819646357445818e-08,0.88491464,0.92052484,641,2393,708,2450,1.057760236716067e-09,9.354155312896356e-10
1456,1506,1.1418918111178522,1.517176722670449,1.668648961872424,1.8829306515175008,175704247.24239445,16366143123.633911,226728355.52219668,289589571.52149665,219011044.2072531,279732609.1144557,1.3279551201660473e-07,3.0974495674301635e-07,1.3464782008098163e-07,3.140654572822471e-07,0.88491464,0.92052484,2346,5422,2456,5507,1.378512841357942e-09,1.1051135506639159e-09
1457,1507,2.126145733534332,2.2544100184934064,2.560255968456987,2.6281323524689584,178349015.6954154,31320882582.380257,428511385.91271937,436785397.09170943,393819537.3394619,401423692.93852717,2.6162447832839027e-08,9.081550457968723e-08,2.7061035980325253e-08,9.393469803378202e-08,0.88491464,0.92052484,897,2991,926,3090,1.1139836609290778e-09,9.696661624897351e-10
1458,1508,1.517143908861242,1.897229900467054,2.025306985152782,2.312574807405654,178278258.46892658,23897982289.285965,305649564.0285961,367436953.2172986,301299125.59633905,362207068.96148986,5.3654793858260544e-08,1.4382970540994153e-07,5.396334899505027e-08,1.4465683363532296e-07,0.88491464,0.92052484,1410,3713,1449,3734,1.2028657107672314e-09,1.0078276522826174e-09
1459,1509,1.5123386183723804,1.607034822319867,1.9926056374912167,1.9774950442544692,175931689.87811062,18867204002.058784,300671134.56070733,307138210.39712894,282387546.2464222,288461364.00583166,7.884271085835928e-08,2.58243774625447e-07,8.084627730605505e-08,2.6480631612779814e-07,0.88491464,0.92052484,1588,5088,1681,5293,1.280234436417697e-09,1.0892356316142759e-09
1460,1510,1.0174298595690194,1.0427718970091815,1.518210125373513,1.447336535002082,177494687.8680947,10475439566.370646,204074367.38969824,201066244.31478205,191005589.2050052,188190104.20473394,2.1794596367386644e-07,8.192546984730842e-07,2.2379263180121702e-07,8.412322118576054e-07,0.88491464,0.92052484,2514,9144,2580,9323,1.3575476092128463e-09,1.2150278898180525e-09
1461,1511,0.21682374610222843,0.39199472102172483,1.0425210294182672,1.000112013614938,175888145.6038055,1521771386.875845,43881465.625443675,75288291.3094653,43964786.596667536,75431246.73413672,2.1175280665261333e-05,3.069454502166355e-05,2.1159219183101585e-05,3.067126316320508e-05,0.86908507,0.91577619,35413,49668,37078,51006,2.72320040925128e-09,1.8762287734215436e-09
1462,1512,1.2909144469439267,1.2528118893100986,1.79687078852366,1.6577487836616185,176698841.80318654,13444649154.42379,207322264.82101718,240799524.12171218,195722049.80538353,227326170.17255664,1.5843134126702985e-07,4.7221637745831504e-07,1.621226054174852e-07,4.832184643650457e-07,1.1002344,0.91931415,1886,6935,1936,6906,1.3098800033437982e-09,1.161563351589374e-09
1463,1513,1.127050404395078,1.6110869682966658,1.6822811139850544,1.9941601893997343,176077493.19041348,14239019353.01767,193711669.02984387,254185388.03932583,188484741.05536693,247326695.82888734,1.8821275942939403e-07,3.8969361462550675e-07,1.902833971575368e-07,3.9398086009869483e-07,1.0244515,1.1160207,2435,4957,2616,4972,1.3828489464306415e-09,1.0928610879103013e-09
1464,1514,0.6884657121589907,0.6223840536278321,1.272369824885067,1.0484461996882786,176135061.59951147,7656293257.275718,152076575.57804355,207159391.05312127,144706176.2304701,197119400.11527902,5.023015392109486e-07,1.324131922920532e-06,5.123828815335658e-07,1.3507076471682355e-06,0.79738086,0.5291754,4692,19739,4823,19158,1.5998121018960904e-09,1.5249698690764229e-09
1465,1515,2.1880602270219693,2.0886276083879736,2.5653419192881404,2.3748526578935802,177640929.08006164,21714419325.1157,288201577.146412,342028882.2481877,269783169.4281579,320170475.13244355,6.024617358691583e-08,1.727499927967801e-07,6.185888235332342e-08,1.7737427698270092e-07,1.3486708,1.084779,932,3449,970,3458,1.1690710730477114e-09,1.0245877180805884e-09
1466,1516,0.32169157399961334,0.4354538455267035,1.003773778512169,0.8787183247063605,176088408.83554474,2385395681.3260617,80080171.84121993,95316734.95040953,78251486.9507554,93140112.83528931,6.096293836063264e-06,1.3227356196695934e-05,6.1528857432091016e-06,1.3350145769147337e-05,0.70736808,0.80445868,19006,38785,20558,39222,2.223607132194408e-09,1.7908324459221752e-09
1467,1517,0.9509390408466504,1.1319636010995757,1.4902379054598893,1.5008574788902314,177343220.60922772,14367757358.634422,308664683.5609571,273056384.5354131,281796992.20380294,249288214.56481442,1.1503148360218997e-07,4.1492827738821285e-07,1.1929904206910175e-07,4.3032172123401117e-07,0.5463618,0.73518175,2907,8100,3025,8109,1.4244498849838054e-09,1.2035253351032364e-09
1468,1518,0.5649525489486513,0.9334024640315688,1.2119774185250771,1.3639014607102828,177208683.05310628,6646974611.36525,118818995.31033918,163822967.9852192,111567852.59957223,153825376.9682308,9.00513084458822e-07,1.6670923563560902e-06,9.234826663414205e-07,1.7096152414157647e-06,0.8425799,1.0096693,6740,10912,7104,10975,1.7262783824260006e-09,1.2833150350703382e-09
1469,1519,1.4763844188675548,1.7684693414172543,1.9618166525043919,2.1241100592705546,177215648.27545726,20245679581.45637,235203902.34915668,369442107.94850945,209750577.00075874,329461775.6619645,9.313101609723129e-08,1.8469810348598884e-07,9.749691744019312e-08,1.9335659054909683e-07,1.1123898,0.84830731,1597,4335,1695,4408,1.2704516942946543e-09,1.0600755023411934e-09
1470,1520,0.9722377213018172,1.212996097470581,1.5042843515759354,1.586501834746546,176911422.67676097,11102361790.590864,200683278.25491932,192221200.84458274,177854286.4901032,170354823.8885023,2.027199551457078e-07,6.755206298858019e-07,2.1275277896194839e-07,7.089528564222018e-07,0.8570717,1.116385,2677,6968,2626,6718,1.412542333058567e-09,1.1668823448410314e-09
1471,1521,1.1765523616882763,1.2723290573134078,1.6637143453305319,1.6301960969401543,177850832.09123182,14304082596.724937,251723876.60422686,249507015.7778121,237269642.33934575,235180075.85683632,1.1617041341403226e-07,4.082545193780592e-07,1.1895109086571575e-07,4.1802657840083724e-07,0.83127123,0.90692753,2025,6568,1999,6439,1.3250203651938877e-09,1.1464446969872604e-09
1472,1522,0.7688218176693586,0.7005855368238605,1.311787674927625,1.0895877312355786,176494230.39527756,6911500355.80055,117306833.47388889,202520411.63809478,109831902.40992746,189615569.94038746,7.126334812478645e-07,1.5957485871477645e-06,7.316512939072921e-07,1.6383337988736885e-06,1.1567324,0.61055231,4033,17673,4258,18064,1.522244488364462e-09,1.4412006002882554e-09
1473,1523,1.4782181547204996,1.5553255583328929,1.9616771726777724,1.9377822843327948,177276598.7057739,18697789121.930687,315244263.4324967,304018585.54389006,278553255.49408627,268634124.57334566,6.793222616625832e-08,2.4562695524965743e-07,7.137915927149874e-08,2.5809025479643403e-07,0.83127123,0.90692753,1533,5098,1528,5064,1.2679527747681518e-09,1.095215945127909e-09
1474,1524,0.7379668593242957,0.880138655536017,1.3130446242790261,1.263387415793736,176446100.42059606,6783274482.027476,142042266.71953687,152785349.40429443,134517043.49470016,144690970.97521627,5.83410158697743e-07,1.8044326649364122e-06,5.962523439394026e-07,1.8441523341840992e-06,0.91670865,1.0164393,4207,11994,4317,12042,1.557147956238912e-09,1.320298347892363e-09
1475,1525,1.1624997920290558,0.7405904431126815,1.6181775585649538,1.103395314226096,175811991.82451463,6540779584.752661,358433547.6557827,131539954.85011993,332520714.6175994,122030317.95877989,1.873439309308781e-07,2.2665443672232545e-06,1.9305257856406167e-07,2.335609338120169e-06,0.57020724,0.98984891,2078,15124,2149,14977,1.3171813660028992e-09,1.4049548041074518e-09
1476,1526,1.0007657876808358,1.4276934085224877,1.544193171208546,1.7929284456191743,177052017.915773,16126392935.231369,175397721.04600188,365703450.92913413,162534800.0478422,338884319.1296845,1.8529782292924937e-07,2.584561384706332e-07,1.910299010730241e-07,2.6645132567268466e-07,1.0102047,0.69120485,2787,5875,2958,6030,1.4101326864525447e-09,1.1165877707643392e-09
1477,1527,1.3710563566507625,1.1475673117465401,1.8272277247839306,1.504464957768022,177517246.77173698,12401814741.978798,292787890.18300563,224618817.85250184,261577595.2053387,200675137.81051102,1.1897504227793137e-07,5.959250799767055e-07,1.244620341876315e-07,6.234084582551606e-07,0.83127123,0.90692753,1699,8021,1775,8149,1.2717351330075158e-09,1.1948988187319278e-09
1478,1528,1.1063011281804904,1.0494398544920585,1.6078959615440507,1.4185532223170607,177124275.3495421,10461252107.268055,235726654.03968123,204957141.1178077,214179194.32720014,186222281.62975913,1.960325688915598e-07,8.164838577597944e-07,2.0369520022142088e-07,8.483990381003476e-07,0.83127123,0.90692753,2342,9255,2467,9418,1.3565607257135654e-09,1.2355616984707386e-09
1479,1529,0.8541676129495265,0.7321207884056505,1.4060132754057173,1.1529544636021394,176374972.26731735,4971738664.997057,140469969.12965766,114458851.76767914,127411586.8358693,103818517.3776943,7.893156053089374e-07,3.7629211745808994e-06,8.207303887834291e-07,3.912685544037108e-06,1.0724982,1.128159,3472,16340,3659,16583,1.4755893411507642e-09,1.413516823881954e-09
1480,1530,0.9227513677181868,0.7242156772347258,1.443475799323102,1.1188223905177725,176155185.21574822,4466797129.245218,171901344.91205105,99542983.01626237,158476352.22452888,91768966.93877803,6.8101344640293e-07,4.838857349819306e-06,7.035283621773912e-07,4.998834316869315e-06,0.94558561,1.2816006,3056,16620,3217,16865,1.4354300460200245e-09,1.426392742908048e-09
1481,1531,0.7188303554001201,0.7789402560262183,1.3553811401235911,1.2647033282130962,177652914.88322297,6156613036.3157625,190273946.68455645,135503283.12816393,175023715.97375536,124642856.01356083,4.676649847434603e-07,2.3836450194995384e-06,4.835571674090203e-07,2.4646459994649705e-06,0.67114973,1.0212373,4300,14469,4290,14370,1.5827448969706166e-09,1.3894127232719466e-09
1482,1532,0.3794011837624949,0.7151600753525734,1.0956308347451014,1.1767093247502551,177585999.81483024,3957793655.24606,93294605.17461044,123628857.47220601,86685431.43370672,114870745.50105855,2.4790731262239088e-06,4.77124529081241e-06,2.553015808184608e-06,4.913556007411724e-06,0.72218901,1.0272878,12968,17727,13586,18382,2.059063114762893e-09,1.4320787767813027e-09
1483,1533,1.4089381998395685,2.048578939738623,1.840755411530907,2.388996636613102,161984058.91206977,26497683767.65904,225341495.23945603,323191374.5614775,221779563.46555737,318082747.65333873,9.758115438209992e-08,1.7200554647583291e-07,9.820504759644276e-08,1.7310527822173334e-07,1.0127985,1.0267512,2349,4347,2553,4439,1.611830532285608e-09,1.2040427278611912e-09
1484,1534,0.5223724000243071,0.568185569317675,1.0812629272513314,1.0457569803030229,155142604.74029112,5443792280.396175,80018103.09178807,85853115.34068754,77904916.46228018,83585832.70801342,1.7311626816543697e-06,5.216374261865371e-06,1.7497952600505064e-06,5.272518322390586e-06,1.0127985,1.0267512,9141,27712,9305,27657,2.1797900083866713e-09,1.831506124078069e-09
1485,1535,0.36263540298275354,0.5357822118789133,1.017985302894312,1.0874063582540425,161727509.34381318,3764662113.087616,49557128.038421005,97511807.16106093,49778591.565853015,97947573.10704988,5.8658858188705805e-06,7.516044081919836e-06,5.855432989887894e-06,7.5026507214214265e-06,1.1834447,0.88861775,17422,31244,18660,31842,2.425359336109838e-09,1.8178800374488903e-09
1486,1536,0.35028773373335503,0.3707635932315113,0.974804103504023,0.9155608040711795,157512456.91286537,2500506859.81419,50492173.70614176,56112934.52178097,48612801.08402301,54024351.180118464,8.195616518213763e-06,2.3974578450328552e-05,8.320913316640458e-06,2.4341108279631802e-05,1.0927373,1.0407562,17742,56832,18754,57601,2.4897255847791444e-09,2.166510275496299e-09
1487,1537,0.33552733805872187,0.3504287146420715,0.966574052423863,0.902582725416912,154621801.46929687,2559189961.7447133,58727656.51238537,54899312.63648644,58888159.3915436,55049352.639191225,7.226818627012461e-06,2.5439078950976387e-05,7.218933340587139e-06,2.5411322003655884e-05,0.8833971,0.98696899,19665,64681,20936,65963,2.589657946230877e-09,2.26736988790482e-09
1488,1538,0.3781319039590426,0.5009528259701659,1.0335973082136698,1.0675143265301166,159894037.60155484,3233354578.5226383,52080009.29428291,71342047.99093412,52512063.39227781,71933899.34832653,6.140779458549873e-06,1.248155465288925e-05,6.1205195300484405e-06,1.2440374961196825e-05,1.160926,1.1227512,16160,35332,17103,35945,2.4212953610773683e-09,1.8957333837549332e-09
1489,1539,0.5535363209671191,0.5803160423051206,1.118007520451424,1.072489219387556,156011277.5570405,6156445348.292138,103025825.34209202,98572834.35066938,102335892.18375787,97912721.54202469,1.2845999175066044e-06,4.183822538696845e-06,1.2880571675898663e-06,4.195082480896077e-06,0.83821613,0.91846651,8832,27564,9435,28044,2.123711532994461e-09,1.804320148284017e-09
1490,1540,0.7521792466486124,0.9372213836725728,1.2788994926334807,1.3875866381150535,161777759.6150417,8957756608.69257,89248556.7865252,152566901.59551024,82747327.35918559,141453305.297665,9.099040835392419e-07,1.4217395071374713e-06,9.378524228340937e-07,1.4654092288732128e-06,1.3634492,0.99380386,5556,12745,5978,12815,1.8752951915985867e-09,1.476498720686888e-09
1491,1541,0.5029439738120951,0.6340798327654139,1.1127748024750075,1.1653901141207927,161871282.5864781,5877565139.028877,96169283.8595371,109825175.95654188,96655113.45215636,110379992.61268166,1.5748335317317057e-06,3.865125654197941e-06,1.571662431828119e-06,3.857342800110563e-06,0.84655082,0.93457001,10245,23850,10934,24308,2.140361233091422e-09,1.6975422477754082e-09
1492,1542,0.3499376558586279,0.4908593511534472,1.0294671038668126,1.079687409335912,160971919.4186865,3063866673.0447617,60793492.20506831,65993307.10718021,61991582.680024564,67293873.16759455,5.842799301645221e-06,1.4468018097422084e-05,5.797365952559188e-06,1.4355515428261751e-05,0.92658168,1.1973119,18269,36400,19320,37023,2.4798305254802857e-09,1.8989962186879057e-09
1493,1543,0.8176752376132015,1.1950527033170393,1.3332483030961542,1.5979099245979478,159316179.33751854,15971308009.708794,137871457.87411022,245437084.5385663,140550861.05508375,250206925.3394228,3.0550062921796745e-07,4.546618533902033e-07,3.031575942508638e-07,4.511748274438792e-07,0.9448576,0.77572316,4963,9309,5164,9361,1.885037519632471e-09,1.4136860343251217e-09
1494,1544,1.0550213734616718,1.2378056607067154,1.5369219694545464,1.659664467625816,160855449.60418847,14686007644.158735,167561402.75701994,193920188.33344266,171692480.87177712,198701118.98246297,2.6509569709699106e-07,6.217413638097727e-07,2.6252566249093653e-07,6.157137411870562e-07,1.0127985,1.0267512,3539,8784,3844,8893,1.7449771805367215e-09,1.3804948176111754e-09
1495,1545,1.2064323132734007,1.8269476884089062,1.6348170941453788,2.1478360260498066,162434724.19998428,23132797942.98871,193490116.81248924,289027900.71684307,182720885.95500693,272941248.65238863,1.3125822092438625e-07,2.1584466772699021e-07,1.342996099445118e-07,2.2084601238833288e-07,1.0127985,1.0267512,2758,4793,2998,4863,1.6214184337086928e-09,1.1994345526400762e-09
1496,1546,1.15021090447501,0.7881394659416814,1.5792103344577368,1.2273604602148231,159073461.39260918,10884650883.451696,251037053.24076667,136065708.22887713,222765839.30885625,120742301.9967058,2.1521312413992186e-07,1.4274033150866698e-06,2.257482778642817e-07,1.4972778332471979e-06,0.7288487,0.9214083,2985,16575,3214,16862,1.6814050517897686e-09,1.571452514160842e-09
1497,1547,0.9490298792884624,1.0647544553753596,1.4562813745703584,1.5269313341312654,162851689.83839178,11267094683.196136,186611488.28418106,147610673.3355647,187959829.52755094,148677218.38404986,3.1681016311362274e-07,1.143821472816823e-06,3.1589913645636833e-07,1.140532273244957e-06,0.82819724,1.1746919,3979,10703,4310,10971,1.7413999637082797e-09,1.4022451291057535e-09
1498,1548,0.5941974579645214,0.7366434651821555,1.1628888109429536,1.224111336922807,161131389.5243802,6698229133.628862,94533969.05078141,115603843.58825693,91685437.63991179,112120427.17207412,1.306704273978479e-06,2.9426498247786176e-06,1.3227943266429292e-06,2.978884029867399e-06,1.0127985,1.0267512,8005,18821,8642,19197,2.031003085310668e-09,1.6132694655349641e-09
1499,1549,0.16259243812951762,0.2366107488240395,0.8970281000575687,0.8653802295493102,157928871.067417,934062209.1740046,23941340.170214258,34645447.44990233,25006020.234914184,36186143.04046959,8.09529897442985e-05,0.00015198100496126014,7.95562757358637e-05,0.0001493588164625291,1.0725398,1.0785737,67131,129301,70501,131618,3.5738718613380484e-09,2.704203322249e-09
1500,1550,0.5149885875659601,0.5927344246174645,1.1088495707638097,1.1093229933477238,158597820.1623968,5752385413.435268,86649132.31162094,101491652.83509584,86580721.00596727,101411523.04847054,1.6733755937072209e-06,4.257361357255584e-06,1.6739043519947517e-06,4.2587066111896845e-06,0.94260687,0.92624748,9721,26265,10212,26440,2.157472677390708e-09,1.7720202795454066e-09
1501,1551,0.32349219839793525,0.47575653848876365,0.7761686755159014,0.7251087785215959,191520123.13623974,1589028216.742615,47132291.85333028,68111547.03097437,46890582.68785091,67762249.66933541,1.1256164750218005e-05,2.5683875846624218e-05,1.127933803726546e-05,2.5736751745359927e-05,1.3144972,1.3377607,13314,30085,13607,30508,2.036172963861022e-09,1.5519628531161293e-09
1502,1552,0.903050466169969,0.5117361983460499,1.2338189746746946,0.7563568254776694,190120607.00391483,3223514717.313878,146655031.52559957,72727204.98922323,138352194.61219633,68609772.97266291,6.595237395322212e-07,7.804087205924944e-06,6.750793112097519e-07,7.988154936368686e-06,1.1706963,1.3377607,1981,19912,1816,18805,1.222347940559174e-09,1.4975367736927417e-09
1503,1553,1.0509179159586526,0.8597699300062018,1.3888122945878698,1.1268788312105622,189781848.1323316,5529099215.889774,170364546.57455692,121971535.18202649,164983401.6981831,118118934.89161938,4.456993110953658e-07,2.786528036542137e-06,4.5145820445411193e-07,2.8225328438283854e-06,1.1706963,1.3377607,2015,11273,2105,11517,1.1892255953797836e-09,1.2130711234006934e-09
1504,1554,0.9657636386267316,0.6483607276741031,1.281267741844987,0.8694215329905103,191034727.88575605,3892910568.740646,366587398.4067833,92587123.52891894,339974777.2027032,85865708.50603718,2.817010369762389e-07,5.871437043464941e-06,2.903225563591973e-07,6.05113360695442e-06,0.50327533,1.3377607,2125,16903,2179,17086,1.1914354861847969e-09,1.32205655529734e-09
1505,1555,0.7544114027612039,0.7786774669243999,1.1004592239809265,0.9776670081597884,190966800.691572,4789151309.987345,140175653.1050437,111157058.67960542,139194750.36237046,110379218.43908513,6.742813541651357e-07,3.3720895676696996e-06,6.761780101465017e-07,3.381574768185353e-06,1.0277643,1.3377607,3093,11991,3142,12072,1.321965276225976e-09,1.1994278998350602e-09
1506,1556,0.7676862765377828,0.7790810529795302,1.1032222078762652,0.9798859335672893,192947918.54812032,4612745311.995814,126525956.52341422,112368428.48850186,120960437.25642388,107425658.87080327,7.910821257810019e-07,3.4566768171297785e-06,8.054453606873684e-07,3.5194377612868848e-06,1.1706963,1.3377607,3045,11892,3117,11919,1.3062453873888723e-09,1.1988712211553605e-09
1507,1557,0.4409523624236578,0.8111211707167585,0.8448624325381231,1.0034386116665737,192035267.68524423,3522225344.427085,72331658.47920418,116436273.79976209,72404458.11035179,116553463.39506581,2.9082729306935337e-06,4.671228340154999e-06,2.907102919346448e-06,4.669349083877113e-06,1.1706963,1.3377607,8384,11941,8750,12299,1.721037712113958e-09,1.1694127217737702e-09
1508,1558,1.1019539733710224,0.7412055635977564,1.3880183008676825,0.9468734379316821,193123311.88388044,3958528321.0187054,157885678.52271155,107002749.61639766,162282033.00843552,109982259.9979753,6.568313742241668e-07,5.354721899790556e-06,6.496550345159275e-07,5.296217837859234e-06,1.347893,1.3377607,1809,15106,1929,15845,1.1161817943186718e-09,1.2286379767553854e-09
1509,1559,1.1238784701403701,0.7389468483104875,1.4206852708440723,0.9404980951468351,189811281.8170431,3981469168.7443314,94762025.51432672,104847188.64328854,96452279.04329424,106717329.44752714,1.0002107419950042e-06,5.126638407961692e-06,9.93162357945394e-07,5.0905115050344915e-06,2.2511635,1.3377607,1693,14672,1769,15258,1.1064779294862763e-09,1.2262302311571982e-09
1510,1560,0.7971559203787203,0.7671320288018364,1.1407773582338199,0.9677993098678962,190270366.3693083,5112001463.976418,266410804.2730482,109109568.08176243,247162499.890612,101226351.09585743,3.188548117398425e-07,3.2648469705674943e-06,3.2856452950914567e-07,3.3642675892221054e-06,0.56932807,1.3377607,2820,12373,2863,12476,1.2877203557329995e-09,1.2083287297411196e-09
1511,1561,5.170619603240162,2.728316422990307,5.320859996341781,2.872597962528716,191518528.0515962,35707932499.1573,845880742.5352623,390595377.32727516,782926936.9896227,361525717.5102331,7.114416302483917e-09,6.713542360528924e-08,7.3379447157421245e-09,6.924475683430882e-08,1.1706963,1.3377607,206,1772,217,1792,7.5892481762314e-10,7.785520638908424e-10
1512,1562,0.4856275422122365,0.6292798228645002,1.0363342999394638,1.0866903734009496,162125829.2024894,5025552291.241854,63369952.38585218,99913469.62600823,57571609.85011879,90771399.93818991,2.5800160838433935e-06,4.664684033922796e-06,2.6809728518920677e-06,4.847214455722168e-06,1.2424306,1.0211087,9896,22538,10436,22958,2.1049403861849763e-09,1.6567647223162142e-09
1513,1563,0.8149014175216949,1.068942178111015,1.279117563621177,1.442551524600355,161083424.00864017,11460966064.425106,141285048.4278042,141359259.72656953,129584986.95578338,129653052.68736283,3.7825373819894093e-07,1.004577138024841e-06,3.915613660229317e-07,1.039919918077667e-06,0.92909414,1.218094,4442,9523,4666,9452,1.7688296666824598e-09,1.3670792708857417e-09
1514,1564,0.7871684239459187,1.023058946749808,1.2639143395398316,1.40827126219385,164692274.58872223,10189669544.779066,139534362.17353922,138322580.17736587,123669069.93247777,122595069.59239452,4.518881144874102e-07,1.2221979330410194e-06,4.742408380955145e-07,1.282654164828951e-06,0.92909414,1.218094,4654,10151,4956,10224,1.731972350980007e-09,1.3457943734247312e-09
1515,1565,0.4282347749773652,0.6106609162945684,0.9957968430482935,1.0657741707040918,156572770.8865274,7088176309.984439,67373924.02603607,109347501.88930288,68091004.78184775,110511319.9455378,1.3404133276702958e-06,2.1587931621347595e-06,1.3347489171625204e-06,2.149670386033329e-06,0.99519074,0.87439466,10415,19905,9547,17500,2.3055836375994237e-09,1.7435077878893626e-09
1516,1566,0.44476859842309646,0.743460413181064,1.0079331376289637,1.1723952602595558,162739145.61853197,5635510449.490029,77905196.67396316,99327402.0250384,74210369.21217957,94616578.76320091,1.9493547585124455e-06,3.6919927308240213e-06,1.9876120313784475e-06,3.7644503338876192e-06,0.92909414,1.218094,11265,16936,11824,17081,2.1690222809205336e-09,1.5454428571672157e-09
1517,1567,0.6142009892440015,0.692008629708069,1.1251147435085236,1.130202266311978,164652969.59650502,6910798913.145386,107505271.86411451,121664574.70276256,101234420.16399203,114567801.75488476,1.031653767269731e-06,2.666536699386137e-06,1.0567556859291687e-06,2.7314181445511563e-06,0.94069821,0.93651974,6956,19177,7579,19677,1.8800949695363337e-09,1.5587006587679193e-09
1518,1568,0.17533397749056467,0.3048752981473251,0.8498609181459178,0.8496072395611742,155116147.08474663,1295599575.682873,30454622.653265882,36274581.78751318,31745522.8561346,37812176.44175058,4.234969441810795e-05,8.346142108413894e-05,4.1652260539985366e-05,8.208694073947219e-05,0.89303786,1.3036975,58158,80999,61440,82943,3.485150433355261e-09,2.4032447775857107e-09
1519,1569,0.7266386549116145,0.8435326770483531,1.208167360617468,1.249464966891696,163810711.20014912,8531384648.035059,112510087.66359198,132942932.68640621,104612078.54483576,123610573.99363805,7.114340658404055e-07,1.7390221805808598e-06,7.324508874919393e-07,1.790395485251272e-06,1.0579602,1.039391,5318,13955,5737,14274,1.7908615102720873e-09,1.4546480173636315e-09
1520,1570,0.5990726804050773,0.8480277996454273,1.1115840306587008,1.2527643415520857,158665439.4210684,7865488811.255301,102306242.16576037,110461674.93807825,97082348.05851941,104821353.48193434,9.370687556090613e-07,2.2042027289125418e-06,9.569212567969775e-07,2.25090040934657e-06,0.92909414,1.218094,7376,14056,7933,14233,2.0009485536740234e-09,1.5139948022442586e-09
1521,1571,0.788410467263055,1.15994025901714,1.2594816647038187,1.5222269580343755,160396176.49629873,17236561445.557293,166536070.6271655,225129681.01338693,159138012.4180553,215128709.58141318,2.2264999270426808e-07,3.9890508450409167e-07,2.2673388980520058e-07,4.062218928199909e-07,0.75934315,0.8264125,4748,8446,5054,8320,1.7996757935495633e-09,1.3411521605467302e-09
1522,1572,0.5989636118653338,0.9145104640209678,1.1150588230267595,1.3107559967332363,157998742.22411707,8687076532.68652,101857813.15199876,118620979.22336584,93286775.61404572,108639370.21125184,8.190330656520246e-07,1.766199706687178e-06,8.483423374363363e-07,1.8294035373987692e-06,0.92909414,1.218094,7272,12531,7658,12596,2.017076822816841e-09,1.485105276919453e-09
1523,1573,0.6325840959778863,1.0239673236004665,1.1375373258420125,1.401773528398815,159911660.80404088,11880795857.351543,105839265.331955,184987315.16416466,103164073.33182722,180311578.00650248,5.595039885300934e-07,7.818434615768812e-07,5.652629502380015e-07,7.89890958376017e-07,0.95576602,0.8851651,6577,10393,6955,10494,1.938759221113527e-09,1.4007372560398141e-09
1524,1574,0.5619088981799001,0.6017314617457439,1.0887355644375083,1.0649276284125337,166814110.56004408,5295825997.493102,108785126.2379561,98514140.06177907,101409447.35948637,91834838.51374489,1.3624746258800016e-06,4.633549545890638e-06,1.4012798097179821e-06,4.76551952062286e-06,0.86164659,1.0189126,7785,23631,8374,24083,1.9077095807413714e-09,1.6266371146176578e-09
1525,1575,0.3421738013488776,0.43002285398657136,0.9335617247845819,0.9247737130135832,157392648.32788053,2315317644.359111,66304036.69477928,36857900.7144773,64807525.75832799,36026001.86995048,5.724281200132533e-06,2.9456198808037914e-05,5.776792543012696e-06,2.9726413443111977e-05,0.81225282,1.8363074,16241,38421,16317,37140,2.5001416827913897e-09,2.010054690079648e-09
1526,1576,1.3756822558255997,0.9043432645533481,1.8752937726654528,1.2543735683693749,176423462.8112961,10527377801.758373,283044415.7548439,195631186.62720135,252732157.42682546,174680329.67336997,1.4311048026682944e-07,8.991897272993175e-07,1.4974387717321953e-07,9.408685920771024e-07,0.85747188,0.81555182,1689,11507,1757,11607,1.2662370165912362e-09,1.2779900437374905e-09
1527,1577,1.5408894816445737,0.8946052176597734,1.9421311294911878,1.191432168091532,178556768.82372335,11241547653.742592,320869119.2962702,195864705.4925006,282036994.28571016,172160826.6476855,1.004568499590918e-07,7.68210791607942e-07,1.057762810202901e-07,8.088893948897601e-07,0.85747188,0.81555182,1291,10662,1317,10589,1.1589045127592268e-09,1.2333242596469444e-09
1528,1578,0.37498048498197717,0.5088705973368917,1.1783634396273481,1.006918279279735,174112769.4117679,3517552094.067006,73997369.56991711,124715111.42636499,72009541.58310689,121364827.62151647,3.5588005565217757e-06,6.244184261429052e-06,3.59777619638518e-06,6.312569964181682e-06,0.88231367,0.71042609,13561,30538,14188,30917,2.0940247053552384e-09,1.659057494090409e-09
1529,1579,0.22937401950623512,0.4385683170679786,1.1112564412524375,0.9605580712466781,174508222.0063574,2097601185.0926943,54078275.18483633,97390912.88225952,54502945.86460017,98155712.8880875,1.172162568029512e-05,1.6081709503233963e-05,1.168500736547126e-05,1.6031470302840007e-05,0.7401799,0.78584105,31834,41704,33218,42926,2.664907092890628e-09,1.787606670314297e-09
1530,1580,2.046824802869477,1.065145909983673,2.45781698256786,1.3845544547793986,176914929.7782681,14026975294.118347,422304071.6717976,231058541.28113037,379459871.00158674,207616857.49620926,6.223054903404717e-08,5.215889544118471e-07,6.495123274393558e-08,5.44392522652096e-07,0.85747188,0.81555182,968,8849,1018,8971,1.1394255320456727e-09,1.1926783278045637e-09
1531,1581,1.2550781983657895,0.7251473518579209,1.7225975729946117,1.0746599231042315,177673581.97922906,5976901987.4710865,232865284.47248653,120506142.12009016,209063202.12999082,108188732.4039254,3.1370789471709905e-07,2.8619144303615278e-06,3.275339392722572e-07,2.9880475532238382e-06,0.95761049,1.0691532,1860,15893,1958,15999,1.2628163757397349e-09,1.373098273647943e-09
1532,1582,1.3398778107713605,0.8275801649256341,1.8437548865005482,1.1998271509979366,175509694.96173638,10769067133.94821,484758941.52249384,197402614.44023132,451816953.43262446,183988040.6865723,8.626431376506894e-08,9.3537045522224e-07,8.872714230259027e-08,9.620750906587357e-07,0.48511028,0.73579746,1804,13450,1915,13690,1.2876699559195383e-09,1.3271584713448182e-09
1533,1583,1.348363658336901,0.9184858555396163,1.8077495814009052,1.2356685727968935,177803183.0121311,10937537932.510773,279593250.6966673,200244429.18484834,250427105.1960935,179355662.58289313,1.307664581065069e-07,8.045507308956099e-07,1.3665782388171005e-07,8.407978137412163e-07,0.85747188,0.81555182,1634,10774,1668,10790,1.2370283634949278e-09,1.2470060985889682e-09
1534,1584,0.693620346808757,0.6464445358169171,1.3905237386812774,1.0921021017355277,175067943.08537072,6721529655.269131,125449127.80287728,172216539.9788923,119418893.49246404,163938235.4072319,6.859196897682063e-07,1.8714672490478405e-06,6.995698936118173e-07,1.9087105441700107e-06,0.96796757,0.65714777,4707,19434,4763,19142,1.614220750231086e-09,1.4888301412809708e-09
1535,1585,2.3668154361684466,2.0580332689005516,2.8466786185193746,2.3752647760148067,174379930.29992944,25372127157.819824,747984666.0545009,315620333.2430545,690217031.2598134,291244646.1842053,2.02035195733288e-08,1.6326241211207697e-07,2.086362854997498e-08,1.6859667990600935e-07,0.55178285,1.1370614,895,3631,929,3643,1.1941235964757252e-09,1.0342073352245453e-09
1536,1586,0.6394696462509694,0.6971989984981777,1.249757917428601,1.0582416601071725,177507285.11271968,5906472994.40781,132378126.28677785,151747440.6552347,126089267.48210078,144538408.05279028,8.238678012423362e-07,2.5109417855193216e-06,8.400647721738306e-07,2.5603060780058154e-06,0.85747188,0.81555182,5357,17720,5675,18185,1.6012879078290036e-09,1.4017480248050811e-09
1537,1587,0.6692162770402316,0.6934238061523159,1.2850512336772633,1.0659945013262628,177048119.0822508,6485512487.558863,173528581.67987993,152140846.53507832,168108518.00424317,147388816.2476031,5.528209769571366e-07,2.187850344018201e-06,5.598826804657136e-07,2.2157978190500553e-06,0.68278944,0.80694556,4984,17421,5251,17584,1.5833961936385197e-09,1.41061899131033e-09
1538,1588,0.8312346378218325,0.7320478107406261,1.4396107236823243,1.1288009240414196,175186610.89271182,7029179156.027848,169826186.08628616,157249327.17957714,158937841.16765276,147167343.05208614,4.692858510415424e-07,1.9502434406760323e-06,4.818905381912705e-07,2.0026256047258804e-06,0.85747188,0.81555182,3657,16505,3847,16809,1.4958723262321927e-09,1.3987480442547225e-09
1539,1589,1.6925112631080044,1.481526391053313,2.2416585562622626,1.8328614937540808,174664119.86494717,21443309353.955887,344758816.0351913,345271920.67280465,321621377.52113134,322100046.7028495,5.674276193266465e-08,2.0138785406476134e-07,5.834164364746104e-08,2.0706250483041028e-07,0.85747188,0.74946582,1364,5708,1419,5762,1.2616816797282945e-09,1.1178881660695532e-09
1540,1590,1.0843112320303219,1.052210902535216,1.733307931238048,1.4686323533546106,174523390.1761902,15189637735.476784,266014642.87777147,291198923.67689955,248552664.211642,272083775.2104961,1.2087671315371024e-07,3.885516018440281e-07,1.2420454565189425e-07,3.9924873791020943e-07,0.71138066,0.63061845,2523,9393,2581,9359,1.4191527930928438e-09,1.2489321737883111e-09
1541,1591,0.6404137769438021,0.7623981975174399,1.3559364610602227,1.199409975753435,174588060.87237027,6179106070.820713,147861821.28817555,144119428.5302535,145592833.16294324,141907868.64886197,7.176083234659621e-07,2.395673087934844e-06,7.220610008855121e-07,2.410537964935922e-06,0.7561695,0.92357862,5698,15949,5864,16028,1.7112389672979e-09,1.418513736753686e-09
1542,1592,0.8860529965423681,0.6967711950813443,1.5009459551048703,1.117933375900413,174903346.09918913,9445084201.741829,220293441.4343262,216799825.82604182,209886913.33157885,206558333.998415,2.569623588482584e-07,1.0724531526073607e-06,2.619847385807764e-07,1.0934144599438603e-06,0.70348728,0.56212044,3334,17861,3450,18020,1.4852347334389739e-09,1.440652114597294e-09
1543,1593,1.177099065749771,1.4201411399140478,1.836298970807879,1.8109490939925381,174279474.79167125,16625125527.884111,239243072.2703548,303477284.8575895,228655707.43360096,290047325.5113731,1.2914847373145002e-07,3.152298601613621e-07,1.315080105819293e-07,3.20989095636098e-07,0.85747188,0.81555182,2327,6219,2504,6426,1.3859641110741618e-09,1.1369674158656844e-09
1544,1594,0.9321230449104264,0.789285659379644,1.4978825836785488,1.1509452012517698,176835557.0280825,6906701427.571015,275722022.3927244,138878405.05655855,260752826.60197365,131338571.93638168,2.725670558430468e-07,2.1748203219033033e-06,2.7872141316776503e-07,2.2239261147389533e-06,0.5978213,1.005007,2986,14571,3149,14946,1.4103584910713145e-09,1.3405477874064082e-09
1545,1595,1.3975519483085341,0.8014604577954048,1.9692280082788853,1.2293552143905826,174981017.98454916,11162705177.22089,332819193.08343434,220140703.7925773,296952277.4331701,196416807.40016344,1.1486203653989312e-07,8.280768551213602e-07,1.2022234458692174e-07,8.667210160972414e-07,0.73476851,0.63704878,1715,14363,1745,14510,1.3033232044436744e-09,1.3644258874894763e-09
1546,1596,1.834246240655893,0.7274774717465917,2.2926163854389463,1.1254559499786387,175760630.9498123,6320862462.8230095,319403704.47960275,126238672.09469281,286593081.10844874,113270852.789898,1.949748591190804e-07,2.7527721977720265e-06,2.0361431807008515e-07,2.8747492696446286e-06,1.0093442,1.0128584,1167,16839,1221,17179,1.1987274250955332e-09,1.4039948809001746e-09
1547,1597,1.278310961085163,0.7099824558637863,1.680748301676689,0.9966252544579044,178772370.13982397,6634176081.868554,311765665.65953,136767250.22282168,275824858.9704405,121000519.4917191,2.093779029390438e-07,2.2720527587134145e-06,2.1989168027866119e-07,2.3861424332858584e-06,0.73300785,0.9280383,1722,15938,1895,16242,1.187793363510433e-09,1.3374652856264217e-09
1548,1598,1.3281899437083626,1.1758984732816742,1.8860829603634381,1.5494863293248535,174127209.63482782,16585164765.610771,307091892.2639031,292392268.7613049,292888593.2779452,278868841.6731339,9.395051780377159e-08,3.455966112247978e-07,9.574707929830732e-08,3.5220525563552167e-07,0.75311011,0.70027816,1950,8060,2069,8185,1.3478528737751936e-09,1.2013796733825306e-09
1549,1599,0.436404168960301,0.41767228268300305,1.1780992546499198,0.8849942847909354,176078622.34752965,2575631755.9111853,64771534.89319459,96864412.3344418,62730035.902285434,93811395.28981178,4.898061328699902e-06,1.2873815893533883e-05,4.961210791079625e-06,1.3039794736568908e-05,1.1863459,0.75923818,10163,42967,10634,43673,1.912489168259807e-09,1.7992436275437684e-09
1550,1600,0.6383681601988098,0.6678070260950515,1.195245238682443,0.9943928705866935,178813152.61975488,5755615427.606543,133122293.47651833,146419487.7005842,124721993.92800155,137180106.9454575,7.779738263753399e-07,2.5999930908175657e-06,7.98524203899273e-07,2.6686725730372422e-06,0.85747188,0.81555182,5011,18037,5222,18349,1.564225696824155e-09,1.3954493674167764e-09
1551,1601,1.2780267734991984,0.8159911618391806,1.7049419762784181,1.1096945145770893,178763464.6207234,5656271231.502199,254532895.26605338,105539013.51932354,234335851.39805755,97164551.41450708,2.911928046831959e-07,3.1729477081200013e-06,3.009835163156271e-07,3.279631031112079e-06,0.89758337,1.3821373,1721,12767,1835,12985,1.2088579004204152e-09,1.270333922056007e-09
1552,1602,0.971051396334205,0.9308529538579213,1.5153969625598749,1.260813205621784,177281417.4610185,8097063431.87278,110779661.93103857,177929568.34323293,105478563.75198427,169415170.53498366,5.225952968385347e-07,1.188727463330959e-06,5.329467621718754e-07,1.2122735442120932e-06,1.5539799,0.9274621,2678,10501,2723,10378,1.3835933300264968e-09,1.2506135102202493e-09
1553,1603,0.5420678087439217,0.6736305673902532,1.3287483933023738,1.1305268730643636,175431096.0273388,5648003855.72682,121865011.77908528,163828311.50551036,117687238.00368468,158211952.7698577,1.1102636019488054e-06,2.6027190583987822e-06,1.1258640922244234e-06,2.6392902774223057e-06,0.78033513,0.72133899,7576,19957,8036,20379,1.7897747012804536e-09,1.4834304031746305e-09
1554,1604,1.0001532638845279,0.8202159175331087,1.576510340726152,1.1917840524717769,176820144.20022038,9760544855.720806,174086562.22988552,231914003.6584132,158653908.4075871,211354986.98785987,3.195194953867858e-07,9.12109287331639e-07,3.316065888587024e-07,9.466134423887038e-07,1.0158581,0.62536412,2812,13873,3070,14236,1.3846626199712662e-09,1.3273876619412078e-09
1555,1605,1.0451894007282478,0.8707358995801723,1.6437835556940477,1.2408233848661334,176810659.07229373,12471236425.101307,317594691.0139589,270106242.30904317,304482499.4558609,258954655.4267595,1.30267508624094e-07,6.149881367594792e-07,1.3248309536701115e-07,6.254478406199981e-07,0.58187568,0.56998086,2604,12961,2792,13456,1.3752841377298442e-09,1.3044892934784777e-09
1556,1606,0.9254291268108609,0.7508030772241961,1.5643474516951386,1.1581301910952646,176635238.33514282,8745654499.745594,240628341.03220013,205862645.03593954,228070184.80991217,195118876.26121825,2.5663829321239367e-07,1.2544350372312484e-06,2.6220004584201757e-07,1.2816206036550369e-06,0.67931896,0.6442076,3130,16531,3304,17030,1.4426551988015243e-09,1.3939560990200249e-09
1557,1607,0.8374330356338593,0.8436918927877144,1.5089432438827646,1.2436460947762074,176193873.80613917,9076811367.266823,352152863.11119175,185208590.19251958,338993804.49811983,178287815.29818556,1.8141321080420715e-07,1.2078114684111985e-06,1.8419790863959196e-07,1.2263514080701002e-06,0.4189958,0.80262661,3741,13556,3930,13659,1.5231599742073078e-09,1.3500397169446703e-09
1558,1608,0.7361407430314678,0.641734812242452,1.4281268691880977,1.0876706946950006,175515764.15334117,8176512217.402989,196504966.92731822,208267508.74572414,182619204.22340348,193550561.63441643,3.688621576484281e-07,1.3827799135400907e-06,3.7983496185884533e-07,1.4239144483324477e-06,0.65751165,0.54081684,4417,20692,4587,20906,1.5707135378021624e-09,1.4932550659100868e-09
1559,1609,1.1304656066741725,1.0974768436098488,1.7290269347912282,1.4545571208716324,176424732.6973798,11626169297.322472,388021394.10684913,210351366.02044767,368203296.10393274,199607721.33962727,1.1503547756250295e-07,7.510277332888054e-07,1.174732542268328e-07,7.669431527860751e-07,0.51399767,0.9204697,2413,9175,2602,9486,1.3739903149694441e-09,1.2207621255790598e-09
1560,1610,1.9465137418518483,1.6051522097998747,2.4460707085072793,1.9254559504652446,175073578.52126077,33664139283.85057,366689986.66487867,605276527.9525034,358447996.4726151,591671893.5517527,3.169227423770232e-08,7.196470623272965e-08,3.198177493177145e-08,7.262208513354933e-08,0.92934942,0.46428323,1125,5146,1148,5218,1.2182295878595253e-09,1.0934904761491647e-09
1561,1611,1.0831785466064445,0.8406135793497607,1.66621416461803,1.2231546838470375,176800330.21992344,9302677546.635983,329047412.78676933,184573637.65199226,310818321.4845021,174348334.05743062,1.5890969362198038e-07,1.1549290894270758e-06,1.6257401754147904e-07,1.1815607831346964e-06,0.58200222,0.80521119,2432,13222,2540,13343,1.3655547570694064e-09,1.3273704522887369e-09
1562,1612,0.6425929359373366,0.7485503045086687,1.3827182697161038,1.1803289965612958,175728130.99127194,5583598671.624566,113156633.29045427,149977518.38369423,107736639.39548433,142793872.04865485,1.1025487327653576e-06,2.682775684284926e-06,1.1244093067771647e-06,2.7359679057809242e-06,0.99792343,0.87707376,5789,16754,6169,17079,1.6774353091051835e-09,1.4199572350614873e-09
1563,1614,1.3859321996634841,1.063657626536826,1.915415636976962,1.4123314528720972,176556500.4177096,11836452200.56796,298712824.7143843,207725521.5172369,273942623.0034444,190500271.568856,1.1606020736890083e-07,6.896263017492962e-07,1.2014924489953476e-07,7.139232411904088e-07,0.81916583,0.90405679,1670,9036,1677,9029,1.276488981781745e-09,1.2166793774850832e-09
1564,1615,1.2934370487252373,0.9047253561318878,1.8424543668650846,1.2779598015391223,176915089.80675814,10395270249.91499,279343355.4651731,212422939.5821982,261607969.04666492,198936300.84911618,1.6059803366378595e-07,9.084467598615081e-07,1.6486754616117672e-07,9.325978948782843e-07,0.81916583,0.75349474,1914,12163,2038,12533,1.2999942808812538e-09,1.292896101884809e-09
1565,1616,0.6414357921580878,0.675143332012393,1.3940150401736175,1.1376274930874755,175383512.42739365,5051919762.762623,137331487.8445712,130975189.02575518,131660499.48275472,125566678.68111806,9.91543667690941e-07,3.691086997855033e-06,1.0084112824913232e-06,3.7538778115158226e-06,0.81916583,0.90405679,5762,20055,6115,20626,1.6748542484618582e-09,1.4803643171707493e-09
1566,1617,0.7591406220140401,0.7450116919199576,1.4117826107831593,1.135873866092386,177134508.6648147,8014587708.93689,175981220.39194357,206814675.38694003,172965462.4197709,203270530.1385359,4.2226353346863715e-07,1.3799948440113941e-06,4.251932394632454e-07,1.3895693841896995e-06,0.76411563,0.63809437,4179,16708,4429,17333,1.5244598720779265e-09,1.3856012076766129e-09
1567,1618,1.2035286466899984,0.8060184235248955,1.7941587633585014,1.2194961013279304,175836405.69247237,7495056655.984039,348779228.8786154,147012354.64371783,319307743.40625286,134589962.15185294,1.7688505365620057e-07,1.896445362580628e-06,1.832430883503704e-07,1.9646120344483413e-06,0.60675675,0.96405083,2125,14508,2185,14744,1.3483193320787238e-09,1.3644164952562836e-09
1568,1619,0.4916708627481124,0.6589568514487878,1.3046680063951903,1.1300712357640668,175363012.5260487,5090777602.98004,109900405.22878693,148498862.08587897,111730850.91664039,150972184.1922932,1.3758884742911963e-06,3.1718002276406474e-06,1.3668274986854284e-06,3.150912194180067e-06,0.78453654,0.77816528,8589,20467,8928,20750,1.8612709484025836e-09,1.4989611570517984e-09
1569,1620,0.18664020228345105,0.3293177272982704,1.1182463028260798,0.8733465024344476,175943902.00071305,1308819930.5416358,39757132.463939674,77902026.72898445,40092926.07708473,78559996.7938621,2.84156421954845e-05,4.0180080189210617e-05,2.832020517330128e-05,4.0045131023608074e-05,0.82597017,0.74377328,43610,69093,45027,70705,2.9442561786149273e-09,2.047424648318543e-09
1570,1621,1.0194390234935649,0.8796689770309217,1.6037723626723943,1.2308878843124975,177059053.91746995,8474089201.66423,137547568.18748805,188566983.8369357,133469150.13674954,182975790.907915,3.900871219824787e-07,1.1481196540920604e-06,3.948120704055678e-07,1.16202630684581e-06,1.3122799,0.82598424,2500,11799,2519,11779,1.3686910913282828e-09,1.2833638542429762e-09
1571,1622,0.9131493244960187,0.9202099353888047,1.5851916703930018,1.3284645331922305,175528413.42030817,8701781968.196497,195666916.60541105,178664650.00766286,188426001.55124256,172052926.49133053,3.008641221129802e-07,1.2036038078670343e-06,3.054365664675868e-07,1.2218958242025614e-06,0.81916583,0.90405679,3193,11699,3196,11585,1.4911271681625668e-09,1.318289000827924e-09
1572,1623,1.22780673226158,1.1567290064296043,1.8005499617223013,1.4986563614269486,176733788.22516096,14556443816.113653,375420197.13505656,259806375.00789592,354847492.5847557,245569208.66972134,9.02560058876225e-08,4.5007255140075405e-07,9.231376581137737e-08,4.603338215505512e-07,0.57800549,0.78686714,2105,8211,2273,8326,1.3269252852450585e-09,1.1915468247125174e-09
1573,1624,1.1692255324151233,0.8874819772123048,1.7580967316050924,1.2671347262334072,176299283.2391477,8598609388.36646,251638454.34043202,173067044.2397661,240745693.18924993,165575431.0005016,2.237827592533027e-07,1.332122324895616e-06,2.2777917590417198e-07,1.3559119852696826e-06,0.81916583,0.90405679,2228,12421,2349,12670,1.3497114212963632e-09,1.3060362811886392e-09
1574,1625,1.900728407225658,1.2222970595555938,2.3935503449501856,1.5773505947906952,175667015.46131706,18894267168.28469,407604021.39805347,324262633.2596331,381539300.1830028,303527275.6756196,5.237315180453416e-08,2.7406071448444e-07,5.37759861099469e-08,2.814015324187812e-07,0.81916583,0.66217089,1168,7722,1208,7820,1.2252184279560318e-09,1.1909490048530546e-09
1575,1626,1.0810718694171675,0.9334306392336629,1.6603193703769603,1.278284832346016,176844388.08004072,11499911946.028008,253972045.96720588,226347332.57636255,246646064.5559297,219818203.1809152,1.5120891482135223e-07,6.863586279646437e-07,1.5298966283857486e-07,6.944416948082601e-07,0.75276589,0.72928613,2299,10810,2310,10823,1.346804634699293e-09,1.2559571439866329e-09
1576,1627,0.7707084764819683,0.7519503852366238,1.4877315636499167,1.196129726280839,175200643.4766901,6768729150.771686,109700275.45390879,179853447.07480076,105004598.21609642,172154890.85808396,8.135925401258171e-07,1.727481855736084e-06,8.279549712266395e-07,1.7579772670227873e-06,1.2308868,0.73249745,4277,16041,4474,15963,1.572626521947454e-09,1.4190064308333587e-09
1577,1628,1.4479910712746298,1.114751073774224,1.9847895115372851,1.4674636701242887,176290889.21041378,12434036197.662848,311618996.02641404,217376231.46873498,290625263.84534377,202731622.36538577,1.0995526702157922e-07,6.265995443767857e-07,1.130660607115195e-07,6.44326952636221e-07,0.81916583,0.90405679,1630,8596,1669,8618,1.2817971310208347e-09,1.2093985680868872e-09
1578,1629,0.7051157282926694,0.7363302170409869,1.427093615726244,1.1656004545838845,175622574.48597994,12417846126.563526,242382224.51058903,325728763.63156027,234929161.02917624,315712859.3796292,2.025870799428391e-07,5.503736136961897e-07,2.0513382604464218e-07,5.572924253776233e-07,0.51090479,0.3970058,4771,16958,4924,17215,1.6135656640758623e-09,1.4228711276464639e-09
1579,1630,1.1371692902486723,0.9842200520457727,1.691393830121041,1.3227963681442385,177221086.8029342,11295429371.270733,477387055.159601,196965428.4849531,463717312.243049,191325420.56739938,8.125061844344498e-08,7.873690103556872e-07,8.220033864375005e-08,7.965723895859573e-07,0.422153,0.8855592,2154,10031,2174,10043,1.3284407548989472e-09,1.2359869601037668e-09
1580,1631,0.08100849397029734,0.14192672379117352,0.8297156916716364,0.5795297670421271,161150859.3456823,231753496.3735156,15029531.361344006,20990343.474032965,15004831.146695005,20955846.989951074,0.0006811787489664843,0.0014539451810575007,0.0006816270568311012,0.0014549020738853801,0.86859584,1.0896255,176242,305763,181748,309241,5.063442528990888e-09,3.43732143558346e-09
1581,1632,0.8699459112567858,0.7168801306959247,1.4259813312881835,1.0677487901908433,177666082.1363258,6353660565.911955,110338299.45785196,166100678.24210402,105099960.00231732,158215005.3551565,7.566477761485471e-07,2.05515602691561e-06,7.71513010438251e-07,2.09553198096586e-06,1.4007818,0.76679569,3243,16692,3432,17029,1.4142406813178544e-09,1.3802301465064643e-09
1582,1633,0.6244562388105603,0.7632811209475632,1.2720981466469345,1.131256877053364,176997256.94233787,5961030967.238652,142321667.773369,143898890.55265102,136840760.79308602,138357243.61986694,7.62265458645131e-07,2.4801049571981056e-06,7.743342304917348e-07,2.5193718825776924e-06,0.77660024,0.93884438,5570,15402,5851,15747,1.6246100159407823e-09,1.3602747460430862e-09
1583,1634,0.7292264341360997,0.7889189515870487,1.3392040551289621,1.1511145529677598,177285242.67343852,6448818007.182186,191463066.09487796,136154684.40834838,181476649.1102027,129053066.94942373,4.6415987067805564e-07,2.221636834183224e-06,4.7421282322483783e-07,2.269753897034007e-06,0.67522728,1.0272411,4278,14017,4433,13947,1.5348376593943836e-09,1.3478510483433576e-09
1584,1635,0.7935652837669455,0.8501543756098122,1.3826635417744269,1.1971947201382718,177406023.6448203,8692907452.520594,160778219.69902948,193190192.55867088,158205577.7579589,190098920.66307256,3.799534872354234e-07,1.0827277409183604e-06,3.824129621554241e-07,1.0897363401638984e-06,0.8756364,0.78069443,3685,12241,3772,12056,1.4854104509840158e-09,1.3066441151612921e-09
1585,1636,0.363458818137346,0.5648178910672791,1.0445683390460896,0.9396818828166679,177792004.15202853,3703706684.708766,60908617.29049362,155648535.30072188,60449127.67688476,154474335.5154433,3.7318988113895033e-06,4.602441720927041e-06,3.7432198958227628e-06,4.6164036834440175e-06,1.0609348,0.64517218,12716,25648,13028,26421,2.0468612121916906e-09,1.5354113164296828e-09
1586,1637,0.6215111692602227,0.6894298202564604,1.2398879704922174,1.0554357583267788,177421374.5772366,5745789315.526391,110819115.21563368,159223767.43040574,102707315.63852796,147568817.0475774,1.0084103436238128e-06,2.4734898879072417e-06,1.0395433669740008e-06,2.5498548507654546e-06,0.99503922,0.76822442,5553,18103,5823,18500,1.6227187061833349e-09,1.4163826430747416e-09
1587,1638,1.0860430430002672,0.7586487022740306,1.5490394641465794,1.086339266060675,177989594.36399066,10802704935.301378,193327014.74503946,237922461.23329723,188680161.49853194,232203701.42698115,1.92336689042598e-07,7.396720080938764e-07,1.942176334312216e-07,7.469055833413842e-07,0.99988282,0.56754446,2075,14173,2078,14079,1.2694416042878495e-09,1.3321811496458484e-09
1588,1639,0.7803150568685541,0.7897058774939073,1.376871813802271,1.146289756488965,177259838.31022403,7396842602.33049,160482530.3830931,172664173.49511808,154132093.7161504,165831698.36020294,4.7249482213517093e-07,1.6109622018380746e-06,4.801875854785157e-07,1.6371905336488065e-06,0.86189145,0.81072485,3873,14428,4055,14698,1.4895072821220206e-09,1.339386979530775e-09
1589,1640,0.7205483550382306,0.7094350132789122,1.297476657112898,1.0646394901789837,177432887.35886973,6530874802.910637,146006921.4986006,161237352.23723254,139161032.6509588,153677347.6828269,6.123270709488625e-07,2.0827284957028935e-06,6.242028978392863e-07,2.123122141922703e-06,0.8756364,0.78069443,4353,17074,4567,17423,1.5246386834170636e-09,1.3916370979556164e-09
1590,1641,0.8867187781372561,0.8037640744183047,1.361418326946371,1.0985708730401205,178181075.20961776,8050120244.492926,198339910.07503262,172688009.20818743,194817949.1514643,169621554.1504537,3.1180523661583e-07,1.4228225545569445e-06,3.1404787751968485e-07,1.4330561224546769e-06,0.79659462,0.82933116,2965,13412,3151,13811,1.3438297354103466e-09,1.274348050354758e-09
1591,1642,1.1684965122097943,0.7550400879484012,1.6576072878415253,1.097036566598327,177740987.16240045,9925263353.656656,326690497.49684143,208891216.034362,305431902.2895438,195298124.59748116,1.3784110121128045e-07,1.007563456191385e-06,1.4160140942609463e-07,1.0350498090133615e-06,0.63573849,0.64244717,2053,15276,2152,15566,1.2841008888948106e-09,1.3516410204795667e-09
1592,1643,0.8369890685128611,0.6569079556582604,1.3502518688823735,0.9933495126625408,178248357.31133106,6828745134.329847,170381138.27835232,153125039.72320712,158033997.00826862,142028409.44737905,4.143047006069948e-07,1.9214757752776613e-06,4.26961049269389e-07,1.9801737995159304e-06,0.8756364,0.76468724,3179,17451,3231,17159,1.4110486242673022e-09,1.4182657562199782e-09
1593,1644,0.7502619075406187,0.6819772107582451,1.3389427089083983,1.0534903338545432,177400963.6450578,5621413329.233615,205476291.12219444,123012884.63355225,194648507.34094393,116530594.5851694,4.688666298016788e-07,3.0508888687603685e-06,4.791302382465443e-07,3.1176735933866443e-06,0.6477496,0.98350197,3986,17550,4069,17438,1.5118656107585703e-09,1.425739165472619e-09
1594,1645,1.1739077063290426,0.8814129237090087,1.6183595145733012,1.1848911725060478,178032741.21428353,10414725841.987904,238676700.614926,201000997.21425062,235500393.98741612,198326078.3891502,1.6344522049128533e-07,8.517776600825768e-07,1.6432346360836378e-07,8.56354532168528e-07,0.8756364,0.78069443,1891,11312,1944,11363,1.2358780411196428e-09,1.2509182043919344e-09
1595,1646,0.6741868415999436,0.605220096893887,1.2503094528860945,0.9743538516271176,177713745.31550556,5454586830.330359,138782080.35502598,143394299.71588674,133222681.06541426,137650141.9259506,7.787017335908371e-07,3.0405279365340183e-06,7.915406643867061e-07,3.090658976540895e-06,0.86331224,0.75007117,4733,21837,4920,22111,1.5573518510218129e-09,1.4887688795694039e-09
1596,1647,0.9459917145911516,0.612512264441771,1.4336339161675498,0.9522308560000576,178338142.8596041,6590177896.974289,272566190.70439595,142258614.15620285,247646855.37806916,129252635.31467596,2.394044865608816e-07,2.250145335240235e-06,2.4876424080606004e-07,2.3381169837933937e-06,0.61895573,0.76785719,2560,19582,2549,19312,1.3441430057860765e-09,1.460134917025252e-09
1597,9991,0.019764538102443916,0.04596393824386719,0.8083774647394308,0.7225473881800671,84420463.1806041,85602301.92445736,1235222.096414069,2759101.9441803517,1489465.2938654085,3327002.1642452865,0.06059293779730539,0.06917793913147785,0.05622220507508447,0.06418794701013193,1.3507947,1.4063623,3665520,4090259,3839884,4210715,2.0818763481846835e-08,1.1664019972678488e-08
1598,9992,0.048059852740855676,0.0762011093864294,0.9407544101942019,0.7761823692668197,123221864.69551814,137869973.56109595,6325320.597966365,10527762.918836305,6891536.000974949,11470162.822769117,0.0036556528457916504,0.005481099352745411,0.0035324136325395566,0.005296320764492284,0.93624103,0.89189345,521360,850763,538328,847275,8.563947943442796e-09,6.191277873020195e-09
1599,9993,0.03985950630686455,0.07795841359223578,0.897947471596851,0.6037027902726944,111372672.10788569,118279377.19092686,4839677.985966438,8816006.832172232,4881449.413014074,8892098.09016695,0.0038287885426191532,0.006495417427932515,0.0038156492958937634,0.006473127115678388,0.91726345,0.98484915,486725,782889,493715,780093,1.076557104383786e-08,6.773570805229257e-09
