,id,u_ws,u_wu,u_Ws,u_Wu,u_P,u_p,u_As,u_Au,u_barAs,u_barAu,u_Ts,u_Tu,u_barTs,u_barTu,u_wages,u_wageu,u_Ls,u_Lu,u_Lso,u_Luo,u_manualWs,u_manualWu
0,1,0.35433425543128316,0.7844699772557442,1.3936915750191332,1.7421157312232967,152162379.73991942,3633384041.053932,18599703.215882033,40302273.613831565,18267764.88962731,39583021.85522222,1.0820787657721869e-05,1.1840196461869534e-05,1.0899011607845309e-05,1.1925789763095076e-05,2.8987744,2.9617887,12702,13955,13563,14525,7.207763670726807e-09,4.41923076751726e-09
1,2,3.7936168920764586,3.1508573446221346,4.236869722821461,3.6710277181965236,150545996.65106842,46761541487.41858,200918982.7568052,168527361.53555113,170927541.54745123,143371060.29258245,4.334134869880831e-08,1.0864654435882803e-07,4.623661070648278e-08,1.1590428371376146e-07,2.8425081,2.8146703,648,1757,713,1805,3.679503220449755e-09,2.8307746379530255e-09
2,3,0.9866063637137922,1.1972382516987612,1.7972961120883026,2.008199617800116,151283007.50336266,9846411614.58731,50445922.694324315,60861307.766862005,47547872.425556555,57364907.66332784,9.375287600534572e-07,2.139252386361145e-06,9.599808986847697e-07,2.1904836586084177e-06,2.9587481,2.9759762,2996,7037,3120,7078,4.863365144368706e-09,3.7384380978727404e-09
3,4,4.043696129944515,5.317202735761235,4.4785234638549465,5.713968781326125,150967142.59175664,80458380149.74927,214762888.53743923,285192515.65589935,189376924.49865144,251481444.82854843,1.8159067590979247e-08,2.679692837200028e-08,1.9096176323563328e-08,2.8179798690535034e-08,2.8425081,2.8146703,512,766,514,766,3.6352537292662276e-09,2.5691629822824935e-09
4,5,3.822890319197107,5.551087785883457,4.232900064776521,5.896013297975174,150929059.3700653,83331386515.00414,202984554.36286992,297662023.8626345,173045724.22592574,253758916.06896797,1.4974682506636533e-08,2.3947774375993185e-08,1.596167527053255e-08,2.552619047997699e-08,2.8425081,2.8146703,399,679,439,709,3.6026185799381207e-09,2.5074940347564386e-09
5,6,2.0945973368867405,3.130795267312715,2.6584372559044125,3.626542992311217,152503938.4248683,36770691221.74147,112377636.95008244,169632162.12823483,96743426.62273116,146032583.3065676,8.936300228310956e-08,1.331910322943353e-07,9.488140847899599e-08,1.4141593744603353e-07,2.8425081,2.8146703,1068,1707,1156,1740,4.052826776347696e-09,2.8412812762037735e-09
6,7,0.9646634763855413,1.7309231663731102,1.754003077722138,2.4161671293650446,152271402.13643873,15203513554.961617,51676426.230425775,93641552.80782893,49789624.244780056,90222526.36453488,5.627613215898895e-07,7.633028776504615e-07,5.711967004366016e-07,7.747442271191433e-07,2.8425081,2.8146703,2828,4004,3010,4123,4.898568152893888e-09,3.3104117454898334e-09
7,8,1.0468636661631383,1.3817240512116515,1.8293080743144734,2.159553337448433,152432967.89603594,13099488537.456482,62234568.89682568,82638830.42542514,60083536.623630635,79782559.47480804,6.024924696283181e-07,1.1570700705955217e-06,6.110293930761323e-07,1.1734649952035001e-06,2.5641141,2.5486844,2910,5880,3078,5947,4.776613222921992e-09,3.546536830009584e-09
8,9,2.762508461059543,3.9574008176359587,3.200441384609724,4.324408134605464,152205023.45703128,55740177320.71805,147921360.40555704,213998877.33819336,122345988.98207152,176998806.7795697,2.9832471269909815e-08,6.110047055293664e-08,3.2185902666821165e-08,6.592057963690572e-08,2.8425081,2.8146703,544,1173,585,1210,3.672655549474469e-09,2.5691787813564823e-09
9,10,0.8929613768200416,1.5303698729456088,1.6819651819436652,2.220522802544673,151973683.30337492,12879465819.012585,58026699.22288414,75292640.2210861,54407933.91239146,70597105.2653425,6.671361868064447e-07,1.1480950568207374e-06,6.845430276575446e-07,1.1780510213317903e-06,2.3386929,3.0889599,3488,4638,3674,4787,4.974993170442538e-09,3.4010758010526753e-09
10,11,2.8712484020136286,3.0666798298694142,3.335513238215318,3.541284430587201,152677094.84082568,40122493983.58176,148595698.65253356,161558878.82316172,128408684.54793394,139610791.5292442,5.6763320887578766e-08,1.3312171632914008e-07,6.01772769815571e-08,1.4112814878581075e-07,2.9501114,2.8980875,687,1791,772,1843,3.77653872878499e-09,2.802834361420208e-09
11,12,3.1207114153249096,4.0086087454072326,3.592170758050897,4.471702658601592,152023286.58457145,52779876521.259674,166902182.56183064,216509150.6839942,145321352.91969848,188514027.88119295,2.951303681380464e-08,7.226008296862488e-08,3.119370300794954e-08,7.637504678606123e-08,2.8425081,2.8146703,515,1319,548,1355,3.928482111211641e-09,2.7932090735456174e-09
12,13,2.204236783807352,3.073124595704918,2.739596300582809,3.5523013913324593,151654004.8808287,39351210989.05304,117600838.4883837,165579482.7679918,98222703.86675683,138295480.80932865,6.833366991801207e-08,1.339698916347597e-07,7.343687008241034e-08,1.4397484488599308e-07,2.8425081,2.8146703,886,1868,946,1873,3.892893707589652e-09,2.7622412221464764e-09
13,14,1.8084592549745384,2.1626392576651514,2.443328594250987,2.770169144936511,150488086.4297829,30393765650.3588,112393196.69197495,137320559.92276615,100360974.18747637,122619745.46011436,9.233572214724471e-08,1.9884116843312752e-07,9.66139441957484e-08,2.0805414312112834e-07,2.4214239,2.3700125,1177,2583,1159,2550,4.180852689657367e-09,3.1255095966340257e-09
14,15,2.054313983954384,2.969159187733201,2.541661234292887,3.3776883178199446,151995735.61178064,30419018284.737644,66825928.68852145,144942830.82985845,56512636.44167861,122573702.51739554,1.2872178329846356e-07,1.457581817827636e-07,1.3764860726397757e-07,1.5586647578682633e-07,4.6725421,3.1136382,831,1385,838,1424,3.8631760014916385e-09,2.7228163604347407e-09
15,16,1.2284798426014103,1.6026463689301356,1.9944039550274983,2.3333769043894628,150749466.73830143,15807552012.59367,65151153.36730793,85835305.6435395,60844272.01092629,80161077.96699645,4.098089289688246e-07,7.467776939019608e-07,4.21174801937624e-07,7.674892494705032e-07,2.8425081,2.8146703,2250,4195,2279,4194,4.5801183712033125e-09,3.405486462748708e-09
16,17,1.7001034693899089,2.6012244159189235,2.3479141521231743,3.1831957715748866,151835035.12804118,30649928606.15371,91954830.80418652,149882172.41201705,86652271.28645344,141239242.69411835,1.3729191534740299e-07,2.0092273536205168e-07,1.405927103775688e-07,2.057533531347895e-07,2.8071964,2.6351166,1467,2390,1499,2337,4.27178149242476e-09,2.9921349753564086e-09
17,18,0.9735433021351436,1.7270521471169733,1.8174520068960873,2.502534555554449,151961640.8969824,16543748473.513346,69500280.84884112,96656274.31290673,66239059.506249994,92120788.97623345,3.8703175695950506e-07,7.164068075004416e-07,3.9454410813564334e-07,7.303123835317194e-07,2.1286423,2.7152472,2751,4212,3008,4365,4.926680980375845e-09,3.338350932376062e-09
18,19,1.2228009562912632,1.6649294165688866,1.9628210335371101,2.360348515442942,151077257.49276462,18809719375.776764,70656536.66674405,104387935.13916534,65507991.713008754,96781477.1659067,2.761964339133295e-07,5.418794272989566e-07,2.8468284096354546e-07,5.585292056000041e-07,2.6145835,2.4095981,1785,4098,1987,4230,4.593585260713031e-09,3.3692224120982465e-09
19,20,1.6178002673874994,2.455067712294726,2.318658499058234,3.081929005595933,150992952.8293148,28074954467.800797,85936936.98212983,131702076.5363856,76842817.86057355,117764945.2557202,1.4447963088781244e-07,2.3951053435944297e-07,1.5109053487247715e-07,2.504697341873793e-07,2.8425081,2.8146703,1329,2313,1427,2389,4.269815154555951e-09,3.014971785942477e-09
20,21,2.724031441009333,2.781539206837344,3.2389439066945833,3.3327124412791305,151450825.71345654,37088020254.076065,145138306.2058048,149668119.07947752,134367630.52060336,138561287.1674851,6.391960905865444e-08,1.6202862944240224e-07,6.59218014417e-08,1.6710394971551593e-07,2.8425081,2.8146703,749,2095,834,2135,3.909374682671344e-09,2.9451973397311087e-09
21,22,1.3493928203709127,1.6970395673798477,2.018161544077932,2.3389657081352877,152433634.35142002,15161651171.25391,52765513.523601845,85740092.11111121,49581805.51424168,80566799.94073701,6.270964324734347e-07,8.174717648628612e-07,6.42903015432232e-07,8.380769454996154e-07,3.8982441,3.0170939,2242,4033,2439,4108,4.396433474910504e-09,3.2735626524097194e-09
22,23,1.7351907159355693,2.650826216672819,2.311357360673494,3.152532794887367,151672008.80824214,30411029714.563637,92587198.4503262,142843066.65840012,84828620.753889,130873171.79587065,1.122570416109629e-07,2.0389703108048716e-07,1.1625643674977055e-07,2.1116129515887504e-07,2.8425081,2.8146703,1099,2112,1201,2203,4.221478697161182e-09,2.964733721218481e-09
23,24,0.9697731875622038,1.4172747715951959,1.7684355276793633,2.185358471318746,152151500.83999956,12305476653.24582,51909243.7984538,76613052.54859748,50487365.889349,74514497.47445902,7.27635407169557e-07,1.2239510260114365e-06,7.357641444517556e-07,1.2376243248073621e-06,2.8425081,2.8146703,2995,5281,3150,5351,4.94647267738521e-09,3.5524881216256133e-09
24,25,2.5997320833236417,2.1809576589079764,3.0172902496598626,2.612386704683527,153347756.34647346,29509782325.524918,140250464.74964264,118822074.35812128,113388567.01719625,96064314.40728927,7.513292688988215e-08,1.893311337870269e-07,8.180207581837102e-08,2.0613704805516083e-07,2.8425081,2.8146703,723,1916,780,1985,3.647327106456668e-09,2.9086276582817035e-09
25,26,2.1761699653106916,2.505297423481832,2.7163091559020183,3.011390495843835,150004389.62096372,31575620696.129208,114840498.55756052,133516742.91243464,95425810.31071271,110944688.87280343,9.398321841267208e-08,2.3337013439306126e-07,1.0120966754148267e-07,2.5131416134657703e-07,2.8425081,2.8146703,940,2514,1044,2618,4.013070580737444e-09,2.994605384866695e-09
26,27,2.15667490557267,2.6026759344150787,2.744791566570854,3.176796976088515,151112954.39932016,36488569342.271736,105101022.17442618,174070951.89907295,94845341.07266188,157085235.34919304,8.319654626423343e-08,1.4303773776500322e-07,8.668454474859004e-08,1.4903456617835546e-07,3.1008406,2.2594123,881,2255,979,2310,4.0671972866316456e-09,3.0025667056947705e-09
27,28,0.4703628159791645,0.5799448699610094,1.167833209557574,1.0560575552586773,151485184.77331802,2572373212.6746836,31624523.161803484,27254449.606268767,29679004.202692784,25577774.572851468,7.600020712419233e-06,2.987263354414275e-05,7.795511922800155e-06,3.064103109327933e-05,2.2530932,3.223439,8503,24006,8677,23839,6.2267160414011264e-09,5.127319286988018e-09
28,29,0.1391406705735904,0.26753636427511784,0.998269769496195,0.8539107673100556,151062525.65311852,586771506.2072332,8675138.540074438,15974055.759922147,8592816.959832821,15822472.069707882,0.000294762588776619,0.000506227393034816,0.0002958889218889385,0.0005081617656344894,2.422894,2.5300224,68761,115184,71385,117406,1.1290528080899674e-08,7.449327370786074e-09
29,30,0.3724114243251548,0.6084920888301197,1.1319309860887534,1.1240141015625817,151913179.61150792,3115697651.5338826,26987601.553346034,39654803.43205695,25528864.70912933,37511377.58140589,9.120074256406387e-06,2.0148919491014772e-05,9.325056879403163e-06,2.060178623877374e-05,2.0963035,2.3310661,13338,27805,13555,26931,6.901558464962249e-09,5.055228054522024e-09
30,31,1.23351461702445,1.1418139593093182,1.7434463495796182,1.5067627670118549,151142477.692203,8074156642.4599905,102262048.07209788,54606470.426143795,95859311.86869213,51187500.90881928,5.473332047040354e-07,3.503189609457736e-06,5.616734140925229e-07,3.5949736855843846e-06,1.8231246,3.1603689,2249,8660,2424,8950,4.42537184572584e-09,3.896130472666227e-09
31,32,1.1470613219442838,0.9649736361966085,1.6679835907274416,1.3740163114440302,152161634.07879832,8296965567.077568,119631190.76442982,58629670.61117022,108829786.13423578,53336044.49611077,3.826370126202935e-07,3.2792432006179058e-06,3.973979634314625e-07,3.4057462465483197e-06,1.4589734,2.5043969,2142,11027,2176,10864,4.443836089103602e-09,4.109643038380001e-09
32,33,0.9737655814984628,1.1763426802456811,1.5292373007646243,1.5615652388309522,152517628.1895691,9709938129.734203,65253195.67036538,68733016.447237,61038727.880658664,64293799.625281155,5.86466919594665e-07,1.964852675752554e-06,6.023404718776406e-07,2.0180341777858808e-06,2.2760022,2.6102884,2412,7314,2502,7309,4.650329393629307e-09,3.8323544637393265e-09
33,34,1.4949960600370023,0.96925780407515,1.9595979543057442,1.3443692711732464,151580341.25314304,7706651726.612953,94889636.11900736,56420455.3983751,83856047.05842087,49859990.579055145,5.766931427110548e-07,4.0398549572037276e-06,6.059245450352889e-07,4.244626987317395e-06,2.388164,2.6040277,1873,12253,1861,11956,4.1655718553609616e-09,4.115617737270463e-09
34,35,0.6980880768229125,1.0745885012803758,1.3377646147831421,1.4815796125358125,151887821.5328153,6793043058.190328,46894471.27481425,56150043.28083099,47828290.08363731,57268170.111275285,1.4235948651967237e-06,3.6735924940755485e-06,1.4124111211164831e-06,3.644732795777075e-06,2.2610571,2.9067993,4100,8593,4277,8585,5.4485757571534514e-09,4.119083789536176e-09
35,37,0.44970658451883555,0.7885290432214626,1.160597511055024,1.2150550922008738,151280093.93666884,3976205401.9732766,27277952.06380293,45408349.875954404,26424889.217493992,43988295.463483475,6.257926115952505e-06,9.494054414861366e-06,6.337965429356121e-06,9.615484035905463e-06,2.4940162,2.6270223,9086,14860,9977,14370,6.280606804827915e-09,4.4746574027566864e-09
36,38,1.2624391861944875,1.414082543938322,1.7699027554541307,1.7646803834645204,152014376.39665955,14770243207.898125,98510368.35268041,97917889.55657122,94540327.70621459,93971726.2434466,2.7104248197885274e-07,1.0158936632455952e-06,2.755391418086089e-07,1.0327475829465543e-06,1.9481087,2.1953177,1984,6934,2055,6835,4.496441400016695e-09,3.719465320899932e-09
37,39,1.129786639024704,1.0701960375455044,1.655742399680535,1.4625458840215795,152458197.21880463,8643388874.066849,94861766.87316653,62506563.85512642,86777342.35935499,57179553.68273364,4.32331940960302e-07,3.1495398529710367e-06,4.4801367282700864e-07,3.263781329943782e-06,1.8157498,2.6102884,1979,10424,2058,10429,4.470708651156208e-09,3.971544043890144e-09
38,40,1.2123356002629104,1.0633708690748724,1.7261677421885482,1.456557410924271,152235870.28571382,9276781961.409615,82922932.34568161,65556001.24455505,78422516.70133516,61998128.34696021,5.285454631246884e-07,2.4398987352464064e-06,5.404753602976776e-07,2.4949701397986564e-06,2.2256927,2.4693878,2213,9257,2203,9166,4.419317936560246e-09,3.997149471501404e-09
39,41,0.3610221338891103,0.43230093886978443,1.0946822315348677,0.9205749381056363,151897059.56391943,1579924040.0116746,28390327.720889837,23115544.8998551,27595410.227008656,22468319.154448494,1.7095308413055363e-05,7.744084346238311e-05,1.7290611814559903e-05,7.83255575475665e-05,1.9315804,2.8407395,13697,42239,13983,43070,6.8489317722635476e-09,5.841177374255586e-09
40,42,0.8419184682116276,0.7940687455881529,1.4204208118583528,1.1776108329318693,151533970.58783972,4419915552.037834,63263267.48784432,35701044.75498052,56071497.35983486,31642548.926308196,1.8921191617663768e-06,1.215213343323629e-05,1.985693755104354e-06,1.2753116165815543e-05,2.0166402,3.3704445,4333,17554,4147,15936,4.865433994025315e-09,4.48974871970343e-09
41,43,1.0124206473812287,0.6367253773504802,1.55718271082912,1.067881970405809,151642138.9846747,4271249472.084728,65370029.46956867,44134853.95651329,58202511.20389299,39295673.456625335,1.6512111350774542e-06,1.2459658284634214e-05,1.729726311636488e-06,1.3052115693200196e-05,2.348563,2.1877131,2920,24524,3003,24326,4.604712952595525e-09,4.8959257308904925e-09
42,44,1.556946006080903,1.023397931693747,2.0157017547202933,1.3690056089135185,151085124.597956,8206173580.258451,132799635.82132317,62801766.62868328,112802825.87276712,53345151.902743615,3.8810332463131915e-07,3.986697663561929e-06,4.142839657612163e-07,4.255631976150633e-06,1.7713255,2.4620359,1694,13262,1798,13288,4.067029956750022e-09,4.0588614672897265e-09
43,45,1.0377083154367515,0.6858434733519811,1.5784618141950917,1.0836070546193686,150704445.26449612,7089092969.256134,90925514.03076428,56215676.257221036,77909388.11050007,48168316.51824584,6.502190912138193e-07,4.82565175973276e-06,6.916686717995856e-07,5.133273058763662e-06,1.7199491,1.838627,2580,18335,2680,18606,4.53672650031571e-09,4.757289992218874e-09
44,46,0.454895756718905,0.4565521001818843,1.1383047469552374,0.9283771889557715,152173659.2651065,1816587172.122173,25587729.288563557,22524812.79733941,23790130.21435538,20942390.919470508,1.3560978435084542e-05,5.775580460795184e-05,1.3961915222812922e-05,5.946338248539102e-05,2.7053261,3.0843854,8825,33839,9106,34016,6.171099733485339e-09,5.6918936679623765e-09
45,47,0.9191550369662813,0.7710576596339881,1.4818729740807712,1.1623640423452934,151581733.33176532,3732340938.690531,55737730.206023745,32267489.926764917,50331446.29658993,29137703.138819367,2.538307674358344e-06,1.7676348905453057e-05,2.6440411526960085e-06,1.8412659114402084e-05,2.4996912,3.6221676,3654,18469,3790,18214,4.732292424097646e-09,4.5439573451572815e-09
46,48,0.3849921376462353,0.5614285180308367,1.092144456088812,0.9995674053134589,152315706.65340415,2766851635.2537403,29195944.546950977,34228439.19319338,27283017.368691985,31985781.4330805,8.962195651783088e-06,2.565837422702625e-05,9.20844869820399e-06,2.6363385930085386e-05,2.0085101,2.498343,12381,29030,12346,28416,6.654447136331089e-09,5.177599707684369e-09
47,49,1.4363132130085443,0.8232123527322145,1.9163697297559363,1.2029090401734448,150609868.59188545,6030763923.412129,76863472.99635395,47122234.24729739,65808059.38851807,40344557.290729046,7.849396093292415e-07,6.72964691876673e-06,8.352425540034761e-07,7.160917111541349e-06,2.814379,2.6311126,1670,15441,1682,15425,4.133421142637803e-09,4.354630221926754e-09
48,50,0.9509888715555112,0.8552661602950011,1.4945928988203168,1.2095208368836086,150565114.16998494,6843312750.80164,79598049.88722897,51632212.40778607,75274623.04188131,48827770.67177904,8.15929600666858e-07,4.163846705919161e-06,8.343614388264811e-07,4.257907944219936e-06,1.79886,2.4940486,2975,11314,3104,11425,4.65907244313975e-09,4.3561839288304275e-09
49,51,1.1446478288677122,0.805113049846181,1.6597924677154352,1.2049470285658292,151950647.13713318,3057284832.0150433,57863919.315257914,24786959.49036231,51141869.82054435,21907459.268300086,2.401895794072964e-06,2.380211688867658e-05,2.52351946688193e-06,2.5007373537933708e-05,3.0058451,4.9355569,2383,14556,2443,14744,4.435484560816115e-09,4.433712555181587e-09
50,52,0.7788616548326812,0.7666648199197483,1.3737607045827254,1.1592769153504794,151562488.0502221,4625158060.810362,62141731.41705408,40264783.994640775,59996708.02661115,38874914.393164985,1.5808476997473555e-06,1.0259504006763843e-05,1.6032173450861082e-06,1.0404680209392026e-05,1.8996286,2.8858376,3816,17004,3849,16443,4.999886062045055e-09,4.530745448744346e-09
51,53,0.5880338070685073,0.6277875170894112,1.2223261518069437,1.0292415071673737,151088080.15042657,2392943382.249132,45117459.1300596,23049031.480259947,41213174.143529125,21054460.214554712,5.107838843312621e-06,3.786651750194491e-05,5.296154113581124e-06,3.9262576323738344e-05,1.9691911,4.1151929,5890,21692,6207,22019,5.533292635803925e-09,4.9357230605466146e-09
52,54,0.9570445724635464,0.597610925853178,1.5073935283332696,1.0072557757991898,150393952.29572067,2612850914.348513,71905328.49838442,21576841.032136526,65619203.67600924,19690545.27585465,2.060815500965004e-06,3.212499083110871e-05,2.1376232278487e-06,3.3322306903673974e-05,2.0017114,4.1654415,2583,19996,2690,20151,4.64690320101291e-09,5.054735066595973e-09
53,55,0.7899185705836623,0.9965937397586002,1.3098042532424667,1.394967217717854,147769718.99744737,10417068879.000256,54869284.041350216,78290269.46015522,52739148.94837642,75250884.97885285,9.773849256891096e-07,1.8685584981048989e-06,9.92988244208406e-07,1.8983888266188287e-06,2.1273477,1.8810304,4439,10111,4786,10348,5.249137454845648e-09,4.193720307727998e-09
54,56,0.8676260589903486,0.9496443157689375,1.382337829185436,1.3765158309156704,147749422.35354543,8164725962.141922,83297096.2123142,53040811.28035132,80027237.94292803,50958674.64814578,8.44243968966191e-07,3.860370963966975e-06,8.578765181102371e-07,3.9227068512401424e-06,1.5389642,2.6453102,4206,11816,4479,11915,5.163854456812305e-09,4.318162400324321e-09
55,57,0.5013921495205016,0.8988770703321253,1.1191907117014925,1.3714694200759086,147593976.52978194,4663714718.380539,36510628.13634778,36004866.33663741,36531351.6313346,36025302.76036154,4.759795756055229e-06,1.010760254732495e-05,4.758715517946995e-06,1.0105308621699965e-05,2.0268745,3.6847475,10162,12707,10952,12793,6.3221585005476725e-09,4.41929396954188e-09
56,58,0.7369978471939462,0.8913290150077365,1.2837024618604462,1.3298896267964289,147736151.58982763,7503189265.006358,50398728.0826307,55894735.43184689,49473940.46185302,54869099.24298778,1.492919133433389e-06,4.060131794779427e-06,1.5040196616527812e-06,4.090320708936318e-06,2.1603963,2.3558841,4878,12741,5185,12931,5.4350861863220124e-09,4.418086198685422e-09
57,59,0.865509239858234,1.2046798799812766,1.3319328765912684,1.5348717269067755,147167265.78148815,11742231615.8604,59278882.94968232,66656353.959627226,56928680.09157517,64013659.87040338,5.696543219148441e-07,1.5835434464590504e-06,5.789471965697234e-07,1.6093760789738607e-06,2.1487353,2.6597531,2950,6905,3113,6991,4.9221280961313164e-09,3.79469991146722e-09
58,60,0.5254035799880982,0.700891731126053,1.0965329298426119,1.136992964928267,147258215.5688385,4859584583.1472845,36007224.17625236,38805130.30798863,35098624.846142985,37825929.15574043,3.840197811396834e-06,1.0065234727805035e-05,3.879657722911489e-06,1.0168659939536237e-05,2.1487353,2.6597531,8137,18166,8685,18390,6.013689069974295e-09,4.741059187058661e-09
59,61,0.2740236617759518,0.6629668593076766,0.9694936694052962,1.167645944437557,147512831.6660821,2902784973.5422535,19033126.68148028,37796369.780210584,20440557.360569954,40591274.22639635,2.0149153099902744e-05,2.0141333920112687e-05,1.9582302657550616e-05,1.9574703452540683e-05,2.1237712,2.5874474,25463,21448,27540,22596,8.20268858871546e-09,4.956249787515364e-09
60,62,0.8788669838088722,1.6230248978552122,1.386318298225131,1.9722238298671544,147570557.94136748,14032878875.014582,60358710.14774228,90049971.07785103,61330944.708970316,91500460.88959773,6.199889065664695e-07,9.941228121293467e-07,6.160387588074903e-07,9.877889375117662e-07,2.1487353,2.6597531,3826,5286,4049,5245,5.258991725532387e-09,3.6980185650963282e-09
61,63,0.8905463899750754,0.9040606402807413,1.3913858104271262,1.3169016154991235,147890962.96492213,7415026136.747599,61293619.17140235,50268725.5707317,57623694.19333168,47258910.616390064,1.0719007226839324e-06,4.400145147972606e-06,1.0987027997372643e-06,4.5101674912792815e-06,2.1487353,2.6597531,3477,12150,3699,12267,5.010982992706369e-09,4.318604432910818e-09
62,64,1.2535212166780054,1.0961144836868768,1.6910554135461349,1.484512668328943,147817335.36685443,11607749508.463272,75137333.60722385,72081066.47489928,67711431.05812606,64957218.05520795,4.805580448762188e-07,1.5894592648254493e-06,5.009834356151555e-07,1.6570168198260012e-06,2.4660466,2.2478125,2144,8137,2262,8208,4.597972907885258e-09,4.059929046252615e-09
63,65,0.6471869525743856,1.044947436762344,1.2018011363798122,1.4539706200981788,147485423.45630804,8220026269.9040165,44421777.66420592,57943165.92787427,43764606.9742771,57085961.36894541,1.5082923428594797e-06,3.151894421792709e-06,1.5173112813158904e-06,3.1707413926374725e-06,2.1487353,2.6597531,5475,9675,5770,9741,5.682506082323746e-09,4.135776445994673e-09
64,66,0.5782430068690779,0.8510623941678055,1.1140780712781804,1.232741933569578,146816986.56831926,7940350507.525557,39509704.044384606,46978201.132028505,38680037.92104769,45991703.68900117,2.142416427836167e-06,5.30989231536317e-06,2.1606809550857637e-06,5.355160206155216e-06,2.1487353,2.6597531,8974,17491,7917,15852,5.7120412451106546e-09,4.324654149429068e-09
65,67,0.6519586607259329,0.9756595065336062,1.205601839680363,1.383034941178859,147691602.2522416,7587885111.645777,44811857.0979118,54176726.31816077,41633557.4941826,50334219.46975838,1.5237901574912197e-06,3.3776711816925636e-06,1.5692962328162035e-06,3.4785410806491163e-06,2.1487353,2.6597531,4963,9455,5381,9636,5.601372763936994e-09,4.209583462168563e-09
66,68,0.7659391230373427,0.9139878414382132,1.263186665725547,1.2962352123785712,147158782.16964677,7050647519.409908,57179013.864062026,43682693.648785174,55673660.94127832,42532658.59019537,1.2542209270929638e-06,5.728696515661367e-06,1.2676775381565264e-06,5.790160041940679e-06,1.9712594,3.0790532,4245,13008,4486,13118,5.192382671517557e-09,4.240284882983703e-09
67,69,0.5124792432915901,0.8046895438692081,1.109427189636134,1.2479180963979433,147626077.71564648,6497280036.238448,32845360.548986603,58410141.34160371,33476906.690295238,59533243.62335717,3.845416471946426e-06,4.910026174625115e-06,3.8162328620920885e-06,4.872763035690696e-06,2.3033786,2.0337763,10092,15516,10847,15686,6.184227649976447e-09,4.555270029288221e-09
68,70,0.46499296025992637,1.0795560229070538,1.0778360432035798,1.488788771746699,147484646.12098283,6691919656.888587,31333291.41783424,52666304.39712855,32677366.228375178,54925481.454543315,3.2637995255691742e-06,4.193694427534163e-06,3.209423763538826e-06,4.123826370861832e-06,2.1887047,3.0231462,9439,9271,9979,9283,6.548326793870726e-09,4.153089139195391e-09
69,71,0.9142301859712552,1.1477067324036334,1.3924927773667182,1.5141034620099627,147359128.63981304,8925847754.177387,46961455.498319246,55306063.8938726,45663600.00569388,53777591.70240228,1.220665129169474e-06,2.885366499573859e-06,1.234426109132316e-06,2.9178942335422296e-06,2.8687391,3.0579841,3580,8339,3798,8422,4.98647170055264e-09,3.954901335428208e-09
70,72,0.5298410215468826,0.5756893454931651,1.1389181790336567,1.0621403143302341,148160677.94686058,4513904696.42556,40978310.78351345,44732158.42696098,40954124.04684671,44705756.046879396,4.37680417859611e-06,1.1300272854340976e-05,4.377837938811392e-06,1.1302941873109458e-05,1.9156867,1.9067831,9677,26245,10313,26751,6.394181590877906e-09,5.4918607630038565e-09
71,74,0.4805337448447031,0.5593145068700289,1.095671698463721,1.0200876859263757,147811244.33906823,2760775906.6806345,29601639.682908457,26591104.769479237,29422806.670612294,26430459.36546959,8.401873884211374e-06,3.129006177501134e-05,8.422263530145566e-06,3.136599641645489e-05,2.3994715,3.1090462,9122,27194,9667,27785,6.5910678264738644e-09,5.504576118519886e-09
72,75,0.24571343158226172,0.43431175618900275,0.9580753867695766,0.9273227040644613,148094231.5642876,1597418141.719108,17188264.45203213,20494087.31007775,17608484.89380652,20995128.846134964,3.85902811117815e-05,8.445190771767374e-05,3.821923213353933e-05,8.3639895128844e-05,2.117069,3.1384206,28123,42497,29118,42985,8.744735076085411e-09,6.09390005261997e-09
73,76,0.3673219518499896,0.5093766799167971,1.0287514345615785,0.9842243659457737,147674031.79810473,2261266262.4129214,14494699.781790145,27565171.177308813,14375544.962941198,27338569.521005534,2.1954830105688093e-05,3.835894663649334e-05,2.2027440844809765e-05,3.848581035868097e-05,3.7423275,2.7288678,12643,31499,13266,31786,7.309473846455054e-09,5.713991384141303e-09
74,77,1.8683607857803166,1.1171496580545546,2.233654145679435,1.4642757072599073,147679876.91081277,10917719328.093903,115311681.63539174,61881342.88030862,110361693.71443658,59224960.669540495,2.5796055168343457e-07,1.988499373118641e-06,2.625277863334166e-07,2.023706086622341e-06,2.392813,2.6660786,1100,8059,1177,8143,4.435185263691286e-09,4.190979263534053e-09
75,78,0.17907027166774864,0.34976519424481384,0.9263857982967925,0.8734281908451703,148132515.47904682,1003605297.1964855,9208727.102502357,17564613.494313154,9578117.825196847,18269184.842806112,0.0001386131777937044,0.0001944176087653708,0.0001364496076478911,0.0001913830045463463,2.8805425,2.9497716,46062,64282,48294,66147,1.021944283928695e-08,6.7370637312346615e-09
76,79,0.5827608777823342,0.49049421911952146,1.1462259464295896,0.9510690248431799,146667918.08249232,3263396042.533232,36390025.70191658,30256840.764112633,35430367.548582405,29458923.659814313,5.2850232164318646e-06,2.325546003686654e-05,5.34182407789823e-06,2.3505398421202056e-05,2.3487844,2.3776364,6867,31142,7343,31919,5.988488082766144e-09,5.7227826893606404e-09
77,80,0.3970415044519182,0.4345921370986613,1.0360926860666244,0.9289716099510259,147428405.01128545,2600565205.488497,35685884.38216165,28481321.84362757,35042303.3639926,27967672.303248383,9.543781645820296e-06,3.780561698376338e-05,9.61351087864668e-06,3.808183418640238e-05,1.6402899,2.2495875,14528,43445,15131,43704,7.088673951441008e-09,6.145575614991431e-09
78,81,0.7342330535329625,0.8737125113684434,1.2765534439140638,1.279443661181697,148121613.1519954,6887250201.790533,78998393.10837807,49227755.00371348,80115958.09138353,49924164.29787022,1.13856604395777e-06,5.39582223546033e-06,1.1321863593949695e-06,5.365588026384919e-06,1.3766835,2.6289175,5702,14498,5696,14136,5.7696666048945536e-09,4.739818552616203e-09
79,82,0.7720319546373681,0.736814068455737,1.291667648439523,1.1522462732654408,147773215.12770653,6708217315.029377,71106154.66499586,48779473.10193468,69576218.52160035,47729922.90046418,1.3121167681135943e-06,6.01966020932689e-06,1.3235825547907772e-06,6.0722623416268196e-06,1.6044412,2.2321148,5289,18035,5486,18091,5.5733526650173e-09,4.9193533064917906e-09
80,83,1.5911125599988836,0.9931571283988838,1.9811148784851398,1.3557735371604491,148678728.99172238,8964954576.953136,93633905.86017084,54164129.37304246,89622290.03933069,51843541.800423026,5.145994095340875e-07,3.1528400032570237e-06,5.236922233263188e-07,3.2085497194657346e-06,2.5264843,2.7261832,1785,10446,1826,10368,4.50696054392233e-09,4.302661179204424e-09
81,84,0.48036322128692144,0.542814907973753,1.085561488222677,1.0051192213416649,147422647.89807618,3595581444.8606997,36589117.28963924,33487391.07285965,35357765.862911336,32360423.55274849,4.7126918514722945e-06,1.7989607891778947e-05,4.777667150867102e-06,1.8237636024235423e-05,1.9354503,2.389652,8310,26931,8755,27068,6.5789836128883295e-09,5.580607879165813e-09
82,85,0.7597899868255658,0.6151916517077608,1.288727484342525,1.0478062074389813,147347388.69140533,4460160188.427671,62246836.50049063,34665527.12931424,60990961.61625765,33966125.0822711,1.612574069505673e-06,1.2474852409239268e-05,1.6257748224147155e-06,1.2576973265170941e-05,1.7985343,2.6148999,3777,20936,3999,21278,5.4528252504408995e-09,5.168509250172188e-09
83,86,0.39631985869700165,0.5121924834866811,1.0314659064359388,0.9810466974383573,147218300.89485866,2270555913.3472414,18195282.85063123,23999238.415795077,18141387.02120811,23928150.82289747,1.9445495905498856e-05,4.662489987702404e-05,1.9468583413302468e-05,4.668025731017898e-05,3.2066298,3.1419375,13205,33267,13769,33694,7.086121681411703e-09,5.711699364975095e-09
84,87,1.390335225388167,0.7790379479364756,1.7667620875560952,1.148901935817099,149541691.1185991,4695598986.799526,48518926.54097059,32253113.45258976,45999237.006038845,30578141.679114264,2.4265987365258942e-06,1.2950047968735568e-05,2.4789181621403404e-06,1.3229261446104219e-05,4.2851954,3.6120126,2565,16699,2659,16835,4.237260203701541e-09,4.5155069024486735e-09
85,88,0.6578047608391463,0.9068586781493015,1.2171164011909328,1.2987661913417534,148248812.50798368,7163480048.377432,51768457.386492245,52912546.565641806,51615081.728995375,52755781.28753529,1.652475892674714e-06,4.515195101901095e-06,1.6544382957994391e-06,4.520557136540144e-06,1.8837489,2.5408099,6137,12907,6284,12730,5.876787594229137e-09,4.584348791693124e-09
86,89,0.27621287036499653,0.40045306555197735,0.9683944178790537,0.9153216926064857,148014779.816574,2032234056.1707482,19696454.163839336,26271733.84949937,20368147.946655005,27167659.590432677,2.3953396601828228e-05,5.438560379617698e-05,2.3634243669600666e-05,5.366097483390315e-05,2.0756826,2.25615,22644,48668,23452,48988,8.285306540304133e-09,6.3659740237545945e-09
87,90,0.5488324995485768,0.6648449146445227,1.1192310848279494,1.0868088605839716,147484294.87700793,4423642641.717101,33828040.135818236,36778429.352724984,33213186.054580413,36109949.37876704,4.408995107124953e-06,1.2358127932273446e-05,4.441463898742662e-06,1.2449135853776817e-05,2.392813,2.6660786,7690,20206,8151,20505,6.15870093132333e-09,5.047640862858884e-09
88,91,0.8013930231521937,1.0234026754177195,1.2781943010860073,1.3547558611835635,149923421.66720864,9137197483.17933,71680892.64056924,61214663.030567355,70766811.44537039,60434048.13745696,7.933863751270878e-07,2.3972277597724e-06,7.974698062936791e-07,2.4095659027687484e-06,1.6761452,2.5064588,3714,8606,4325,8739,4.931126609614542e-09,3.956353471036266e-09
89,92,0.9125060461134578,1.056130983369179,1.38782584247767,1.4133973103099684,148425900.7146285,11837352086.03748,67937693.03580272,74377915.9866544,63029887.23493712,69004869.72582203,6.182504876350122e-07,1.71635033716405e-06,6.370744290596926e-07,1.768608246954944e-06,1.9935845,2.1075771,3287,9385,3671,9640,4.844527027608741e-09,4.0042390031224595e-09
90,93,0.9571799202388633,1.6444801130543052,1.4179363481714693,1.9326503379576279,149245396.72054586,17160218927.550575,73993257.0346392,107063002.11731836,72525371.04535173,104939075.05859333,4.144757985447932e-07,6.249244933223417e-07,4.1781117436231737e-07,6.299533950100253e-07,1.9306448,2.2923987,3197,4556,3684,4678,4.8025411752450496e-09,3.4890343468190654e-09
91,94,0.6741574282949256,0.8533700304805989,1.2175114733037822,1.254557267311689,148748706.63079765,5111288511.506813,53426116.2509859,35522759.16162564,50479991.34309511,33563895.35293283,1.9066246591365028e-06,9.435362006474309e-06,1.9503786706023505e-06,9.651888597294062e-06,1.8769855,3.5734186,4848,13362,5192,13496,5.397634010074941e-09,4.368791462433185e-09
92,95,0.8773835174683475,0.9145914250353084,1.3068685429554978,1.242922329808429,147006486.39183778,11101366796.327026,66807249.12274562,58650736.40049813,62870010.757640466,55194196.39129291,5.984262009069013e-07,2.3660423789699854e-06,6.131441964477764e-07,2.424234017521953e-06,1.9306448,2.2923987,3958,12681,3441,11458,4.730632953042736e-09,4.114756601390296e-09
93,96,0.5683763103152748,0.7185028903374977,1.1059221145154896,1.1138904606839546,148082702.4767471,9683927538.168768,43595124.31041076,84488858.07548796,41343999.944150835,80126101.2282552,1.2665714779521561e-06,2.1329402376244866e-06,1.29371875895858e-06,2.178656984771139e-06,1.9306448,1.2593122,5878,16103,6353,16402,5.688570227349492e-09,4.6096253275594355e-09
94,97,0.5339678134428301,0.7231990496471845,1.086781202371314,1.1185854125344343,149515165.88449827,5349128033.505514,41352135.9309012,47168595.00727787,40146927.14946733,45793865.41638898,3.454432435540422e-06,7.814282558573742e-06,3.495545484215227e-06,7.90728451625686e-06,1.9306448,2.2923987,8836,18188,9571,18234,5.836829989444274e-09,4.5970654108441136e-09
95,98,0.9548614897619476,0.8937460566058,1.428037331746271,1.2833235491671682,148693975.52162424,5307020656.897117,111704755.68452366,32156325.970801026,104998947.05543254,30225932.16748026,8.291600589647575e-07,9.00452559190527e-06,8.499493799333297e-07,9.230293790307838e-06,1.2710484,4.1327686,3248,11282,3462,11563,4.8025135134616635e-09,4.283315905971631e-09
96,99,1.0968773058354029,1.3325470508413306,1.521247736862991,1.642886043928722,147352747.63008526,10584313711.250736,69977139.18642144,51893294.19322021,65754153.948515594,48761634.08433143,6.005453822143822e-07,2.486717324338431e-06,6.156856446672697e-07,2.5494095938182186e-06,2.3097241,3.783812,2514,6818,2752,6956,4.530245914486437e-09,3.651184128583598e-09
97,100,0.6760783557684387,0.8383913116070434,1.191107325318947,1.2234535057617706,147368221.7078926,8023295934.0136795,51605797.72353297,53896486.97972025,49021486.13093092,51197462.407938465,1.4199569676225004e-06,3.667188342108314e-06,1.4494391651227386e-06,3.7433292206263672e-06,1.9306448,2.2923987,5651,12977,5901,12835,5.353935979289826e-09,4.348258559264068e-09
98,101,0.7061898990820269,0.7818537730737416,1.2265555378909851,1.1873854226858929,149065457.27256688,8785209738.077866,54765700.08707915,71057756.46679328,52663973.00369351,68330793.95168951,1.1515190047942298e-06,2.724665981103506e-06,1.1696855363933547e-06,2.767650708612734e-06,1.9221615,1.6401783,4859,14463,5263,14594,5.286255148381778e-09,4.4899472185115756e-09
99,102,0.32827568672006385,0.6675461057261399,0.9606925033423378,1.0880668669619142,149416874.0934038,4460490458.525948,22446017.79620754,57754266.722322136,23458565.32349681,60359581.415157005,8.438702528340145e-06,7.751366958293175e-06,8.291074543742883e-06,7.615763329881865e-06,2.1852396,1.7270179,15889,19649,17225,20020,7.272297589092319e-09,4.7796809434843865e-09
100,103,0.9587791512050063,0.8597980541599595,1.4300148367284253,1.2531255513788728,148887419.0387622,7969248318.638311,73939107.41690472,55842429.66916106,67023868.95919885,50619703.41899768,7.609444547759015e-07,4.011356980398651e-06,7.914269599132991e-07,4.172047039962785e-06,1.9306448,2.2923987,2824,13620,3141,13945,4.799255726095374e-09,4.342174695729447e-09
101,104,1.0289426426028805,1.1874057667806617,1.4746862703373531,1.5236843037544885,147720738.10490304,13899994531.001247,78728187.92607887,76515684.77109052,74037508.73458621,71956828.02824815,3.997408575958454e-07,1.230144505824372e-06,4.096848680154922e-07,1.260745755486863e-06,1.9306448,2.2923987,2667,7399,2878,7459,4.663188220131292e-09,3.828595545048533e-09
102,105,0.44008785652800525,0.6159929193046404,1.036182205450972,1.0569426796610957,149260977.5548356,4667592228.516817,34327885.664433286,46409327.85973721,32857645.111863595,44421647.15886657,4.661290484219001e-06,9.31577019199404e-06,4.743625734723693e-06,9.480320390055875e-06,1.9135447,1.9811471,10537,21805,11370,21948,6.391057662597011e-09,4.969801741949487e-09
103,106,0.8665583133716412,0.9703653883395761,1.3481286625819544,1.3381323587541745,148368660.64634886,8081213007.4255,55848993.47301354,52050767.17262943,53699312.32016025,50047283.381348155,1.1713890784591189e-06,3.4980392671280054e-06,1.1899256358622702e-06,3.5533937235302197e-06,2.3021023,2.7659883,3839,10111,4112,10220,4.9130793665067725e-09,4.11873523463063e-09
104,107,0.6466129727899881,0.8596640917490816,1.1633513481856652,1.2217395092413343,149828157.9256646,8280590503.583998,53690941.01377016,67132385.88839781,52166465.81583469,65226260.65883911,1.3521264719773284e-06,2.877964270650189e-06,1.3677954533113612e-06,2.9113152695185754e-06,1.8044167,1.9186252,5555,12425,6205,12421,5.360260635916729e-09,4.251351213140028e-09
105,108,1.2192539616462945,1.1092968896649815,1.6493865013077023,1.4658734405826421,148718673.72030702,11682054240.653595,93919830.36147664,71965300.88463137,84307628.1454958,64600029.65304366,3.0855137010546295e-07,1.6477642961896598e-06,3.221689268647917e-07,1.7204864617781274e-06,1.9306448,2.2923987,1704,8238,1867,8397,4.490773200382832e-09,3.967205011843937e-09
106,109,1.3910216887683438,1.1015061323546802,1.865862227943848,1.5018612238791298,155918253.81462368,11233876685.365772,72960460.7002336,63558763.63009173,61114618.85029118,53239378.92618555,3.643741711382977e-07,1.3563784569710964e-06,3.9113309832177606e-07,1.4559882406446834e-06,2.9726467,2.7021437,1349,5623,1377,5639,3.898711390493187e-09,3.493975297114525e-09
107,110,0.8621611438264423,0.9073876116644745,1.3541265199036823,1.3297718852429006,153126831.45860094,8321309471.117672,38215741.2436228,58252639.48509935,33019450.1869891,50331880.663438626,1.6992118387829699e-06,2.9678709994765873e-06,1.8015092871086832e-06,3.146545384433669e-06,3.4545975,2.3852205,3941,10369,4093,10354,4.762572250034166e-09,3.9553943930222415e-09
108,111,0.9988642207935303,1.0208717759253145,1.4441972769915146,1.3956088797253448,155136030.13881534,9210967637.80999,79649773.89617115,49819677.44823724,70922139.58699298,44360679.82777661,5.857053576927669e-07,2.623993129080906e-06,6.135363298164072e-07,2.7486774582728914e-06,1.945515,3.1789446,2606,7491,2773,7603,4.441463457571982e-09,3.69981906829235e-09
109,112,1.1883121648017927,1.081131578695922,1.6242367576597267,1.4684359777276634,154093651.53853422,10534181325.33532,91718136.06949745,56842615.02413805,77217027.13594432,47855505.30018478,4.3343646378278574e-07,2.0774692869835698e-06,4.6432525049324873e-07,2.2255198343305316e-06,1.9964575,2.9308207,2134,7335,2287,7467,4.219408444248231e-09,3.617805625859232e-09
110,113,0.8723062828551454,1.2428512399428406,1.3651144032136682,1.6110197751209272,155283005.8367533,9153438834.510769,37859759.705988534,57723970.46561268,32437184.753277507,49456285.75634203,1.378984450697391e-06,2.5769121758992674e-06,1.4669430322584752e-06,2.7412806281214496e-06,3.5777919,3.3433888,3476,7076,3528,7055,4.675724380112075e-09,3.437510400962752e-09
111,114,1.1374160753730131,1.3005027771478508,1.5757664659668946,1.6581730041347937,155191921.6960976,11571999313.13289,68847671.05953936,60372991.13137218,60758212.702317774,53279290.064334065,5.064855342108758e-07,1.6258609162072578e-06,5.324523540775021e-07,1.7092165792769245e-06,2.563889,3.3430102,2148,5535,2286,5628,4.2824044539342685e-09,3.373158279399231e-09
112,115,1.1081506786637607,1.34451097263943,1.5348884945077874,1.6754190798001045,155475968.03164384,13443373092.5922,61517956.29012963,71324439.94280592,59187471.7019736,68622456.35834411,4.5895111841386135e-07,1.1085925501622976e-06,4.660958935851899e-07,1.1258506942428551e-06,2.8006587,2.9308207,2140,5111,2203,5085,4.2845052815654565e-09,3.307790281990618e-09
113,116,0.4957228303608634,0.8843761249993718,1.06536907503864,1.267706235920199,137214042.90647516,7273498717.983793,27406795.507975742,42184011.94148523,26620693.7045297,40974059.181625344,2.9621402098868164e-06,4.998699576546899e-06,2.9968235157775188e-06,5.0572286852941595e-06,2.4818711,2.8766544,8416,12552,8681,12639,6.705497397704521e-09,4.595925376184733e-09
114,117,0.9931473351222899,0.9099655611998445,1.434756385423207,1.2764178149336483,143800367.3419115,10387070205.160557,74715410.96980797,48808019.23155085,65158240.401849955,42564774.915212914,5.279599374302325e-07,2.5730741253218357e-06,5.576700299982331e-07,2.717869714963978e-06,1.9114524,2.6809812,2906,10158,2869,9969,4.894274922434906e-09,4.261846466377689e-09
115,118,1.4124235335205748,1.0592735813817946,1.7803491464416605,1.3924033734450716,145587197.5299326,12705963155.692081,82853128.0172388,53609732.239948764,72643063.53148243,47003357.36512058,2.9690343233129886e-07,1.7111456792994099e-06,3.1294003120104094e-07,1.8035695244909233e-06,2.4818711,2.8766544,1457,7496,1520,7558,4.325258638181013e-09,3.933371235054974e-09
116,119,1.782730009685536,1.473822732980846,2.124304361003576,1.7704441889933418,142854330.88982952,20484939706.112892,102612380.91327408,73189869.5825952,90418049.0514188,64492073.55961433,1.5968346291123682e-07,6.798108342122379e-07,1.6797234885359233e-07,7.150986114462214e-07,2.4818711,2.8766544,1349,4979,1318,4841,4.245871470095631e-09,3.60224997124378e-09
117,120,1.2322061125058426,0.949285858960418,1.6400952568438245,1.3115341748438643,131339417.25913514,9196588989.905798,55176263.20470665,32729805.140887044,49389973.18985982,29297456.995599054,6.994199458799437e-07,4.388568284480158e-06,7.311111561946881e-07,4.5874174041018484e-06,2.9330952,3.8093307,2192,10892,2193,10595,5.20281151287732e-09,4.6672495124228464e-09
118,121,0.9279980977970715,0.8582839391884727,1.386835469251119,1.2399050622829995,141210268.02976722,10512100894.740303,50052972.00071678,54035532.143735334,45044012.81317445,48628025.56887648,8.542561087378004e-07,2.6152456950879722e-06,8.910564365063176e-07,2.7279073404540703e-06,2.6180835,2.2429409,3383,12320,3430,12257,5.149064060869242e-09,4.4692391644316004e-09
119,122,0.6004450081468635,0.7190532347531433,1.1442585238388463,1.1410998868592508,137446762.6629196,6157561365.403211,33252823.858135413,34356417.4059699,30680111.75521392,31698322.22432605,2.471165257011385e-06,7.79059857103978e-06,2.5520573360904825e-06,8.045619037151466e-06,2.4818711,2.8766544,5885,16692,6131,16676,6.229213516967994e-09,4.995445520760414e-09
120,123,0.8266890527143016,0.9668820556416902,1.309699395482045,1.337580770391108,136183202.74447334,10586487120.430782,45361406.107040904,45772997.62301841,39891950.91991043,40253914.75576863,9.351717623869498e-07,2.7477225411876126e-06,9.84491288836501e-07,2.8926332196283684e-06,2.4818711,2.8766544,3982,10282,3989,10112,5.635887454345828e-09,4.484347564862661e-09
121,124,1.2003375499058238,0.8542580180722332,1.981903631285957,1.2566285551656584,155743570.75283837,16613146396.391802,86386717.3872603,55375412.90253036,84010256.09090246,53852059.20287809,7.190411311005146e-08,7.675018117861947e-07,7.2710913195717e-08,7.761135657000468e-07,2.1640463,2.4026041,530,6071,552,5307,3.8509494534266425e-09,4.0167189290804495e-09
122,125,1.0590432651704436,0.39260392067813976,1.6697757139512415,0.8353586673003388,156898852.8497553,9106743687.55613,76783326.41196346,25638474.844322644,73546628.37679277,24557719.35962066,8.174512786795853e-08,1.487192324321857e-06,8.316556443774892e-08,1.5130343826667968e-06,2.1640463,2.4026041,588,9129,344,5637,3.987739152240093e-09,5.8936140916167635e-09
123,126,2.410043806852573,0.43732802009069827,2.8571544203602492,0.854185107687565,155961137.77089408,10924064232.337563,173689987.2218188,28388437.192976456,167860296.99814147,27435614.30769396,1.200479995273133e-07,1.5820056458604293e-06,1.2169861782222015e-07,1.6037576739823891e-06,2.1640463,2.4026041,547,6997,606,7193,3.1270573473771076e-09,5.5204665396462446e-09
124,127,0.2653011418461413,0.5216056103169787,1.0244333929236182,0.8678619201997464,156226285.6643945,2202012231.0522146,16839315.739474088,42179685.16966423,16541382.391973345,41433411.687205136,2.520439900076284e-05,3.1693422062352356e-05,2.5385013668667437e-05,3.192053705527001e-05,2.461324,1.9319373,21741,35426,22549,36124,7.627727184562687e-09,5.040014997668043e-09
125,128,0.3971690446057665,0.5302893706343244,1.15691341321261,0.9005634008317133,155888657.7161395,3056895308.4448643,28977413.103069592,44040043.003970616,28047509.55792194,42626770.12235824,6.546420311325798e-06,1.824630265760573e-05,6.63238927918791e-06,1.8485916940248146e-05,2.1366348,1.8770667,8800,28898,9366,29715,6.179329773094925e-09,5.009171649201526e-09
126,129,1.31023283913734,0.8123742324887537,1.7738688762384385,1.0992075410827138,156650749.03470767,5564952329.323258,122104447.49240269,49673176.435210526,114451062.91759135,46559711.44586379,4.6728123223945543e-07,7.116370283016592e-06,4.795379688980584e-07,7.303031913114642e-06,1.6809294,2.5619266,1419,15071,1547,15458,3.78647635583715e-09,4.083733538887972e-09
127,130,0.7742868006822994,0.723574866339517,1.3294228646512818,1.013259962262035,157269396.78367278,4392288490.755343,60367969.57898554,41095368.70609184,60297136.18552738,41047149.02202481,1.2702839953120882e-06,9.480560978734555e-06,1.2708806859093713e-06,9.48501428336081e-06,2.0171561,2.7690756,2597,14716,2766,15038,4.490869257614658e-09,4.253931028152551e-09
128,131,0.8510032034398672,0.5517473575364178,1.3907095733028951,0.8678313357682813,157633392.79817447,2406458338.2067013,61988748.68820569,26991936.115951605,58029889.048344955,25268118.66919822,1.978385324363369e-06,3.446282675427581e-05,2.031305917019746e-06,3.538468620904972e-05,2.1640463,3.2222145,2103,25070,2200,25738,4.276298277546522e-09,4.833246773607385e-09
129,132,4.021345736148658,3.751973078017803,4.348243953361906,3.895127282423439,156517535.8607761,8409741565.98619,284374672.0831358,218440140.54696706,281217234.55622506,216014780.04599738,3.6661646746316474e-07,4.952073387134615e-06,3.6825746603875696e-07,4.974239181897592e-06,2.2133164,2.6883776,845,7235,1393,15491,2.854707160207012e-09,2.518503715865411e-09
130,133,6.799903916499775,2.9626859180022764,7.031684590071491,3.1421779377212786,155934026.3323356,7488716275.287927,612835368.9712896,144108237.98576632,601163686.4022408,141363641.8111392,3.05207560559119e-07,4.0548240206406415e-06,3.075641561588656e-07,4.0861324863525775e-06,1.7302141,3.2058094,1204,7900,1321,9472,2.704044841951649e-09,2.6820194286031128e-09
131,134,1.589142900957722,0.44112825457366533,2.0725116629365528,0.8374788695899649,157049029.01156232,10795650962.131044,115327176.48232739,28834864.658043083,111214076.69271411,27806480.201091617,7.376757929591288e-08,7.98965134131881e-07,7.484698172883222e-08,8.106559733573381e-07,2.1640463,2.4026041,551,7396,368,3590,3.4901513285804467e-09,5.542399110547687e-09
132,135,0.470351232568855,0.8948306583255798,1.0483897606576318,1.3180956841984235,126139014.4087001,4680771123.099264,11079572.165352859,28353134.51623606,11058216.792779032,28298485.136080075,1.2901045406705606e-05,1.2759127155539298e-05,1.2911005319230122e-05,1.2768977503813579e-05,5.3548675,3.9809728,9922,14394,11277,15002,7.952949231289528e-09,5.3753734163311e-09
133,136,0.7778484035494344,1.0615708980799843,1.254177430948959,1.4245214731485432,129758530.74983856,9123856362.835049,34904201.664198495,40467967.919628695,32313223.8582504,37463985.54122281,1.6515655240891727e-06,4.1325416829648595e-06,1.7033142371677095e-06,4.2620271382602416e-06,2.8916996,3.4038744,4827,10936,5211,11077,6.372589043924143e-09,4.797500271306263e-09
134,137,0.27252404821971826,0.5466574705479521,0.9236889100492575,1.0384152199747398,127177030.63828237,2983925927.9153504,9313159.254013168,24518898.959879283,9644297.852897769,25390692.690268774,3.347799931554933e-05,2.883514289750187e-05,3.3013385413435417e-05,2.8434963420426667e-05,3.7214868,2.8354566,25074,30156,26843,30345,9.749473624513974e-09,6.353451390282002e-09
135,138,0.3394317913880909,0.4603411707116418,0.9509216031719381,0.957588236252244,130535998.67772062,2806693088.505062,16999807.807396546,18553528.672789283,17486438.14356196,19084635.259251144,1.885866866882568e-05,4.704672322770136e-05,1.8646962291768216e-05,4.6518579300795936e-05,2.6063864,3.238796,19069,40173,20308,40770,8.581883741893002e-09,6.641312595405487e-09
136,139,0.4774918069398197,0.6350283585984154,1.0479503853778394,1.101981545745355,127938347.68453948,4603909199.670988,20707542.898000404,24411558.50972541,20421179.60058491,24073972.615332734,7.3183887240017325e-06,1.7492467404734052e-05,7.35926720257653e-06,1.7590175449631914e-05,2.9501092,3.3281152,10656,23977,11421,24198,7.76509687309759e-09,5.982002815703747e-09
137,140,0.42123459367901445,0.6461176412410423,0.9997659653812451,1.0864141718302018,125853639.98117739,4661179126.884339,18333130.76520681,23889323.59144558,18646500.49924508,24297665.793117594,8.765340815320655e-06,1.7397723086391103e-05,8.706117549276337e-06,1.7280174892359696e-05,2.8916996,3.4038744,12421,22790,14129,23824,8.110580408810391e-09,5.911380194019741e-09
138,141,0.26051456747899726,0.3763821340641802,0.8983415836763394,0.885189330948664,128720097.39980397,2397129215.9505267,12977067.17122409,14868469.674120678,13034080.240330385,14933792.375918448,2.5619253325085447e-05,6.44148534964862e-05,2.5574369346270595e-05,6.430200106932872e-05,2.5840554,3.2584352,22512,47618,23766,47388,9.68714968828898e-09,7.310727169445612e-09
139,142,0.8352062792578983,1.0717572257781651,1.2999460385129649,1.4351477626037752,130786550.42022742,6243752459.373592,46210201.08106655,23641880.099342965,42501358.34465792,21744376.66438349,1.817249417530294e-06,1.0932521066802224e-05,1.879094223641888e-06,1.130457767013088e-05,2.3638449,5.928946,4441,11332,4800,11513,6.206738383426246e-09,4.76290253573344e-09
140,143,0.38502902336836486,0.6131481416080892,0.9933186227240034,1.09518677905454,127400144.69112755,4588779494.30756,27324053.714689173,24277588.83063739,28465339.267747562,25291628.024265636,5.937155005202778e-06,1.731506158431996e-05,5.840767164107357e-06,1.7033957014356008e-05,1.7952224,3.2175832,14329,24253,15176,24694,8.473118948590011e-09,6.1080878998169605e-09
141,144,0.42926516493921385,0.6678372388960193,1.0100788697837113,1.113765662694366,126350816.52392952,4799063194.295431,18756444.858708337,24789921.872440014,19248871.37345208,25440749.623667486,7.628949058041133e-06,1.5033876167365702e-05,7.550275809942434e-06,1.4878839889026209e-05,2.8916996,3.4038744,11465,20697,12661,21196,8.082226328312556e-09,5.855673764826583e-09
142,145,0.5085698744147013,0.8300968950284198,1.0679954980655373,1.252877132234107,125906942.01539496,6850421105.827519,29391165.434053484,29018888.989292018,30247743.80136729,29864617.70350314,3.1389426656863108e-06,8.313706456593116e-06,3.103079567917335e-06,8.218720565090644e-06,2.1786301,3.6016183,9155,15553,9870,15813,7.710106604787758e-09,5.481476797971756e-09
143,146,0.5356666532768681,0.9882862375260898,1.0924196064616662,1.3941727070570025,126464002.55366918,7906070819.83986,23426551.294581663,36717757.05538827,23749606.34749687,37224099.48707175,3.434456870264918e-06,5.3735613245190385e-06,3.415693115572348e-06,5.344203498717901e-06,2.8916996,3.4038744,8537,12370,9390,12481,7.608016957292701e-09,5.215561456637202e-09
144,147,0.5742676442186821,2.2097114970728127,0.9449178703650645,2.5912931747072823,163739652.5283914,14580483448.398706,31173449.82512867,94681706.47870536,29873119.455989342,90732271.97508644,7.029667701948288e-07,3.661405629033719e-07,7.150501669536556e-07,3.724342056168609e-07,3.0163612,3.8214076,3257,1394,3398,1397,4.935358986377796e-09,2.2107418515876044e-09
145,148,1.4901490943666627,2.5468485776236287,1.6811069397103229,2.682999559789156,164919774.8347507,28373675411.1283,81474013.4945237,109913868.90000792,71587211.76582935,96575915.08580033,6.378506463389585e-08,1.3050632005706552e-07,6.717264742960551e-08,1.374374248085336e-07,3.0163612,3.8214076,576,938,600,969,3.1219574762485678e-09,2.0185355121293664e-09
146,149,1.7782973624390326,6.408918994855561,2.028460435858569,6.68277440024739,163460624.8045714,80198661387.5847,96368298.97977921,274141366.971944,89540987.81413664,254719540.13151383,1.989628065097628e-08,1.1483473859360087e-08,2.0489757719896722e-08,1.1826009156616417e-08,3.0163612,3.8214076,492,243,529,241,3.0760858676303313e-09,1.5513846564859113e-09
147,150,1.4167683260812935,3.8389518544874957,1.6985268305434906,4.25767415282137,163601999.16539472,49948601958.039795,76842962.47449061,164353103.3156091,73638706.55934998,157499783.421213,3.2066719275657124e-08,3.0296692004938504e-08,3.261772816376818e-08,3.081728615838398e-08,3.0163612,3.8214076,535,398,531,396,3.349054300871098e-09,1.8051236141390619e-09
148,151,1.8669709042136347,4.297944765974963,2.079641761747977,4.544196976682129,163358105.66283554,56920323456.7737,101110182.1094803,183729187.96026075,89413050.23898287,162474112.60391763,2.8775032047100685e-08,2.745865823455723e-08,3.022549407881584e-08,2.8842765857647815e-08,3.0163612,3.8214076,546,409,543,409,2.977997412537651e-09,1.7207377055707668e-09
149,152,1.828330781682111,6.14188412165346,2.0762586928205047,6.441558040247657,163514175.98492625,77232372598.06131,99112135.90554954,262805025.33858675,90290126.37591256,239412648.4435623,1.874671627058553e-08,1.3161507116842298e-08,1.9458969451169895e-08,1.3661558708275591e-08,3.0163612,3.8214076,446,263,480,266,3.065580095605008e-09,1.5749512758313062e-09
150,153,0.6468138350245954,0.9722113694353554,1.2232757457633432,1.4422215106389764,130795287.82258052,6619963534.04717,29941578.21670759,30511748.614856996,30533145.03208733,31114580.497302197,3.456359324960137e-06,8.86783865543597e-06,3.429415802193735e-06,8.798710769635418e-06,2.8255091,4.1675968,7484,13920,8098,14086,7.138807983873045e-09,5.191520899612872e-09
151,154,0.6844179270591376,1.2933224770232936,1.2563697661808617,1.7227695022909812,131915767.89696713,9808718855.802444,33128297.458691075,46951754.42693744,33946745.17814103,48111716.12985374,1.7615539176942238e-06,3.251883662149326e-06,1.7444411841541112e-06,3.2202930204693668e-06,2.7253292,3.6337221,5810,8701,6340,8778,7.0553909419455396e-09,4.811251925000224e-09
152,155,0.37133414413378085,0.49881028682185347,1.0032478333667287,1.013273378597168,132088158.58491434,3032552536.737679,22794416.615702767,19740906.077423546,23349657.284733914,20221767.425292343,1.1254404498698472e-05,3.9914942102937266e-05,1.11465818305727e-05,3.953253754691459e-05,2.151792,3.337584,14724,35472,15861,36267,8.306019433520281e-09,6.426809894531378e-09
153,156,1.4786057292392172,1.2751700668486134,1.8972278660238224,1.684709895828401,129261029.89496909,12528997991.016045,70129545.95359087,45361145.292890824,71757271.1852401,46413989.42193463,6.560455092333707e-07,2.8152722548117798e-06,6.50051869939371e-07,2.789551895214372e-06,2.7253292,3.6337221,2709,9462,3016,9707,6.189710540782725e-09,4.986740387818733e-09
154,157,0.14989989121601757,0.26494498479610384,0.9149418868585569,0.9214500355256925,133138354.40260375,822984709.5385783,6944594.209949052,10849158.648665657,7190093.071885982,11232688.055956995,0.0003121194184781618,0.0004527984606807956,0.000307812132593988,0.0004465497869277318,2.8738072,3.2513433,79886,110299,89383,114613,1.2678647879973397e-08,8.656085207806913e-09
155,158,0.29880996020109973,0.5373203072716529,0.9842846565341739,1.084400314991494,133176161.80693406,2594821377.486579,14205698.523256695,20888866.32879975,15073062.29575869,22164287.306696445,2.5243625730742152e-05,4.299076336100402e-05,2.465222781427199e-05,4.1983592356713743e-05,2.8012958,3.4256649,20504,31245,23383,32564,9.255537304403352e-09,6.314171925481768e-09
156,159,0.45699415017398737,0.5490172657971742,1.063618742634152,1.0612664898169892,131641150.36562817,3252927739.41142,22074117.005485553,19889595.97106555,22161865.078785345,19968660.23101935,9.530067106750182e-06,3.636148649846789e-05,9.514955735212387e-06,3.630382982868897e-05,2.7253292,3.6337221,10519,31801,11375,32551,7.758570077531796e-09,6.218216831205206e-09
157,160,0.665803822931918,0.6044546823715866,1.190096890855976,1.069392157301438,133582113.916137,5182926493.823258,42374877.545320146,28530719.012097087,42162346.91488394,28387623.573249996,2.5200600610997975e-06,1.377712996937112e-05,2.5251336134752516e-06,1.3804867002929176e-05,2.0988729,2.8300841,5768,24802,6223,25231,6.582519923433195e-09,5.807321974856337e-09
158,161,0.6739169854112833,1.0586792668489742,1.2464749395018202,1.5129871466706561,130996366.2328194,8032167701.386446,29200970.97825251,39957604.915366,30194569.57020655,41317211.07405611,2.798443635162163e-06,5.0418260899868635e-06,2.7612386507425812e-06,4.974795595333598e-06,3.0232103,3.470757,6940,11596,7435,11668,7.1493894738295854e-09,5.1250945892056e-09
159,162,0.47918364268225044,0.7373963567512412,1.0912736418112075,1.2173609647660573,132700699.61567423,4710185600.066651,22307749.900182717,27646320.51514175,22596789.05411476,28004530.963384457,6.946810720608756e-06,1.4247451065845556e-05,6.911130282912393e-06,1.4174272839097737e-05,2.8504894,3.5394588,10548,18909,11479,18960,7.702577387979157e-09,5.5829524665095986e-09
160,163,0.9636092550546511,0.8517869575047375,1.4495710229024548,1.314317206378374,128612979.43213023,7846136462.625842,44700994.27226163,32125514.86815053,44337417.27907688,31864220.94638374,1.5257920907984706e-06,7.226428796858389e-06,1.5307845704303206e-06,7.250074088243043e-06,2.772481,3.4100888,4039,16355,4318,16627,6.509938277206739e-09,5.458679002543826e-09
161,164,0.3914168894571878,0.5425341722982944,1.0516180557912156,1.1178987355059598,131971046.60625938,2892007453.4569817,18953929.147727035,19703984.115314312,19501757.41029385,20273491.3293281,1.595613937966858e-05,4.586871269091395e-05,1.57753143665916e-05,4.534889957228907e-05,2.7253292,3.6337221,14757,34699,16932,36506,8.375279508962555e-09,6.3373849468992665e-09
162,165,0.6279509978688128,0.6867761272729757,1.162529533974351,1.1322671059480967,132896573.77615295,4711705955.116165,30621084.64404284,25117549.37611592,30501119.32921054,25019145.457582362,3.994545422505249e-06,1.6607269733467657e-05,4.000822472735689e-06,1.6633366486735282e-05,2.7253292,3.6337221,6434,21099,6906,21534,6.7537027620841765e-09,5.561094097193189e-09
163,166,0.15420660089420504,0.2619047069596049,0.9310457841005815,0.9226286766113627,130437791.48966414,874327743.2696443,6069699.98257586,9146615.30174073,6335036.616585511,9546459.136479184,0.0002723389900215775,0.0004541832573014123,0.00026771768488804607,0.00044647624693773015,3.3138983,3.7349632,68637,105293,71853,106321,1.2653408193339127e-08,8.830223799387501e-09
164,167,0.6797251802919795,0.7434235879767765,1.2037895016053792,1.166115081161368,135567670.10763225,4350494729.284231,36074516.354473606,22653695.24171718,34314707.80985398,21548589.186743304,3.5792767966327208e-06,1.756147291764906e-05,3.6516014416152796e-06,1.7916328763202743e-05,2.5544004,4.4489079,5453,16534,6096,17173,6.36055802387426e-09,5.208071085453933e-09
165,168,0.49719187120738295,0.8025367793825358,1.08767117300848,1.246595701382014,134161441.38708198,3674782138.367968,26544876.62586544,20213054.730423953,27536154.24463022,20967880.192359343,8.570953077285847e-06,2.9606780016030886e-05,8.446175236967686e-06,2.9175757930638127e-05,2.5128758,5.3267303,10101,18009,12534,20425,7.344410658207266e-09,5.231677951956456e-09
166,169,0.5252888066379409,0.8367044055940436,1.1465300307745139,1.320207902604661,129273179.54008591,5468569746.771464,24445717.541935433,25745665.440225493,25344265.37057821,26691995.2723768,5.255360424902163e-06,1.3829269540495171e-05,5.180023609385802e-06,1.3631023741184896e-05,2.777818,4.2012291,10243,18380,10346,18001,7.82240191946703e-09,5.611846331611175e-09
167,170,0.6813796644817751,1.208634144084181,1.2556738499546893,1.632655253409393,130265873.58885552,9546300795.884737,32568732.334941298,43328515.031032376,34202807.15838182,45502441.69238156,1.9806974862714456e-06,3.744755040110474e-06,1.9422887366043405e-06,3.6721385199719098e-06,2.7253292,3.6337221,6721,9978,6938,9838,7.197950345940489e-09,5.004757982912363e-09
168,171,0.32056843371432847,0.4114871635716733,0.9578202499833096,0.934460737728058,130972914.22289513,2223493857.108253,19620321.017444395,15859040.126550337,19376536.50453264,15661989.916767245,2.0428118258744795e-05,8.144922758524305e-05,2.0530538773127144e-05,8.185758980831539e-05,2.1399131,3.3982935,20004,52752,21226,53292,8.791273554705312e-09,6.97200720797294e-09
169,172,0.6229658709369723,0.7665538696505058,1.1888195860524589,1.2308149678852045,131913657.75018564,5986961127.099196,31741198.838368744,29499452.337123405,32699355.584924348,30389938.528915994,3.6255635586725524e-06,1.0761043366288846e-05,3.582689539404992e-06,1.0633788893112753e-05,2.5889919,3.4278238,7964,18968,8384,18795,7.082505939600516e-09,5.535626752903879e-09
170,173,0.3783299198877658,0.43696790256772206,1.0273584601578827,0.9937278460468872,132466882.33220413,2296629516.939157,22596563.014187545,15584419.120831836,22501267.526996788,15518695.638381332,1.778346553188622e-05,7.527296001873159e-05,1.7813553360575867e-05,7.540031426933845e-05,2.2178676,3.7142081,16979,45792,18415,46544,8.320837289963976e-09,6.830158317519925e-09
171,174,0.39174382767667815,0.6259052680548639,1.0542357271917184,1.1674664779205293,131394984.52935591,3270413610.7680416,18826232.873801317,18492932.428835623,19425662.74157917,19081749.96418376,1.2816132755500817e-05,3.528032731505274e-05,1.2656453567573926e-05,3.4840761486347935e-05,2.7341197,4.4471483,14822,27050,15330,25945,8.442319072905745e-09,6.043868163610571e-09
172,175,0.46893115586699263,0.45865578325691914,1.0581793619253748,0.9573054330884474,134947970.60978106,2221669116.8603373,21603221.48990993,15828279.20425557,21176628.665671922,15515722.563954271,1.635721366607289e-05,7.662292879997817e-05,1.6488228806658718e-05,7.723664969363188e-05,2.9292533,3.9103851,11291,42377,12406,43533,7.261818645791802e-09,6.3996677303012605e-09
173,176,0.6707311241764088,0.986338863009361,1.2355974608054507,1.4509268837905527,132508841.04810502,7184860855.444899,32611768.119428854,35968248.53999595,33142565.179542013,36553676.49080599,2.784555200124492e-06,6.06947020957996e-06,2.7666302571584797e-06,6.030399370784677e-06,2.7253292,3.6337221,6720,11908,7341,12001,7.073024620012104e-09,5.17881756325293e-09
174,177,0.8711936467379439,1.4673505032197238,1.4341745278117286,1.959015445251389,131341849.64305057,12044804539.965908,41985454.439719036,53037773.352986895,43445011.25960237,54881546.2701033,1.2408424962985993e-06,2.446353729620871e-06,1.223996670364898e-06,2.4131417391995365e-06,2.7253292,3.6337221,4781,7751,5484,8109,6.743233542545381e-09,4.761334497939865e-09
175,178,0.3767222063175232,0.7416055721953712,1.027896563842426,1.2304586776461839,133143675.56855728,4224821310.388197,18385208.818216432,31082203.53926773,19449032.706282556,32880714.012863442,1.2070371117427052e-05,1.6242289161833165e-05,1.180181621597161e-05,1.588091283604902e-05,2.7281811,3.1767404,16671,20938,18692,21601,8.701845561150244e-09,5.809511880671306e-09
176,179,0.982160434282875,1.6555814228323869,1.514567681591217,2.1076295028415064,131413323.24149565,15751313894.182014,47570926.42547355,70839884.05267291,49745186.354609504,74077666.72486165,7.394764130503591e-07,1.3927589719993487e-06,7.263744251805132e-07,1.3680821725305442e-06,2.7131901,3.0712283,3927,6824,4293,7143,6.582780511300437e-09,4.650481625337244e-09
177,180,0.31917641198891133,0.4695355973676569,1.0084652924271762,1.0422875911897933,128167668.43549979,1973298925.6110191,14255572.222408867,11484398.915003762,14716187.828569286,11855474.399389239,4.0001379201105275e-05,0.00013586055107225412,3.949578031100897e-05,0.0001341433366861035,2.8696215,5.2400899,27050,52060,27507,51162,9.446589855586873e-09,7.013195268328511e-09
178,182,0.4163768929838544,0.7593596809014738,1.0752009319425881,1.2891529780614777,132254695.22025165,4458969830.615704,20205925.610137302,27638019.748448007,21438482.631414343,29323932.878705822,8.337400123666374e-06,1.5912208518980446e-05,8.142251762065762e-06,1.553976130811529e-05,2.7253292,3.6337221,12371,19085,13641,19526,8.233007647405338e-09,5.654849138834369e-09
179,183,0.6035294614323691,0.7976419706198318,1.1769730841001744,1.2657057565331995,127240456.22200705,6682223876.884147,31551496.49849889,28669433.295362942,32161183.32408882,29223428.437182717,2.7827620155508287e-06,9.440096046140548e-06,2.7615394004290755e-06,9.368101558656512e-06,2.4339056,3.5400884,6983,17414,7640,17819,7.488474500289912e-09,5.66407166379138e-09
180,184,0.23263606812106732,0.3847802088166997,0.9691151830807772,0.9953575718151286,128221341.908682,1899891788.1825929,10683586.831867827,14915511.342223093,11150018.142628022,15566702.895724544,5.41831880485535e-05,0.00010619407027307479,5.326490522953719e-05,0.00010439432031879394,2.7920313,3.3077669,34535,60309,36870,60995,1.0710085446753686e-08,7.597721631872176e-09
181,185,0.675071766706785,0.8566076680337928,1.2138342949688874,1.2825843112229909,133907529.44656864,6266191708.553187,33169274.55179944,31567140.62734506,32575911.243985236,31002437.804205943,2.8300629679417467e-06,8.861928219719525e-06,2.850570973717949e-06,8.926146040021409e-06,2.7253292,3.6337221,5876,14922,6507,15282,6.6564800182297225e-09,5.131510843898353e-09
182,186,1.1902857575201167,1.1512156285793884,1.584997259892805,1.4959949279047273,135503717.26062506,17509819580.864048,89526999.4512834,75969312.98308259,89948779.43494846,76327219.93612961,2.5063633425418984e-07,1.012511723260437e-06,2.501655664537603e-07,1.0106099322919133e-06,1.8015587,2.0533817,1950,8101,2436,8634,5.199783447428777e-09,4.390169228976473e-09
183,187,0.637387420492958,0.726420607526706,1.1832604980500585,1.1869668165192382,130338865.87834658,7246037339.511899,35708654.92434937,36728801.64488737,35446134.84289505,36458781.72898848,2.2256758866614337e-06,6.786796809194009e-06,2.23225478760657e-06,6.806857979919737e-06,2.3265047,2.5778363,6323,18613,6932,19077,6.9940767348672395e-09,5.6158433280013344e-09
184,188,0.9689598273770609,1.1284042183394922,1.5162921990869482,1.589934622213598,145211093.29588935,8106530942.215618,71598149.02718863,39137797.136572555,66792842.70547074,36511065.76776207,8.673793200964725e-07,4.33719495582292e-06,8.91821238133557e-07,4.4594129533759275e-06,1.9651865,4.1866641,3316,8481,3578,8398,5.2715893698905254e-09,4.083679308145009e-09
185,189,0.0912461173868268,0.29326925464787523,0.9338196260132678,0.9658030260425471,143373705.6782797,521138098.53534657,3651315.2096593133,10774636.207399819,4088282.3458083775,12064078.957820375,0.0008875191221252254,0.0006025723650290771,0.0008482836508750708,0.0005759338283318359,3.5828991,3.9024148,129160,82060,129091,80469,1.5408650071746784e-08,7.489026166249675e-09
186,190,1.561145976594471,1.35306512925573,2.020596804320738,1.7912473766387589,146439805.27435818,10931599568.752153,68357307.56214614,51191713.233980946,60807607.472702846,45537861.49867121,6.152421258024299e-07,2.2342091417082476e-06,6.447285127500378e-07,2.3412869124125375e-06,3.3443961,3.870599,1850,6166,2011,6310,4.589914621054204e-09,3.786478318528808e-09
187,191,1.0186471890133768,1.5933726718631056,1.5402133778886569,1.978162776413336,144215867.60378683,12671982398.619785,45354844.023092434,63617272.68931706,39407198.14572745,55274767.7642164,7.916073259060546e-07,1.407543706116788e-06,8.373924728147432e-07,1.488953507739323e-06,3.2390165,3.6120634,2909,4857,3097,4938,5.295864711986749e-09,3.7209778231775985e-09
188,192,0.6065500417266705,0.7704784195024623,1.2534048384717038,1.3147696276007514,146630654.784448,5297034976.473365,33979643.95325769,37750269.12827606,32407070.931525033,36003192.11722979,3.7835405550489997e-06,9.795607132793662e-06,3.855937723980593e-06,9.983043798018253e-06,2.617415,2.9927139,7061,17273,7657,17338,5.974164726730145e-09,4.628385170473197e-09
189,193,0.4011794750347652,0.665486784914919,1.0569941167098007,1.1725693404967341,142439781.84396672,3727840602.23629,15725617.003568005,33755844.651597716,14638463.6169081,31422214.06500619,1.2703285198726516e-05,1.7110316512282303e-05,1.3072568526734723e-05,1.7607711833735276e-05,3.6338108,2.8081594,12635,23650,13032,22714,7.3637760875188136e-09,5.144404357869453e-09
190,194,1.214364068629834,1.3910656425339867,1.7197285154025352,1.8131493458593526,145678527.015959,11755307477.883867,54617433.649720885,56103221.71722118,49674317.83010448,51025635.6010295,6.555013782495402e-07,1.855608703867499e-06,6.808530078047755e-07,1.9273746924998075e-06,3.2390165,3.6120634,2242,5977,2379,6039,4.888099590687266e-09,3.770177382547476e-09
191,195,0.9270315388533025,1.0812601534878812,1.478429945791774,1.549723836486484,145296086.73108873,7140161047.517997,49792536.67932412,38228266.578584805,46847914.5192451,35967530.16273051,1.4476154364743617e-06,5.1437903684212985e-06,1.483347149053375e-06,5.270755330510097e-06,2.7051053,4.1095996,3432,8718,3821,8937,5.379999441300169e-09,4.159590849498973e-09
192,196,1.3577455257102682,1.2017818384832317,1.8447023029668965,1.6594742857893057,146131683.0083489,16917096869.259083,127843749.77470373,82655739.93205734,117064820.05532576,75686760.89944202,2.210927351723447e-07,9.982263438289102e-07,2.2902121368286618e-07,1.034023160533514e-06,1.5519698,2.124697,2219,7672,2410,7948,4.762485935368575e-09,3.950265612726144e-09
193,197,0.23205154522509974,0.5897520330326995,0.9941410912122339,1.1540396998622167,143972016.6562227,2117116357.249406,9856445.004185887,24266730.96126651,10213193.035551297,25145050.527238753,6.082926101318143e-05,5.070950274163544e-05,5.997027571121092e-05,4.9993421092774725e-05,3.3895516,3.4989381,38557,31951,37994,30683,9.563531456902702e-09,5.443886481325651e-09
194,198,0.5417888319099275,0.8000787964164958,1.2093589963591538,1.3417154611229276,147140203.7049948,4595308338.340816,27348917.427660815,34835911.16415084,26397757.210421287,33624362.92213091,5.5027031856647945e-06,1.077137048543987e-05,5.581171034614232e-06,1.0924968861312985e-05,2.9148839,3.3793793,7816,14121,8675,14647,6.1948219319366805e-09,4.531505290750205e-09
195,199,1.3757567049087902,1.7366805691669671,1.8297171423800769,2.106005988333377,144842050.26081517,16481853766.265366,83873530.61541435,73191247.37238505,77931237.89882746,68005775.71061501,3.374479033167787e-07,9.566934769360533e-07,3.4751381493383554e-07,9.852311916137853e-07,2.3758082,3.4368095,2099,4493,2341,4588,5.00747619700368e-09,3.6657231237307147e-09
196,200,0.48801680906406686,0.7451361672899508,1.1153379756941058,1.2389575169890386,142841695.2821471,4061370673.0638456,23360573.817532085,28610584.648047138,21787883.70711352,26684451.16002863,7.719912434081615e-06,1.5766955692939125e-05,7.938158339029325e-06,1.6212695659921703e-05,2.9840512,3.7201796,10096,17134,10507,17213,6.847821346166407e-09,4.920164890133416e-09
197,201,1.0839640890279862,1.3288681182280246,1.5960650553529598,1.7552274620672779,144432617.12308338,11186392529.858803,61429842.19725128,53825557.65384269,59121775.162843965,51803201.893420696,7.928480546634232e-07,2.267683453024707e-06,8.050868602450582e-07,2.302688567483923e-06,2.5485947,3.5658135,3251,7068,3480,7114,5.275001423227543e-09,3.94929139082988e-09
198,202,1.0280269659762045,1.313231509650783,1.5453797247095016,1.6798224295886273,150237538.90077952,11331074843.489151,49015241.419839144,73512404.08318888,47118179.22432708,70667215.55309673,8.812577561375597e-07,1.4791780858398183e-06,8.9528232556588e-07,1.502718117819375e-06,3.1510248,2.6838555,2986,6645,3169,6245,4.584422221177138e-09,3.736677076615804e-09
199,203,0.9678689273959838,1.4009972118052056,1.500873830048471,1.7593747972059401,150331734.36910614,13662715609.269112,54721024.39823338,94938209.03418377,52091485.40377111,90376091.90525343,5.5951768346212e-07,9.992343787598115e-07,5.706486679041539e-07,1.0191130397077527e-06,2.6589673,2.218436,2774,6273,2875,6154,4.667378963436404e-09,3.6749022528689077e-09
200,204,1.0485655789676294,1.120140980754662,1.5688864632087924,1.5176850581330743,150665994.42451626,8327606886.378694,70217550.32544477,51643295.44341723,68630988.50093308,50476417.92258732,6.33560067914579e-07,3.1801909538403348e-06,6.393784062098128e-07,3.209396435293405e-06,2.2499101,3.2679393,2292,8327,2345,8104,4.534574772194437e-09,3.93068151997396e-09
201,205,1.0523120570976507,1.0881671792230103,1.5800960433512607,1.4954648914812487,150710668.56668022,10926409436.195047,72855980.26315747,71822672.25292723,70080109.92201498,69086171.76239277,4.773453323396855e-07,1.790732567359626e-06,4.848203635064987e-07,1.818774701314997e-06,2.1768241,2.2833793,2334,8738,2396,8569,4.530691205989385e-09,3.970178730750347e-09
202,206,1.6604207980530434,1.4685622176382627,2.0938810387216837,1.8246944680307153,150592267.1984779,17790328293.853794,97083163.73756447,101633263.67322047,90485342.80276687,94726215.64429927,2.036981340559056e-07,6.186628146262161e-07,2.0951413323143377e-07,6.363269058387969e-07,2.5755911,2.1760013,1353,5228,1407,5058,4.028876551969468e-09,3.61031198268006e-09
203,207,1.1370139956426042,1.0797265163946894,1.6425829759746828,1.4832311191916245,150488940.89511678,12794942485.35058,41536586.37992613,97206479.26455173,40929809.1642208,95786461.82986991,7.083109197541407e-07,1.1004025848197643e-06,7.124926196034864e-07,1.1068991009609494e-06,4.1194534,1.6715645,2174,8897,2200,8423,4.421775847953547e-09,3.966491516509913e-09
204,208,1.2957820874183041,1.8199779975305672,1.7518198088463757,2.1200202812771844,150244031.61303693,21853942117.88819,73217720.61870888,123258381.93935466,71351191.83683121,120116173.80239868,1.1327469172134947e-07,2.7042780071987724e-07,1.1445081192775323e-07,2.7323562651014623e-07,2.6589673,2.218436,879,2735,931,2664,4.222946872477627e-09,3.3374341448027975e-09
205,209,0.5247901917506115,0.7003839322461741,1.177843751802681,1.181309998197594,150263549.14643112,6251292820.433458,34733386.67746459,58783995.97147128,34245153.102256246,57957692.42714096,3.209061834830032e-06,5.121834375146083e-06,3.227284804602172e-06,5.150919209842371e-06,2.2703469,1.7903202,8496,18583,8836,17884,5.823901425128408e-09,4.704784290601379e-09
206,210,1.106620511689984,2.041847916797235,1.7152224254355315,2.4743366445157045,146867976.53633893,17400499431.99984,74079738.04374331,108868606.73540485,72911695.512557,107152035.29041861,2.869702878537496e-07,5.48199475513772e-07,2.8880042599609703e-07,5.516955892656734e-07,2.1939483,2.7545321,2237,3582,2276,3463,4.900070731425211e-09,3.5107066186825693e-09
207,211,1.087006646405088,1.0258508617401252,1.6687734110484487,1.4967405569279584,148407209.8407746,7415352209.508911,73529364.14743982,55270245.02767864,69951730.01668529,52581023.96179684,7.621500181141475e-07,3.505871767825536e-06,7.775089636014876e-07,3.5765225479709913e-06,2.1939483,2.7545321,2380,9513,2576,9438,4.775716536610032e-09,4.252806295549834e-09
208,212,0.9882926294349517,1.0588811899232404,1.5610370867449113,1.4984760267539394,149197955.6564956,9212826787.590916,57647197.00029003,68209079.13552345,56862706.57523873,67280857.60407388,6.832646327377705e-07,2.0187872763494587e-06,6.870197283391447e-07,2.02988215651493e-06,2.5578215,2.3161566,2197,7722,2461,8030,4.797971070118963e-09,4.097614203247262e-09
209,213,1.0144248925133752,1.3791998286144542,1.6408367803176092,1.8630080166539291,145101304.4540181,10891791999.281147,67091086.50113488,72652518.4566611,65242615.790717244,70650821.07167475,5.821365838990013e-07,1.5082944519583408e-06,5.886786388879712e-07,1.5252446755264608e-06,2.1939483,2.7545321,2656,5887,2890,5964,5.0445901212866434e-09,3.937425577830577e-09
210,214,0.7267881718394378,1.4519068824002153,1.4276412412057624,1.9617868555499534,146599050.07466796,10537946508.150934,48563795.05258447,77271987.4118527,48671105.29772306,77442733.45636041,1.070122556921076e-06,1.6005015811433867e-06,1.0691781677659276e-06,1.5990891295262763e-06,2.1939483,2.7545321,4970,6298,5140,6123,5.565797484629783e-09,3.834745868679691e-09
211,215,1.055730495302983,1.1309799110263419,1.6943980928919862,1.6729153135688917,145881143.97816628,8833936494.803867,68868362.21425739,59080462.54264559,64859416.009724334,55641286.86810976,5.665500486837175e-07,2.264071866733977e-06,5.803058779730885e-07,2.319043508109736e-06,2.2363124,2.7926092,2171,7283,2238,7162,4.959381759941167e-09,4.169460715429736e-09
212,216,1.850421375610595,1.5817048418374293,2.344118142848158,2.017289326176643,146916564.3604283,14264929534.76265,123912469.187996,84362291.94606581,115711295.71642916,78778755.47679435,3.199043116812655e-07,1.0419578432111274e-06,3.2878787653317965e-07,1.07089243313422e-06,2.1939483,2.7545321,1782,5134,2080,5396,4.313737724659044e-09,3.768192336226157e-09
213,217,1.1143385053531554,0.9770703555986691,1.6686869857448543,1.4298923825974097,147816864.54604962,7464954510.336448,75078352.53193285,52432671.38019157,76661888.04167296,53538569.34146813,7.952927364231757e-07,4.2770229245055385e-06,7.886805039537382e-07,4.241462848877115e-06,2.1939483,2.7545321,2610,11613,2706,11591,4.699857381096669e-09,4.2904892262700265e-09
214,218,0.9238618915709491,1.2135119361531985,1.593549125926549,1.7361856585775677,146871903.82207504,9491164790.058758,61847106.82730707,64704567.5647173,57752520.373457454,60420802.9806687,7.004054292643723e-07,1.998169237179854e-06,7.198613929825544e-07,2.0536746723992676e-06,2.1939483,2.7545321,2850,6837,3030,6885,5.095971403190697e-09,4.048385985473221e-09
215,219,1.1974682257891223,0.8957488496481137,1.732139484192621,1.3595930642926597,144685860.04124907,5731557680.060204,35247424.49895115,46185832.07012118,33966428.78849124,44507302.25959254,2.0085235263093575e-06,5.9666109516044836e-06,2.0384868937811425e-06,6.0556214880320095e-06,4.9154434,2.8061028,2213,12009,2342,12187,4.683840428538083e-09,4.475751113563358e-09
216,220,0.6517544266114785,0.8654700246537099,1.348250630422915,1.3904664173225,143538616.89771694,6501062811.202379,55745339.41792709,50075981.737818785,55067996.822529584,49467525.572845384,1.4141056204777245e-06,4.726863825949793e-06,1.4210375779754415e-06,4.750034951687849e-06,1.6782018,2.4807975,5067,12319,5478,12387,5.75043417858678e-09,4.576739389752096e-09
217,221,0.6361635684178548,0.8041125959614693,1.32278034121611,1.3151339582182051,148777557.5780062,4939357432.0756855,32802002.499313794,46767141.933290236,32215688.682132494,45931210.60543485,2.7134456404115184e-06,6.022618807402027e-06,2.7330923126620556e-06,6.066225510273364e-06,2.8853989,2.5580761,4496,11928,4645,11629,5.614215099256146e-09,4.596401268650424e-09
218,222,0.7501488388924087,0.6847146235509993,1.450562814456578,1.2754819968084297,147087104.5440204,2392596989.4489336,50291622.95654061,20499427.160448343,47827688.06016922,19495099.780123003,5.099290248254492e-06,4.099401787201547e-05,5.202789290091263e-06,4.182606338506416e-05,2.1939483,4.9129515,5018,19387,5561,19964,5.390695667708559e-09,4.951770501770398e-09
219,223,1.040369619822256,0.9959108262460509,1.6771324729110528,1.5345635053268445,145317876.6886175,7388398985.037788,68909693.14268456,52540192.449121505,66787075.02475166,50921802.36020807,9.148876131336089e-07,3.725948458272006e-06,9.264092964768513e-07,3.7728713782822725e-06,2.1939483,2.7545321,3016,10089,3081,9994,4.968558966389624e-09,4.362493053996742e-09
220,224,0.9050497623644496,1.1871464954722206,1.5400989715325688,1.6468541342612468,145081137.19814706,12886442085.633472,62739571.951403484,96193756.11892188,61627231.58300454,94488290.25756918,5.697291188686619e-07,1.1565580292030897e-06,5.738203867473924e-07,1.164863359855949e-06,2.0928681,1.7904755,3297,8262,3508,8324,5.132037374814671e-09,4.110884700169473e-09
221,225,1.3886822493782172,2.7260089397640623,1.9475838412355824,3.1017685340594197,146134546.1943538,25091616770.36656,92497371.21017855,144621324.01149827,87664416.78689583,137064911.77580154,1.6761769198017917e-07,2.599566250550825e-07,1.7125461085195222e-07,2.655970866575311e-07,2.1939483,2.7545321,1912,2546,1917,2368,4.756697018606007e-09,3.3799557229895924e-09
222,226,0.934766802419817,1.5384065230634842,1.582657116617215,2.0378723535054992,145756057.72061923,12301295718.807377,62101702.21824348,81404776.50393632,61811540.937381335,81024424.38193378,5.924819969539443e-07,1.2273170879891445e-06,5.935929469849732e-07,1.2296184034113745e-06,2.1939483,2.7545321,3243,5682,3322,5481,5.2326431311812655e-09,3.830068474558048e-09
223,227,1.3471778321470744,1.2047565376685199,1.908512430687851,1.6708623843216721,147651059.43948075,9541381096.995588,90664048.08622815,64578510.14094105,87232422.7486266,62134219.85893815,4.879333762348045e-07,2.555512446398123e-06,4.955225180384084e-07,2.595259976042943e-06,2.1939483,2.7545321,1984,8540,2122,8852,4.582075810626216e-09,4.095742561688153e-09
224,228,1.5634352040781885,1.1588026437647978,2.0799187969782973,1.6215418126999817,146882485.92628568,11553914684.62644,113570452.49580844,75755563.86796631,105674927.63414384,70488965.69225661,3.557892050968445e-07,1.592064250576101e-06,3.6619307395508285e-07,1.6386188605519003e-06,2.0220158,2.2468028,1853,7925,2033,8187,4.4145291849785645e-09,4.108844313819444e-09
225,229,0.6479335164090754,0.9180009711620004,1.3488357153485697,1.4845511137040972,146275519.98231655,3747175876.4242954,41191946.771638095,27207614.367717177,41683355.002053745,27532193.482765876,4.81395209269261e-06,1.8942597651576773e-05,4.791170479101708e-06,1.885295343996087e-05,2.3008578,4.9354224,8058,15293,7840,14382,5.840722048042643e-09,4.444144210802163e-09
226,230,1.0484718722236752,1.2854196465441674,1.6522386594531246,1.7578051047357508,147737182.36987245,10669531617.778831,70602520.66850924,68942480.91837908,68539723.22191168,66928184.937811285,5.118066579043335e-07,1.6484029560579136e-06,5.179133136548827e-07,1.6680709874040689e-06,2.1939483,2.7545321,2290,6369,2489,6385,4.853877976574669e-09,3.917296621520392e-09
227,231,0.9453625785426909,1.1849326040433836,1.5491121433243906,1.627953928210834,148608800.87888387,9350679610.535713,61567665.34599305,65438296.65179296,59299767.78387519,63027821.07810117,7.726058379179248e-07,2.1091513155127876e-06,7.8429213976101e-07,2.1410539723348567e-06,2.2818666,2.6909535,2810,7283,3166,7329,4.947336875161822e-09,4.0162205785894e-09
228,232,0.760626883634262,0.987531198649669,1.4102836295828025,1.4699844454826765,148299226.58598334,6913266642.257192,51414328.47960355,53166965.44915014,49525542.70712577,51213793.81634334,1.443957723832378e-06,3.8859996238375315e-06,1.4657383398154478e-06,3.944615928262649e-06,2.1939483,2.7545321,4059,9597,4550,9753,5.285159130326901e-09,4.231583089224635e-09
229,233,0.6914186515563037,0.7826011924886173,1.362004374813444,1.3040809378876728,148758634.30348125,4733299085.91408,46517129.26347282,41403572.27701933,45581880.68306769,40571134.14489688,2.0016919713980623e-06,8.00894386974475e-06,2.018020219342587e-06,8.074274611510995e-06,2.2111101,2.8118029,4043,13683,4285,13482,5.457198130570199e-09,4.637545327647645e-09
230,234,0.699308004611753,0.675888277332351,1.3512357846875906,1.1954168682696484,143779457.79869348,5331595820.619043,50416705.10319155,46611427.16177484,49824936.25243968,46064322.970277764,1.9375968605963353e-06,7.482957843598828e-06,1.9467693735043246e-06,7.518381893258584e-06,1.9943018,2.0848718,4792,18822,5180,19136,5.537159653656767e-09,5.0077405888260416e-09
231,235,0.5791356134840528,0.837004482265491,1.282873075245778,1.3466467519149645,148443863.5461982,4332785182.858055,55589866.377838604,34895126.08432044,54278700.6889785,34072075.13976109,2.4360286385206144e-06,1.0581301070125535e-05,2.4593982771951828e-06,1.0682811035486956e-05,1.5464892,3.560617,6225,12828,6825,12876,5.809453329709867e-09,4.494206542930772e-09
232,236,1.2541706510550144,0.8337869567656838,1.7832632874648193,1.3135993748895383,145998867.00803897,6189823257.812004,83460259.3364514,44193331.78722826,80896845.50252962,42835969.62503092,7.386621663921613e-07,5.866119375278422e-06,7.479371627593339e-07,5.93977718309719e-06,2.1939483,2.7545321,1978,13017,2084,13182,4.594164016112418e-09,4.564627031311749e-09
233,237,1.1213765623360445,1.6830329824138905,1.7108932260831868,2.108265225873371,147542917.1512546,14554031342.79654,75412519.62596643,90149465.27111503,74045451.1891088,88515247.3828521,4.538933698648109e-07,8.723107811076452e-07,4.5722699755888217e-07,8.787174827049907e-07,2.1939483,2.7545321,2754,4588,3011,4609,4.7683921765491635e-09,3.620270050340545e-09
234,238,0.7503317150037696,1.4050615467153869,1.4456943882654114,1.910447818124263,147113090.92819166,10533488967.559225,50312770.731951855,75041037.67084302,50527919.14599469,75361929.56385812,8.168865282054629e-07,1.481933807380924e-06,8.154934222855306e-07,1.4794065398979537e-06,2.1939483,2.7545321,3714,5912,3922,5667,5.4300281672117115e-09,3.833080048665357e-09
235,239,0.745994743010606,1.345554916136848,1.4875499012926543,1.9301829052983766,146723983.7004324,8972446475.543346,55230969.031639725,63063162.66636644,53916743.51445779,61562569.44804258,8.633939640337478e-07,2.1580207581374786e-06,8.717513165742543e-07,2.1789096466597303e-06,1.9817744,3.1305943,3634,6143,3909,6185,5.5058825071551474e-09,3.9407556197493435e-09
236,240,0.40809031386420197,0.5985638089973135,1.1800829384044684,1.1940811621870058,144094111.5668564,3290200127.39853,27663336.038334724,30851216.177280705,27697965.803152587,30889836.622735433,5.42952324779245e-06,1.4008040216763805e-05,5.426806894034285e-06,1.400103208898706e-05,2.1256804,2.7956603,7860,16656,8404,16486,6.874298956728056e-09,5.256407181657234e-09
237,241,0.9444366912916906,0.8751720288847757,1.5395481203112902,1.358116632062391,148842533.61705503,8269298697.00173,75054375.72336866,66027747.64341576,73187623.96253073,64385506.09534393,6.812916097519486e-07,2.9433024057680746e-06,6.881900483077701e-07,2.973104902242066e-06,1.8729401,1.9728497,2839,12325,3008,12337,4.910376752614636e-09,4.44322232881822e-09
238,242,0.726553397754276,1.2757433025793374,1.4150990900511824,1.7758197224753534,145203116.60560682,9539519174.770592,47084796.22096034,69738897.64628725,46235777.88262764,68481387.62715188,1.1569929248834938e-06,2.0986314979949125e-06,1.1654448142950479e-06,2.113962102837153e-06,2.240592,2.6562207,4674,7605,4926,7537,5.583282815901054e-09,4.018032249077061e-09
239,243,0.7722019805290148,1.0010403454091976,1.395418441183382,1.4677004312538282,146609187.1561398,9845677053.653915,49672025.658659965,76860459.3322225,49479297.265978225,76562239.3061323,1.2417192348455977e-06,2.166681785208781e-06,1.243651642914822e-06,2.170053653218621e-06,2.2791884,1.9094566,5264,11595,5364,11172,5.264846344977924e-09,4.177660649093165e-09
240,244,1.0671807455719842,0.8848944690680911,1.6851443047104289,1.4170318802531208,147801010.80083296,6240069486.129859,71893395.52929564,47481130.09114335,68904875.81426755,45507398.11862337,9.869141508421724e-07,5.2838753334859645e-06,1.0038180318036192e-06,5.374377632572621e-06,2.1939483,2.7545321,2593,11954,2807,11970,4.84861058643647e-09,4.515616456195827e-09
241,245,1.7739358935924576,0.9908839150052843,2.203503339120299,1.4179560104042306,148900685.67487136,8081341849.996258,120394938.61326748,53563831.900339,119196438.22013155,53030617.84391895,3.4559807489164604e-07,3.5428035564926953e-06,3.469838769489659e-07,3.5570097249119116e-06,2.1939483,2.7545321,1289,10529,1273,10394,4.06666428743892e-09,4.170863994905297e-09
242,246,1.2850644064589087,1.1357919804631753,1.8534957530202085,1.6189218066519306,145852701.3269229,9113970395.110348,85430506.75401542,60140278.813962534,81460965.4552021,57345851.74633952,6.030127653748496e-07,2.6396929459313564e-06,6.145990403307286e-07,2.6904119522721973e-06,2.1939483,2.7545321,2343,8786,2505,8734,4.665272299149411e-09,4.159027081326043e-09
243,247,2.077962807327947,1.6740080510610746,2.5414277175754547,2.10027383014174,144824308.9775753,16668052923.767454,190842928.96627346,84716404.07063615,180614083.65515324,80175753.82361531,9.157852582909738e-08,7.133746156724103e-07,9.361887818147165e-08,7.292684681016096e-07,1.5768964,2.8617487,931,4143,968,4155,4.299025630057687e-09,3.759046327052213e-09
244,248,1.1212292995072755,1.0528706535535814,1.7011352148730923,1.5195354977996762,147684474.1239629,5990485612.3442335,70288906.56476618,41704780.18935558,66802493.07540179,39636173.4158362,1.2073101105687798e-06,6.1884150722119695e-06,1.2321298648295832e-06,6.315635858331116e-06,2.3558221,3.7284131,2884,10063,3070,9943,4.740530790968937e-09,4.219451853918114e-09
245,249,1.5820628348953902,1.7664706542198196,2.125685963056215,2.215385076341972,146501901.89528516,20221509897.474136,132648068.63389938,117611302.62818378,124909004.48019785,110749526.0066785,1.4473290903294888e-07,4.724728620286362e-07,1.4825527843415516e-07,4.839714490689282e-07,1.7472943,2.2003949,1551,4368,1675,4342,4.499805741826505e-09,3.6777993894705132e-09
246,250,0.8921257205845656,0.878816718624571,1.5400020495780735,1.4047816245274432,147700652.42603213,6093411600.209314,60059551.52926091,47122995.11911799,58656440.2690538,46022107.69350833,1.0099473636884474e-06,4.791739369616361e-06,1.0195424023594196e-06,4.837263449588979e-06,2.1939483,2.7545321,2693,10747,2805,10600,5.0903960784231e-09,4.501564496357406e-09
247,251,1.6055458842814918,2.32904336289242,2.1469015960564914,2.75461470328081,146588680.42351955,21792635350.22489,107274566.37708221,123945331.12014061,105414183.83369543,121795839.9766419,1.3017127604398362e-07,3.091680014060562e-07,1.3108537748041708e-07,3.1133907111339357e-07,2.1939483,2.7545321,1193,2546,1293,2446,4.555902098871497e-09,3.4737502438178262e-09
248,252,0.21229629696030472,0.6343589581827955,1.1225181808352793,1.3217209509325283,146133875.1462418,2397289724.7641916,14085447.82369629,41550713.437448576,15327325.202467015,45214132.005010396,3.438735384631444e-05,2.542260043595476e-05,3.324455105262425e-05,2.4577725342310634e-05,2.2025342,2.2310407,34508,26701,37428,27317,9.33960784934811e-09,5.127809157602334e-09
249,253,0.5464020386523715,0.5691489059811524,1.2469959724408226,1.1151572577872182,147285458.61922053,4229444071.4897575,44051281.569622375,42748370.68144553,43474042.82156034,42188205.004202984,3.4063331500977595e-06,1.255311157863329e-05,3.424353007891824e-06,1.2619518848724739e-05,1.8268952,1.9609486,7303,26431,7886,27075,5.943862440538803e-09,5.298381259298428e-09
250,254,0.9301024018371108,0.8988075867524873,1.537061984632906,1.3797041747116325,147565271.71834078,6922176333.084964,64116141.065967225,51783369.51350538,61507635.519675136,49676611.303545505,1.1593653974606856e-06,4.772068035845361e-06,1.1787879065135114e-06,4.852013094435097e-06,2.1406593,2.5613008,3494,12621,3749,12897,4.977295602818576e-09,4.443117542891671e-09
251,255,0.5318995237775713,0.682906599110147,1.2758656594030748,1.2508224700598485,144204954.95411175,4539297298.918197,33355043.193980776,43880580.88932877,33916669.365445495,44619434.15668023,4.169264856371123e-06,9.19192786891131e-06,4.141510901030345e-06,9.130739058807396e-06,2.2995787,2.2442391,7588,18525,8230,18592,6.171957537410648e-09,5.010163624569378e-09
252,256,0.5784616476205204,0.5187577056574026,1.2862826723181542,1.1022987267259112,148429330.4689146,2473017838.387025,46844952.369631074,24316344.19705327,45273941.75426866,23500861.782663148,5.296976303108227e-06,3.805591564551077e-05,5.369747044251985e-06,3.857873414194299e-05,1.8328693,3.1665475,6982,30047,7147,29721,5.807878935873391e-09,5.510209433819411e-09
253,257,0.746046090026902,0.9465572931822197,1.4202536498509828,1.4686843576409168,147889698.56348854,6471814338.170112,50289485.567434646,50820272.8012464,48732494.16504248,49246847.92075798,1.5305872599090665e-06,4.858024001703615e-06,1.5499636585027084e-06,4.919523931763193e-06,2.1939483,2.7545321,3927,11243,4515,11414,5.354855187821619e-09,4.317280047181344e-09
254,258,1.3141888257496122,0.8068520091372183,1.8671789983677245,1.228316350193663,149619191.59584126,8607318934.633629,140421036.0839088,65551057.72528156,128043069.48678121,59772800.95152388,3.7840312626206126e-07,3.5701447810366283e-06,3.926315137073855e-07,3.7043862807892283e-06,1.4002736,1.8416262,2297,16522,2326,16686,4.438479262964909e-09,4.490202792953093e-09
255,259,0.9979115826240677,0.7285849814338455,1.5752840665075398,1.1218263510425568,149540838.8287925,6085833175.992626,86595931.82708298,52764535.296486296,81322750.55094117,49551486.44188946,7.710490102014072e-07,5.400224274113396e-06,7.90671630097902e-07,5.537655937840027e-06,1.7232742,2.0648947,2562,15648,2723,15916,4.6776912245801655e-09,4.650676506754061e-09
256,260,1.3797212930386022,0.9706765116660905,1.9768744144920787,1.3178170155861448,148171011.86745343,7602886757.42057,93186017.48883106,58993661.06804523,86862678.38851489,54990518.388972364,4.980421868449168e-07,4.054510075809458e-06,5.122395949374025e-07,4.170089710791838e-06,2.1938345,2.4379928,1564,12413,1726,12644,4.254579704533032e-09,4.150847552014073e-09
257,261,1.1498106770733187,1.0486625556630265,1.7698915084178068,1.3977409181729539,148055434.9397258,8254570662.994779,77597339.22154602,63683613.33294085,75214229.6387406,61727811.35926612,6.423711423625078e-07,2.9275156298477595e-06,6.504362688014949e-07,2.9642713029310764e-06,2.1938345,2.4379928,2369,10095,2417,9912,4.5657547048113015e-09,4.129053092577767e-09
258,262,0.5022064261555779,0.544023097904654,1.296704033536074,0.9957560722985488,148424683.05833444,2933434987.1221046,29197597.969936002,34107398.6621167,28334093.38326843,33098689.136957712,7.311319936543477e-06,2.4183946844923557e-05,7.399645429053299e-06,2.4476104626890228e-05,2.5529439,2.3674176,7920,28880,8401,29966,6.07959561230271e-09,5.360416878407159e-09
259,263,1.1194213142916383,0.7387655436007252,1.703979000169551,1.1669851167321963,149939752.85616806,5456044746.009516,76507938.59191068,45435049.285685085,67033641.22149178,39808637.49241618,1.2464866522537384e-06,9.224170202637893e-06,1.3141747189187782e-06,9.725071071874581e-06,2.1938345,2.4379928,3061,20762,3100,20643,4.5735071903453855e-09,4.642368240433251e-09
260,264,1.2129651521101708,0.8464684369468243,1.8315762127587507,1.2302877478615895,148578194.23121566,6322662176.792715,82148481.10280015,51586186.73331553,77302210.49645376,48542909.27884484,7.980529734010845e-07,6.04922894453956e-06,8.177014540184969e-07,6.198164117552617e-06,2.1938345,2.4379928,2229,15358,2300,15688,4.461148301093459e-09,4.417843832250922e-09
261,265,0.756262314559218,0.7735411759999884,1.4975194876079816,1.1963459139530608,149486904.10885864,5383933209.999424,51531376.72766898,47430113.65782705,47856521.375411935,44047731.54227145,2.0430948442247067e-06,8.25006349274618e-06,2.1044604831733485e-06,8.497859339830974e-06,2.1938345,2.4379928,4785,17987,5014,18219,5.142358446795692e-09,4.542616494824444e-09
262,266,0.9055570059839727,0.7694565044961055,1.5799949792352994,1.1586503310705911,147643418.44898733,6044240186.284698,56691550.10289268,59053071.45719773,52927567.29611007,55132297.63377646,1.3231151149563718e-06,5.421320822748748e-06,1.3599789624829772e-06,5.572366443755965e-06,2.3583679,1.9237812,3235,16570,3391,17033,4.865992990577314e-09,4.6036351847412e-09
263,267,1.1127173835027537,0.6838071631431736,1.7110854738152592,1.0789818286770056,147224449.7407446,4206103456.61897,74672544.58034733,39539409.6013691,71229591.01460364,37716351.98307733,1.5605780722465541e-06,1.4430230562989776e-05,1.5903243197632678e-06,1.4705285824680089e-05,2.1938345,2.5461466,2949,23948,2992,23838,4.564405973073394e-09,4.832261003150397e-09
264,268,0.8246533932461966,0.6235448729438554,1.4713861621510955,1.0517173926535863,149344432.44667208,3986687230.7435555,56137959.804887526,38196566.92785653,52709815.75264783,35864039.45117565,2.4873112351355804e-06,1.6038077599800773e-05,2.550798673125311e-06,1.6447441913646417e-05,2.1938345,2.4379928,4474,26353,4520,26226,5.044564944823949e-09,5.004500168146682e-09
265,269,0.8099280982654509,0.7253322059917391,1.4632396235525087,1.1634783586106916,149288075.12488982,4917459885.700115,64223520.216301695,42699431.74205601,59827136.791659854,39776467.17517836,1.5896224839843469e-06,1.0143350645756918e-05,1.635356162828735e-06,1.0435176375144142e-05,1.8826842,2.5359459,3988,19824,4152,19669,5.1253506747186545e-09,4.692612004646461e-09
266,270,0.23267740437038947,0.3621363253561023,1.083844839922824,0.8638543278692425,149513310.54880935,1254430079.8451064,14787942.070768967,21001319.394141328,13728635.06140024,19496928.53747303,5.578196918965805e-05,0.00012756767914139897,5.746534170267839e-05,0.00013141738053659897,2.3524821,2.5781333,28710,60944,29745,62070,8.60628158372023e-09,6.416845087603502e-09
267,271,1.6325884391444978,0.9648622766039139,2.1083370651970146,1.3428003465407659,150245321.41618013,7436676673.02816,111808240.22031057,51422132.98909882,100069789.96900408,46023459.790064305,4.0179272548409816e-07,4.265471264099407e-06,4.2002041435433785e-07,4.4589782097348104e-06,2.1938345,2.8191371,1333,11316,1362,11252,4.117261005543891e-09,4.138177592955996e-09
268,272,0.33088089820522215,0.47313114957594304,1.1466395001338343,0.968143583740347,149743590.7722465,2165436659.4407396,18952058.70004426,29734544.831291284,18188354.200303223,28536342.24840483,1.957649845294868e-05,4.318795758457018e-05,1.9901243353642526e-05,4.390438136335167e-05,2.6143489,2.3826952,15566,39623,16215,39250,7.237634038572172e-09,5.619624119235883e-09
269,273,0.36048917288622034,0.44997354787861216,1.1960251024645272,0.9247589623373086,148613530.37240356,1842911747.4102588,26828947.35403871,22303543.712446764,25848815.141344797,21488736.431291725,1.5008024644026987e-05,6.382092461306391e-05,1.5233115367203991e-05,6.477811241197234e-05,1.9968569,2.998275,13636,39593,13851,39228,7.016133948252118e-09,5.841725132792021e-09
270,274,0.7714373193466022,0.6190729657276881,1.4717055181889813,1.063034322648968,149416812.2798414,3983779625.4820757,45951407.42859279,39825476.027992845,42356057.81731227,36709434.15313158,2.6370153662123714e-06,1.3586164211643718e-05,2.7243692805084168e-06,1.4036220225485066e-05,2.508426,2.3226316,4040,23192,4188,23303,5.122377844095938e-09,4.991419794982413e-09
271,275,0.4512279682098541,0.42552943864622916,1.2370108369407435,0.8992362125562059,148192488.58185863,1930919750.6818209,30051264.627437416,25298648.553119205,28089889.92551674,23647465.819878556,1.19248148299635e-05,5.725292396266793e-05,1.2251146414395306e-05,5.881969356508936e-05,2.2251508,2.4926338,9879,43439,10348,44351,6.352559958041738e-09,6.004588952345292e-09
272,276,1.2116769927708468,0.6485684346008125,1.7545161813469257,1.0502831363760508,148571501.87669775,4206481519.151829,82057543.81445153,39523819.10170594,74286835.49476574,35780981.38511696,1.5312317581033247e-06,1.4609474504951904e-05,1.5933955129160641e-06,1.5202578577057698e-05,2.1938345,2.4379928,2791,24705,2936,25207,4.419908890041812e-09,4.904159779497369e-09
273,277,1.339217187453886,1.041949011300866,1.8810995715965482,1.413252477104439,149956945.32897753,8329286932.826633,82173369.18996786,57586815.655663475,74439100.3616843,52166666.55339099,6.308369776879393e-07,3.917123367297389e-06,6.562799458738944e-07,4.075109104880308e-06,2.4439173,2.7132511,2171,12136,2150,12025,4.371629561806847e-09,4.094009216924953e-09
274,278,0.795419996800009,0.5873019835317778,1.4676913931474003,1.0631484018368338,149790140.1279693,4048663170.3481812,57228306.81784383,39253739.56490775,50711947.48537351,34784072.60512291,2.1510229926711967e-06,1.7535161308292926e-05,2.2575911597013835e-06,1.840390608952971e-05,2.081943,2.2411125,4152,31309,4183,31678,5.0880677454369656e-09,5.083857427975e-09
275,279,0.24661541353648392,0.3154747898435296,1.110717155831626,0.8314567231010034,148865819.17424458,1163359890.3830628,18434715.76378895,20168325.000996187,17645217.33492745,19304581.772997435,4.9941393325387304e-05,0.00016041965789911252,5.082348343472473e-05,0.00016325307090892072,1.9914929,2.3285728,28352,79417,29174,80146,8.391473164548029e-09,6.92866424625717e-09
276,280,0.4783951847757154,0.6696286313404631,1.0725987181226304,1.1276481837250882,115082808.05119774,6378427913.771179,22943065.597783785,24078648.216111198,23702767.46267551,24875952.04091561,4.520934475177089e-06,1.1831573664580465e-05,4.462406905208514e-06,1.1678403283701419e-05,2.3996384,3.2004597,10859,23036,12017,23580,9.035709179924425e-09,6.781383569436516e-09
277,281,0.4121871257127262,0.6102295083734341,1.0347331473437429,1.1034868745782098,113627236.64228852,4294073394.562608,16185417.96326887,17498562.09632375,17807133.087573417,19251849.090183947,1.0332623896015036e-05,2.6268197231661314e-05,9.945407608953174e-06,2.5283793473021132e-05,2.8936963,3.9625366,14077,27334,15333,28466,9.949043000979222e-09,7.330978790620898e-09
278,282,0.236914770610274,0.38364263758195716,0.9367895365494838,0.947539013143273,117588218.76742779,2439230070.758788,11341218.233744273,14998943.998220347,12360704.639817547,16347231.210095257,3.454222099176146e-05,7.34201448316393e-05,3.33731230471495e-05,7.09352050115781e-05,2.4563839,3.0076687,32458,58249,34301,59544,1.17397379991761e-08,8.400608076081953e-09
279,283,0.31337460939010336,0.4459073710815396,0.9730520452218815,0.9831088602634521,111836570.86022241,2766155833.47209,11556286.41087193,12011818.582133487,12936146.444699686,13446070.711734781,2.4640664109637455e-05,6.697782613998538e-05,2.355362509340184e-05,6.402305552532759e-05,3.0326993,4.1516404,21405,45099,22475,44626,1.0992143956030382e-08,8.248321838025553e-09
280,284,0.40998506419101144,0.563981351177862,1.0171221256237974,1.0463292591905726,113516984.35986578,5248657572.336078,20691775.38213524,22247589.871994603,21361789.887035992,22967982.764244396,7.692571342166937e-06,1.862198610310514e-05,7.595136425424064e-06,1.838611807083911e-05,2.2492158,2.8776808,15385,31022,17951,33965,9.578352788152346e-09,7.218693230106312e-09
281,285,0.46267929929299834,0.6759368128536378,1.067466785016321,1.1457772785116334,115551921.73495518,4655741935.214194,19730112.22045051,17385254.52919898,20630361.910201583,18178512.561453473,7.956229486825244e-06,2.5869851390347484e-05,7.815493113888292e-06,2.5412244045169174e-05,2.7097404,4.4926462,12634,26004,13670,26809,9.266618216003818e-09,6.85409486986513e-09
282,286,0.3057923751868243,0.47869509595683984,0.9645007225640123,1.0025876918800811,120562313.61120486,2671429447.5120115,10826773.97082143,15253842.524049185,11616430.699275076,16366389.93811272,3.292964903008335e-05,5.750642948024524e-05,3.2015305301942104e-05,5.590967261608847e-05,3.4051728,3.7834787,23685,39783,25834,40604,1.0234637492971133e-08,7.419328186027929e-09
283,287,2.901253168174021,1.2764389727579233,3.18122279577526,1.6091145678704317,125326545.32723793,15766136477.95776,131746216.08377129,42858821.438186415,110786149.93438877,36040229.15423225,2.1163698439785505e-07,2.3084834989462477e-06,2.2682589696175635e-07,2.4741603730543576e-06,2.7598822,3.7325265,1212,9974,1209,9751,5.211362951335734e-09,4.715921006841093e-09
284,288,0.3263836521108708,0.539743705432649,0.9819347519243949,1.0523491689029711,114888315.04440252,4426321750.2822695,15320051.63589367,19676989.84970862,16945337.900390025,21764498.56635271,1.17644226273608e-05,2.53311870881844e-05,1.1299380046803249e-05,2.4329856127438552e-05,2.4476202,3.1514091,20893,36374,21275,35579,1.0664966875827866e-08,7.560133104480204e-09
285,289,0.29143531676660134,0.38981071996446426,0.9580180467360964,0.9488581666156581,120254871.44547921,2836893110.558209,16461160.342255274,17512108.529287327,17330331.51704289,18436771.16709282,1.9757992368373342e-05,5.4682827991067856e-05,1.935549324965372e-05,5.356885903788956e-05,2.1290429,2.6768129,23586,55827,26327,57953,1.0443587578359933e-08,8.082089746779616e-09
286,290,0.16830875363581965,0.31912995152139195,0.9009205486241041,0.9075563652287892,117424615.30910602,1313575499.5810692,6454149.913910627,9527307.71300223,7073061.626870766,10440915.611053016,0.0001622929081758829,0.00025466583882059876,0.0001564559864937732,0.00024550669210857075,3.0621524,3.933295,65653,84016,69619,85049,1.3684692055580883e-08,9.102234798350868e-09
287,291,0.23163398938153107,0.4051687035827225,0.917268816947263,0.9321447459364636,102404367.80808383,3302421322.155829,7821951.996007594,11393847.983975312,8638196.59951544,12582830.85357813,3.9763178933655075e-05,6.387633745844808e-05,3.821535712141751e-05,6.138988665005077e-05,3.0325336,3.6415305,48008,68529,43302,57928,1.3317016386299045e-08,9.211288711608044e-09
288,292,0.17918517602319256,0.3251176403301622,0.8923483367761781,0.8858581631120238,105489483.72692524,1696012415.4265783,6370896.269316004,8344083.508768395,7154666.505206404,9370602.231330918,9.000508834518513e-05,0.00019310888589634762,8.592341271630075e-05,0.0001843515161989676,2.9669533,4.1102767,49080,79287,51450,79682,1.434571902999568e-08,9.700147668864566e-09
289,293,0.3389845534130226,0.38358599895691103,0.9829396262351472,0.922022187911815,112816903.3778943,2914297385.8139877,11924340.382792309,9164403.783040736,11693468.945073852,8986968.46927895,1.9697659269823058e-05,6.935424500023923e-05,1.9852308706797337e-05,6.989875614210343e-05,3.2071533,4.7220731,17215,43857,17899,42803,1.0318036740482497e-08,8.528364124120288e-09
290,294,0.3894855451507925,0.6489751626981777,1.0006434190340938,1.102440952555351,108341005.00838836,4155275548.7364616,13544869.833480312,13731763.311607793,14739314.690161688,14942689.238719605,1.0950673652060594e-05,3.0576767875197814e-05,1.0586681664057194e-05,2.9560419577436476e-05,3.1153681,5.1202908,13285,23882,14606,24814,1.0068521872218494e-08,7.07370966887886e-09
291,295,0.5202741118153044,0.641696785648784,1.1050270811344305,1.1229785534223438,113915057.66260554,6185579726.920425,24061734.690747816,22235213.978170253,25199444.578182247,23286560.57131143,4.750577983194109e-06,1.5260467804704177e-05,4.663595104817478e-06,1.4981049296109445e-05,2.4631248,3.2875297,11431,29131,11930,28713,9.145850864749407e-09,7.120487800172079e-09
292,296,0.5274935217224418,0.7306468015155239,1.0996204696817062,1.1826193874461297,119428966.56155598,4231911670.7434587,24767907.98722962,16247348.632405283,25810874.4438997,16931517.825950425,7.060977415804723e-06,2.7318786474409e-05,6.945435226002546e-06,2.6871755953545683e-05,2.5435336,5.3707466,10832,21338,11748,21526,8.606290887266073e-09,6.4648707176498386e-09
293,297,0.29653800267000147,0.4859432187510607,0.9671894476100098,1.018517222593171,116481448.1597943,3203005840.663809,15485308.459807947,14852948.386257702,16721037.00244989,16038214.557152813,1.7492206039183654e-05,4.819142842724573e-05,1.696317901674968e-05,4.6733946859134984e-05,2.2305772,3.8109181,23760,40295,25118,40504,1.0984454457433225e-08,7.816144274146463e-09
294,298,0.3806865100492673,0.5322578966137533,1.0143153785037122,1.0468312703125815,117720123.83230788,3014905186.5859585,15275902.015679287,13781800.05157821,16392044.795804376,14788775.39148992,1.838004800981826e-05,5.3872292542613e-05,1.7868830703462285e-05,5.2373904275828054e-05,2.9336705,4.546392,18009,35478,18889,35725,9.902532055126966e-09,7.451340582329694e-09
295,299,0.35999693711869923,0.4539413166580359,0.9965585639042377,0.9612009481224318,119971510.5536021,2976014535.704709,20435558.75513828,14085653.474349365,20723866.981523093,14284376.191908512,1.2498081696631391e-05,5.441960897091184e-05,1.2428240465014574e-05,5.4115503700447935e-05,2.1134424,3.8663471,16544,41574,17599,41888,9.359264711935041e-09,7.382828539037859e-09
296,300,0.09018940007385885,0.1561574760484208,0.8617260518051575,0.7981271836082809,105067152.57525018,1035747346.741807,3083654.6739890804,4573827.892755014,3367150.091162892,4994322.203442668,0.0003118419478427256,0.0005701155196992263,0.00030106192844025077,0.0005504072783720868,3.0729587,3.5871532,104857,173169,105107,164614,2.056107026558746e-08,1.4172206706010183e-08
297,301,0.29423769852801873,0.3428855324229589,0.9734927448280621,0.8806812278086039,124326244.88549301,2077746854.215865,12966362.947087921,14575277.864693139,12957973.408718178,14565847.320955122,3.3022800030128953e-05,9.385816066683325e-05,3.3031350510867804e-05,9.388246303956462e-05,2.821259,2.924793,22387,64991,24320,66676,9.617806149880938e-09,7.970479136230286e-09
298,302,0.3401973120069962,0.4931991059343297,0.9880634600783091,1.002514502737521,118311169.62265992,3830847932.235543,20548859.688083965,16859452.527264103,20960425.861145858,17197124.80990607,9.58274473802393e-06,3.3242865708763374e-05,9.5070323025608e-06,3.298021670856646e-05,1.9587044,3.4610236,17726,36624,18742,36795,9.886494289011642e-09,7.3719422824839406e-09
299,303,0.20297648107460275,0.30654437236878623,0.9144058536126433,0.8835698959711166,111412499.59887135,1792799164.6985571,8569644.892604684,8494282.01715966,9141663.941949164,9061270.63631617,6.755833401716526e-05,0.00017760298462295255,6.583456358147704e-05,0.0001730713930933975,2.6388628,4.02069,48818,85976,45898,79192,1.3049067243135447e-08,9.632250770482222e-09
300,304,0.6688318570559253,0.8072865983339514,1.1881958294975203,1.2191794126363409,155680256.12461516,5155437282.321612,40926586.31756345,43176509.15661115,39417738.319932975,41584712.83917264,2.7142018870024297e-06,7.640296892499912e-06,2.755292283713931e-06,7.755963612728003e-06,2.5441632,2.9108093,5058,13115,5500,13532,5.25688092622595e-09,4.166116604789665e-09
301,305,0.6571463731529488,0.7131742087652337,1.189496254004322,1.1579847205574352,153376174.57292977,4988064367.818414,45892118.25802688,42703648.90870394,43791567.65008656,40749039.29203498,2.736031623378767e-06,9.398937794302079e-06,2.7877906513484913e-06,9.576742714400267e-06,2.1962507,2.5614657,5716,17703,6214,18303,5.469610917566082e-09,4.555198789054317e-09
302,306,0.7223143939018017,0.8001563333630629,1.2266133707840972,1.2133199376277406,154659579.2403415,5340997493.615079,36871399.30122536,44644019.24409105,34241751.30240635,41460032.24903931,2.7291440334928764e-06,7.671315202091134e-06,2.8111234440261733e-06,7.901750052932506e-06,3.0297966,2.7719691,4499,14376,4811,14781,5.18810864810273e-09,4.24738171430899e-09
303,307,0.6558901185748253,0.592684668249683,1.1744668930047562,1.052053905979074,153305814.17165673,4544970070.542889,24462998.251846764,46084314.790956214,23275841.339389537,43847904.01674507,5.353001215141977e-06,9.566781039573777e-06,5.4605836000490835e-06,9.759050213212314e-06,4.1103616,1.9716471,5571,21835,5919,22053,5.461037466761527e-09,4.944202248399754e-09
304,308,0.3804044641374983,0.5379497684124841,0.9489036983964368,0.9695573626146293,155734773.66872838,2796980368.9985723,29957138.271792866,32120303.243804432,28901026.956347242,30987931.539820023,8.770073159570511e-06,2.394432215681889e-05,8.896886205473194e-06,2.4290551015978145e-05,1.9775655,2.6082408,11536,24992,12404,25677,6.704898562839664e-09,5.0404219125324e-09
305,309,0.48012618654320366,0.4627459789032916,1.0027103420315298,0.9050360596595399,153960803.89578065,2586714888.523782,32669769.643621907,27867525.925259657,29542562.220086683,25199997.659842394,9.377038817696123e-06,3.720799096564798e-05,9.762136573363554e-06,3.873605479180216e-05,2.262661,2.5565507,10047,36963,10720,37647,6.061650206375647e-09,5.494496794020443e-09
306,310,0.6485673417305448,0.7797908018259625,1.1476712678642809,1.1673943866604113,155919344.31646037,5516048192.895657,37953746.86602625,46696835.23805772,36640601.03548459,45081190.94584066,2.72621041414539e-06,6.80892310293317e-06,2.764879443237772e-06,6.9055020185550045e-06,2.6644061,2.6036983,5280,14028,5644,14425,5.285253691592189e-09,4.196843575336996e-09
307,311,0.6421643975256438,0.7931359528514542,1.1277621781972982,1.1687415901153346,155455129.28904065,5725028294.741462,37467167.42698039,47354584.85889447,36452488.83678327,46072137.13989791,2.3521121182525285e-06,5.48161056928317e-06,2.3780856353332425e-06,5.542141997460529e-06,2.6644061,2.6036983,4750,11959,5054,12053,5.346118449953996e-09,4.200907052522866e-09
308,312,1.4614329374584303,1.1522857928266368,1.7197172068533044,1.3764006798243136,158550672.54508898,11545724721.317852,86965412.33469594,70167763.83685249,74961098.44872819,60482121.70441151,3.893088739939184e-07,1.756737688328055e-06,4.1314124189098417e-07,1.8642801094841912e-06,2.6644061,2.6036983,1425,7400,1687,7790,3.5149932521003393e-09,3.2444472216979143e-09
309,313,0.6513748736004675,0.9549242116594884,1.1458395512089319,1.3132893415557256,155339193.9182863,8055257420.983762,43386085.38257949,62659185.870433375,42124668.357762925,60837418.289395824,1.513912589910835e-06,2.7037940492459286e-06,1.5318857962908131e-06,2.7358935566943183e-06,2.3321774,2.3673649,4880,9024,5229,9200,5.357979397008312e-09,3.902341484203301e-09
310,314,0.5389816810642026,0.8143340716751934,1.1300602595212346,1.2362867616437678,156814762.79716712,4296935471.932897,30161531.539785013,39207039.10298584,28744991.151883688,37365675.23503546,4.8428796081127125e-06,9.365793400080287e-06,4.936966237559318e-06,9.547750418303628e-06,2.8022544,3.2570581,6740,11951,7426,12356,5.598527633986808e-09,4.015831319976631e-09
311,315,0.6025722496694769,0.8643931197434849,1.1536713704013548,1.2916575405775068,151792341.3108897,7171544332.592361,35170277.34418869,63120761.305332094,33409843.10889266,59961276.71917439,2.7484156541740454e-06,3.6947429678402182e-06,2.805452734538368e-06,3.7714189070352854e-06,2.6006577,2.0786862,7183,12506,7579,12747,5.795561258544816e-09,4.260938223978793e-09
312,316,0.49876452342627564,0.5692022102388554,1.0219592156602393,0.9889260286167398,154630138.83283064,3025346204.9176383,26407718.64370288,31191110.08745063,24240676.95353018,28631538.89410979,9.161149043685906e-06,2.329114003391169e-05,9.480350737502891e-06,2.4102672660910842e-05,2.9205108,2.8218238,8787,24571,9490,24971,5.959628853404362e-09,4.938117650185975e-09
313,317,0.5604397848300603,0.6685263013273768,1.0271671898098247,1.0269961290642453,155634979.36216933,3776360580.3070617,36521839.00172998,28982743.157851923,33051058.528571445,26228425.693003654,4.760906882291973e-06,1.446482774893239e-05,4.954919384997516e-06,1.5054286333643026e-05,2.3882706,3.589932,6861,14899,7528,15216,5.5560819976112975e-09,4.480864312949037e-09
314,318,0.8093524976965402,0.9327103689747744,1.2955688079246064,1.3297227048639555,152615923.91249368,8707178460.620241,41834322.50856546,67910481.83429185,40271998.731693916,65374330.79594781,1.8012974820413593e-06,2.494938252690015e-06,1.8289307599805154e-06,2.533212509366088e-06,2.9526014,2.0960896,5294,10344,5312,10364,5.154215110122394e-09,4.098531996099201e-09
315,319,0.5394364072437932,0.657935910622168,1.0748937350573755,1.0830283913791339,154899565.75505835,6103082384.097979,48556210.82274384,54589753.16339166,43299566.86380595,48679924.30063697,2.152808874370435e-06,5.6511178942077195e-06,2.253771950632415e-06,5.916145716097011e-06,1.7208605,1.8669069,7276,18313,7635,18474,5.802424574644343e-09,4.627873967687768e-09
316,320,0.5726623616896198,0.7131315533310919,1.1205129546287647,1.1482369364414589,154363130.21425316,4685985924.033241,33177357.875849526,42278791.98858791,31388283.338790786,39998926.591004655,4.1654924716034064e-06,8.841265855519481e-06,4.258886313114827e-06,9.039494465389679e-06,2.6644061,2.6036983,6712,15448,7326,15912,5.689814154356794e-09,4.4841264198255866e-09
317,321,0.8038104549171425,0.942016445407164,1.284829714894342,1.318171081301478,155882407.05260465,4670541493.785904,31742662.962221727,31975743.78718503,29262073.285645526,29476939.574263845,3.5040432587472913e-06,9.893546761222323e-06,3.619968277565171e-06,1.0220857102385261e-05,3.947366,4.5923495,3819,9719,4146,10062,4.870520108127598e-09,3.860808062979053e-09
318,322,0.5440155870106972,0.6883301523232755,1.0992180758006045,1.1357263639402821,152309121.54584083,4520491636.654934,31098313.490891736,40265402.80564492,27093152.33634699,35079609.459118284,4.842561888644194e-06,1.1180861610220946e-05,5.117125861823445e-06,1.1814795023538482e-05,2.6644061,2.6036983,7612,18979,8216,19412,5.978627526849005e-09,4.665076359273504e-09
319,323,0.7451686153329304,0.9993253904201578,1.2694205019676903,1.4102111991534927,152694072.88892078,7914310806.601717,42704762.93541839,58605508.94263164,40098866.67073214,55029329.9324684,1.743545272494177e-06,3.2138652769970786e-06,1.7880140022780365e-06,3.2958341875950045e-06,2.6644061,2.6036983,4785,9568,5179,9769,5.293283199632456e-09,4.009312033269071e-09
320,324,1.044215176064391,1.1587851398177371,1.5080397641528247,1.5450469648064789,153252325.44642892,10786497127.95177,60061566.44001083,68205489.61829929,55279755.62157883,62775299.10771732,1.000897083560441e-06,1.957390732528678e-06,1.0346694826928216e-06,2.0234372643477405e-06,2.6644061,2.6036983,3625,7791,4052,8109,4.626187015218507e-09,3.679560519843022e-09
321,325,0.5621994982994554,0.9139710181249409,1.1024305339963876,1.279082466655014,156849146.0196949,6275743330.165583,30686071.649498496,50737550.07139544,28483654.59536311,47095987.64402896,2.4575238400154705e-06,3.9321774156032765e-06,2.5318383458199805e-06,4.051084836405499e-06,2.8736331,2.8254335,5151,8685,5367,8734,5.494510748867351e-09,3.802528021865434e-09
322,326,0.7669250889865306,0.8759442941535097,1.1723997833013855,1.1833721191372197,156547416.70199913,7191439816.888779,45060751.61920406,52666169.66512134,40167333.01294975,46946832.87426283,1.8413695524367064e-06,4.625979501486317e-06,1.9280182104018098e-06,4.843662538032369e-06,2.6644061,2.6036983,4961,12911,4970,12777,4.8196697222205355e-09,3.886287978696802e-09
323,327,2.744450829497996,3.2991342262855823,3.0586914035460766,3.5146425583171754,156659362.88038543,51775180217.084854,161365761.17495805,198502363.3294121,141367985.65277296,173902313.89153394,3.859580143654616e-08,7.427617582354648e-08,4.069342009786376e-08,7.831296445598175e-08,2.6644061,2.6036983,701,1500,750,1477,3.3820570035757356e-09,2.4272089742363676e-09
324,328,1.0374570308908662,1.1725207659798846,1.4346715748698504,1.4821956223389927,155472212.46163157,11276588124.391224,60537220.63107355,70013640.84467836,58059540.41338406,67148107.68869738,7.726280192990872e-07,1.7968183236890069e-06,7.856516146748881e-07,1.82710590610516e-06,2.6644061,2.6036983,3042,7529,3270,7782,4.4818246691902754e-09,3.5459426906794818e-09
325,329,1.0169253341209012,0.8810332918083889,1.472000752010928,1.2940787606023783,153495582.85886616,8050664267.012527,64875785.533329874,55507936.600349315,57923286.376447335,49559355.334755965,1.0310736753751505e-06,3.7304291696099448e-06,1.0789006952343861e-06,3.903467541396026e-06,2.4060371,2.4363132,3242,12080,3450,12327,4.703585472481062e-09,4.1455479391574805e-09
326,330,0.45823565419617557,0.47203617682722276,1.056398035095708,0.9943328165567688,152494495.68249813,3057240759.71621,27204488.527229883,34462968.14050374,26459443.855617765,33519136.72991427,1.0062847450181103e-05,2.4174991640455764e-05,1.0175243954604029e-05,2.4445013080042607e-05,2.5686355,2.0887034,11205,34717,11977,35385,6.391563706168128e-09,5.572249790126839e-09
327,331,0.5067390528800728,0.5364327541082474,1.1039985724475299,1.0604386688149947,152569853.90191215,3810494657.407855,37685369.5115449,37971748.21292158,36989360.690396264,37270450.28077495,5.079732878871796e-06,1.5703934007981754e-05,5.117752231452153e-06,1.5821470386012862e-05,2.0515416,2.1553779,8622,26943,9435,27763,6.105870977556107e-09,5.225722561480857e-09
328,332,0.18099768562492405,0.45311127490977393,0.8972736620165862,0.9804406655918705,152013895.05059025,1155578453.6719966,8722912.002016248,23905572.52659205,9039341.904723825,24772764.352786094,0.00014560656615890784,0.00010338826346913847,0.00014354591274839148,0.0001019250919697671,3.1542406,2.8813035,50569,40448,53344,41465,1.0067503581587072e-08,5.691948843046476e-09
329,333,0.7074320051536092,0.7219104464561618,1.2520940842809223,1.152803829383066,143205104.866428,6216770023.257276,38329951.37237613,40714726.204062685,35908232.86937033,38142335.625340134,2.0385846277227686e-06,6.90300053900257e-06,2.092504685562777e-06,7.085583191334454e-06,2.6430473,2.5391614,4594,16850,4795,16901,5.708057774379302e-09,4.947592087548749e-09
330,334,1.1641481105543288,0.8444321958697215,1.5852477315105313,1.211202079868408,139349749.76837817,8659387221.634214,65764583.755751215,43212958.954355106,61073060.01300392,40130226.40515089,6.637294925027413e-07,4.4641193974352234e-06,6.836724411168899e-07,4.598251908881679e-06,2.4667342,2.7230585,2142,14000,2330,14196,4.931862191846713e-09,4.6623431926505615e-09
331,335,0.26212932905755926,0.5446489449267652,0.9770416394588832,1.0458609963865684,143021575.70146963,2047950473.219582,14786247.164635489,23361625.33682235,15880646.645858096,25090728.764112823,3.161372166814026e-05,5.436897660945609e-05,3.0723560009476485e-05,5.2838085090053e-05,2.5354743,3.3343806,24052,31672,25535,33393,8.67385704604076e-09,5.626244123885215e-09
332,336,0.6176466287912762,0.6106293109927848,1.1535779876867662,1.0302590313294733,141098622.8535297,4873061044.382832,23333222.417727396,36851566.39238448,22357455.846441004,35310479.35599167,4.604091113687557e-06,1.1978200657692062e-05,4.6834387538478344e-06,1.2184634877190581e-05,3.7349787,2.3379998,5710,24944,6007,24966,5.98927920639265e-09,5.3096447777481535e-09
333,337,0.44004402964816813,0.43595470419844645,1.0616890338670795,0.9344807413925535,142172505.62619454,2350287410.261358,28785070.138605032,20588763.06539528,26929965.068825457,19261883.5907512,9.431506665618823e-06,5.437814285478722e-05,9.686205457564443e-06,5.5846630105487996e-05,2.173424,3.0104175,9728,42208,10199,42454,6.834791028677277e-09,6.189407232956276e-09
334,338,0.742927564732557,0.6172314342116014,1.2623565140189554,1.0619349773158686,143486356.11637393,5980209673.178706,55725798.21446656,40790814.0438449,54815156.877480544,40124232.26973239,1.4186589227047119e-06,7.867536565652123e-06,1.4280395928896518e-06,7.919559475816908e-06,1.9129375,2.1711822,4372,21882,4435,21670,5.62251388024657e-09,5.2748363238793676e-09
335,339,0.7797686816674118,0.6759502577651759,1.2754622671572762,1.0831439022278297,141763616.1233523,5170181648.383485,44813433.102322675,34172618.9551349,43400313.18091796,33095040.08493737,2.1183588107439823e-06,1.318283901145142e-05,2.14568351431919e-06,1.3352884410012151e-05,2.4667342,2.8041501,4283,24999,4440,24306,5.512625028053411e-09,5.073263165753362e-09
336,340,1.7688961727371992,1.4092764065184842,2.1426548179275082,1.7365935754381212,142719044.78768206,16599724676.56369,177203928.87114722,67677521.52468544,164289000.95697936,62745067.04995189,1.0976922186984134e-07,1.0521761946726216e-06,1.1314269749449236e-07,1.0845121326077103e-06,1.424659,2.9718964,1209,5887,1279,5877,4.525955726644934e-09,3.96317782047395e-09
337,341,1.5316501836849894,1.840163773587122,1.9335067134676027,2.1290512004409257,142800291.45861152,22069678867.61015,88667880.24540803,96500285.68971963,84630805.66792503,92106599.39655949,1.8732699030195193e-07,5.414116249573637e-07,1.9085146406430868e-07,5.51598043175696e-07,2.4667342,2.7230585,1548,4339,1676,4388,4.7289789497672574e-09,3.730773398487706e-09
338,342,0.9279259791690118,0.6345351281058642,1.3940541586519164,1.0488217938760585,138702503.31314147,7111852309.124823,72357873.73675276,39044736.26316029,68755922.74860595,37101102.22442833,8.163553770866279e-07,6.027493529934556e-06,8.332005160644997e-07,6.1518682435088335e-06,1.7787374,2.2541223,3205,19177,3264,19017,5.300363116162429e-09,5.278725008312769e-09
339,343,0.6922239665433425,1.0038539000461484,1.2359085000962855,1.3852451566348116,143099508.25213474,8785458896.05328,40157107.00110879,52753548.795808636,40572303.80621926,53298984.126039326,1.1806574287951794e-06,2.8636338498836937e-06,1.1758096053288106e-06,2.851875662421374e-06,2.4667342,2.7230585,4198,9502,4205,9239,5.867129513935215e-09,4.461950158487689e-09
340,344,0.6288392800636425,0.663283303198202,1.182434352337461,1.1041272057223472,142895627.9500607,5743499397.586619,31307199.354932677,40228916.24409633,31064636.69527579,39917229.695304334,2.574123351682136e-06,7.637234388294975e-06,2.5821444291591663e-06,7.661032334379696e-06,2.8702147,2.3560238,4955,18583,5151,18618,5.9973385691916766e-09,5.151331406605571e-09
341,345,0.48933741120029856,0.674510337041687,1.134899754330949,1.1473763152622227,146323591.71697685,4187084118.2382326,31125119.810900405,36918566.9375569,30944683.969735317,36704545.827904664,5.269433719827801e-06,1.3652590937832099e-05,5.281702536769099e-06,1.3684378250833194e-05,2.3004444,2.6733642,9174,21143,9591,21383,6.7067973001432735e-09,5.211431690884081e-09
342,346,1.2977936227452536,0.9554604181824491,1.744934408302225,1.346695877962715,146101831.93321195,9150668605.331234,78335479.63167138,53875564.10862257,77095513.8503311,53022772.292459525,5.946292517281078e-07,3.7135732831808674e-06,5.984364383392311e-07,3.7373498909445503e-06,2.4204872,2.5910544,2118,12866,2248,13115,4.854730492538139e-09,4.460205713078532e-09
343,348,0.5728315902845096,0.7032137300673056,1.1795456944180132,1.1531634246384974,146544087.14968884,4473574213.617011,41022284.634193696,35714373.544644445,41234657.74859048,35899267.5066956,3.197864606169859e-06,1.2609054013142863e-05,3.1912663440346044e-06,1.2583037325789753e-05,2.0463288,2.8854437,6686,19407,6991,19549,6.251020876987405e-09,5.063707820049806e-09
344,349,1.254897322207754,1.6547043031755488,1.7484394377370296,2.0212755625769256,145382936.71495205,15901335102.603687,75373527.2709943,92844739.57417862,73668195.28469092,90744120.03455433,3.638036913675739e-07,1.0552364431117796e-06,3.671492326767269e-07,1.064940404877762e-06,2.4204872,2.5910544,2286,6375,2390,6476,5.216707512692143e-09,4.034809670942327e-09
345,351,0.48038921588490646,0.5130115687443332,1.1122466070069128,1.007807711900517,146940184.5021843,3261890888.644241,29834059.638630204,32796309.022880282,29499859.829618555,32428926.228031218,6.495575533278011e-06,2.2705226227963385e-05,6.5249110825503285e-06,2.2807768378283577e-05,2.3660367,2.2984908,8182,31425,8955,32222,6.630924468129766e-09,5.735987903935734e-09
346,352,0.5755328556871875,0.5820086311771032,1.192290653379348,1.0783818263847147,146142491.15580413,3130192192.8486695,23845832.59929887,29293525.429217573,23362104.817330036,28699287.755908582,9.083475599951638e-06,2.7484949127262525e-05,9.158245115542143e-06,2.7711188115815107e-05,3.5272329,2.9035833,7588,29206,8061,29630,6.3352750624815766e-09,5.520301943909106e-09
347,353,1.3903701475733015,1.265275544871949,1.8446967337042839,1.6438017044984838,144710594.05077076,13157842473.465757,83124294.15275992,70665739.683556,82262086.4722406,69932758.50006744,3.61109078724856e-07,1.5676874168388471e-06,3.626182913781723e-07,1.5742393808445505e-06,2.4204872,2.5910544,1925,8099,1963,7961,4.901947712686503e-09,4.171612686593437e-09
348,354,0.4348064204768368,0.5144052277820622,1.1351481659838556,1.0881710588172528,145268952.0772016,2806144615.848688,36007220.30422136,24887145.39455574,35810091.585929036,24750895.747064665,6.895789438972883e-06,3.43370325776523e-05,6.910948515395176e-06,3.4412515987574535e-05,1.7542002,3.0026388,10606,32288,11031,32090,7.024779702678888e-09,5.818315046358675e-09
349,355,0.7345481572432427,1.2861415572952435,1.3664939167542234,1.7408766405085951,145211843.2148099,7013306119.771273,50813170.49345507,43099073.40781651,54848188.69345573,46521523.60950396,1.495359630921405e-06,5.158014050009809e-06,1.4503447712906219e-06,5.002742185213158e-06,2.0991623,4.3333411,4885,8377,4996,8348,6.112376513843472e-09,4.385888824298028e-09
350,356,0.5280032426649823,0.997268520390816,1.230408650944239,1.510583925333403,145133159.7228957,7891910457.754653,32211237.55632548,64125949.619141646,32964971.134329703,65626478.1649585,2.097481334767903e-06,3.3192913069433077e-06,2.0781648225143713e-06,3.2887226767768296e-06,2.3790076,2.2570696,6956,11912,6958,11606,6.696497167191388e-09,4.66618622938813e-09
351,357,0.8418696951063491,0.6805417343255294,1.3411495636799966,1.0987545642558576,148360988.8126232,5065513592.476118,51601438.09781748,38967087.92867995,48386797.27153365,36539535.589935645,1.7866306102193464e-06,9.748844792944423e-06,1.8331953280036637e-06,1.0002927648074077e-05,2.4204872,2.5910544,3630,18905,3739,19059,5.187230139058505e-09,4.906617691786252e-09
352,358,1.2474044984339838,1.0481199434864503,1.6874650147894708,1.4094334472938708,141610920.2547534,11441696786.702877,72979563.35119456,57283718.06260662,66067694.12509008,51858396.919913106,4.2711878735324045e-07,2.262080780857536e-06,4.444608569528945e-07,2.353926804734794e-06,2.4204872,2.5910544,1961,10101,2019,9989,4.895952932184043e-09,4.345593205921725e-09
353,359,1.8875709568479537,2.1626797696206452,2.3058253739395838,2.488121007082336,145075001.86236897,24335009602.071182,113133983.96821536,121089997.80376004,114881893.05988912,122960826.53839925,1.5228125913229958e-07,4.4399805155944544e-07,1.513502205338125e-07,4.412834737708827e-07,2.4204872,2.5910544,1490,4208,1531,4170,4.828597586131515e-09,3.814774960537856e-09
354,360,1.5450054160644948,0.9312482156422108,1.9380207341206728,1.303435898328364,147536043.821217,7746687368.486856,85060578.86100186,45431963.629285224,77916833.57410468,41616396.17845059,4.925992720350832e-07,4.337497098564758e-06,5.101907509625068e-07,4.492395802519255e-06,2.6797841,3.0241413,1359,10999,1424,11111,4.451487206069687e-09,4.365859425113844e-09
355,361,0.5205897590790954,0.669002550001313,1.1565437227343962,1.1408229010892896,146706259.48305833,4316617059.771238,31553059.35089456,37879120.44429493,30198240.351345353,36252674.28915566,5.066259422409587e-06,1.3628702601457477e-05,5.155981604969779e-06,1.3870063503241884e-05,2.4204872,2.5910544,8737,22336,9035,22705,6.442904772125128e-09,5.175986922566279e-09
356,362,0.2795399168738988,0.4999277938316529,1.0034699796623014,1.0103352819121219,146642775.90643147,2167162524.4979153,19436860.28576155,26244555.796227105,19777236.831693906,26704148.09251956,2.4861470796281214e-05,4.965951112080682e-05,2.4689427366829144e-05,4.931586320600144e-05,2.1090088,2.7933717,23465,37171,25547,38527,8.38088982319138e-09,5.845439865941301e-09
357,363,0.7282405672175455,0.673493091197098,1.2896248082231372,1.1291207135203134,146848548.80901372,4846229066.248156,35891043.10622477,39403037.81917399,33146772.721535973,36390236.284431815,3.6674563751605173e-06,1.1755923524949348e-05,3.7860198668847984e-06,1.2135975309887243e-05,2.9796033,2.5099964,5690,22426,5965,22698,5.679341822233244e-09,5.103746466732483e-09
358,364,0.48436271337392944,0.4290947118442163,1.139953670335085,0.9776308967390993,144416849.25614694,2655718691.244305,29786052.2357427,26040073.818693012,28704673.546057995,25094692.380344473,8.917156508660311e-06,3.970082098251154e-05,9.050040507306071e-06,4.029244498692954e-05,2.3484192,2.3797362,9656,44203,10084,44305,6.661096839633142e-09,6.277333587752792e-09
359,365,1.094363671312629,0.8565404867123915,1.5721980490461247,1.263945987262865,143387389.41751269,8489382682.799116,71051281.97479992,49217948.0873838,65939702.12628718,45677104.56371808,6.930408222874573e-07,4.046089214366118e-06,7.140502764252656e-07,4.168745951246543e-06,2.2085168,2.4953723,2591,13820,2664,13765,5.078796599555044e-09,4.676508735891978e-09
360,366,0.7941450837578033,1.152098182893432,1.399807331194675,1.6125262238928784,145320079.36722192,9570393894.98706,63181473.77568751,60302000.70216813,63593042.182090476,60694812.02562688,7.754480989948882e-07,2.680560138850449e-06,7.734367359393749e-07,2.673607281994711e-06,1.8265675,2.7764087,4208,9437,4063,9240,5.899931407157273e-09,4.4609440489457895e-09
361,367,0.8835247457660339,1.0718348925008951,1.4539124000901715,1.5235293471686708,145479580.84048343,8795626754.556183,53102866.92540134,60180168.695506684,53927795.61057198,61115040.01808653,1.2961548994896223e-06,3.4322028045087584e-06,1.2881873378408017e-06,3.4111047957391688e-06,2.4204872,2.5910544,4495,11571,4710,11651,5.83170206618999e-09,4.598495439225899e-09
362,368,0.8331491671058042,0.6791199201715301,1.4058987646225563,1.1851579767387692,145336786.32073486,6185681201.11075,63922611.62506762,45283377.04137615,62134344.40772979,44016551.788233876,1.3560131022746222e-06,7.477587902185174e-06,1.371491125617623e-06,7.5629397914148726e-06,1.8942784,2.1796322,4381,21429,4428,21221,5.644121178824125e-09,5.2060932974245496e-09
363,369,0.3146816174445517,0.5614206679362381,1.0324208331831546,1.0649128786026223,146286154.74116498,2785288151.942365,19303418.907865733,30719734.58266757,19686168.031836864,31328846.966140248,1.5330084760430758e-05,2.7526620178502266e-05,1.5210159742767488e-05,2.731128344274998e-05,2.3847363,2.6734629,16784,28249,17905,28678,8.002834988763029e-09,5.617074150332459e-09
364,370,0.1833439157006606,0.4355027197728715,1.0327162299726957,1.0841746372527328,145372451.22551697,1365515813.7035954,9073206.714280298,27687114.438071728,9702923.823764777,29608711.75453841,0.00011425508953722432,9.410812986827415e-05,0.00011122920379789817,9.161580808833026e-05,2.9375672,2.2866268,51019,53725,53111,56199,1.0467893429437914e-08,6.345349477496552e-09
365,371,0.8048624526215216,0.7249281354966184,1.357937431701183,1.1833675602377558,146434574.9942919,6134801269.693068,50525976.1808349,46795532.95818504,49120753.03818135,45494060.510620706,1.817134682368894e-06,7.028251028277759e-06,1.8377523903585208e-06,7.107995490141157e-06,2.3326554,2.268476,4569,19066,4779,19007,5.625469265299185e-09,5.0262361804683465e-09
366,372,0.9534290461803707,0.839747265859849,1.5086688425286217,1.322119165990157,144849017.65869987,8650177796.933308,73258748.42982672,55879971.78973075,72044979.88452893,54954138.991270214,7.90218519672897e-07,3.82193704348143e-06,7.955170860010438e-07,3.847563862421678e-06,1.8851436,2.1767471,3527,15253,3626,15188,5.442442954012641e-09,4.836230338678912e-09
367,373,0.8135991322946918,0.7109890114562061,1.3683619877842927,1.173398173624326,144635893.5645457,6102489282.916567,55310580.092990726,43170177.286116116,53526895.86241297,41778003.05241558,1.7299282106980693e-06,8.079351383905425e-06,1.7527603606048857e-06,8.185985266633273e-06,2.127543,2.3820734,4718,20405,4962,20698,5.574346193707046e-09,5.056548729945905e-09
368,374,0.3451215767171566,0.5560366309429517,1.066570500126819,1.0892960618902157,145798503.73374605,2735607428.2861295,18732942.9002385,28994758.085245073,18830318.18039151,29145475.0711749,1.5660255856023775e-05,3.020132482713763e-05,1.5627812558266093e-05,3.013875684721115e-05,2.6860814,2.7959988,15669,29787,15949,29549,7.730799619897453e-09,5.637590729342961e-09
369,375,1.7158856666192945,1.1986345856938059,2.09819497441419,1.5410060816632243,147726474.22372216,12765892586.590002,77332397.09159498,70800214.16673847,71085053.55172391,65080576.89657637,4.557559826338886e-07,1.6617192397720512e-06,4.7137402730375577e-07,1.7186637589982215e-06,3.2778208,2.500982,1719,8499,1775,8482,4.3979000669765705e-09,4.037735764885881e-09
370,376,0.691179876853433,0.6073954354600446,1.2478362355410662,1.0583193741244676,142353809.406981,5000295097.442032,42927841.07233914,36208677.285533674,40513771.450749286,34172463.35794157,2.6017638961058975e-06,1.1748571998291155e-05,2.662701189529086e-06,1.2023741540091186e-05,2.2920344,2.387965,5492,24533,5676,24601,5.8011172558216395e-09,5.34688481112016e-09
371,377,1.2405196405395453,0.8847475566445164,1.706980467218942,1.3069545592360177,146954310.1254097,7648607900.3717575,75315295.19036914,50179365.90672768,72610748.24673739,48377441.73776055,9.408389787179752e-07,4.615626354474793e-06,9.547028301417006e-07,4.6836404987155706e-06,2.4204872,2.5910544,2947,13605,2973,13625,4.97154774109111e-09,4.660741647686279e-09
372,378,0.7951890918218575,0.8931025894976048,1.3951184138737058,1.3724692030575623,145120235.7541654,7469331324.216637,47675537.58364376,50021048.70532553,47416477.39376304,49749243.43510914,1.4183963750612067e-06,4.780524405261255e-06,1.4214910757521424e-06,4.790954699951876e-06,2.4204872,2.5910544,4326,13889,4377,13781,5.745915870923005e-09,4.752697709220838e-09
373,379,0.6384021437082117,0.8212300598522403,1.2410886758503785,1.260329069750058,146876066.4135102,6012446892.775236,38738480.276951924,46552106.668091804,39492437.899137706,47458139.000808164,2.435202727593946e-06,6.63358880177821e-06,2.416498754601379e-06,6.582638437610852e-06,2.4204872,2.5910544,5831,15415,6049,15393,6.002448534725617e-09,4.807815198727107e-09
374,380,0.5403780856894734,0.5699532110499459,1.1616278656029024,1.0554855081523775,143970816.8551648,3650114644.93698,33599434.62474848,29897863.36417059,32322387.198747754,28761505.27128731,4.83506889567977e-06,2.16016798251446e-05,4.910594615037079e-06,2.1939106745695428e-05,2.3154757,2.744565,7231,28155,7622,28729,6.358830696706027e-09,5.5077335602526116e-09
375,381,2.127555652376787,1.1214126649901839,2.4723353609394256,1.473199485554112,145129338.9229845,12921854262.932459,127565535.29855564,62812219.893911794,118452108.16683513,58324843.365094356,1.8188512448573532e-07,1.5181159346977643e-06,1.8735850232500593e-07,1.5637998362147902e-06,2.4204872,2.5910544,951,7552,971,7571,4.2995640185076505e-09,4.163061857196125e-09
376,382,0.6912863910995238,0.7287325747470735,1.2828482660924205,1.1919023468690861,146768436.719829,5252052825.265166,41916777.31134848,41278539.26279738,41802484.80669229,41165987.01180129,2.78638964574031e-06,1.0174176968317555e-05,2.789434465867365e-06,1.0185294774061885e-05,2.4204872,2.5910544,5888,20407,6046,20623,5.864256367173554e-09,5.026600536666893e-09
377,383,0.6824899980654403,0.5408063253763021,1.2371389812358788,1.0067028986932298,146077722.31762928,3710765532.233735,41188643.51852913,30489424.006665755,39194396.76412234,29013205.571803417,3.097062621114189e-06,1.9472190690879973e-05,3.159158302657373e-06,1.986260544834911e-05,2.4204872,2.5910544,4588,27583,4748,27887,5.716307277319767e-09,5.5239057620116494e-09
378,384,0.8863016275067487,1.1961074526553932,1.425484545763841,1.568077489977756,150061153.30959195,9554541028.746113,47854335.54493167,66403000.95428724,45898854.66262258,63689562.40341357,8.697409028856885e-07,1.863496593319524e-06,8.843774731193021e-07,1.8948567359524914e-06,2.7792559,2.7030294,2848,6580,2990,6587,4.715306350195633e-09,3.7229554064681528e-09
379,385,2.148630214554662,2.6847776027768098,2.532507868560288,2.9550218523050766,150344732.71595484,38091399471.2941,155934552.53095943,189640593.4920238,147134906.6960762,178938859.7738631,4.579232561183556e-08,1.2393667500081518e-07,4.6868748415762046e-08,1.268500073426699e-07,2.0716078,2.1284587,841,2283,842,2218,3.742821255725522e-09,2.985442932031727e-09
380,386,0.8452290191841767,1.3614710400084689,1.417324933538796,1.7433978898764275,150347395.77952474,11668101686.340923,59554689.87350469,74070939.04449075,59190821.379722655,73618378.8669399,5.769703557161215e-07,1.1335193969797868e-06,5.783864902922874e-07,1.1363015434018945e-06,2.1338031,2.7634809,2962,4850,3155,4786,4.791657298493904e-09,3.5739747467606744e-09
381,387,0.4183951132205872,0.8352340434724946,1.093674404890103,1.2674551888176375,150177313.41645068,4315127470.328357,19880687.64288423,45229971.64415318,19797417.198058266,45040525.487866804,6.89802221933782e-06,7.757108097076192e-06,6.909613189874751e-06,7.770142617485962e-06,3.1605272,2.773232,9205,12146,9418,12070,6.333503744321479e-09,4.258655196432601e-09
382,388,1.2484958535692292,1.598403895453723,1.745772217383347,1.9585828528588378,150247093.06453985,14633976488.858017,67493919.03851247,88846809.74426639,65680046.32447902,86459086.43200639,3.464104760219957e-07,8.631458712412964e-07,3.502059299720569e-07,8.726029478404283e-07,2.7792559,2.7030294,1852,4678,1824,4673,4.251513397635161e-09,3.401909041157095e-09
383,389,0.7529370180862632,0.9460609899228611,1.288650517311085,1.3511494980231666,147925760.74658567,8917646862.447437,51752235.75760667,69543761.41982801,49905519.82099114,67062176.4095165,1.183273034328701e-06,2.4168181304372695e-06,1.2005967977220332e-06,2.452201667661342e-06,2.152154,2.0123558,4462,10578,4903,10710,5.385273839007474e-09,4.338596082617818e-09
384,390,0.6535044724510939,0.8338463609070406,1.2162420980813222,1.2618814493892647,147895511.31335008,7003323656.000751,41709938.5693403,60452989.52219729,41619871.37132669,60322449.13866834,2.1801145686473703e-06,4.13479943022312e-06,2.182000489709781e-06,4.138376263040277e-06,2.3172026,2.0399675,5936,13802,6589,14195,5.665278667471043e-09,4.550086581591817e-09
385,391,0.7046198911710807,0.9292898288713293,1.2493986557128274,1.3361244991112682,147992445.31721452,7406447309.382395,45001857.28842088,57947409.83044098,43726197.22183948,56304784.36703505,2.050190597935437e-06,3.96063877411775e-06,2.073909156481863e-06,4.00645921770956e-06,2.3172026,2.3733222,6103,12167,6553,12360,5.4770769637508434e-09,4.344858356144165e-09
386,392,0.6027777143192697,0.6877049793932849,1.1773772768468693,1.1427131077557267,147927532.5867766,4794859313.166952,44818622.31577917,40931612.57620269,42615055.94358062,38919156.13795504,3.3430678636142643e-06,9.828283982366585e-06,3.411170039893087e-06,1.0028497545354754e-05,1.9895172,2.4853773,7451,18745,8057,18961,5.780906760371283e-09,4.867128917570217e-09
387,393,0.7708842901704018,0.9545042398343823,1.2986990153657707,1.3561456850887745,147813992.2962852,8063548235.31891,60551004.80145001,54764611.30949599,60283968.76053266,54523093.84773928,1.1288423316091196e-06,3.5272503431456342e-06,1.1308398241693254e-06,3.533491831545855e-06,1.881843,2.576282,4527,10976,4837,11040,5.423159403841044e-09,4.366249503312912e-09
388,394,0.7318004960438776,0.7430258963820062,1.2500608621779057,1.1621605377043924,147981305.5560342,4583619396.648312,39862607.60440942,34906435.601189926,36076307.238210745,31590891.088621303,3.1376842511218404e-06,1.05323570527477e-05,3.2654774493376787e-06,1.0961324241540051e-05,2.716651,3.1499619,4989,15109,5294,15326,5.309034054829058e-09,4.6436655789472056e-09
389,395,0.7687308339599499,0.7715396755038526,1.2985445584292699,1.2046323142484106,147888043.5956807,5792283049.784212,28713701.761621185,53186118.24434366,27234942.0760288,50447025.66248757,3.2612029002283873e-06,6.218248673058515e-06,3.3309101013797946e-06,6.351161811039597e-06,3.9592979,2.1453247,4533,16540,4771,16789,5.339182241263844e-09,4.669681170639327e-09
390,396,0.5363621692088472,0.7571765918868227,1.1242166501797055,1.1919433190907776,147865586.50791487,5056885552.061878,22277724.796934273,54591897.55158817,21957382.772562977,53806894.63341078,6.011437039425412e-06,6.192870688012912e-06,6.046365654799471e-06,6.228853498263481e-06,3.5600362,2.0508604,7835,14970,8539,15270,6.0311487823362006e-09,4.671393041620067e-09
391,397,0.5506750671628282,0.6667575774784361,1.1252621464264054,1.105902092376306,147810738.79362813,5000749425.542309,37969581.72777485,44956960.78583612,37236991.338790886,44089554.933810614,3.385693375861141e-06,8.706488311855057e-06,3.4121814333146406e-06,8.774603742586874e-06,2.1437078,2.192184,7325,19460,7898,19861,5.9835208487589515e-09,4.9133991308575556e-09
392,398,0.5531362524638397,0.712861583733817,1.1467039741717135,1.1688636887929715,147847234.34146032,5083215576.230663,35292410.40070405,44408051.13748069,35105793.709152356,44173233.4107388,3.142199515693963e-06,7.511855498388033e-06,3.148870259373244e-06,7.527802818835149e-06,2.3172026,2.3733222,6506,16057,6893,16089,6.049159060251312e-09,4.853096137011065e-09
393,399,0.6259456175585549,0.694202017943247,1.1876732998567823,1.137311621642255,147895785.267542,5194654690.414339,39951068.00052745,43259845.87260373,39082196.652176805,42319013.93759078,2.6777847685368455e-06,8.213748372983137e-06,2.701440696626751e-06,8.2863097838713e-06,2.3172026,2.3733222,5694,17846,6003,17978,5.6863780114572995e-09,4.8399741202755185e-09
394,400,0.5238264694755578,0.6993872846033129,1.1242903678432399,1.1506709527064731,147882456.72676212,5607996664.126686,36258683.73152101,52458289.52418656,36044377.17551871,52148235.37426366,2.8991385624391877e-06,6.513899574597675e-06,2.9060211858712774e-06,6.529363726062269e-06,2.1364467,1.9716066,7276,18426,7610,18528,6.123732533365905e-09,4.863494178661636e-09
395,401,0.6500064191316244,0.8877446321910394,1.2090882117923965,1.2951759157641678,147889416.41824177,6977829945.872776,41484965.532788105,55318252.01953595,40916501.26241316,54560231.62904415,1.7842695603615388e-06,4.012774104958178e-06,1.7941442754485583e-06,4.034982072787323e-06,2.3172026,2.3733222,5060,11656,5373,11798,5.643861875335865e-09,4.437336090513733e-09
396,402,0.20793357008516597,0.40812767560408086,0.9288006268289539,0.9324901130551668,147757445.6595171,1490982034.3097217,15429991.547003327,23370511.427717555,16235997.574310703,24591301.018859915,6.258171181854568e-05,9.292456829269832e-05,6.131999666021291e-05,9.105110825158641e-05,1.9911698,2.5803416,43674,52216,46861,53694,9.287906364908361e-09,6.131242166349256e-09
397,403,0.8681632376196884,0.9964777881928915,1.3689545529710236,1.3865945716192944,147825246.38199696,8552671099.250694,71162870.61746097,56300746.324360184,69806024.6502226,55227273.03780091,8.457605724173975e-07,3.2426955553604498e-06,8.522983669822989e-07,3.2677618425212126e-06,1.8034186,2.6163876,3847,10580,4011,10600,5.1352126692952824e-09,4.236638436324682e-09
398,404,0.7743285893131222,0.8696639014434735,1.3059431289812027,1.2928486880789982,147851818.62620476,8102123502.653349,69184635.1201095,59399910.971304655,67162088.14470015,57663411.09577556,1.1100511723938357e-06,3.347684583444997e-06,1.1233036902479695e-06,3.387651434357319e-06,1.6547878,2.1646731,5064,12484,5435,12530,5.384513504508154e-09,4.4990551639239425e-09
399,405,0.5742893201476661,0.6378895901884098,1.151811748453901,1.102780763822858,148034568.75916347,4323246726.578606,36688493.20773804,39787985.971521586,33683631.15788319,36529269.174158916,4.294861156003098e-06,1.1685872416396179e-05,4.444199207472187e-06,1.2092205788533651e-05,2.3172026,2.3733222,7365,20927,8013,21287,5.859866770660284e-09,4.998406978088281e-09
400,406,1.3134270238174224,1.7264457083358986,1.6793961196594123,1.9999110976471852,149955477.19559038,18023324737.2213,74452912.69849318,88564617.20963894,68982216.03049512,82057012.0843246,2.9208197525999906e-07,6.998434483317565e-07,3.0113593059884003e-07,7.215371913973318e-07,2.645371,2.9231763,1890,4283,1990,4315,4.196367290573144e-09,3.3349654995618262e-09
401,407,1.320321402686575,1.4540374904830848,1.71016758256689,1.7809732068466817,150369792.0187327,10970831471.263508,83214606.86782226,55065016.99559645,78397090.63391653,51877155.834178664,3.747023616730994e-07,1.9102502624795476e-06,3.8374813538097937e-07,1.9563660422751484e-06,2.3858366,3.9706392,1523,5049,1723,5278,4.218858985865199e-09,3.5394352213865964e-09
402,408,0.7092305153326932,1.1903041280037339,1.1946402234686526,1.5222137048052553,150052628.23348075,9350218306.3017,40229481.17638569,61100749.48408748,39686720.871123426,60276402.25235626,1.1964719531158103e-06,2.140590462215266e-06,1.202990530210247e-06,2.152252753102427e-06,2.645371,2.9231763,4204,6966,4229,6847,5.204723855151239e-09,3.8031701563527395e-09
403,409,0.8529537109839441,0.9307612453545648,1.2995783409876962,1.3027598185346452,149610257.05518225,9125981261.92442,48239216.33543254,60585392.53732152,44052048.04506042,55326575.048910394,8.397606314374514e-07,2.7603408752439122e-06,8.708215474997341e-07,2.8624398699091857e-06,2.645371,2.2984324,2866,11302,2897,10960,4.836747736529622e-09,4.1500104831298425e-09
404,410,1.5764459114225864,2.151526188986908,1.9308575795760037,2.4116530784766774,150430263.6932857,23803067843.749363,89645336.7612716,110720195.68313776,80454249.93947633,99368362.2446636,1.5014435300777828e-07,3.616657424165029e-07,1.5678354787152504e-07,3.77658147667471e-07,2.645371,2.9231763,1264,2911,1351,2945,4.017287497602559e-09,3.1589862310031435e-09
405,411,0.8911798893431281,1.1157611703623191,1.3205004868881436,1.4476078215805548,149584018.81362584,10123839888.423485,29356556.20623741,72451784.69409329,27551777.123621672,67997601.96927163,1.0195291201219604e-06,1.6335259497150423e-06,1.0457354510366218e-06,1.6755146685765475e-06,4.5409369,2.3036015,2262,7459,2273,7179,4.741640460786294e-09,3.856998729471152e-09
406,412,1.042321614574928,1.8944616220116548,1.459177088351099,2.1662925367670782,150010542.53854036,18289481570.296925,59106730.55009384,97219321.2350591,54658145.9939788,89902246.39472885,3.2225553060902395e-07,4.924309169553889e-07,3.32501183850967e-07,5.080870529763968e-07,2.645371,2.9231763,2163,3080,2228,3081,4.52104472886042e-09,3.2681983363832446e-09
407,413,0.6113133568325284,0.7702648226280073,1.114253059016534,1.153968957037018,149174976.84602037,4711674430.400245,34391547.87219683,33282487.566186905,32659195.09963576,31605999.789967187,2.9162870967790477e-06,1.0341775467720668e-05,2.977205238808304e-06,1.0557804180213724e-05,2.6516008,3.4523933,5019,14102,5182,14114,5.510802093744724e-09,4.501248381362993e-09
408,414,1.2956392366224605,1.4088269284435442,1.6816864074423663,1.7245843659636078,149902510.220837,13577042983.35739,73418652.39707997,72245623.03696796,66470746.57518227,65408725.75655505,4.0858256056196337e-07,1.1904095599101751e-06,4.2515781520508165e-07,1.238701737525331e-06,2.645371,2.9231763,2077,5717,2097,5529,4.2844989675657865e-09,3.599590707450954e-09
409,415,0.9082438150289374,1.1364064328166168,1.357949468811168,1.493203769748246,149972907.80113044,9594891240.737978,51490685.40188949,58303078.46072028,47658127.6789018,53963460.29707488,8.555163375013563e-07,2.341004824925185e-06,8.823989569919992e-07,2.414565479673199e-06,2.645371,2.9231763,2995,7677,3103,7684,4.7460790198468905e-09,3.857781053206102e-09
410,416,0.27910898325776956,0.655267787259364,0.9022896920702836,1.0712987773271223,149750607.00846654,3141198339.6669283,19850251.72812386,34192210.87797289,19458561.765560735,33517521.912705574,1.2743419803203025e-05,1.6857174266307122e-05,1.2845413906712088e-05,1.6992093495488908e-05,2.1056025,2.8698568,19166,19021,19011,18451,7.860187504671998e-09,4.8163549300866605e-09
411,417,0.4274903309394122,0.7256486725095029,1.0412097783247465,1.2161372438240365,127646573.72092059,5915116926.562065,21532107.247813314,29437656.60162326,22069188.73265656,30171928.45601926,5.032405015314056e-06,1.0195843042472643e-05,4.983054679314003e-06,1.0095857393778106e-05,2.5342469,3.1465333,11112,18964,11746,19167,8.53435994460906e-09,5.874765010356091e-09
412,418,0.4764813137359575,1.077466002338854,1.0726166629146159,1.4990848958226735,127011899.31668968,8244816615.051558,16419945.65099256,46430855.09272808,16631431.330490584,47028875.399717726,4.599948220893551e-06,4.010647119371159e-06,4.576461133895508e-06,3.990168971946965e-06,3.685688,2.9474151,9810,11379,10290,11219,8.394625029465597e-09,5.304603101278053e-09
413,419,0.08294913264673023,0.20744488721101967,0.8494012505416696,0.8295885166376938,118282148.28688708,753664488.9828944,2591582.545284529,6969899.398999274,2966066.3470053575,7977050.195449171,0.0007965475734724784,0.000827477286967483,0.0007546844348881131,0.0007839886147357407,3.7858727,3.5204277,155221,179271,158571,177149,1.9426042376078878e-08,1.090352719233775e-08
414,420,0.44317881880843385,0.6726560788571601,1.038593498252303,1.1425839579235115,121848116.95925437,4642524170.470556,17596350.130087703,17996341.34807398,18923453.794273548,19353612.05298744,1.0346438686162278e-05,2.9696158036442983e-05,1.0049854282439595e-05,2.8844906935339722e-05,3.0688469,4.5543633,17093,31078,15652,30271,9.420578110690244e-09,6.695544668810424e-09
415,421,0.26097618081598695,0.44476190170415597,0.9224372822747611,0.9659905393838264,117307921.19570678,2672367645.821761,11498381.172543367,15706910.114592988,13730009.658234004,18755338.193982776,2.6882486810346416e-05,5.69078529707073e-05,2.504123736374059e-05,5.3010090329584655e-05,2.6625116,3.3217287,22668,41429,26982,45783,1.1116325464672299e-08,7.642931979565443e-09
416,422,0.06985836585453696,0.15603060309471295,0.8591089659413725,0.8368462953593889,122554080.05253085,577080175.6274846,2838053.3277010163,4420730.768712093,3180607.5243570274,4954314.779388659,0.0008035367404898169,0.00161023075404402,0.0007677325019941306,0.0015384815943033754,3.016655,4.3255715,146340,213668,153715,214823,2.107996842778602e-08,1.2667170668271769e-08
417,423,0.92541303708637,1.5120041695095419,1.4002040944627911,1.863522527074057,127429819.65080792,13692782232.98671,37259267.4752745,49480537.82287045,36819485.96114923,48896505.250090666,9.550827059014322e-07,1.9713171423242775e-06,9.596295608663658e-07,1.9807019768319616e-06,3.1649902,3.8939435,3860,7017,4132,6932,6.894769876754487e-09,4.7793624372170344e-09
418,424,0.24551093174998662,0.3626979084031879,0.9269303612271943,0.9368234819439245,122182155.43640798,1578036537.9325814,10634018.027286101,8122402.77191881,12513530.003959054,9557998.729158226,5.2370572442049974e-05,0.00019877012929937673,4.906980613883908e-05,0.00018624222069951854,2.820858,5.455924,27570,56504,29297,57491,1.1968822687714691e-08,8.656069592324443e-09
419,425,0.19274295113580384,0.2822921200088762,0.8985954158518533,0.8858416405889754,122676124.17544864,2189937493.924416,7891380.967236477,10319856.72443315,8318706.108172578,10878685.939182505,7.193655294635422e-05,0.00013427535655688859,7.043499935232971e-05,0.0001314725861158685,2.9963017,3.3557155,57657,96302,52577,87628,1.2677760609056945e-08,9.283836897988173e-09
420,426,0.09317035962116889,0.2582600875470973,0.8570240331685667,0.8667667063981122,121184327.72441497,992258903.1053377,2683797.384655053,7933113.2674970925,2977392.286955778,8800958.816504793,0.00042750733877090476,0.00034969204259673373,0.00041011819844874843,0.00033546809028812854,4.2070193,3.9451189,105360,93552,100831,87953,1.8056216150336452e-08,9.728267810898146e-09
421,427,0.29722997020249975,0.6683826263126112,0.9599578289296128,1.164081800771866,125534073.57806326,3933272880.579195,11789132.53791628,21547511.870633587,11951756.821280336,21844747.36823871,1.5713613192405496e-05,2.061379772487603e-05,1.5627737191151678e-05,2.0501141870516388e-05,3.1649902,3.8939435,18642,20807,19528,20822,1.0162127317691012e-08,6.306927283352864e-09
422,428,0.3378589858838199,0.527261935982539,0.9687446482807154,1.0310686547337276,118376776.9733895,3886635907.6123,14094457.396781137,17612177.48792353,16154981.143375093,20186970.46657213,1.3140991746607093e-05,2.986553946204597e-05,1.2442994376465457e-05,2.8279200439517348e-05,2.837616,3.5438871,16990,32584,17999,32754,1.020182105822451e-08,7.21217688020805e-09
423,429,0.9365527063581445,1.1671398557249582,1.4013794183540602,1.547117004211699,128792467.03601323,12200635412.582321,37264366.1287144,46638282.224281855,36178624.74424245,45279420.706641115,1.108977614071353e-06,2.3606495919300683e-06,1.1221720647315499e-06,2.3887362495609507e-06,3.2368975,3.223078,3955,8849,4180,8936,6.563459038642516e-09,4.905082687235995e-09
424,430,0.5943558315328907,0.8271169476303203,1.145384609140812,1.2736482909495237,127107267.09151329,6293431016.662352,23869566.934535727,26998998.516122367,22946710.43298885,25955150.44865668,4.2213742660342154e-06,9.178880593043487e-06,4.28848109658849e-06,9.324796483418676e-06,3.1649902,3.8939435,7620,14688,8394,14835,7.59082857275298e-09,5.581305008051739e-09
425,431,0.5054152515376558,1.1871845293222982,1.092698688751113,1.5925672791511079,127619736.88802421,8362510652.023101,20379513.788203895,38908673.756988145,21678652.25456953,41388995.67625947,3.3888533515881396e-06,4.256907160816333e-06,3.3061107025575603e-06,4.152970006085775e-06,3.1649902,3.8939435,8594,9574,8954,9142,8.155770648025251e-09,5.117966215837454e-09
426,432,0.33548257961295075,0.4635319890532647,0.9711647339125159,0.9935571654498113,124792936.98417792,3460292998.5886593,15791739.49437156,18498281.813010033,16380813.311823813,19188316.84605888,1.4672651106281495e-05,3.490279534815686e-05,1.4459270914844447e-05,3.4395213923427866e-05,2.6511238,3.1270752,17706,37456,19151,38622,9.527809429524223e-09,7.1338256354249835e-09
427,433,0.4451484994423976,0.8390470295128433,1.0352389612535071,1.2672508825993987,119836726.00625749,7438527319.340388,18737384.484922342,30255867.266853698,21347209.85709075,34470037.61242857,4.225784328555424e-06,7.438646297787155e-06,4.011016677659231e-06,7.060590896230602e-06,2.8469896,3.3232777,10690,16645,11041,16650,9.197756197923303e-09,6.120744119951971e-09
428,434,0.3255033061828777,0.4216734024546691,0.9632115530504137,0.9642078651943822,121152243.89592423,3612696532.1509285,15794158.19535824,17558551.34995587,18887276.24835069,20997207.053740386,1.1552906619242256e-05,3.5983273573936905e-05,1.0755289963208105e-05,3.3498975960607106e-05,2.4968381,2.9095042,15757,43940,16716,44680,1.0109933434849628e-08,7.726451546799392e-09
429,435,0.17418138683449097,0.2942388157145147,0.8948933627300646,0.9006571016233417,122672355.14320521,1306476469.1585793,7460911.210849142,7792641.3563052965,7763329.612620127,8108506.011164273,0.00010463859759682092,0.0002888795084269441,0.00010298866980203066,0.00028432449391752333,2.8638916,4.6319299,46810,82382,47735,81481,1.4096509553604208e-08,9.706545549886506e-09
430,436,0.42930467803176153,0.7006674073446353,1.044943941625208,1.2076498680952048,127717556.29862538,4968125644.217864,19666960.860300202,23301741.154526614,20043995.236846466,23748457.732194386,8.071158528945123e-06,1.8290813525370475e-05,8.010083854973022e-06,1.815240644679058e-05,2.7879114,3.8403795,14323,23960,14383,23662,8.562257612419576e-09,5.969799266003651e-09
431,437,0.20925090278001057,0.32271981192365035,0.9046990647435237,0.9055525822537225,123050699.60245748,2090823312.227036,9119743.998542354,10818715.085240794,9689991.63906573,11495197.533853307,4.979204000088909e-05,0.00013495899215866378,4.859858426021239e-05,0.00013172418627513657,2.8233764,3.6705744,37134,81052,36873,76875,1.1978772615824372e-08,8.605643595289408e-09
432,438,0.8813133430562013,1.249974546117901,1.3563278634021285,1.6164839785979745,126571892.84994988,11269879861.207901,35244816.247627124,40630184.8797754,34955527.083748735,40296692.65415241,1.103686253907134e-06,3.007040953218093e-06,1.1073308305272083e-06,3.0169707599135263e-06,3.1649902,3.8939435,3571,8319,3930,8703,6.874984636985107e-09,4.9668678637528976e-09
433,439,0.3517417854892714,0.6354053857937141,0.9881021601491488,1.1345345328887408,124931574.22071955,5240924088.124283,13884294.16949895,20386067.521404028,14357842.217901466,21081369.88042277,1.2396844093357776e-05,2.3369943313343317e-05,1.2231648476761776e-05,2.3058524361359416e-05,3.1649902,3.8939435,22882,39890,20528,31454,9.659773186681137e-09,6.481766731631005e-09
434,440,1.5575953798721534,1.6351925820066544,2.0357625762939446,1.9867723991735886,143297557.57404396,18156444950.09817,89880314.25800018,110905958.30945587,88478872.21439178,109176677.83080293,2.527551457024183e-07,7.312370312630069e-07,2.543489841762793e-07,7.358481093508533e-07,2.4832981,2.1127729,1643,5971,1848,6284,4.639720057116017e-09,3.872145534164358e-09
435,441,1.564285457762701,1.377451070832944,2.03040385317292,1.7444922471534314,145547265.65895185,11578637641.225018,102773331.36377046,66363437.58345079,97552721.5404701,62992352.793663815,3.4649790427982803e-07,1.7888120181476439e-06,3.537993494054482e-07,1.8265060781382837e-06,2.2153361,3.0210044,1609,6605,1811,6856,4.446859903860664e-09,3.8786534743062266e-09
436,442,1.1586774876611086,1.0039258780016622,1.6842649959361942,1.4194731221525452,145551012.2826924,8795727333.004969,70142343.82113695,61212217.9601056,67195486.10545976,58640537.474927776,7.036137375674723e-07,2.7088256998821797e-06,7.157978336541487e-07,2.7557329599983994e-06,2.4043491,2.3871448,2388,9808,2574,9981,4.7781498559531614e-09,4.301502213716411e-09
437,443,1.3196315558162175,0.9108005348516599,1.795694063557367,1.3197424034275693,139806490.33988234,8150572022.050983,76733056.92606115,53342313.45216187,75552440.53619255,52521587.52180028,6.764154063523855e-07,4.060204397049496e-06,6.806237377964616e-07,4.085465036699353e-06,2.4043491,2.3871448,2148,13610,2293,13863,4.979265303614796e-09,4.70630285676996e-09
438,444,0.4090011890484857,0.5319989636455336,1.1224701855102828,1.0465957003649022,142397365.8241267,2883982117.024902,23444850.54485484,31322494.576431934,22948441.030595284,30659287.775930643,1.0841983115330812e-05,2.5890633013781364e-05,1.0935192658823137e-05,2.6113217208782508e-05,2.4841571,2.4185574,11590,30406,12587,30873,7.000426407844473e-09,5.6308479199895495e-09
439,445,0.8754263600419423,0.6766280245734675,1.420307439096711,1.1224096206796406,145178222.43045858,5379180754.48614,79834885.63850701,42355499.53131135,75203953.16019562,39898610.45524001,1.1790482510762673e-06,9.153684937866289e-06,1.2075702172583477e-06,9.375118701922102e-06,1.5919462,2.3192184,3709,20994,3984,21231,5.220422877351128e-09,5.022025679540351e-09
440,446,0.8940962870560344,0.8094282755286988,1.4768774908920979,1.2666543309650857,144508742.52949956,5645152514.603724,38548182.44746578,46103254.84266667,37480049.3205899,44825777.91307695,2.3743800354419494e-06,8.261482517992488e-06,2.4012187879753246e-06,8.354866004018108e-06,3.3517723,2.5371194,3754,17998,3999,18382,5.212293113015045e-09,4.7086597997211575e-09
441,447,0.5454720069355437,0.5125104431674055,1.1831464184251985,1.0040234469544813,143987665.69768503,3118323296.3011785,33501792.698106773,30194287.292342737,32412401.561854262,29212447.626682132,6.2603287130477586e-06,2.666188586148766e-05,6.343659617089388e-06,2.701678081255659e-05,2.3443892,2.4440114,7986,33583,8327,34018,6.201858489216264e-09,5.70473621448417e-09
442,448,0.577371005855556,0.5033971846574288,1.1913878119833647,0.9888793634963956,148111693.8408657,3341991704.0115027,36854757.14065768,37123127.38536929,37753971.132017486,38028889.304259546,6.8304956106861204e-06,2.1524213405573553e-05,6.764949863716585e-06,2.1317666073430802e-05,2.3203354,2.0084248,8646,34437,9838,35816,5.799675822837365e-09,5.554413075926912e-09
443,449,0.625301434395765,0.5485200998327889,1.2612953537215672,1.0504986466477133,139856967.30866796,3238844243.7274036,37598267.68319298,29828800.989765983,37554401.64185742,29793999.6146539,5.194384547229241e-06,2.4592689205404062e-05,5.196810652093998e-06,2.4604175540767994e-05,2.3259785,2.5718217,6686,30226,7233,30971,6.1269788647380605e-09,5.712220560272007e-09
444,450,0.442224453945631,0.5140036330932427,1.1116033636334517,1.0050618287474435,148403273.28611153,3490639360.5497646,33098221.048213705,41195774.21098038,33890621.63293238,42182037.35561186,6.48300591987706e-06,1.6964616933263897e-05,6.421943273991595e-06,1.6804829265447283e-05,1.9828122,1.8516419,10743,31285,11413,31981,6.478517105684724e-09,5.5301812799899886e-09
445,451,1.5494523276960983,1.4100120437522121,2.015337375425632,1.7712577377360477,146432324.3624404,14515506618.145847,94366456.94809183,86493010.79082903,89110336.18749386,81675433.39768422,2.9964283275257697e-07,1.0824415218107636e-06,3.065912252766786e-07,1.1075421674989506e-06,2.4043491,2.3871448,1689,6547,1809,6582,4.3864911043338265e-09,3.7922919836077525e-09
446,452,1.0547579088274281,0.8212399574102743,1.580704923005287,1.2541724704866548,147726252.3414268,6574451601.4635315,64805661.12406733,50821676.66630561,63317521.89447362,49654653.146306835,1.1124927835154847e-06,5.758309845154619e-06,1.1228786308886981e-06,5.812067431779553e-06,2.4043491,2.3871448,2756,15327,3042,15859,4.855030050380065e-09,4.616577400671132e-09
447,454,0.6320147290605292,0.7118689333014973,1.2506847606214275,1.166200547126979,146664688.54355916,4851513965.504758,38552739.03136797,43736783.53592115,39110937.79794373,44370041.230111904,3.4577131571659186e-06,1.035057888523989e-05,3.437888332588182e-06,1.029123376279888e-05,2.4043491,2.3871448,6296,20376,6977,21036,5.781305207467736e-09,4.912709119056762e-09
448,455,0.7702349595014482,0.8972113329503629,1.3520330019734872,1.312887365185703,146882533.01513654,6960509899.698242,47053924.851588234,55205982.15643908,45805320.11161682,53741057.57867603,1.513661773063028e-06,4.6806559720305015e-06,1.5300330636582896e-06,4.731280477754454e-06,2.4043491,2.3871448,3907,13146,4382,13648,5.3904712211883996e-09,4.498288673001068e-09
449,457,0.5952953000081921,0.7791520244524255,1.2206227277725363,1.2152897011633306,145688145.59250647,5673586741.72198,36071079.83534017,47551876.02240179,36540331.004297964,48170481.66191986,3.083418805066231e-06,7.867548809459506e-06,3.067518448819578e-06,7.826977989610837e-06,2.4043491,2.3871448,7089,18602,7276,18699,5.998562174466271e-09,4.806129468759656e-09
450,458,0.26232406999209446,0.4678025727955587,1.0181086208515953,0.9835144965550512,144857236.22350278,2362656868.2834153,12132986.994287945,26362922.683556285,13046653.06219896,28348164.06873759,2.98523371458692e-05,4.340264285668546e-05,2.8997849073481195e-05,4.2160293205804406e-05,3.1319196,2.5704505,23689,42669,22520,39894,8.452199253048587e-09,5.907093855560347e-09
451,459,0.5543204001027754,0.6954685309183072,1.194266187380125,1.1505031324644537,143578254.6180935,4200672337.8545213,32010607.97961822,32444837.076857865,35398372.698817596,35878557.374802105,4.857594242573527e-06,1.5303043588644276e-05,4.666008066497077e-06,1.469948317229993e-05,2.4863119,3.0776594,8414,21865,8207,20887,6.185462580796176e-09,5.021597550241357e-09
452,460,0.5163325516307478,0.48352557678359687,1.1448186966480707,0.9734479266924059,148969261.2994363,2673004264.5068774,31991061.032395646,30174310.32790147,32641875.722036038,30788165.69178827,8.38687438926917e-06,3.046931401040062e-05,8.319582899469497e-06,3.0224845637825823e-05,2.4043491,2.3871448,8203,33241,9324,34118,6.013635655071886e-09,5.624535594883539e-09
453,461,0.59288857739006,0.5525459790995594,1.2581160943225786,1.0730517777471722,144482960.43268806,4590144859.351514,49631523.26511784,45598647.85051842,49546816.75835588,45520824.28359194,2.925400396164639e-06,1.0921280250920512e-05,2.927399906822245e-06,1.0928744944056209e-05,1.7259655,1.7507861,7022,27893,7780,28633,5.9534928636301866e-09,5.47361273011483e-09
454,462,0.330222596201503,0.3988807503571331,1.0572428277609813,0.9426835845047888,146046246.59467697,1953210600.9221146,20946548.35524606,26466298.78823346,21394102.48137979,27031790.583123636,2.2097556797522763e-05,6.161520945728214e-05,2.1911475197886443e-05,6.109635314919367e-05,2.3024209,2.2011025,17541,53935,18746,54676,7.544434420373606e-09,6.336255095329503e-09
455,464,0.7944938493112923,0.6735920958519195,1.395973717289443,1.1566739992332054,141899292.9646747,4487126924.508334,59050805.7982508,35564794.666306674,59003143.10221661,35536088.63977945,2.081861357314643e-06,1.3334361972646015e-05,2.0825338848005893e-06,1.333866952410839e-05,1.9091715,2.6875522,4592,21874,4893,22263,5.556358354613877e-09,5.174055409029452e-09
456,465,1.037396122714121,1.3096164826017596,1.5828688167529785,1.6817523687999416,147388501.7935107,12913106657.743958,87352000.47922476,80859113.06878436,84619735.4683773,78329937.72953679,3.345413357218208e-07,1.2555837964737025e-06,3.388209559088617e-07,1.2716458527523875e-06,1.7503922,2.3871448,2315,6683,2468,6792,4.800641358517787e-09,3.849412360031393e-09
457,468,0.8902844360327273,0.804695060746283,1.4097976539394537,1.2084660301462615,148383833.8769512,6794373566.118681,54943692.60250742,50019478.5902303,57312630.10939227,52176105.00710518,1.6256950928457475e-06,5.3839557921300545e-06,1.5984759142332446e-06,5.293811671628787e-06,2.4043491,2.3871448,4327,15332,4594,15324,4.961132357718598e-09,4.525620791040804e-09
458,469,1.1739100914240426,1.1560185185430174,1.6955025116601983,1.5466674227223092,146394414.95873356,11836169078.795864,72576503.5774852,81003269.28855157,69676152.53416874,77766162.16692966,4.6112967567165434e-07,1.4597587980517215e-06,4.6871389042357206e-07,1.4837674984119834e-06,2.3678997,2.0892324,2131,8194,2305,8270,4.696335659588423e-09,4.0491697196723045e-09
459,471,0.6559960651537553,0.6422894407386078,1.2467432423694034,1.0924798886989273,148590528.1389354,5758409152.354735,48776814.99448627,54531956.31198992,49151873.38621663,54951267.57359233,2.017328971136017e-06,7.1726611408135675e-06,2.011157444215434e-06,7.150718130052252e-06,1.9983839,1.7501321,5403,23159,5813,23600,5.541440915494015e-09,5.0062052579794685e-09
460,473,0.8551947262846331,0.9839474932881427,1.4536356502338017,1.4158823216426133,144061419.28628346,6550948801.306489,46737477.6797168,47345750.20539892,45501546.24825299,46093733.54275215,1.688815461493697e-06,5.285883572116158e-06,1.7070169856953313e-06,5.342853170013963e-06,2.6360123,2.9939091,4008,11606,4197,11566,5.309206866739569e-09,4.4187053766103136e-09
461,475,0.9405961986391702,0.9703965431068028,1.5033487786129593,1.3882802458960173,147325487.09229818,5350264781.13115,57521268.99216912,36035805.12884647,54560331.407144375,34180843.10032872,1.688079171137868e-06,8.601528059377723e-06,1.72414344286596e-06,8.785291860574979e-06,2.4090879,3.9672804,3424,11391,3749,11600,4.919414545813208e-09,4.222725782013821e-09
462,476,1.7403077617511489,1.533796232056957,2.1631473827027743,1.8793429521977476,149334532.36667484,16515484781.230927,108090811.67755647,95950921.393622,105695642.82648715,93824758.6367082,1.7862850438714893e-07,8.117354939550744e-07,1.8023678809885706e-07,8.190439634382753e-07,2.4043491,2.3871448,1066,5353,1227,5616,4.137114546925724e-09,3.6696835485594765e-09
463,477,0.7021316178365338,0.5685643728162921,1.3004121585117159,1.0490323860427642,141619447.61376193,4180876488.9742723,54301471.62358271,36682726.14614175,54169723.698655,36593725.37128344,2.159282217689917e-06,1.5023369451750988e-05,2.161381350802262e-06,1.5037974329250004e-05,1.8311749,2.1950324,4625,28210,4930,28615,5.820355379302179e-09,5.565800747077321e-09
464,478,1.0383123239223822,0.9641661461933375,1.5733704224316347,1.3871088482069307,148895426.3706456,8349078226.909727,64300128.536375605,60138760.50987741,63172546.70021317,59084153.38009698,7.648690114098565e-07,3.219999143252809e-06,7.703009762345488e-07,3.2428670092805466e-06,2.4043491,2.3871448,2476,11064,2656,11262,4.780168444592062e-09,4.285533691489648e-09
465,479,1.2995583530597254,1.189060091524058,1.8190576860092427,1.6024440085840688,142960814.00533423,12583289961.276325,96966103.60347706,77959968.62758303,95892145.18669093,77096514.68472527,3.576693003618505e-07,1.4936960112849184e-06,3.5926625702081646e-07,1.500365210428594e-06,1.9159883,2.1804652,2204,8480,2349,8620,4.836211569771577e-09,4.229615745674469e-09
466,480,1.0157432401198014,1.1807173269307323,1.5642956775122667,1.5707448832628583,147649655.8923466,10502866995.282228,62376191.493434064,73029716.09742898,60773469.04452696,71153257.1052351,6.306832004514025e-07,1.84282730106875e-06,6.37284262262299e-07,1.8621153000394787e-06,2.4043491,2.3871448,2591,8044,2755,8108,4.812279102567333e-09,3.959538333102034e-09
467,481,0.5312733737636766,0.6047231529598952,1.1856380055405973,1.0838780497582936,132782256.48390427,3758415225.574688,28410608.54097328,30554738.30366639,28786265.314752497,30958745.644736543,5.8256299563207735e-06,1.9233421163636007e-05,5.795100603344504e-06,1.9132627960489142e-05,2.4830048,2.6279559,8059,27295,8818,27507,7.0675659207101315e-09,5.876191642007412e-09
468,482,0.9734058756832294,0.6558190534235864,1.498895471343827,1.121740956631186,148478453.48426732,7043951510.561534,69562795.33856182,61503803.42547306,68926910.20661935,60941586.884780206,9.441688969931335e-07,4.999902600151827e-06,9.476434728253946e-07,5.018302423312146e-06,2.0776882,1.5832354,3012,22021,3201,22245,4.820587820515799e-09,4.946137963474602e-09
469,483,0.6823334397259397,0.6051502636107079,1.2716986687109697,1.0688910844287485,148301263.63367948,4424371840.700226,53501847.21189731,39156315.69600541,53355430.34448553,39049157.805533156,2.2507097193765694e-06,1.2969390905290297e-05,2.253178228873733e-06,1.2983615336076068e-05,1.8913536,2.2919559,4964,24825,5265,25036,5.498055738574481e-09,5.158394720742223e-09
470,484,1.2538581967527032,0.9514114353258849,1.717746643769701,1.3374836520775748,148210895.28432873,8858361998.447721,77291374.16039631,59070375.8789151,78439460.99448392,59947807.824819595,6.324118842717964e-07,3.305432553098525e-06,6.286929550176618e-07,3.285994794060455e-06,2.4043491,2.3871448,2209,12247,2330,12266,4.569793083999727e-09,4.319472259934793e-09
471,485,1.2466703646667439,1.296918362518038,1.738203886136337,1.6526640784271143,148214040.37129423,11727253869.14093,103316588.11811642,68676634.14699653,102687049.49688563,68258167.04157639,3.778991383534056e-07,1.7382289019887363e-06,3.788241468335055e-07,1.7424836787572154e-06,1.7884258,2.7989361,2202,7116,2478,7283,4.497508633529057e-09,3.7887455551442685e-09
472,486,0.6535376212977533,0.7017410024169888,1.2787146652884367,1.1663015751459418,137355752.90225154,4762580979.132008,37962804.83839158,38336977.807071246,37174804.89138676,37541211.092548974,3.2222666632320243e-06,1.0551951851863108e-05,3.249416010580181e-06,1.0640857779263888e-05,2.364608,2.5142348,5973,19671,6490,19988,6.204549748516863e-09,5.2718561006339525e-09
473,487,0.9711661887266531,0.8357582122630884,1.5136955261886966,1.265711948934578,147505693.0910616,6649164061.917492,68414824.30273503,48740502.384484276,67357878.00535321,47987506.318896905,1.0193604302862374e-06,5.8230542827716506e-06,1.0257286795876432e-06,5.859432643424611e-06,2.0938816,2.5292947,3073,15027,3237,15308,4.979905111722451e-09,4.592751605546707e-09
474,488,1.0796872564739726,0.8422708378278873,1.5948704460721304,1.2647008505331674,147806681.32825917,10607434147.430882,95195821.63888274,80573106.65687853,92777882.32304424,78526578.9938898,4.703235631406976e-07,2.2801882657417276e-06,4.751887058011001e-07,2.3037750942036703e-06,1.6763865,1.5450969,2782,15448,2976,15654,4.808133081144803e-09,4.55778485718056e-09
475,489,1.4782783032890217,1.0962664116093754,1.9324555750631436,1.4774880631736678,147208003.58037376,10268897148.841877,90508652.74238218,67603435.63793719,86786439.14793763,64823210.54853139,4.5984895592537534e-07,2.5849952328126827e-06,4.676387565377975e-07,2.628784823260161e-06,2.4043491,2.3871448,1825,10870,1964,11120,4.5099464983417815e-09,4.220744544322478e-09
476,491,0.2643907654606509,0.34721545822208083,1.0204012461524685,0.8973730072556382,142435793.43012187,1348898021.3909845,18469727.394436352,20257282.74246224,18769974.865552314,20586589.06004966,3.664478514686208e-05,0.00012631569175436763,3.640917995997765e-05,0.00012550355349123,2.0389423,2.4413891,22404,68299,24243,69791,8.535584707470124e-09,6.904830475021673e-09
477,492,0.6937618501265955,0.5724098715326704,1.31281314592587,1.0680412571807911,147046359.170898,4109846367.652538,41602337.06490912,41207426.29614337,39914507.10333818,39535618.08418303,3.5256188894175762e-06,1.4690955734772747e-05,3.5845128981889952e-06,1.4936362088392316e-05,2.4521496,2.0426121,5473,28781,5909,29559,5.541159323338952e-09,5.345515272895619e-09
478,493,1.486285374980955,1.5322711353707308,1.9514801769944505,1.882263519539109,149177649.95513338,16361320743.531853,92216458.66748013,95754814.31570035,89940809.6503923,93391848.39586727,1.5400699590808644e-07,6.658954394929951e-07,1.5555397321696137e-07,6.725842598865425e-07,2.4043491,2.3871448,1011,4550,1048,4564,4.352705036586112e-09,3.7025742377420544e-09
479,494,0.4499396708025001,0.49665430706947566,1.116486011675444,0.9079905726786967,149209835.52596188,2171652690.433549,32646294.94832789,26060104.76800487,31497159.807536926,25142800.6080992,1.1904119939334767e-05,4.7877002544381524e-05,1.2075977533211206e-05,4.856819403952983e-05,2.0564485,2.8436458,12143,36352,12571,36563,6.2921904479663075e-09,5.572782782610519e-09
480,495,0.8605594065898078,0.4471544148815061,1.4261821657413072,0.8781724341505669,148584542.42764422,2252579182.896628,57706070.08966627,23148810.415140457,52627654.81548815,21111602.3327215,3.961270974423936e-06,4.6555091143631736e-05,4.109959518859837e-06,4.830256279677557e-05,2.2158124,2.870136,3941,36442,4027,36538,4.8475337519223025e-09,5.8320558727514854e-09
481,496,0.7074414893471271,0.7135944152828986,1.303653028846716,1.0597299851144781,143259739.14514002,3117386755.5888853,48352141.87016001,26306373.282183096,45109682.49997264,24542287.075340178,3.310749512198511e-06,2.192379324832584e-05,3.4039619933146757e-06,2.2541046579218045e-05,2.0960371,3.8861058,4632,17267,4924,17587,5.364687963590763e-09,4.841309548319643e-09
482,497,0.44249914710926996,0.4744474915383371,1.1276114060219324,0.8811102663808454,144066168.60026124,1738485714.698702,26383726.489684585,21463200.345842835,25660461.469863564,20874823.187308088,1.3578811062069193e-05,6.365783464316815e-05,1.3730628441149372e-05,6.436955863500138e-05,2.4162302,3.1846058,9252,34532,9770,34751,6.479646322543523e-09,5.80431806190473e-09
483,498,0.6336980304853121,0.5535693241305538,1.2270309770195116,0.9273744345249417,147496032.9599794,2567111989.669798,40288414.660708494,26030223.915969066,37801887.03579793,24423685.872843035,5.85434951917821e-06,3.174818700850028e-05,6.005446836080056e-06,3.2567589037328206e-05,2.3199708,3.1367106,6362,26201,6478,25983,5.437158057978648e-09,5.286779996139769e-09
484,499,0.6349594975726851,0.7218220626862318,1.2504607975432736,1.077824826425775,146758927.47390497,4587619124.682425,48411512.646469116,42852985.61474645,46802181.68261862,41428435.27799341,2.3546816971532677e-06,9.298899220922815e-06,2.386740649714201e-06,9.425503580804185e-06,1.9248722,2.4720292,5317,16746,5612,17257,5.519145056957866e-09,4.761035355511748e-09
485,500,0.414162957065088,0.33991146794473914,1.09505803081168,0.8041520178227783,149857027.6590447,1363509228.7482984,26578557.584365416,16258900.473322934,24931438.92273769,15251308.609010803,1.7841987481766327e-05,0.00010163654436649367,1.8304457237158105e-05,0.00010427099458455786,2.3351617,3.1329377,10344,45664,10418,44234,6.476916786503039e-09,6.678156544376816e-09
486,501,0.7700106591382254,0.7249904037813094,1.347474621469753,1.0879169600108207,148626074.55036402,5114467041.52261,56781588.96022059,48817399.21769794,54206185.296716295,46603221.85686202,1.7820273977729392e-06,7.971979311271852e-06,1.8154230918457089e-06,8.121376443193841e-06,2.0155065,2.2072556,4411,18419,4522,18472,5.106089882131186e-09,4.736779410238604e-09
487,502,0.3869583679218653,0.49996770506490473,1.0897082786119656,0.9123274886825556,147851266.87170723,2656766040.4332447,29031232.280596625,33165259.05382044,28145402.60948629,32153287.869270667,8.489582007500343e-06,2.7619544241251283e-05,8.595467645798066e-06,2.7964026816352546e-05,1.970715,2.2288642,11287,33994,11445,32922,6.794925093150801e-09,5.596225719422159e-09
488,503,0.6663182884947445,0.6073609641977019,1.2552254979405422,0.982725601633303,148954163.35622507,2326520497.6741714,40553725.318552904,23841422.169497453,36921700.41568289,21706164.84457207,6.115008493036043e-06,3.711396218981123e-05,6.348873720530542e-06,3.853336581298315e-05,2.4473925,3.7946119,5667,22710,5813,22755,5.329637558842857e-09,5.063449999060349e-09
489,504,0.5924985701477627,0.4730955790240776,1.2034777842466573,0.856428267443343,143829513.03950217,1972919288.3299198,42461710.703734964,22490103.065350264,39410221.872492924,20873863.46548501,7.108556296325663e-06,6.0430820141519485e-05,7.323806308436414e-06,6.226069026213009e-05,2.0069559,3.0255578,6853,40009,6988,39406,5.664864910842141e-09,5.775015402515356e-09
490,505,0.7830983096314857,0.8376882111666764,1.3852456082773694,1.183712959769316,145658514.59358782,2742758338.1995716,65618226.00621576,40399710.11847667,62691683.44395541,38597901.71308786,4.079656928121903e-06,2.9956098755070713e-05,4.1547937014752816e-06,3.0507812941426908e-05,1.7383118,3.0202301,6147,27030,6437,27204,5.117188485318382e-09,4.5073982276671705e-09
491,506,0.9280388259763583,1.0229990378953318,1.5045022468113796,1.332521113830749,143557091.1687654,5484753993.1285,68525988.26404472,38114540.4634559,64889761.133330956,36092050.46194176,1.2215003856131996e-06,6.991371848881684e-06,1.2484330613067334e-06,7.1455235404215165e-06,1.9441756,3.8530903,3473,10389,3446,9952,4.8250196185817545e-09,4.1374941922405186e-09
492,508,0.4866322469634392,0.6374885360861509,1.1801848902634837,1.0214170265172164,146599099.60845357,2215881606.3616858,21976519.221063152,34572935.16214236,19933323.619134285,31358628.639872093,1.37340303855262e-05,3.932805243777794e-05,1.4280706046819104e-05,4.089348432268494e-05,3.2461851,2.7031331,9006,31668,9375,32239,6.117337798101353e-09,5.002373521028694e-09
493,509,0.7370644340036849,0.613286204498647,1.347208940823427,1.004390592624637,145854023.0699705,3428635372.8613605,53008637.91282375,36907317.03047203,50350229.443838716,35056397.481800005,3.1473799998435564e-06,1.7877083179552925e-05,3.212826380535152e-06,1.8248817889528364e-05,2.0280433,2.4236457,5149,25307,5321,25290,5.2150467374651704e-09,5.117435978420639e-09
494,512,0.8227744013603571,0.3487936131089109,1.4092721793645977,0.8121925824774208,147693883.59854043,5695887568.876858,54247113.17624961,17636135.10852523,50337656.52149204,16365142.022861568,8.3218695774479e-07,6.721038333021149e-06,8.574609693625097e-07,6.925160254581003e-06,2.2400961,2.9209735,2001,13082,2116,13106,4.939593838603617e-09,6.6438163152920756e-09
495,513,0.3349391224833488,0.4157838900080689,1.101804696209996,0.8564471166751113,144967380.9672038,1572712612.4253535,24461138.48418216,20435537.298047714,23971429.69715257,20026420.519243807,2.3631188928335746e-05,8.886008882079406e-05,2.382312141424068e-05,8.958181034724073e-05,1.9849954,2.9495237,18345,48036,18723,47381,7.305709720130809e-09,6.125235727894129e-09
496,515,2.513938669764169,1.0507926193725048,2.900470925014164,1.3643820043077683,146079822.0427354,6499606122.05834,164983454.06780824,42378737.98818613,142837659.00157735,36690223.02797603,3.3082216934694123e-07,6.3680199245969775e-06,3.5045613926285963e-07,6.745955635103683e-06,2.2258942,3.6220899,987,11586,966,11427,3.6749741602991905e-09,4.02280771117024e-09
497,516,0.46702004371060957,0.6120670280132817,1.2346467081994452,0.9745439446470905,145531649.78858876,3044821399.104534,26093856.158081423,42089490.12509468,25837916.417497605,41676658.341296196,8.613491440159047e-06,1.8517036048019556e-05,8.647519230233665e-06,1.8590188011984883e-05,2.604682,2.116327,9228,25526,10069,26641,6.4430679712697644e-09,5.1708452889665e-09
498,518,0.20634486333240548,0.3763694094573304,1.0486561448435074,0.7892269630077964,143887298.52960745,1182797338.775808,14660140.91929279,21574718.96118983,14795352.348605622,21773703.99167655,5.93415114426495e-05,0.00012759580021857485,5.912399026015928e-05,0.00012712808733648633,2.0252469,2.5101035,33537,59305,34657,60125,9.609320510568346e-09,6.529030312933983e-09
499,519,1.6130544709874377,0.6523561733099194,2.008143186321858,0.9338499244710553,150822304.78863668,3780788971.7260876,106158028.1579379,33815045.1563969,97591416.06889682,31086279.563678052,7.13437262664397e-07,1.638913296229568e-05,7.378571295960412e-07,1.6950107930956028e-05,2.2917211,2.9096475,1147,21201,1177,21296,3.704819535926475e-09,4.654323870902016e-09
500,520,0.5454952195313054,0.6055928027095374,1.2441867822949264,0.9679773633927138,145189223.32315087,3695367021.375039,44406529.78185239,39572409.41766064,44633234.37174105,39774434.81554713,3.4566486106289313e-06,1.3725047418030894e-05,3.4496149689327942e-06,1.3697119480691797e-05,1.7835221,2.2218902,6975,22931,7162,22827,6.1113666309626635e-09,5.216387110691912e-09
501,521,1.0770233211311802,0.4953771343435404,1.520741460246088,0.7850696792600301,153405775.1285046,3559787784.8755713,53540680.237975046,44462401.1653086,48863129.43869,40577969.00672332,1.7458956778844163e-06,1.685839450064231e-05,1.8109202809399596e-06,1.7486273029951893e-05,3.0859077,1.709168,1882,34521,2014,35112,4.0939505333817985e-09,5.231123541168922e-09
502,522,0.9007631745637528,0.6497400374845298,1.5103073338056037,0.989981100975449,147054434.4084842,4015729057.4639735,78316405.04371889,42329565.140289955,78522947.67649317,42441200.24181671,1.4585593060650723e-06,1.3235083448922852e-05,1.4570234863158002e-06,1.3221147298051512e-05,1.6913598,2.2572203,3319,22925,3463,23546,4.949924582525894e-09,4.9429859672910804e-09
503,523,0.6966746486332634,0.6177884117292135,1.3914377152086812,0.978445108115219,145774282.2672201,3663583115.375676,37864124.68502195,39671787.09116844,37466730.88648398,39255421.40734252,3.795995679102788e-06,1.5280090569546047e-05,3.812049730797037e-06,1.5344713236333242e-05,2.6821496,2.2700682,5006,24466,5185,24660,5.498965797340091e-09,5.126490845245214e-09
504,524,0.7270767260982015,0.7111181100172025,1.3442241765156255,1.031609934865023,146499541.42723048,4068094246.454557,43516147.74638993,39586853.20997682,39671365.80517254,36089236.205402486,2.3724760500845033e-06,1.1274790675185102e-05,2.461904221090232e-06,1.1699782914208267e-05,2.4477444,2.6316433,3711,17087,3943,17429,5.317368875808751e-09,4.750472365454533e-09
505,525,0.5400373045304845,0.3768947821058094,1.1584613644958097,0.7335071100375529,148722517.3046984,1709827830.8860714,41836688.88676354,26150029.896714896,38894371.91987811,24310934.148532763,7.750481335499445e-06,7.163665821600575e-05,7.979889762291658e-06,7.375704949889454e-05,1.9197434,2.1435058,6530,54879,6903,57143,5.616298799031622e-09,6.2323423205818814e-09
506,526,0.6272883292519852,0.5894377181314989,1.3287130633174684,0.9515085764612687,146224281.87380433,3525412144.0315843,38971154.63853636,39279739.73370308,38490838.0243207,38795619.830888905,3.7467196461446304e-06,1.5705356900138925e-05,3.7653518111526067e-06,1.5783458500714688e-05,2.3536584,2.1942637,5223,24783,5612,25233,5.692299479923693e-09,5.218680314584294e-09
507,527,0.5951809931137161,0.9381335354371411,1.2834022361518742,1.2397480654904003,145838561.37053844,5348249139.133648,35461357.72623674,51988825.83426473,35404721.82633077,51905793.65148963,2.5350457465405663e-06,5.348167275605526e-06,2.5366670642275966e-06,5.351587757547112e-06,2.4477444,2.6316433,5230,10872,5539,10869,5.867687841312835e-09,4.3577995273725974e-09
508,528,0.4710273098891975,0.4529926927643728,1.1751976333170318,0.8364449662964566,137961855.37406787,1692323897.760745,24755043.632371742,19515575.92344297,24021450.723281287,18937249.812333528,1.3302789018691006e-05,7.69533443858579e-05,1.346382595253668e-05,7.78849032199984e-05,2.6250732,3.2023504,8377,40637,8576,40667,6.689316688789618e-09,6.127407390457651e-09
509,529,0.7861505942378864,0.5760382919481793,1.3645946524315546,0.9011929676482988,146676250.8629546,4473245061.444675,66445179.191669375,47345235.03517001,63063143.453949146,44935379.58970852,1.3648194866006914e-06,1.0343427012728229e-05,1.3936392189341162e-06,1.056184036397631e-05,1.7354099,1.7845753,3352,25185,3518,25927,4.901620410521064e-09,5.096745557905666e-09
510,530,1.8173311921907933,0.9398654877947981,2.1003871550327995,1.124101818909385,157143273.46401516,9719613200.42421,191145729.35059592,74226501.33079714,182373316.15315512,70819961.50337665,1.9275863024242876e-07,2.5984705883972523e-06,1.9641522697952343e-07,2.6477631106724934e-06,1.4940505,1.9897683,1104,12192,1254,12693,3.20729294417296e-09,3.6282265670987027e-09
511,531,0.839123235893481,0.8088978082042432,1.4430850684960854,1.1220886031446995,146518995.96805832,4962915035.868229,50228894.00403939,45036078.67329463,50543934.29055533,45318549.13994771,1.8505126367115674e-06,8.427977974215427e-06,1.8458902834779256e-06,8.406925920601027e-06,2.4477444,2.6316433,3598,15759,3752,15894,5.107032542080174e-09,4.53806374771162e-09
512,532,0.7110940208312401,0.6252024394763972,1.2668777616223312,0.9923820927882419,152303291.6455755,3203874551.4074507,40455748.372819416,37227737.88898282,35568238.54929644,32730208.070397444,4.507041078951285e-06,1.996248772455956e-05,4.745245313617647e-06,2.1017536708397935e-05,2.6770475,2.5577807,5114,24663,5394,25005,5.037768531264728e-09,4.88074402558e-09
513,533,0.7405194052478342,0.7000332515660499,1.3058431101891979,1.0265592429579684,145176582.29786453,4727917277.066641,52672194.22953504,45470668.24129845,48394422.69736957,41777768.5435278,1.9042273112667027e-06,8.992288026658877e-06,1.969850325619407e-06,9.302178050158513e-06,2.0410404,2.2350328,4152,19029,4411,19022,5.145758653216053e-09,4.772281491898708e-09
514,534,1.8749339954188917,1.4733907517754365,2.265223304992449,1.7432824348525282,151852339.4310223,11584551864.71912,150302350.6284705,70588330.933925,129863792.01319453,60989520.71362602,1.5910187576726678e-07,1.6851457883712728e-06,1.6868108154109304e-07,1.7866050463961e-06,1.8942692,3.169615,920,6206,973,6159,3.766938055126462e-09,3.5180468362262013e-09
515,535,1.069828266350063,0.6804284835836198,1.554144552186464,1.026701114983503,150645710.37666696,5397361221.032015,78962199.45736659,53740326.43914256,71111676.42783579,48397394.33714636,9.200516863406249e-07,6.737430219103785e-06,9.594084818344526e-07,7.025635400642937e-06,2.0410404,1.9073876,2239,18573,2433,19065,4.380715313536017e-09,4.724076970190782e-09
516,536,0.8955454505234757,0.7681496837014667,1.4241285352163178,1.1239579346103692,152148295.0987857,5316336899.485562,91256178.52470885,47303137.006727055,84653868.76912412,43880793.79689482,1.1015077033524073e-06,8.339768040150031e-06,1.1350989599285297e-06,8.594095165751984e-06,1.4931122,2.470717,3771,17826,3922,17945,4.6436506468184975e-09,4.46903870448063e-09
517,537,0.8394996272667163,0.6276080839822762,1.3530466809762383,0.9406381724769126,149066757.61447677,4123791563.7224903,58916520.20739234,44190770.34123572,55350320.80064103,41515916.18453987,1.8532272514038947e-06,1.2632803043462874e-05,1.9000956169201266e-06,1.2952288325198861e-05,2.1240475,2.1170824,3513,24575,3598,24607,4.7233258460684444e-09,4.848030577347605e-09
518,538,0.5090859869437674,0.5341966174140959,1.140185731844387,0.8916978694866063,145741889.68917483,3283708689.38811,38078779.44072643,41798047.83134214,36051919.95027516,39573218.906319335,4.413509560587904e-06,1.7251960327502833e-05,4.5111359992671785e-06,1.7633572154528283e-05,1.9484646,1.8626426,6890,29446,7438,30414,5.985203936441315e-09,5.3926348898017135e-09
519,539,0.87014346406983,0.6615360721206656,1.3806825045194409,1.002364901406299,151964960.61337188,3829761731.0767355,54351865.79853398,41200970.928563595,49850514.37904792,37788759.65947969,1.804759537731542e-06,1.3020080831081053e-05,1.8682598082473187e-06,1.3478190976851568e-05,2.4328754,2.4399984,2665,19974,2841,20436,4.652770918044029e-09,4.746530909286087e-09
520,540,0.2977058278151783,0.408004398752032,0.9998209718636983,0.7987531888938736,148303788.92161718,1476033019.17275,22212693.361084886,26229094.418826867,20831703.28505101,24598399.819710217,2.8334050604328176e-05,8.643123275670367e-05,2.9070951148160123e-05,8.867910134816977e-05,1.9876429,2.3069267,19984,53313,21041,55301,7.631585362573492e-09,6.084568137466876e-09
521,541,0.795711479048012,0.7123454403059998,1.3350331911633295,1.0272758819724785,147366266.0971726,5279493686.150925,70562639.4732485,48531087.31957524,66348932.89720735,45633013.16436384,1.0591846519617454e-06,6.54183757951987e-06,1.0855954867949188e-06,6.7049587043380435e-06,1.6618005,2.1630607,3258,15790,3365,15967,4.934170477888293e-09,4.6713381044305724e-09
522,542,1.5611831717809221,0.8356811471008458,1.9642616018872996,1.1383256646991813,150923556.5438858,7834305665.371916,129998521.19585136,63735082.07004637,118864511.4046995,58276350.53002629,3.7016210036557605e-07,3.1619392473913673e-06,3.836599198687437e-07,3.277238153462842e-06,1.8124769,1.9788783,1509,12316,1600,12518,3.880401672875021e-09,4.2894889624969015e-09
523,543,1.2118527553170342,0.7570438509049291,1.7023728954095516,1.2173179486390733,152661437.38096002,5254216219.9774475,40657324.78236789,45048144.62113425,40182599.508628726,44522151.017246574,2.053354885906524e-06,8.416904709526747e-06,2.0630242074869358e-06,8.456540214770724e-06,4.5503039,2.5655086,2393,17397,2371,17238,4.2214259663473756e-09,4.479494201099009e-09
524,544,1.7415799971765753,1.2965270284433745,2.1634727479340885,1.6732324811792014,152959657.85020006,10439280012.295568,79046990.54325071,64731559.36166659,70611582.52045467,57823805.99351357,4.513065283669879e-07,2.0854369566060463e-06,4.721449772967861e-07,2.181729096836756e-06,3.3700395,3.063673,1375,7116,1398,7106,3.836243853650745e-09,3.6656666777848764e-09
525,545,1.5940245627592868,1.619079960277387,2.0392201733735478,1.9610513418341369,152800047.2309219,14252538491.81838,91517266.91429095,86644815.38522777,93508065.83838876,88529622.6031827,3.348139333382134e-07,1.1070515982017852e-06,3.319442193946763e-07,1.0975629805212135e-06,2.6614325,2.8552833,1774,5531,1793,5526,3.944209325868743e-09,3.4495860095368794e-09
526,546,1.4230356107450408,1.052137272105416,1.8829076350983662,1.461881242912625,152740988.44609392,7246436944.5802555,55071560.00209195,50229480.71960931,50342505.62841525,45916220.92679511,8.19701950617617e-07,3.5700848138268763e-06,8.496752914977285e-07,3.7006290549563696e-06,3.9467897,3.1994057,1513,8214,1505,8086,4.027859804759734e-09,3.934126341150391e-09
527,547,1.343585916839982,1.7210124077545523,1.8062932314057798,2.043828318173939,153073983.80842906,13696685648.476303,61028379.30522676,85989015.61580686,54683997.63531843,77049778.8099613,3.0485323586034874e-07,8.412600280624697e-07,3.1853667437706397e-07,8.79020263206689e-07,3.3700395,3.063673,1241,3847,1239,3761,4.070746752769765e-09,3.3406190346142517e-09
528,548,0.7688398431515007,0.8201456938875908,1.3655586597414255,1.2820984051523445,152772063.42388958,4433845124.54712,57417790.83017206,35073042.24093789,59241628.21706725,36187113.76452501,2.3608491878861427e-06,1.0662821193157705e-05,2.3315033405983207e-06,1.0530280104130358e-05,2.0456595,3.5724118,5201,13455,5117,13234,4.902212947912093e-09,4.3446231475358505e-09
529,549,2.199487977264015,2.0406259518657355,2.5721865857512958,2.3413970530123414,153030068.9483282,18953784538.023846,99876513.85443144,101929001.59767747,91101102.37643257,92973253.1835418,1.488210998622069e-07,5.259736873129721e-07,1.5439755085269683e-07,5.456823609641128e-07,3.3700395,3.063673,830,3350,837,3254,3.6345778779006116e-09,3.2049083099562103e-09
530,550,1.5281936776294915,1.3351639649297318,2.0379503683885893,1.706461975851138,153462668.50003648,12834097453.38547,71975164.32948764,80358665.01827258,65504311.64978567,73134102.38316198,3.572129903058096e-07,1.3305144672713687e-06,3.7093033784319335e-07,1.3816075961507344e-06,3.2583556,2.5497913,1366,6639,1407,6697,4.006619783597943e-09,3.6647630125830237e-09
531,551,1.3202359878539065,1.6858172477044189,1.852588783882541,2.079898734560862,152713800.76263815,20416394132.244057,68650087.15448995,139208173.63749707,61002764.65683404,123700985.7774159,2.747534068291146e-07,4.536378906093351e-07,2.8804458566699857e-07,4.755825951402571e-07,2.9368973,1.849371,1788,5016,1910,5008,4.238627181672771e-09,3.453245352696815e-09
532,552,1.8003629266656374,1.8791128645842172,2.261154549426971,2.2307184346870166,153296001.94011012,23017030508.914597,116230255.16854128,124081174.49140224,103072642.14595294,110034813.88607843,1.2575524585931894e-07,3.828729714628845e-07,1.3194605914339234e-07,4.0172145020147096e-07,2.3744974,2.3215487,1155,3802,1219,3796,3.927008825556627e-09,3.3498549266503604e-09
533,553,0.3167244684348871,0.6277015488154186,1.1151891515715584,1.1462501908466523,153094611.60692436,2993123669.956354,20536251.792338546,36891905.39453866,18882321.73639941,33920738.51511551,1.21435918369955e-05,1.8358487055698994e-05,1.2558375845828792e-05,1.8985550856861873e-05,2.3611324,2.6048458,15003,21212,15394,21095,7.27355467761554e-09,4.8944668530120605e-09
534,554,0.967505502861006,1.1468354120845579,1.5803015554001387,1.5546070519730493,153488844.637614,9794464694.14724,107895507.36103894,61447871.52648204,96894818.93977395,55182838.761486284,3.962737479996528e-07,2.363499252443372e-06,4.1369133546751117e-07,2.4673831336428057e-06,1.3763437,2.8646467,2713,8006,2820,8081,4.628747646676367e-09,3.904986939682698e-09
535,555,0.7304234546393663,0.77066369804211,1.4084475635973233,1.25255115868432,153503064.86317542,7594741827.840321,68260466.15335439,65589320.29802506,63281133.189655796,60804836.93553497,9.637284472224575e-07,3.7712585319236206e-06,9.93373749929398e-07,3.88726641888309e-06,1.6425648,1.8036357,4319,15681,4456,15880,5.083431944191506e-09,4.515418780793607e-09
536,556,1.570474594744976,1.6122049927608793,2.056656662663458,1.993860243762004,153362381.7841421,18271328066.408764,101432717.66967395,106502869.2329797,92791614.24854206,97429837.09076181,1.9025788278581664e-07,6.037874960322107e-07,1.971561787809694e-07,6.256793872107285e-07,2.3744974,2.3215487,1404,4917,1464,4752,4.024435560928469e-09,3.4760604475626104e-09
537,557,1.295019896083096,1.6752950391186328,1.8303348019974346,2.064815865478847,152974510.90144926,17616669772.976685,83430302.01294695,110390722.89321226,79474003.00683236,105155949.71453059,2.327770834468617e-07,6.068531624461273e-07,2.3734479572309327e-07,6.18761253220913e-07,2.3744974,2.3215487,1716,4648,1727,4605,4.249845661720254e-09,3.4558839151247054e-09
538,558,0.47610343709102143,0.6933159424130666,1.1331103244852074,1.1622048665639735,154043115.7237465,4696194539.219587,29961765.22488002,49905466.51781132,28723081.497239236,47842267.3427306,4.448184307516234e-06,7.967919148366087e-06,4.523945039345512e-06,8.103627415853275e-06,2.4478016,2.1400571,8283,17585,8534,17485,5.948598560750289e-09,4.641191275729505e-09
539,559,1.8399708907506367,1.9478658909578188,2.286360764540291,2.2883097307829137,153594861.97779766,30182454534.98539,99359856.69064909,192967112.1597324,93965985.71235986,182491657.17509755,1.0130493285282042e-07,1.7177666110588608e-07,1.0359211644460218e-07,1.7565490029590892e-07,2.8443084,1.550431,1014,3281,1075,3344,3.86879860516646e-09,3.2959246736056355e-09
540,560,3.205168460598278,2.153524181468487,3.586378481938115,2.4511697051118717,152894696.86677775,31114639107.230453,206381889.56961182,141828783.0537003,180398644.76325357,123972700.82498723,4.1438760827548186e-08,2.448044233599982e-07,4.373026261510802e-08,2.5834174355319906e-07,2.3744974,2.3215487,498,3271,543,3281,3.4591348838669706e-09,3.1938578465096635e-09
541,561,1.3805572451918664,1.8968518576752544,1.899894697965804,2.261117989588306,152614290.50497174,25995395408.369534,92751347.49464592,160380354.61041105,83356115.00623688,144134652.9700626,1.6742814699401358e-07,3.039187999601015e-07,1.747356724911989e-07,3.1718356111081657e-07,2.2715871,1.805001,1861,4416,1916,4377,4.190711614572675e-09,3.3476719826480446e-09
542,562,0.9111257330542945,1.0625225299969538,1.5232924600782993,1.5226924694045196,153429602.8554566,9160710895.61924,58872946.91243172,70221404.27310768,52772595.47065879,62945137.88477923,6.402350914495857e-07,2.0365193886995716e-06,6.688710551514502e-07,2.1276073282264484e-06,2.3744974,2.3215487,2382,7918,2470,8036,4.701679108076744e-09,3.977151462233596e-09
543,563,8.37747021763876,3.013927420412533,8.599524477952073,3.270960036034704,152690179.89592528,50990764892.1788,538706605.7027556,198228501.52402648,448168952.07748276,164913254.9321888,1.2433443725360637e-08,1.0193899915585077e-07,1.338306683502297e-08,1.0972474472341171e-07,2.3744974,2.3215487,250,2169,267,2239,3.1573122796815776e-09,2.973155994442727e-09
544,564,1.1436614531477298,1.558475403129298,1.7024468426381014,1.9368705092723069,153305006.32327548,16256358483.074917,73838373.67288722,102914955.66360779,66051516.46113546,92061736.3300333,3.13164995155609e-07,7.340364898094262e-07,3.274409137274683e-07,7.674982282520827e-07,2.3744974,2.3215487,2085,5136,2144,5140,4.398230418531944e-09,3.518406564137435e-09
545,565,1.7988707033930873,3.001437401418116,2.2234703466014696,3.259045487111958,153785420.14080766,36223680159.61516,116504691.43503638,198823014.91388872,111550483.6324386,190368329.3584006,6.718974505835681e-08,1.213209610325438e-07,6.836782688692575e-08,1.2344816094218511e-07,2.3744974,2.3215487,1035,1941,1025,1893,3.846710568509204e-09,2.955741233219243e-09
546,566,0.7370465878963119,0.7760695619565604,1.4208241752575155,1.2482739741791917,153449080.78769082,5998818074.448468,47630762.371183485,51296430.227606274,45160426.37298383,48635976.94359464,1.4883115495748472e-06,5.67266091791401e-06,1.5203572578184313e-06,5.794802304770937e-06,2.3744974,2.3215487,3727,14637,3760,14658,5.03713100831681e-09,4.481194445658425e-09
547,567,1.4003150104352433,1.5142129087294984,1.918327296291296,1.9240157990819582,153049578.4246374,13503839103.744759,49575148.84594835,95107384.43427444,45251800.089479506,86813261.23350205,6.261890237166018e-07,9.991302601834537e-07,6.494664443392287e-07,1.0362710825904758e-06,4.3230858,2.4367156,1863,5604,1956,5537,4.163894845850188e-09,3.5554355887355476e-09
548,568,0.9307982513032753,1.2022540173647278,1.5106842142776715,1.6293359579702715,153546666.6482286,10936515143.038166,60189987.493613645,79516788.43988734,56310117.50594571,74391105.35154323,7.0041768444642e-07,1.587816964442656e-06,7.193367204717455e-07,1.6307056107732464e-06,2.3744974,2.3215487,3174,7540,3226,7480,4.638482791699108e-09,3.786881819907088e-09
549,569,1.102936769717548,1.3988598000919912,1.6755399820359553,1.7790301826970498,153238911.4716417,14125729948.58332,71178359.68721879,92334807.82355976,65657859.241052486,85173440.94145428,3.304793384407142e-07,8.580657995600152e-07,3.413255630715359e-07,8.862272406170123e-07,2.3744974,2.3215487,1969,5385,1966,5221,4.446004167612194e-09,3.6354636515855486e-09
550,570,1.30832760420752,1.3634243652170366,1.8407352759728013,1.7283436207548826,153640194.7325288,11749864528.682804,77563255.66593061,70850647.99676086,73241534.0183934,66902943.93817353,3.3260885383485445e-07,1.4601981178521184e-06,3.4032452335451554e-07,1.4940709567157887e-06,2.5915842,2.9565966,1460,5774,1508,5803,4.177600478960878e-09,3.645431617115353e-09
551,571,0.9543442484955669,1.2772344450856297,1.5674717261491247,1.6786339171156353,153351878.91594824,11996972705.836567,76460916.5005267,78667553.63429506,70496988.0677918,72531508.170466,3.841841772764627e-07,1.3070586162766932e-06,3.968688832667722e-07,1.3502141006516774e-06,1.9140561,2.4897978,2316,6272,2408,6298,4.654037060515798e-09,3.754459077412355e-09
552,572,0.8864421715611175,1.1573447040899296,1.5247957857263297,1.5805729537048672,153228400.51402315,10782736453.467247,57202891.06085664,76387834.48784655,51930045.233147115,69346559.70440075,6.020620015721985e-07,1.4982891841064204e-06,6.258077386337302e-07,1.5573827341312037e-06,2.3744974,2.3215487,2642,6946,2734,6959,4.7704830567094985e-09,3.87994879255316e-09
553,573,0.4203400445294689,0.6843312230799159,1.0282287902975036,1.1116291455618585,147864322.41824493,4646451362.433244,23841398.57528627,49760001.69280524,23626123.20717537,49310694.88524564,6.860107983591953e-06,7.796753388488843e-06,6.885043007536932e-06,7.825092917968564e-06,2.6069484,2.0335243,11204,17637,12227,17815,6.52660193401995e-09,4.785965772765132e-09
554,574,0.6015637656834427,0.860139930257972,1.1576168509432037,1.2515491859303873,148051863.5849809,7025031576.840942,35690463.82910331,61664532.718703106,34802664.263482116,60130628.714988336,2.7351792941891075e-06,4.084971845792708e-06,2.762877821117256e-06,4.12633940912276e-06,2.4954183,2.0651307,7172,13929,7700,13896,5.63124755331898e-09,4.366422176971185e-09
555,575,0.510379689912374,0.6091989920470258,1.0863348332128855,1.0421063000817272,148329118.99461505,5662698769.48193,32014647.673869506,42984828.42532734,31244511.80115534,41950796.7942428,3.0554886130527755e-06,5.845439677771937e-06,3.0853942298065247e-06,5.9026519606172495e-06,2.3646729,2.1021824,6863,16585,7317,15746,5.948232008435088e-09,4.980848692733249e-09
556,576,1.0267890965054483,0.9806062257504511,1.4863301058579954,1.3485856260705174,147864609.30958995,10289394212.323086,60841811.009450786,70211999.87833314,57783241.6183043,66682383.153319925,9.468111379708209e-07,2.1929005306431646e-06,9.665480533648636e-07,2.23861301807082e-06,2.4954183,2.0651307,3542,10867,3904,10926,4.692594687075904e-09,4.147256934066253e-09
557,577,1.3755858721338212,1.393347430395365,1.7795201946126984,1.7047087658792368,148114560.4326299,13188812527.847641,81647352.18477672,99933162.67243709,75595004.79040794,92525326.40430239,5.757575119720984e-07,1.3932666742969324e-06,5.937713182909314e-07,1.4368580048473636e-06,2.4954183,2.0651307,2585,8123,3043,8898,4.324126893122164e-09,3.684495884854847e-09
558,578,1.4518194529117512,1.09086964715127,1.8843977571925081,1.523549350039503,147862938.0895343,8909857362.70152,76780963.0549017,44011936.24444248,67849779.46110062,38892455.22625421,6.71210003869996e-07,3.5008342829455154e-06,7.05245732033877e-07,3.6783546466381388e-06,2.7958791,3.6648965,2102,8460,2139,8511,4.421126986094901e-09,3.932677444801037e-09
559,579,0.7458459166466463,0.9294086899041606,1.2930837062986336,1.374334177641465,147778541.08417022,8152885107.910578,35979765.49424525,51707256.34964804,32030236.243058614,46031307.14191336,2.010224781543648e-06,3.861419006856106e-06,2.105929834183158e-06,4.045257805734401e-06,3.0633891,2.6562357,5044,11828,5350,11852,5.382242688293979e-09,4.200372060053704e-09
560,580,1.7085523041657589,1.389228721976226,2.145321453934572,1.8020162579703694,145289471.28357852,13105914040.049911,59303905.422614254,59605349.19629979,53643220.05140349,53915890.3683026,6.461118331024665e-07,1.6923751714089171e-06,6.725662604170257e-07,1.7616678443909667e-06,4.1858063,3.3862784,1924,6471,2023,6550,4.4261768819967584e-09,3.725093743378951e-09
561,581,0.7804584759098468,1.0557695152761248,1.373338336674553,1.5504259477412443,147566960.36887205,9438479556.401806,52201997.767118685,57732501.722901516,48592320.652397275,53740399.90383977,1.2442459507828862e-06,2.4053967603925273e-06,1.2804246590196525e-06,2.47533803489147e-06,2.2062352,2.698596,4881,8151,5323,8413,5.3308666492065985e-09,4.0008117478023185e-09
562,582,1.24238826797017,1.7391552929486611,1.7454398227525803,2.1411862663050445,147038171.4835286,14601975471.562866,43642368.0653646,75517185.53355557,41055469.0583536,71040908.44482313,6.252060591444677e-07,8.25583574460677e-07,6.406754668831187e-07,8.460109019775301e-07,4.1858063,3.3862784,2006,3453,2181,3560,4.699106898702538e-09,3.4318451182480985e-09
563,583,1.5022210948215022,1.7336976947696616,1.9667688047169842,2.135251741349701,147094045.28030372,13331254085.1112,80753209.77510001,55316229.38567405,71028170.75540914,48654543.853964984,4.047669637942386e-07,1.4008999892033953e-06,4.2608547001449443e-07,1.4746834196835833e-06,2.7363343,4.6101589,1825,4006,1972,4051,4.478058347126006e-09,3.4284077217210948e-09
564,584,0.847642830845902,1.451889838918176,1.4178684297433337,1.8688336682275468,146203288.57646605,10186950527.023342,29606761.643016305,62685651.924127944,27917908.493856072,59109885.61993987,1.8235691152245286e-06,1.878467868047216e-06,1.8669188439926374e-06,1.9231226452638327e-06,4.1858063,3.3862784,4066,5423,4438,5651,5.273049428725725e-09,3.6450259752839808e-09
565,585,0.6762758524530298,1.4538205034706355,1.2902652032604942,1.8755194136030673,146768787.22569525,9316907814.657166,33410614.48626073,55094824.24763742,30012621.294739507,49491460.150322884,1.775098862734488e-06,2.290411383638364e-06,1.8529118541028858e-06,2.390813544310465e-06,2.970798,3.8728769,5255,5368,5567,5510,5.6537461058203876e-09,3.62098586337163e-09
566,586,0.6299603737599346,1.1800410782684438,1.2381376351706623,1.6099837727639423,145616137.30112696,7408498760.070143,21915107.796482578,50743915.11167765,20470046.621784978,47397910.051560834,3.5080887718814894e-06,3.5423718691088137e-06,3.605126318503229e-06,3.6403577234450556e-06,4.1858063,3.3862784,5913,7821,6209,7750,5.843677555492775e-09,3.917108292545627e-09
567,587,1.249169735552511,1.1998337030017332,1.7246306388734167,1.6355775469838711,147719269.37661466,10620847401.066746,67336117.03522253,53165575.63388229,60520675.41849224,47784408.843955204,7.482545469207856e-07,2.255880880144606e-06,7.808850093127263e-07,2.3542570764847127e-06,2.7403784,3.333709,2720,7007,2900,7187,4.602367609240714e-09,3.799950276642546e-09
568,588,1.9519736801339944,1.6115680542337856,2.360471908734433,1.9980032020965766,145333881.4974224,9131273873.02553,15352954.21202632,57290962.52550791,13461393.385522269,50232429.10390269,3.771928178142347e-06,2.8872900350282035e-06,3.975613806835777e-06,3.043204850536337e-06,18.477741,4.0881743,1817,6412,1864,6449,4.3113627626478285e-09,3.560180903876994e-09
569,589,9.917966649314558,5.032744721488767,10.129517946104214,5.266265648152834,156176560.14880377,84817861968.35089,635649018.7878673,232562981.17299187,529720257.5184686,193807146.1372504,7.929446566938459e-09,3.562298984767426e-08,8.529256923831008e-09,3.831763418050856e-08,2.4368069,3.3797157,225,863,276,894,2.9740645633540606e-09,2.256022219427468e-09
570,590,0.4675745561060529,0.7834176982846764,1.21696484946131,1.3077682534875714,155313908.26134378,4745752860.681233,32454605.840999745,41837648.913261816,33038973.89575669,42590965.27245054,3.88231369518792e-06,7.4965995611691134e-06,3.8546996040469125e-06,7.443277805179548e-06,2.2376125,2.9082816,7930,12183,8234,12233,6.2906754769651465e-09,4.303215344801759e-09
571,591,0.5800608579512495,0.7886292409726177,1.2628588782553185,1.3381597766272726,153903207.88998863,4840742056.3626585,43629651.94556745,36414228.23858135,43122295.63244209,35990777.952810526,2.6118350044869225e-06,9.064802787482501e-06,2.6240837294558127e-06,9.107314001265286e-06,2.0461595,3.3331084,5931,13016,6179,13165,5.739678987747798e-09,4.3166490876371626e-09
572,592,0.7906681128808764,1.1991190655403732,1.5587697265320135,1.668559385523667,156642515.72670382,7928077275.954114,48845840.15554108,50923717.181693345,45273697.75729494,47199617.67512796,1.1663910499519102e-06,2.6654025427441236e-06,1.2023663827615277e-06,2.7476123158307518e-06,2.535574,3.6885176,3513,5646,3647,5729,4.86305031047961e-09,3.4483748296658637e-09
573,593,0.916339658105077,1.063201034465887,1.5406439309353086,1.5738593432465584,153962958.07589027,7704169946.588078,57896407.12364513,48434126.070342116,55328769.869569816,46286129.80174463,1.0896436382764091e-06,3.5673989882027056e-06,1.1095956033230823e-06,3.632719995383314e-06,2.4368069,3.3797157,3308,8016,3445,8132,4.872126989985256e-09,3.810590808812467e-09
574,594,0.3523418010939391,0.6304072181648229,1.136372637507716,1.2213601786723494,154435068.6300696,2577426453.490223,26816044.837360103,26059734.58616367,26534834.72371895,25786455.62318164,1.241697649881027e-05,2.774730654504446e-05,1.2469446999615584e-05,2.7864558524264726e-05,2.0291557,3.7359161,14901,18924,15772,19143,7.13893778964468e-09,4.7784051770479854e-09
575,595,1.2195190271595728,1.4892730430823693,1.7748326765252853,1.8586401089922817,156627587.8327701,17603783284.681137,96658818.60067068,88216258.08051683,86604711.20768723,79040315.88104838,2.4224832585339586e-07,6.398785347353265e-07,2.5312833957737884e-07,6.686171739604979e-07,1.9761293,2.6441979,2035,4193,2158,4260,4.183247569103138e-09,3.144346725554102e-09
576,596,6.158249135420127,7.2371116245548235,6.421426400110239,7.411135277957028,155080700.23257536,114958799107.17581,391916810.53086525,332080103.1865707,314814754.94796795,266749762.9565009,7.885365660047297e-09,1.9080187913715642e-08,8.607506562480995e-09,2.0827549382116145e-08,2.4368069,3.3797157,335,594,372,649,3.204961745961034e-09,2.2159486759774086e-09
577,597,0.9780556661202833,1.508475958229405,1.5576047990594581,1.9295624719517543,154278530.34752318,12448669577.842886,59250747.84164713,74533183.75169975,58308233.600835904,73347568.55428953,6.057461994510311e-07,1.1981922733452964e-06,6.09643964270437e-07,1.2059022213303796e-06,2.546685,3.1224408,2853,4721,2961,4777,4.8208247230493664e-09,3.387841261455774e-09
578,598,0.5442437761628119,0.6857032891675618,1.2848514247073188,1.2780713550571459,154217120.69799775,3812893957.2265577,40574891.98545175,30453612.18637897,40152931.01614764,30136908.060054168,3.958209598406421e-06,1.4234239250251229e-05,3.974795921098427e-06,1.4293885835306992e-05,2.0685627,3.4724021,6905,15399,7296,15630,5.8559739428400235e-09,4.569455184873002e-09
579,599,7.217781646698858,4.866351423444533,7.503170095349485,5.103965142631461,156318833.44792494,80709996359.9335,463013793.62222266,225078806.9719883,393447254.75038403,191261340.2137099,9.359561058969456e-09,3.421171913558336e-08,9.989377966863627e-09,3.651386974114706e-08,2.4368069,3.3797157,282,783,310,817,3.0805420661435997e-09,2.2953644097982186e-09
580,600,0.20447022196853165,0.45178814421104324,1.0669488437916332,1.0785568364354066,155130634.14141625,1333443913.5422323,11557645.9329063,22401589.307889897,11939884.749449333,23142463.101345662,7.253234532495153e-05,7.685221998184504e-05,7.159446052459274e-05,7.585847672603434e-05,2.7444685,3.1286254,33758,32394,35241,32755,9.37060875097927e-09,5.60887415350249e-09
581,601,1.0119680319590678,1.1058298136707279,1.6150249622866206,1.5994476325942213,154421872.23891404,8301095263.012078,64129003.46804191,50526235.151862994,61613439.24687341,48544261.59068465,8.495408069851637e-07,3.1500494262984527e-06,8.632485559093493e-07,3.200876986645684e-06,2.4368069,3.3797157,2698,7555,2894,7737,4.747962440021401e-09,3.763651198782794e-09
582,602,2.218067595094771,2.109450668420017,2.6472669330365095,2.493604189909368,153486437.75399202,22933269363.68008,139708769.64796034,95798610.72739513,114777717.54502389,78703333.44843955,1.2761394986861005e-07,4.858846109638118e-07,1.3805259818160124e-07,5.256293142644136e-07,2.4368069,3.3797157,1181,3319,1201,3297,3.877443476945934e-09,3.011845806248589e-09
583,603,0.7490294187439037,0.9504431617726558,1.5121060646092785,1.4551643687198126,156737781.41867846,7182026337.281258,50907834.44476267,50938477.78284763,47130308.91055244,47158678.41410227,1.2805487118669467e-06,3.8126058763473558e-06,1.3206563939044806e-06,3.932019361212007e-06,2.3061521,2.9245152,3722,9209,3988,9363,4.942618271749963e-09,3.782364240890809e-09
584,605,0.5723334249732526,0.9317411515449403,1.2507224008969982,1.417757645346022,154834338.60192314,6132628839.435591,44166528.809016556,43276249.91237842,43331083.5628161,42457645.004145324,2.0955381820698513e-06,4.762878557360764e-06,2.1116068676701435e-06,4.799400534743685e-06,2.0064259,3.3335958,6199,8878,6405,8762,5.773132124389626e-09,3.999272856941528e-09
585,606,0.5534042085009737,0.8306738471426216,1.2511246735206778,1.2952968088489074,156396124.58922306,5406294463.171046,42134043.6402738,41013662.05509345,40001702.96425355,38938022.20862426,2.549138306835134e-06,6.7338228371391255e-06,2.6026469707690333e-06,6.875171724414781e-06,2.0541649,3.1675828,6208,11241,6709,11493,5.61521875844265e-09,4.030079637933137e-09
586,607,0.7171190142223954,0.9875323144427144,1.451019811525876,1.5274166537830725,155077153.82254928,5577736545.75742,28950650.293703903,40475680.73541085,27330573.865438733,38210664.38475269,3.1438623354016405e-06,5.495905002741089e-06,3.2171206607542088e-06,5.6239706601535905e-06,3.8413222,3.7835979,4309,7973,4565,8102,5.1938211238433655e-09,3.835450520446879e-09
587,608,0.8136467990434914,1.1343449953756195,1.4396180164287575,1.6242922171413836,154071568.16515806,8568156359.842634,39965797.656371474,62404206.31443626,38832189.66763735,60634145.13820499,1.2915497242633472e-06,2.3266143295926186e-06,1.3065010799437045e-06,2.353547894533447e-06,3.136678,2.8006175,3329,6917,3528,7118,5.109639378391989e-09,3.748201943475317e-09
588,609,0.42210562036506244,0.7678637187761153,1.185434796589528,1.3091245935336677,155022362.00998628,3911312065.99895,26853096.27393231,35220727.999827094,27658447.228960972,36277032.5183865,5.7778430381591715e-06,1.0923793642246155e-05,5.709950840173926e-06,1.0795434260412614e-05,2.4368069,3.3797157,8964,12540,9274,12642,6.668875342643012e-09,4.411754675090983e-09
589,610,0.611633627438464,0.9208232417400087,1.312628872031427,1.4372710796924963,154793797.1666076,5486267902.835062,38852931.541676946,42174472.28126347,37719422.255694464,40944059.18075024,2.8266645716637773e-06,5.749425144149454e-06,2.860340793651744e-06,5.817922453451212e-06,2.4368069,3.3797157,6049,9336,6364,9333,5.680363005853357e-09,4.058119176267846e-09
590,611,0.6572285785839036,0.9360653860949846,1.3739008898255503,1.4711589696359102,154591270.60192373,6026998342.67663,41694645.9890531,42816482.28663256,39277501.0030652,40334301.58880518,2.0494736307848924e-06,5.3407036963784715e-06,2.0990216200750092e-06,5.469820326900088e-06,2.4368069,3.3797157,4706,9379,5069,9524,5.427635006437209e-09,3.975093566982168e-09
591,612,0.5543472268200549,0.7621227151353068,1.47495298224893,1.368206699362921,155977107.77290416,3123309702.7381415,33409533.80359338,25001385.34428028,30166547.73279885,22574558.771401048,5.484659333329073e-06,2.0753821616976727e-05,5.713307233259917e-06,2.161901987996178e-05,2.588048,4.7546844,6214,13238,6619,13633,5.632354001181939e-09,4.214807547994163e-09
592,613,2.116210523601755,2.1275031958991075,2.6394288240855674,2.590591984595884,147824736.17367446,28221118190.99675,121127892.42777567,121114103.69773804,108192763.6950548,108180447.44996282,1.0615625602516882e-07,2.8257140631458257e-07,1.1106161172234841e-07,2.956286985527023e-07,2.5826278,2.596705,1015,2879,1160,3071,4.278679496833208e-09,3.3045520933769038e-09
593,614,1.5158034235355342,2.2263454582549818,2.1414440794874046,2.76059316394389,150031219.9167086,25043124407.873737,88056760.16767089,128632757.69023378,86101790.36541578,125776950.18168622,2.0357313225649748e-07,3.23821803658425e-07,2.0540956701218875e-07,3.2674300258235607e-07,2.5826278,2.596705,1766,2989,1974,3123,4.584236140659991e-09,3.269731584681418e-09
594,615,0.5157183205454599,0.8082503573846396,1.2870700965395774,1.5208368257144858,152233438.60379794,4515944094.355483,24971258.973563734,42689376.26682693,24928106.88671741,42615606.03065134,5.8153532757468944e-06,8.304847286678515e-06,5.819377880274454e-06,8.310594783761805e-06,3.1439974,2.8822799,8219,13141,8353,13012,6.247975452243338e-09,4.418964725895767e-09
595,616,1.0776494341545675,1.5257937684837557,1.7856624549831828,2.1677022510091306,150536424.4347518,13904730307.11597,41732617.4077318,100478349.40784116,40325557.57324117,97090614.38258737,7.400053324108087e-07,7.697217891182458e-07,7.502274429361728e-07,7.803543898003443e-07,3.887259,2.2859406,2505,4567,2647,4682,4.922792460972393e-09,3.563012352627351e-09
596,617,0.5533110493948218,0.7653374881232393,1.228646265780321,1.355703807342389,153306238.25923637,5019834010.918357,32844854.984520283,45184574.79881111,32843620.261016343,45182876.193152905,4.072146408135976e-06,7.736574535239476e-06,4.072207642776205e-06,7.736690873482453e-06,2.5826278,2.596705,7304,14533,7915,14956,5.924257823965346e-09,4.4234615969992584e-09
597,618,0.3786181875379579,0.6018173304952437,1.2676460372913687,1.3896722771244978,149948544.94670767,3431710303.787986,26780346.034776174,34033016.343047224,27246415.28536783,34625306.76385732,9.426337779413712e-06,1.7622359121877728e-05,9.361506065982088e-06,1.7501157467182747e-05,2.1199594,2.6515908,14027,22006,15259,22807,7.163315611826255e-09,5.1029149511739e-09
598,619,0.6316664112156297,1.2307080796185033,1.346633313818128,1.8220687679815128,151962090.61564708,7352143433.575956,29871562.74208496,59860206.15412211,30825652.13745257,61772124.468851045,2.4340435643535816e-06,2.774925407715691e-06,2.403624461064635e-06,2.740246183468181e-06,3.2134023,3.1242955,5214,6409,5569,6530,5.826446840815839e-09,3.787046333107345e-09
599,620,1.2888125548663922,1.2711614091835641,1.8981175773007448,1.8269506391386514,148110145.82641938,14655597362.685717,73293655.18477036,77973682.82591566,65963754.911456056,70175745.64272873,4.808752822279026e-07,1.1870470206348467e-06,5.015761282341089e-07,1.2381473339269782e-06,2.604403,2.414557,2575,7127,2706,7205,4.676898607908845e-09,3.781381836677519e-09
600,621,1.3498662845155427,1.7311790028727763,2.0007614793281077,2.315283233816225,149769899.86970782,22846773229.406982,83607831.49076818,130759251.7150759,81613618.28470142,127640383.27971402,2.400415980380591e-07,3.938525932326401e-07,2.423707686376892e-07,3.976742220179979e-07,2.418067,1.9828693,2125,4385,2268,4538,4.709947275555513e-09,3.495561641814073e-09
601,622,2.5729671356695363,2.8584909139173367,3.0786290683709936,3.318602272236676,149612958.331868,40688881811.21768,149053311.0726184,164696136.83338606,135278735.3364547,149475948.8755366,5.585585945921539e-08,1.1021461724621903e-07,5.806488577849825e-08,1.1457346146818214e-07,2.5826278,2.596705,877,1784,880,1727,4.091047070004658e-09,3.0430784559383504e-09
602,623,2.423847988278982,3.151971322954454,2.923124102756866,3.5987267376608103,150299962.62785077,40941012753.99386,141059529.38860267,182439349.8853785,131016666.19315375,169450412.23397064,5.9549104411496745e-08,1.116923397200016e-07,6.13346072708472e-08,1.1504129003434258e-07,2.5826278,2.596705,1004,1777,944,1761,4.178721345142748e-09,3.0065550045754433e-09
603,624,0.6283048565790176,0.8592450923755441,1.299168044536911,1.4740356285272533,152838975.7246591,6834047961.153069,41854253.78608783,55480833.440619245,41158085.24985312,54558011.81290989,2.025108247450009e-06,4.214878608335075e-06,2.038740821137826e-06,4.243252224059411e-06,2.2943778,2.3670542,5521,11822,6032,12169,5.709384652905807e-09,4.2476775284028535e-09
604,625,2.3014668208447695,2.814276750449948,2.775769801837165,3.2590705547511805,151226418.27978662,36689739765.8407,134762966.65981907,163897321.03516668,126230608.44889012,153520355.55611405,7.482564250717286e-08,1.4692825881035458e-07,7.680912357219e-08,1.5082303885502095e-07,2.5826278,2.596705,1019,2040,1063,2076,4.1908361540255266e-09,3.0362769871853205e-09
605,626,0.43891123050545955,0.7185331693983312,1.2958919308064258,1.5071303436506251,151384909.1091775,4307538924.868432,25727492.26081522,41889655.752692595,25537790.744323812,41580782.616475895,6.508223200758719e-06,1.003105763027313e-05,6.527518203139547e-06,1.0060796819432436e-05,2.5826278,2.596705,10263,16469,10855,16640,6.682393329574e-09,4.6630232719933e-09
606,627,2.1172150821027635,1.9078430488590106,2.647574057801085,2.4306144592553056,149186879.13821843,24946411601.68226,81830636.96385087,122806924.20769215,71828413.526543,107796136.79176997,2.2807047978060004e-07,3.52205488588487e-07,2.40279621490106e-07,3.710598652056593e-07,3.8599322,2.3176637,1353,3751,1474,3791,4.190855231163116e-09,3.32171202216298e-09
607,628,1.2806776259155206,1.5088264537587182,1.9627007808588695,2.125360687547093,149485540.6000957,15923715742.718267,29310566.722584475,151208194.83014113,27747462.999295387,143144410.37425414,8.162504863818433e-07,4.821397067773464e-07,8.34341463681379e-07,4.928256158653484e-07,6.531528,1.491637,1777,4963,1990,5147,4.722860248258091e-09,3.6042393979522083e-09
608,629,2.163251774015143,1.9164262784613144,2.708158447109712,2.483665316340496,149875322.8921111,24511793108.343826,125538050.09279759,110611335.24343978,112419813.54477584,99052882.17249131,1.2622447043039072e-07,3.6844876872454216e-07,1.319217988314295e-07,3.850792495435506e-07,2.5826278,2.596705,1143,3430,1198,3478,4.18624795028409e-09,3.3218332094044e-09
609,630,1.279987824664828,2.203945661984811,1.8953168633896924,2.696862782434879,150701744.96031123,23373150210.520462,74689972.24646248,127907658.7670988,74324440.7704241,127281680.82254325,2.3745481855081158e-07,3.4007029148438463e-07,2.379212572204514e-07,3.4073830039366713e-07,2.5826278,2.596705,1977,2961,2149,3061,4.7265892639095735e-09,3.2282629586586656e-09
610,631,1.5482873755091688,2.60564065789204,2.064793860318441,3.040460541931959,152408747.83709902,27038323518.457176,91369162.909708,152933209.58012587,91313088.81662664,152839353.0670953,1.9638357952094602e-07,2.3510088691929075e-07,1.9643180920290806e-07,2.351586251529698e-07,2.5826278,2.596705,2023,2514,2056,2448,4.597633753110683e-09,3.1279812390756798e-09
611,632,0.5932751565088843,0.9356651574340885,1.2919982340575134,1.5377550092720993,152800949.94307658,5823125010.468366,37465718.348639056,43412759.60134225,37188517.92358135,43091558.35538089,2.612790403202465e-06,5.613109572392815e-06,2.620563269339906e-06,5.629808175261044e-06,2.4196255,3.2932835,5889,9828,6288,9925,5.804695160259086e-09,4.0878216432082096e-09
612,633,0.8294217748390853,1.719280920085363,1.4793069744817722,2.2476850873835907,152515059.19923192,14332171513.941467,48980852.40572223,100980369.85600176,50725236.72823447,104576644.02042848,6.568214957407497e-07,7.236335233576772e-07,6.476915930155912e-07,7.135749249108214e-07,2.5826278,2.596705,3486,3952,3645,3994,5.3220393691468735e-09,3.4137504166360334e-09
613,634,0.7572088999719314,1.6160604109145476,1.4267988519039843,2.157719893616751,152386464.63495713,9927861726.489025,31211449.137582663,83391522.84112428,32739313.397881147,87473708.41345002,1.6958423500680706e-06,1.3376708032170115e-06,1.663731437679795e-06,1.3123418981069748e-06,3.6969891,2.9531267,4279,4387,4554,4497,5.4961884107063465e-09,3.483238914345126e-09
614,635,0.5291266816287169,0.7571203714042787,1.3618189371936809,1.4563657817982836,148876090.49395144,6117738967.363045,40196430.60584808,49752450.04765159,39484537.09620657,48871315.933406785,2.658471136602003e-06,5.848932456205038e-06,2.677540971726096e-06,5.890888216437345e-06,1.959734,2.2655592,7472,15141,8299,15794,6.252445528780157e-09,4.637522572377126e-09
615,636,0.7121984633258323,0.9818564946382139,1.4750741511556666,1.645441399498205,149630048.3976669,7442163463.461678,50411990.825042814,50080532.94487943,50647517.10982611,50314510.648823135,1.555145108921941e-06,4.131439599070334e-06,1.5522483050321683e-06,4.123743873293822e-06,2.1139076,2.9335797,4970,10068,5475,10481,5.626976389479765e-09,4.187789314726391e-09
616,637,0.5076974834888709,0.9300365922983256,1.3446884570767637,1.6576058085336807,150884981.30378756,8420230679.0125885,40478166.00407671,73250075.52710852,40716716.03848266,73681760.30342644,1.8225250568312912e-06,2.3122559669449754e-06,1.818246421337821e-06,2.306827618833614e-06,1.8924752,1.9157462,7546,10071,8109,10163,6.31449199150425e-09,4.215265766478842e-09
617,638,0.7879611528919113,1.3730169811510622,1.4925177163243892,1.9809748187629257,151769560.98580503,11531395122.644539,46304975.98154646,80248693.8082501,44910329.36395941,77831705.84933059,1.002466909671632e-06,1.1973122365642833e-06,1.0148050394023063e-06,1.2120484772923617e-06,2.5826278,2.596705,4284,5247,4476,5317,5.402372339793701e-09,3.659269212710596e-09
618,639,0.8446484441388035,1.1647213607883662,1.58034231804467,1.8316063285250557,150275114.72552243,10054468591.547007,50618712.859643005,66127857.92911926,49159095.808350466,64221026.570794724,1.0048242383385406e-06,1.9269773637055993e-06,1.0166535632156037e-06,1.9496627651880626e-06,2.5075636,2.6468215,3828,7338,4029,7320,5.314336928597342e-09,3.919856433396981e-09
619,640,0.5790641886812589,0.942408241326689,1.327286983223807,1.6459563530249544,152475878.71395984,6387028354.0544195,34187396.65117876,55337254.21392281,34343991.08314506,55590724.987922356,3.0581379897900446e-06,4.146497060434742e-06,3.0525528027150376e-06,4.138924164160665e-06,2.5826278,2.596705,7037,10052,7563,10199,6.002481911391455e-09,4.172837043688721e-09
620,641,5.204979738301264,4.466795368069628,5.5256756953527315,4.790120247598696,148711266.71185347,75075871853.01855,299709904.0335245,255809881.11020476,258440344.44249687,220585282.28857088,1.623691196003058e-08,4.143611673388676e-08,1.7228193828801813e-08,4.396583860044007e-08,2.5826278,2.596705,377,1163,472,1198,3.797369546513879e-09,2.8308933165166215e-09
621,642,0.5939064038369902,0.8769222073949696,1.2442358890826914,1.4210741602306716,153500330.36141413,6607011512.472792,42528952.7439716,51149416.76018055,41880876.750325955,50369978.120089695,1.8438060113112549e-06,4.24283156478236e-06,1.8551660844155853e-06,4.268972534303883e-06,2.1435945,2.6316595,5326,10440,5683,10652,5.734460918311713e-09,4.158456209768868e-09
622,643,3.9492674100962093,3.3065281315468757,4.2998323266543235,3.6502477035673784,147471455.29687524,53079278224.51706,225508380.3881494,187783562.45290685,192234132.17856207,160075692.54588267,2.466861529392836e-08,9.573889952883278e-08,2.6295270695081098e-08,1.0205194937631755e-07,2.5826278,2.596705,468,1917,507,1957,3.9417856208068574e-09,3.0163634602604285e-09
623,644,1.6260841794108831,1.6015331513546827,2.220247227595527,2.1458602870106183,148538983.85750288,18543127152.949844,93523693.84254827,91612295.93516742,84746382.17156065,83014371.26731293,2.768823200127407e-07,6.970991129693928e-07,2.880152071323684e-07,7.251280811444779e-07,2.5826278,2.596705,1760,4751,1988,4978,4.513791356019079e-09,3.575915427409432e-09
624,645,0.49934655678944023,0.7627250353956488,1.326262897068731,1.4364848967110708,148446641.59151873,5131840736.893318,28701897.867621876,43602939.09483608,29169033.26236676,44312595.16915027,4.638003988254865e-06,7.506997460587963e-06,4.608149384404017e-06,7.458675286682393e-06,2.5826278,2.596705,8442,14486,9216,14836,6.4022301118373985e-09,4.632435059392779e-09
625,646,0.319256218961919,0.7217372425228425,1.1673267368287885,1.471266753336402,152190110.51171738,3300151066.0160356,20431583.28973031,38971251.300096475,22012371.326765344,41986450.2188432,1.2639198790482677e-05,1.3250710250149354e-05,1.2267995877114202e-05,1.2861547746212734e-05,2.3780653,2.8185205,16277,15049,17540,15515,7.71212556514278e-09,4.658212360399793e-09
626,647,0.5695927005037908,0.6455206782100009,1.1711597820179458,1.1231540384304557,147725149.3537833,5088369035.434761,40383905.63362467,50302620.57259848,39248641.78993767,48888523.90505801,3.31964854047909e-06,7.788351731079569e-06,3.3577285288395306e-06,7.87769261751682e-06,2.0835817,1.8957191,7368,20458,8107,20905,6.012178828314701e-09,5.04187000007798e-09
627,648,0.6260311060914591,0.8743059535871195,1.2107271768882486,1.334381261629408,148345070.13066065,6062086549.83746,40189398.13252751,55774752.68219131,39057673.99916957,54204148.5782344,3.166500833053049e-06,6.187825521165773e-06,3.2028872975470036e-06,6.258930221745813e-06,2.3107743,2.3254066,7340,15634,8307,16131,6.067055882653983e-09,4.603627072616911e-09
628,649,0.8888818167768984,1.0425134210669,1.4225341808648406,1.4732727607092466,147837603.35527328,8510843259.42256,56868452.04154201,66277736.39080467,54731660.22801207,63787397.3811247,1.4618068329981328e-06,3.1445890546474252e-06,1.484373189117e-06,3.193133031083166e-06,2.3107743,2.3254066,4821,11105,5384,11509,5.382804723969547e-09,4.337279125964678e-09
629,650,0.7244087455689912,1.1093629299687124,1.290533099807324,1.5353754923891494,148145387.92724878,8239489505.299572,63782072.58764588,59540289.71718596,62908536.24847082,58724847.31146133,1.46866439609113e-06,3.13262632822075e-06,1.4767881049271513e-06,3.149954006518291e-06,1.6825702,2.7602654,6595,9342,7192,9351,5.7719390018739015e-09,4.2662123360518884e-09
630,651,0.7671128945975971,0.9168396495091728,1.303956249224034,1.3232719436629077,147948832.97660115,7912860725.904408,49114903.82986212,58331887.495097905,49137171.84281334,58358334.35999883,1.6829554761786762e-06,3.5835343326049786e-06,1.6826503615846124e-06,3.582884648974792e-06,2.3107743,2.3254066,5378,12012,5763,12194,5.343407493201978e-09,4.359026952312617e-09
631,652,0.7073954706494522,0.909599228899275,1.2885039301649344,1.3657203239571571,147812218.0151714,9374142634.629208,49126018.09654685,86046986.70701915,49455924.08540576,86624835.62166391,1.3836681279933453e-06,2.058710670318636e-06,1.3799686951040647e-06,2.0532064154982732e-06,2.1284382,1.562517,5526,12171,6094,12351,5.733463702818838e-09,4.529513383453762e-09
632,653,0.4138056856173248,0.7130493290349631,1.083062201505029,1.2219682238373242,147905250.87583223,4664449862.770802,31168004.45748263,51828501.754720345,31266565.970182855,51992397.25020835,5.943941925453674e-06,7.742540828544131e-06,5.9364399968089066e-06,7.73276886415528e-06,1.9636815,2.0348599,13095,17771,14119,17748,7.064197133413784e-09,4.998896317804284e-09
633,654,0.591534446716057,0.7614532476002414,1.1986380847947067,1.2354642591397387,147791885.1081184,5361391514.3746605,37833202.05117129,48394380.09874854,36161223.39514069,46255666.84662944,3.6281808566388283e-06,7.461923838081472e-06,3.6943745301718205e-06,7.59806152525388e-06,2.3107743,2.3254066,7798,16871,8418,17204,6.023675481727756e-09,4.783121647216039e-09
634,655,1.066864862018947,1.1745447386356767,1.544606476314166,1.543409215470498,147946255.39734182,11300933327.060047,68305529.16860162,74726499.82063262,67322163.71813363,73650694.4055742,7.279360270449536e-07,1.7064605529193856e-06,7.321706773337138e-07,1.7163876116233115e-06,2.3107743,2.3254066,2978,8002,3560,8293,4.859795806824081e-09,4.01870056542444e-09
635,656,1.3372921689863064,1.564077975844989,1.7763608839813725,1.9063624495808906,148039420.1341374,16398457334.119057,85673428.70597777,99571918.55766967,83859095.77433938,97463252.96981756,3.8469556681252875e-07,7.768155927872425e-07,3.8800343522622027e-07,7.834951700538456e-07,2.3107743,2.3254066,2422,5328,2730,5478,4.741571190065051e-09,3.771716443262967e-09
636,657,0.4159050813741557,0.7390736709632648,1.0801014459749687,1.2486589068288836,148189077.23501956,4061050242.9275055,26671834.729247186,47098277.48349243,26649647.809850745,47059098.863167085,1.002878432947943e-05,1.034423799660188e-05,1.0032123244601427e-05,1.0347681936718418e-05,2.3107743,2.3254066,15609,17841,17625,18065,7.078259432996513e-09,4.9227029921322825e-09
637,658,0.49698339284820503,0.6445325589409108,1.1149135924059383,1.1305948663140895,148150712.21525794,4036787811.73712,41100030.204453334,37435135.9976419,40514382.39571279,36901710.46832081,4.88290944539832e-06,1.3855821822036955e-05,4.911021523781637e-06,1.3935593104605682e-05,1.791445,2.5507576,9973,21419,11003,21928,6.375663149440059e-09,5.055852633124948e-09
638,659,0.6603544858718494,0.5632939526136329,1.212020630622317,1.0293872054967481,148002479.03250164,4329862883.178314,32573661.17863672,41274949.54846194,32537053.986401867,41228563.60479051,5.205482411455797e-06,1.2938131304028396e-05,5.207824280702072e-06,1.294395197719761e-05,3.0004027,2.0198426,7011,27319,7512,27735,5.547154926146834e-09,5.239973270330147e-09
639,660,0.7773449777422647,0.7620068148280223,1.320515066516986,1.2051517423506408,147803488.26248637,5371980265.5515175,44634934.85661843,43045242.328992665,43898471.45591139,42335008.391120836,2.8707044768930764e-06,8.573259910676849e-06,2.88987254699527e-06,8.63050469093721e-06,2.5740891,2.6164858,5476,17260,5991,17602,5.35777149633916e-09,4.69850765107369e-09
640,661,0.5090388854131872,0.7776577694738391,1.1452942190939717,1.2736369708430284,147978503.36492276,4727889467.4025135,31229559.503614254,49131599.9706785,30926072.008377634,48654141.22809383,5.679232054287371e-06,7.953205107279791e-06,5.701459618112001e-06,7.98433262107789e-06,2.4120357,2.3422122,10436,15854,11132,16054,6.519695204735016e-09,4.826229557194977e-09
641,662,0.6240678848972973,0.856603317675623,1.2195593268427734,1.3196935332509216,148033340.8510331,6752844787.21343,31432626.80695781,71158105.84717633,30918326.601835288,69993817.90337546,3.208553292299327e-06,3.612433568825783e-06,3.2297963202136126e-06,3.6363505869177828e-06,2.9390752,1.7820296,6702,13380,7372,13689,6.0188809672474694e-09,4.646549279418464e-09
642,663,0.4000470763287877,0.5997392157561028,1.0686329164308508,1.1260656926189139,147846181.6502251,3251046727.618759,25595503.946684632,38130601.77753013,25641307.620430395,38198837.2632305,1.2889258342617679e-05,1.7115919638644237e-05,1.2880043647721271e-05,1.7103683249773042e-05,2.3107743,2.3254066,16588,23846,18134,23929,7.102554219569651e-09,5.299200301196359e-09
643,664,0.548317712089968,0.7461240359282006,1.1505833369514584,1.1898623060566274,147975598.47612098,6180183648.031061,41749994.958143,52909430.41638962,43736338.118407674,55426707.013104446,2.6474336315899987e-06,5.834253207165986e-06,2.5986673217910345e-06,5.72678497984148e-06,1.9434168,2.0867386,7807,16819,8419,17279,5.998601695547382e-09,4.705980714138744e-09
644,665,0.5171929131026316,0.9741045816139214,1.1214741525298337,1.3858692446057497,148710138.80010983,6278989688.521584,33284007.829724215,62294149.994082406,34037121.998181745,63703673.96765463,3.89325075089522e-06,4.0412292546979196e-06,3.858562060094128e-06,4.0052220820183e-06,2.3107743,2.3254066,9581,10933,10579,10912,6.320374831029915e-09,4.347155637330491e-09
645,666,0.7965995616136088,0.9013788456923113,1.317433544424812,1.3214517673221964,148810938.72628936,6585169656.666412,65649335.03897594,51546620.03223031,62986920.26205129,49456142.150118455,1.6924020273825067e-06,5.352072663871442e-06,1.7206618108066888e-06,5.441441745156116e-06,1.8056958,2.6022081,5496,13109,6172,13544,5.44128620312403e-09,4.438095041063704e-09
646,667,0.10798678045900864,0.23706292860340217,0.9083100290633601,0.8752799141321614,146870001.499654,448371574.82556653,6519389.718407256,13358870.53720357,7384895.978228331,15132377.962514196,0.0008728381880257511,0.0007454860696707585,0.0008303836001911638,0.0007092258506994905,2.4327459,2.6063156,148090,125846,160870,128248,1.3391660600475567e-08,8.134922706562886e-09
647,668,0.45355774942282173,0.6384176860523022,1.1017442916660736,1.1618402228021998,148203626.8145163,3897300170.7770567,29657644.704396773,44895312.709528394,28876379.222343106,43712644.34609089,8.729142857686776e-06,1.3361464233358599e-05,8.822855564696303e-06,1.3504907753911867e-05,2.266495,2.1074765,13600,24019,15010,24709,6.745563098472982e-09,5.151613063088038e-09
648,669,0.40137048489998606,0.5708441117190618,1.0455179082667294,1.066090700962983,148234383.75920734,3010977413.8369737,22864861.942772564,36086406.16422728,21570880.158772185,34044182.933515444,1.467165995543129e-05,2.0067628796657442e-05,1.5017565671766798e-05,2.054075232427118e-05,2.6021109,2.344892,15369,25245,16977,25768,6.909569263594987e-09,5.292552095405807e-09
649,670,0.5733147649590483,1.1390662939615739,1.1823400215594186,1.571440649912098,147986243.40755853,6945431906.74202,34858267.62646985,61364536.45472286,35701327.13556236,62848659.43333938,3.1129280070995407e-06,3.7853927605249154e-06,3.0833132737671937e-06,3.7493805569321977e-06,2.4339333,2.7469635,8407,9802,8883,9571,6.32369948242388e-09,4.268710248850194e-09
650,671,0.8503607688922069,0.9643104759827865,1.3824396504612257,1.383489787654241,147844384.4872866,9974774307.597462,51501287.28327729,80763998.2766754,49044858.907183126,76911842.58117953,1.24298274516913e-06,2.0746249404398166e-06,1.2675203419202034e-06,2.115579901718306e-06,2.4411247,1.7652406,4703,11613,5079,11723,5.2794185299303566e-09,4.34687715985672e-09
651,672,0.525210632713428,0.6812941641233932,1.1355561378277104,1.172031282061709,148466715.2537314,3726129516.7531557,46799390.543911576,33701190.648694195,45772210.70630117,32961497.607065327,4.653610389906562e-06,1.564907502592935e-05,4.6951053766426e-06,1.5788613600546734e-05,1.6661819,3.001363,9473,18980,10407,19428,6.371131856292476e-09,5.000044969768969e-09
652,673,0.6005311740985259,0.8973460871724889,1.1820526936223237,1.3301227097045882,148393542.52762982,6508824385.896719,43471389.317801505,57271188.76522345,41848746.1140713,55133444.68393677,2.6572507265791276e-06,5.029662906090192e-06,2.6979938944479673e-06,5.1067818614287885e-06,2.0499678,2.3250847,7392,13623,8437,14080,5.9910104534048215e-09,4.465784179445365e-09
653,674,0.37875246416471287,0.5861710513085544,1.0153951476950247,1.054039210885864,148985690.5164173,3410984193.6029124,21732972.213495325,44679499.2745821,21394851.17255853,43984376.736585416,1.4061725759021133e-05,1.3311023018474191e-05,1.4150199593245328e-05,1.3394773566882902e-05,2.5964556,1.9546123,16471,23031,18473,23229,7.016461817862844e-09,5.176764836923345e-09
654,675,0.7823903465843066,1.3434361693274806,1.339741036309344,1.749193993197593,148074945.5264442,10462211687.0153,50135752.310767435,85546001.97291155,50061551.28898304,85419393.70509073,1.34928642442019e-06,1.7603563016085497e-06,1.3500860316670078e-06,1.7613995149917662e-06,2.3107743,2.3254066,5345,7798,6109,7920,5.718756550964343e-09,4.0812297210029685e-09
655,676,0.6555981646570255,1.427887196283446,1.2477781698354187,1.8284852696186888,148036847.06235754,8408490033.0934925,42899635.06292143,69140525.01435718,42998858.31860708,69300441.24631761,2.0703538035348517e-06,2.3826113556953828e-06,2.068441477115037e-06,2.3804106059318073e-06,2.2623196,3.0572507,7023,6521,7695,6553,6.064581783626664e-09,4.03399632897144e-09
656,677,0.29998667721564426,0.5517001789170943,0.9973472679048168,1.0794061437774347,148200232.5053754,3174390011.335978,22992839.906953868,39601169.2840599,23624988.325151023,40689935.031265624,1.53137129190188e-05,1.8060439607756847e-05,1.5148474717152654e-05,1.786556364387538e-05,1.9335626,2.0646384,24132,28122,25141,27768,8.06307308041195e-09,5.486062384742875e-09
657,678,0.3873928190871124,0.5150241632774335,1.0682305259706073,1.068204019417597,148008051.52946332,3125364338.289308,22880386.80701389,41340212.88935835,22279264.578632012,40254107.08601526,1.4205714366889335e-05,1.9080054065197435e-05,1.4357806054384938e-05,1.9284332255321194e-05,2.5059566,1.8439122,16090,31546,17717,32340,7.1332979971935656e-09,5.631636526360216e-09
658,679,0.40712957984999465,0.9359619701294388,1.074524237646623,1.406692155202335,148061548.66451058,5118553209.988651,22166883.87886652,60507672.80829003,23279420.54121737,63544500.38949692,7.927221739791187e-06,5.278547059777445e-06,7.773453384739101e-06,5.176156395672169e-06,2.7193825,2.2902877,15121,12510,14921,11797,7.203438900851284e-09,4.572701714436979e-09
659,680,0.3591681493822064,0.6095446202811018,1.0569785390369582,1.1670391181743998,147981856.36535382,2789437768.812564,22052100.47094811,33680561.19618167,22393775.793462284,34202407.930207044,1.8024979176862408e-05,2.3733754400329323e-05,1.791446431988511e-05,2.358823786755831e-05,2.410218,2.6781485,18623,24118,20861,24720,7.494924093281407e-09,5.312224994069025e-09
660,681,0.8964358673676145,0.8449261882404089,1.4135253510528412,1.2735715082696153,147856890.45536292,7164517890.970802,57359223.634100325,53723146.247855954,55527004.46006794,52007073.881315954,1.3784946186883976e-06,4.800754153178536e-06,1.3965120352457217e-06,4.863501723023546e-06,2.3107743,2.3254066,3955,14620,4274,14791,5.138714766169399e-09,4.52727990455434e-09
661,682,0.715380807685225,0.8669882183519739,1.2855697356382274,1.3212136053404595,147946951.25234574,6685218820.917078,45802140.64241139,55159499.27934219,44847752.86518022,54010130.46880128,2.3704968489312767e-06,4.696576245935488e-06,2.3905477220401086e-06,4.7363022866579895e-06,2.3107743,2.3254066,6295,13254,6858,13502,5.676898654442471e-09,4.56961334268058e-09
662,683,0.47684950027171563,0.6124462095771847,1.051487661925361,1.0356000364250597,149663241.6181971,4350430959.494437,45735923.03636031,42174698.68372267,44239898.20492524,40795161.718021095,3.6538697024966144e-06,1.0465052094721837e-05,3.702801133864391e-06,1.060519665925932e-05,1.5604111,2.1733572,9186,20821,10187,20948,6.195580335217627e-09,4.967797364531741e-09
663,684,0.662890065347629,1.215075471140766,1.2410475173383264,1.6300736710616854,148158522.24148843,8683203348.566837,42502122.55280336,77416046.81783229,43347135.560164295,78955206.80821298,1.9304346678655896e-06,2.2535803612418852e-06,1.9152928808134114e-06,2.235903910179895e-06,2.3107743,2.3254066,6839,8551,7254,8415,6.102231956580292e-09,4.227619683591171e-09
664,685,1.2585474226335478,1.524788990900377,1.7170734819487377,1.8741623345745895,147879114.0871571,16060475058.057096,86393175.24231304,101527938.85651211,82114602.13105835,96499825.14250396,3.814768549157209e-07,8.197488686236093e-07,3.893066396472162e-07,8.36574154594439e-07,2.1542544,2.2209103,2597,5829,2844,5928,4.80601779883354e-09,3.805202421589138e-09
665,686,0.37644182689647365,0.7413847478637082,1.059411953560009,1.2603309939786973,148126189.23683894,3608801314.999815,21732016.834688306,44087418.67858209,22154338.01119759,44944175.35548088,1.2349988006752398e-05,1.2291729673126179e-05,1.2255274350692696e-05,1.2197462807765436e-05,2.5658407,2.490926,16090,18052,17370,17808,7.4051993801169974e-09,4.942510506268433e-09
666,687,0.539982080751299,0.676031084122468,1.153137275940982,1.1469497678170555,147856641.61219397,4495431806.669387,28655797.263897385,44633253.9523406,27582575.42893446,42961641.66858652,5.592878209096383e-06,9.829391554009114e-06,5.67892894465135e-06,9.980624307818161e-06,2.7861705,2.2394891,8309,19325,9024,19731,6.102865960984681e-09,4.940424979836206e-09
667,688,0.3991220099763976,0.6544026828483394,1.0463966951598724,1.1370589860666178,148476243.6905388,4359753131.460754,30611004.15820721,50422454.10175862,30927143.595136944,50943199.065431155,7.936346677777819e-06,9.409163752502546e-06,7.903796261112595e-06,9.370572671108275e-06,1.9359096,1.9269838,15547,20826,17873,21288,7.058163452050849e-09,5.062783395074483e-09
668,689,1.0037756499791197,1.0840685914798605,1.4803339209925566,1.4685284116544344,148730391.08480638,9927627329.306227,64606891.71711846,69335808.01463059,62142015.78819092,66690514.92521362,8.32589640698935e-07,2.1879974267847513e-06,8.456456264811661e-07,2.2223078023878865e-06,2.3107743,2.3254066,3284,9201,3577,9341,5.035517560221401e-09,4.133139959611629e-09
669,690,0.7009068620385994,1.3592565523940863,1.2757428501062247,1.7631653482268337,147978501.63797906,10021473999.88943,44885018.511868365,86497022.91413556,45035565.623594835,86787139.24703221,1.5967822725156556e-06,1.7799970372419084e-06,1.5946450064343093e-06,1.7776145412948558e-06,2.3107743,2.3254066,6927,7609,6925,7671,5.923920280619928e-09,4.06228755229733e-09
670,691,0.395938747680544,0.5600195967870467,1.0914972927722764,1.1053439895045585,147222514.26282647,3016746868.6569734,27172301.83873379,29123475.44847924,26757066.741951663,28678423.37971256,9.809765807488773e-06,2.6764561511700685e-05,9.870378586989714e-06,2.6929934926029253e-05,2.1452396,2.8309634,12720,27695,13795,28521,7.2044808223858985e-09,5.431017027613534e-09
671,692,0.5638946963461795,0.7376575928463756,1.2169431671061868,1.237840644841499,147058664.6017427,5179416388.417385,35577803.155834176,43551165.10433795,34133551.970732905,41783241.95464323,3.5951837694574298e-06,8.582340067001746e-06,3.6552758080256413e-06,8.725790400387515e-06,2.3308241,2.490839,7495,17559,7989,17846,6.210266422933781e-09,4.802526462366643e-09
672,693,0.6180884278303959,0.8356785417638091,1.2457850358565035,1.333996577687473,148091925.51061377,5475897878.060961,35320839.22917472,43449501.085929714,35220599.37199575,43326192.24394293,3.8764355189393275e-06,7.830372240795586e-06,3.88084478035708e-06,7.839278917571013e-06,2.5914986,2.8483007,7098,14134,8191,15054,6.050185594092678e-09,4.58797315466642e-09
673,694,1.0575236310549911,0.877662797431024,1.5571180251916727,1.3203727741848374,148707879.28606102,8280793077.475535,64814194.76611235,52916414.61725438,59231101.115446374,48358195.54916733,1.0346172526643855e-06,3.938486169967499e-06,1.0725754335373954e-06,4.082981895338869e-06,2.4263527,2.466444,3280,12881,3531,13223,4.954116107878974e-09,4.391683766720675e-09
674,695,0.8003246547487853,1.032564598904901,1.3764824731783325,1.4878182959561126,148851225.5388091,9436093724.56292,46008392.66574171,68716973.67103161,44857453.77011987,66997960.395301536,1.286676995619009e-06,2.475361622415629e-06,1.299781985440795e-06,2.500573535722115e-06,2.5892951,2.2366891,4151,9970,4689,10443,5.526815640015654e-09,4.2270134946741775e-09
675,696,0.5047330372216512,0.6895261246339006,1.1518100781207254,1.1981282399231425,151169750.6305718,4520575759.58057,32644720.181248825,41784463.065539755,30441948.829689868,38964968.28445374,4.967672093274152e-06,1.0752450560636086e-05,5.1084496900590565e-06,1.1057161524051785e-05,2.3372958,2.4945993,8733,18779,9608,19485,6.242370454221663e-09,4.761038038150897e-09
676,697,0.5774136736131946,0.7948283633834236,1.2195677638745726,1.304202010920966,147869703.08287105,5830978284.536608,43430575.68139369,45079252.98483979,43749239.080717705,45410013.23311553,2.8917761057379804e-06,7.201485943681081e-06,2.8833323045336836e-06,7.180458065498077e-06,1.9659419,2.607209,7884,15688,8577,16106,6.262979089716305e-09,4.72830931089353e-09
677,698,0.27182860422224436,0.39948485933879807,1.0313890680883118,1.015194921879664,148109617.01881215,1756334797.2042775,15451823.99083604,23675536.372537296,15294618.018454706,23434662.82134349,4.1535396910157134e-05,7.282721507938276e-05,4.170564209514013e-05,7.312571909343622e-05,2.6055455,2.4991007,26373,49919,27998,51182,8.485330552470732e-09,6.3390570899742274e-09
678,699,0.5528790535757238,0.7070344553191371,1.1837065167387786,1.209648054776977,145759331.35366628,5064901636.103809,38089087.97479282,35386981.566799186,37205706.281616844,34566268.51340306,3.2787570974576053e-06,1.0342970580628726e-05,3.3096773050254288e-06,1.0440509613779097e-05,2.1157577,2.912282,7390,17659,7849,17988,6.317134982952886e-09,4.9079631107018715e-09
679,700,0.7742327284619402,0.8849931520887611,1.3385924401042055,1.3419217629731535,150202683.0802026,6242627512.611207,46771565.32477386,42903775.10516533,43782399.57323885,40161799.414050475,1.8365172493055692e-06,5.8798068481979e-06,1.8856798037135604e-06,6.037206036358159e-06,2.4863789,3.0982902,4241,11489,4611,11847,5.403413366173244e-09,4.33634949155465e-09
680,701,3.903699834964273,3.315869284616526,4.149115036272155,3.5254968930342945,146921494.6865753,63113026876.4738,245385036.22891387,195290871.5564721,193364115.47734466,153889769.39934286,2.6182679113683568e-08,9.980290194016955e-08,2.8800694541616808e-08,1.0978222972008797e-07,2.3372958,2.4945993,685,2513,707,2525,3.690511486426361e-09,2.8498053050304177e-09
681,702,5.5840245541682965,3.003216401901805,5.787609440484575,3.231899917920131,151081125.641316,56519184302.35731,360947345.7542233,181884647.5839978,295089561.30556124,148698311.52692586,2.2910130236008975e-08,9.251159933286443e-08,2.483267818080493e-08,1.0027488934191193e-07,2.3372958,2.4945993,565,2180,554,2096,3.371710728005231e-09,2.7646456337524417e-09
682,703,0.3800897572034155,0.5467236470042008,1.0788067972497337,1.0940874422979197,146530876.992517,2715890957.5831337,26814261.094499446,25068887.889295217,25010128.161383156,23382188.1857947,1.2429987373772039e-05,3.7380016106074636e-05,1.2781171259186347e-05,3.8436112053579776e-05,2.0770621,3.1956701,15252,31114,16253,31768,7.343270299247819e-09,5.496744406896396e-09
683,704,0.6589253605257483,0.9289630089255273,1.2650504966673606,1.3885037627864973,149123511.066947,7272804408.5574465,42040576.67525586,55532055.00470167,40797333.38357735,53889835.503503606,1.9864174159284886e-06,4.038526338428754e-06,2.0104129317065244e-06,4.0873109099376e-06,2.3372958,2.4945993,5873,11594,6181,11774,5.962586630593521e-09,4.489250141243541e-09
684,705,0.2778966085288638,0.36411451722032295,1.0314944404374347,0.9916043046637163,149219941.97242624,1510451522.6292555,15994421.970368732,22050933.41958981,14747782.961023692,20332237.123827573,4.455769649776408e-05,0.00010150210725142971,4.6027719288215305e-05,0.00010485080843363542,2.5926361,2.463984,24035,60232,25959,62222,8.325242149361213e-09,6.594084587697462e-09
685,706,0.5348944757851694,0.6616246290059404,1.1581334677438098,1.154797676773859,145404376.51732934,5344211905.259073,33621597.56892978,43067723.174621426,31416717.32223846,40243372.78784963,4.205630189604249e-06,8.257575941884492e-06,4.321296819972306e-06,8.48468244938652e-06,2.3132749,2.2337637,8871,18998,9716,19756,6.349048077069245e-09,5.0215148876864565e-09
686,707,0.9226208055823983,1.2745375593548454,1.4724332935284035,1.6943594775595536,148160571.1902942,12038540475.311104,58597268.999436274,74610322.86265424,57770800.27427691,73558002.5161101,8.809152048081595e-07,1.5612320930718384e-06,8.859346807036605e-07,1.5701280308598158e-06,2.3328054,2.5309663,4271,7360,4546,7426,5.406047323394355e-09,4.024266943210408e-09
687,708,2.6523641145893917,3.0152041269213745,2.9750761673211805,3.2441416137823595,151583679.33198678,48727334812.23471,172017213.83215055,183218096.58799025,145321401.1035939,154783988.8261459,3.376864853250399e-08,8.52397909819011e-08,3.612522934980446e-08,9.118833985868834e-08,2.3372958,2.4945993,644,1588,704,1665,3.6996168520711477e-09,2.746099069480752e-09
688,709,0.7276932648283854,0.8629303223931493,1.3148716569140335,1.344204428006899,149294469.09786266,7487676568.750853,57579603.423998736,52425590.34416341,55591491.09408134,50615436.116477504,1.3075550990757242e-06,4.491318397465226e-06,1.3260629381342343e-06,4.554890936870694e-06,1.8867893,2.4574015,4742,13147,5189,13685,5.596023242163949e-09,4.430039513744707e-09
689,710,0.7369229609544323,0.8732630712027228,1.3222795827805482,1.3433969003414719,148704764.3095514,8335868321.916508,73573145.21566272,56940764.72210135,71978603.70815732,55706694.70168362,9.83277986307675e-07,3.7117580733672604e-06,9.919337750794333e-07,3.744432651973033e-06,1.4894559,2.2805872,5156,13200,5503,13567,5.653759402590774e-09,4.487586104133939e-09
690,711,1.5528673223189036,1.1402172947661315,1.9495241783822623,1.4921906989361642,149913442.32200018,13114639199.078943,99600438.14658538,68521585.67248437,84877527.45399441,58392742.81653259,2.9139029865712105e-07,1.4018835411264089e-06,3.106436641642264e-07,1.4945118006810008e-06,2.3372958,2.4945993,1547,7163,1635,7370,4.191129837419254e-09,3.765426275036992e-09
691,712,0.9274495733607271,0.9795598600582349,1.4519762999698895,1.421722295248287,150609671.74171713,9165651930.534397,57906135.126065634,59813185.129107,53145217.01592793,54895473.46200591,1.0661479367054968e-06,2.922761417292669e-06,1.1033711612023579e-06,3.0248059841309584e-06,2.4122293,2.4665329,3855,10911,4051,10861,5.025071204799409e-09,4.095463230748783e-09
692,713,0.9625783450050025,0.983398357564178,1.4913254697319303,1.4321001079147648,149595069.708224,8725243982.369984,61608365.796340466,58972014.40358225,58412170.62906839,55912591.14174619,9.734665247599071e-07,3.4048541363115614e-06,9.94433072007943e-07,3.4781879729725124e-06,2.3372958,2.4945993,3308,11342,3634,11909,5.118907636609588e-09,4.210582746015475e-09
693,714,0.5232553565347263,0.6632959895666435,1.1689991637405512,1.1850480617002226,146733236.6214734,5213060723.3947525,46191435.880119756,41113275.20014937,46112797.187591664,41043281.83134226,3.103377857080629e-06,1.0037192036394738e-05,3.1054937194884843e-06,1.0044035327250146e-05,1.6621902,2.3673027,9098,21642,9733,22103,6.506202429185254e-09,5.076175708521195e-09
694,715,0.8607580181046226,1.0476028644213655,1.4208440395322857,1.495684114660695,148601955.91229105,10021918471.0261,67838963.54331067,65209629.21349485,68379806.70994972,65729510.12731024,8.761566691233495e-07,2.4637981875611787e-06,8.733781148680892e-07,2.4559847482763983e-06,1.8854994,2.3873136,4458,10197,4657,10343,5.444751915759263e-09,4.239493912330581e-09
695,716,0.44424457927068667,0.6083109012146706,1.1299289228488887,1.1613926112080986,148944107.83476236,3940710927.9097047,29167488.973811653,37909012.11427146,28970226.097059134,37652629.37281499,7.558516580357122e-06,1.5354192045671008e-05,7.5790615352341215e-06,1.5395926581726786e-05,2.2685399,2.3900471,11986,24170,13130,25316,6.773752277814522e-09,5.16855557524988e-09
696,717,0.7453976168597749,1.0285597135486337,1.2992755071500417,1.4357567278788201,144987567.74416408,8569722403.0405855,25658958.347510193,66394658.17777398,23291488.696328286,60268636.37643577,2.534604022540254e-06,2.5292263291176935e-06,2.6346736585218086e-06,2.6290836464023514e-06,4.2119164,2.2460899,4551,9246,5157,9650,5.6258855473962084e-09,4.206443398519902e-09
697,718,1.7508184011741024,1.295315969453322,2.1577955993031166,1.6845359705535106,146857312.73665184,15185289942.382805,110007678.73981115,76255381.94402038,95444438.76084523,66160400.94214799,3.3554215055049975e-07,1.430198671754312e-06,3.551534457151421e-07,1.5137889099697997e-06,2.3372958,2.4945993,2105,8632,2180,8706,4.575544041895519e-09,3.941240656629633e-09
698,719,0.7989403363806207,1.0833565161044914,1.3609135429315644,1.5098768665056708,146243648.10138392,12796771071.179049,53843068.86438807,85466761.48861846,52935436.247861095,84026048.28277613,7.895399795308751e-07,1.421373790218483e-06,7.949273684571554e-07,1.4310724674432614e-06,2.1700091,1.85375,4503,9911,4656,9812,5.637401989428009e-09,4.222739858305555e-09
699,720,0.7540907229412245,0.8385713041336885,1.344830502976822,1.339095802578005,148424829.26976675,7457746982.396901,44310641.445507765,57311253.08874985,43575329.41888705,56360202.6800419,1.790026521550009e-06,4.311582996915452e-06,1.8020482242504794e-06,4.340539310318249e-06,2.5259347,2.1717341,4749,14312,5285,14806,5.664427759066578e-09,4.582631483452341e-09
700,721,0.736089626978579,0.6352106165842519,1.298731500881618,1.1181535783686445,149026169.34228978,4147963767.548648,34852431.74732276,33904456.26195537,30944390.78822062,30102712.8218298,4.435923086154152e-06,1.689852404410568e-05,4.65205099465594e-06,1.77218572235784e-05,3.1474595,2.792052,5414,24598,5846,25105,5.447924354920854e-09,4.963700949877158e-09
701,722,0.3942052146193557,0.57407631551992,1.0952767945589934,1.12966447122786,147480787.1391686,3460833823.170727,25792922.16041787,35242886.54257387,26132623.91321988,35707047.611949995,9.481525836203449e-06,1.836649498488918e-05,9.4320315423477e-06,1.8270620468953014e-05,2.2540174,2.4023352,13231,25430,14558,26459,7.2346146498141e-09,5.382201232972246e-09
702,723,1.0320328245671715,1.0412218153661412,1.5303264477062684,1.462688288445947,151312488.36973342,9838985529.689873,66812020.44024691,63156380.99790294,58055121.18011305,54878618.0685826,8.397553414493569e-07,2.5524106197045675e-06,8.882974240401198e-07,2.699952791801262e-06,2.3372958,2.4945993,3246,9788,3535,10067,4.866768446679546e-09,4.015996392833773e-09
703,724,1.0017812803505,1.0411936678471188,1.5013000540902548,1.4595500118531117,151473553.27961794,9860342673.505268,64922621.32319551,63221898.811982095,61400174.89684126,59791726.908894874,8.014322992073829e-07,2.5911559949383894e-06,8.195159616076293e-07,2.6496233043857158e-06,2.3372958,2.4945993,3175,10089,3381,10242,4.871183718810309e-09,3.977979432235969e-09
704,725,0.21536101313558612,0.3856226539196761,0.9932808631541318,0.9956288154063799,146356400.1524636,1816739485.3745522,14430559.196775433,23690013.142770223,14256379.550578158,23404070.09293065,4.2168512944719584e-05,6.592121241715019e-05,4.237384276038934e-05,6.624220050634566e-05,2.1842163,2.3823686,33571,49555,35074,50270,9.576045331157e-09,6.4875970582243e-09
705,726,0.8511028795391168,0.9503904143833345,1.3946686387489173,1.3956967315492839,150939032.9239107,8708798808.535765,52340863.33404537,59934555.87289136,51551194.165547706,59030320.293161474,9.080505372163489e-07,2.6730207291025856e-06,9.135890390597885e-07,2.689324370396682e-06,2.4543853,2.3934608,3096,9656,3222,9726,5.203605410143499e-09,4.1933008323137e-09
706,727,0.4857187522925242,0.5758263695740139,1.1331775436858225,1.1034148418235732,150563845.48182252,4848171416.30194,33872663.37859523,47431080.94124042,32266104.79591831,45181455.35614555,4.2791395474264225e-06,9.98251643862377e-06,4.363124162718676e-06,1.0178438491049155e-05,2.1590178,1.8278865,8974,25782,9609,26477,6.367583710841892e-09,5.1735152279325615e-09
707,728,1.0135377285771867,1.3728270835718899,1.5164541222040344,1.787088126257817,151167620.0366897,14204479415.017136,58624001.64560874,81243790.97133371,50406208.95092173,69855202.45482607,4.6623462614184166e-07,8.99503380172598e-07,4.952689416333849e-07,9.555190929946128e-07,2.6135044,2.5543737,2335,4788,2534,5002,4.6685422909796814e-09,3.4566331413211024e-09
708,729,1.3551027845585875,1.5483814039033685,1.8164343898805828,1.9584437085711086,150322190.59643605,14137757816.024555,88313821.0532501,64698568.98110059,77760831.96125142,56967465.46205121,2.6332351917786835e-07,1.0827430243676636e-06,2.7707462968678595e-07,1.139285330301158e-06,2.3065701,3.5975461,1517,4131,1614,4255,4.3539660235879845e-09,3.3638837418088197e-09
709,730,1.2998365685818065,1.5562723817208004,1.7790642487122093,1.9805853244300147,150663271.07197052,14944577341.586964,85509377.40678178,68189873.01356304,75792274.1163156,60440921.26661683,3.034337973132977e-07,9.22183180172597e-07,3.1843403104316325e-07,9.677712569353745e-07,2.2902474,3.4385324,1887,3935,1980,4008,4.37268533065605e-09,3.3351437949798348e-09
710,731,0.7072679870357078,0.8162469170777726,1.2400955947821803,1.2713905713610778,151917054.23728123,7197326488.180616,50702690.51049513,50377691.90559326,45447052.40657518,45155741.85716791,1.4003292754540215e-06,4.315965551237957e-06,1.4629863770063913e-06,4.509081482312645e-06,2.1191394,2.4614432,4538,12490,4756,12620,5.235571129962351e-09,4.220200939536953e-09
711,732,0.9895878322853556,1.2207487450430587,1.4535825281738661,1.598529084985359,151240867.5450602,13045678946.35628,60456277.27560755,74197687.1783336,55041090.20160466,67551655.12615603,5.313411489354533e-07,1.3242974940009059e-06,5.51664706124762e-07,1.374951270597936e-06,2.4756093,2.4883134,2673,6854,2800,6943,4.727787365478995e-09,3.63220782308304e-09
712,733,0.2725556793134298,0.48327387392487153,0.9636668385759489,1.0365078936863912,150693158.32825607,2352512790.926094,14385483.080111865,30861004.28363974,13312973.689995235,28560162.754835427,3.3319460173027603e-05,3.516873248941207e-05,3.436827282726785e-05,3.627575557672921e-05,2.8551197,2.3598087,26062,34366,27454,35060,8.083775021330873e-09,5.467712462660158e-09
713,734,0.8868749247236777,1.7027739040470757,1.402906529781478,2.062196335282325,150202585.4874339,17554523143.20797,50970224.766971774,100126713.20895705,44555205.20058919,87524947.62346856,3.142841160304959e-07,4.083034636559302e-07,3.3165738525029176e-07,4.308740156999326e-07,2.6135044,2.5543737,2024,2751,2111,2806,4.948946040590419e-09,3.2762008502812193e-09
714,735,1.139302037821047,1.2269501186208562,1.637307020210507,1.680720471417028,149600455.6130637,13288520870.06284,62014413.480929986,71858043.62148836,56730088.4617355,65734930.68007246,4.6018506760798595e-07,9.63234865329257e-07,4.76874603506605e-07,9.981685126709146e-07,2.748395,2.5543737,2096,4924,2225,5011,4.594962925423639e-09,3.6702416763845515e-09
715,736,0.3701550578215151,0.6503114848741036,1.0447933053050849,1.1825765529368981,143978076.63645884,3382996534.7988787,21563586.970796272,28830466.85252537,22879787.819712196,30590224.40108757,1.1989264554334313e-05,2.1544949136855423e-05,1.170847002050257e-05,2.1040355721479926e-05,2.4714911,3.2476268,15262,21890,16411,22443,7.61806183576229e-09,5.219525870827422e-09
716,737,0.4897591113540538,0.6968997113036246,1.1290686466887376,1.230631087731878,144228974.30912614,4280434903.22977,26646460.657083858,32955573.18489675,26529582.747599076,32811021.96102907,5.740997333111619e-06,1.4145239329843359e-05,5.751100937308629e-06,1.4170133593186148e-05,2.6509132,3.0499585,8497,19297,9270,19852,6.844455387760217e-09,5.0783639202861415e-09
717,738,0.41235140427053985,0.7839649343170153,1.1170000562119866,1.32570478597232,146957632.297516,3815130675.38773,21046280.12227156,30589841.67907471,21024790.95879873,30558608.12594177,8.667739672937744e-06,1.471510121463782e-05,8.67128226022564e-06,1.4721115415856373e-05,2.8792825,3.7662709,10822,14797,11485,14906,7.126486243395497e-09,4.710567242033201e-09
718,739,1.5570088960285724,1.4331622053867739,2.0178817090796812,1.869056517483011,146011564.9050967,14364355612.923824,85759618.79109767,68610197.93264809,80964446.23248826,64773919.93835335,2.952768111772375e-07,1.319620078219552e-06,3.021514890809145e-07,1.3503436658823133e-06,2.6509132,3.0499585,1477,6007,1600,6215,4.8055821216993e-09,3.846176011908183e-09
719,740,0.4839798634491637,0.7941858968912603,1.1572368138301152,1.3273237427415945,147469370.72828653,4805279767.725169,26923629.905351184,38399897.72183261,27162379.23217705,38740414.57500208,5.062646008624939e-06,9.91797643939506e-06,5.0447991832431294e-06,9.883013616919771e-06,2.6509132,3.0499585,8335,15120,9177,15626,6.608560855269689e-09,4.629947352843237e-09
720,741,0.5488425395829829,0.8001420366637197,1.232931087867186,1.3659272809341416,147792052.46782538,5193262414.801511,37461131.429040596,37176460.78881716,38225521.623529136,37935042.310749784,3.2021296179071642e-06,8.579361862903842e-06,3.176361295663173e-06,8.510321634208914e-06,2.1652994,3.1809008,7018,13699,7680,14007,6.2596463583491385e-09,4.596806379623637e-09
721,742,0.2919937617692704,0.55346762319194,1.020273978483253,1.1282633827774216,145532417.61917186,2434154881.438012,15277858.979310637,23698558.001970455,15656510.881736496,24285911.510361105,2.2201026755074294e-05,3.733313934412197e-05,2.1984675785425322e-05,3.696932459869382e-05,2.7814472,3.3988347,18022,26257,19429,26737,8.380949717742403e-09,5.513356676774902e-09
722,743,2.077870736011991,2.2005382168400063,2.4716595784381195,2.5474464855713506,145395511.83673465,24480769297.082058,97384210.62297955,103924902.51854825,91265740.3111262,97395492.60030481,1.6790815752632196e-07,4.5750719009206057e-07,1.7232333977079727e-07,4.695374431314199e-07,3.1022799,3.0786498,1220,3515,1325,3638,4.604712454626792e-09,3.467317260120957e-09
723,744,0.7125237203516994,1.142109654831506,1.2899184216615585,1.5866463378933529,144574195.98182517,11100707274.676615,45892297.11751982,69665337.65680219,45241691.406813845,68677706.41224475,1.0276242072811814e-06,1.799943058545526e-06,1.033510067818675e-06,1.8102524826939297e-06,2.2446587,2.3701828,4733,8355,5082,8430,6.002924551828604e-09,4.228984098144057e-09
724,745,0.506364157241305,0.7964799617893769,1.183833358823691,1.3422640362782656,147824830.70945266,4734225535.949881,33058961.91586042,34894619.24327502,33613826.30295411,35480293.45677772,4.163809522573765e-06,1.0198926704346847e-05,4.136179314478055e-06,1.0131248664401395e-05,2.2642331,3.3741453,8001,13950,8706,14310,6.456158043462968e-09,4.604224433856647e-09
725,746,0.39458107948620313,0.6959439522396609,1.1026394568574727,1.2540886907747955,145482484.79298362,5217631777.66007,19309960.109298535,58232936.24652882,19397598.41173016,58497226.5738712,7.139665966425542e-06,6.313024422982955e-06,7.126745638332633e-06,6.301600030415144e-06,2.9727993,1.7386665,11396,18468,12531,18945,7.371846760944437e-09,5.012860207908866e-09
726,747,0.9494626978609496,1.4953835401628608,1.4663009095815476,1.8875962183851827,143425067.5999499,13526101274.927366,51369751.233023204,70320788.0814479,49457458.843027465,67703023.64461705,6.798720269710078e-07,1.673789178812841e-06,6.902675199021835e-07,1.6993820299471168e-06,2.6509132,3.0499585,3104,7196,3469,7423,5.5846868133492635e-09,3.95322075083983e-09
727,748,0.4389707419881056,0.6705726943136884,1.0831960565931753,1.1919409556372607,142736670.2954078,4200789539.778102,23636089.65713655,31382497.033109214,24072036.542709563,31961319.58969727,6.447449915767663e-06,1.6400610386241644e-05,6.400488108876532e-06,1.628115194795711e-05,2.6509132,3.0499585,9582,22444,10217,22589,7.157664701091911e-09,5.192805477168169e-09
728,749,0.20834078956348845,0.4665875495686324,0.9861314947365882,1.0756933110761469,146001318.3590936,1612218338.7981997,12241469.219642643,22159452.915945496,12654987.346208986,22908001.582051147,6.208625833602369e-05,7.16769237677456e-05,6.126666203458582e-05,7.073072177083122e-05,2.4848349,3.0741913,37359,36733,40283,37590,9.791552292711184e-09,5.92256400217797e-09
729,750,1.1659446161414029,1.2371940963485655,1.6839405823857383,1.6990666113526531,146502634.45018053,11008251491.925854,64435892.4644232,59427757.60433309,59559978.054487586,54930812.678597555,6.824596998270143e-07,2.1186863932575105e-06,7.042815938205207e-07,2.1864321515650982e-06,2.6509132,3.0499585,2564,7370,2834,7647,5.111255421881967e-09,4.0175296997600024e-09
730,751,0.4866654621130881,0.8436241568717936,1.1582927166704926,1.3664458874075704,146716979.61792088,5272603712.503388,26934901.78614373,40582187.66876488,27255034.51366582,41064524.175144814,4.56063739062668e-06,7.727566459219992e-06,4.539134039162708e-06,7.691131074579387e-06,2.6509132,3.0499585,8511,13252,9071,13359,6.709133311540826e-09,4.5971611922263e-09
731,752,0.5647804016769343,0.8492614821331825,1.1722867347280537,1.3394957748079066,143398218.47304317,5773437668.004301,31977043.15778805,38378429.93816898,32148878.748527814,38584664.771938585,3.4669100290155046e-06,7.941477121194727e-06,3.4594858630158397e-06,7.924470956068766e-06,2.5327077,3.1732039,7380,14228,7903,14449,6.537323552890364e-09,4.744807228187487e-09
732,753,1.6586505511302279,1.417790126193972,2.1137558541324535,1.8627535252161869,147174163.96983987,14411059781.586376,92085439.90829478,68414726.46506228,85809769.77186543,63752227.63575386,3.051729064658617e-07,1.1597878874498805e-06,3.1391181797402093e-07,1.192999497989079e-06,2.6509132,3.0499585,1553,5379,1659,5480,4.615117316579025e-09,3.776416448716102e-09
733,754,0.9317197347207019,1.254229479564271,1.5183249611540424,1.7379342665012958,147991438.37887463,10977138754.173994,29966399.087180953,85353369.71371159,28730370.98329124,81832787.76387808,1.6469491920493073e-06,1.3673469463882565e-06,1.6749333561016435e-06,1.3905802443241678e-06,4.6013718,2.1746678,3563,6654,3929,6902,5.210040491850414e-09,3.872485061996578e-09
734,755,0.6661012945826381,0.9959922136436076,1.2554230183568502,1.473382050341152,143659029.86471012,7052895102.012517,34628508.90866873,44146129.8370178,34534916.04511427,44026813.04179596,2.2125331111683825e-06,5.27420727357558e-06,2.214929632909412e-06,5.2799200705204105e-06,2.7633724,3.2411284,5174,11222,5647,11477,6.195594165944793e-09,4.4832040537399425e-09
735,756,0.5274551393838811,0.7764750169750889,1.1269054957561648,1.2511542722382447,128929809.73742853,5894608010.613356,25015029.415017407,29182678.596539702,25366561.85567518,29592778.383422796,4.467578805865292e-06,1.092008882370146e-05,4.442710211881081e-06,1.0859302597642812e-05,2.7185533,3.4304862,8909,18236,9687,18764,7.815570135939312e-09,5.7006042915284005e-09
736,757,0.44673811247909845,0.6570420480686234,1.0840138817737917,1.177093007306547,126317303.81498417,4349469870.644517,17361011.356544737,21600554.98163501,18161001.673898906,22595902.227247525,9.109039415653906e-06,2.0900234491802433e-05,8.946366185626183e-06,2.052698891694241e-05,3.2504301,3.8422985,11791,23376,12189,23659,8.556400692320762e-09,6.234350238198667e-09
737,758,0.14377363872743085,0.2620457979542849,0.8930456002349433,0.8798196643491003,121633597.8791488,783300103.5462191,6058210.294736604,5093141.422038404,6811605.872266208,5726521.584894471,0.0002602999531578246,0.0008585781570798904,0.000248377369531447,0.0008192524877765248,2.8866124,6.2581363,70736,112764,70634,107464,1.4348851249889439e-08,9.599564319348039e-09
738,759,0.1898389105200488,0.34815362515423703,0.9213841550346892,0.9374551298732979,124002521.02674417,2106323983.6073706,8494159.684136799,12230254.742461365,9241937.585903388,13306937.377292007,7.524981516231232e-05,0.00014187594416163884,7.275257904450491e-05,0.00013716765708818545,2.7713752,3.5299287,61188,95399,57192,84658,1.224346449170674e-08,8.177585080032033e-09
739,760,0.1095557927199305,0.2071586731424235,0.8817675211610208,0.8524855371613763,124824040.2998978,713310071.833174,4284414.447257504,6292556.8230312895,4636130.93680912,6809125.895268762,0.0004366231523191503,0.0008828518584505318,0.00042305913162112344,0.0008554254134310489,3.1918473,4.1093602,94879,153237,97576,153247,1.5821918146348974e-08,1.0358583673618469e-08
740,761,0.5424669143085867,0.6443333360733818,1.1596914762305481,1.1851108332223006,126834197.50153203,5190813287.14474,25793464.909875713,25110964.72344918,26058335.150152307,25368826.444746286,4.721560005230179e-06,1.6151426246505684e-05,4.702304207645573e-06,1.6085556365754217e-05,2.6674724,3.2544947,10618,34924,9188,25761,7.943494640214515e-09,6.22498138505655e-09
741,762,0.8201949958321704,1.1601703053072225,1.3706504425154487,1.603073273083289,127908850.13429593,9252881198.994186,41695865.03187995,34552690.75456957,40041461.849788144,33181713.524801403,1.1893961115156554e-06,4.065073680302813e-06,1.2088147199041921e-06,4.131441875981338e-06,2.5160816,4.2947755,4032,8580,4374,8758,6.777021716573528e-09,4.977515446665261e-09
742,763,1.485243795596929,1.849661946540663,1.9438498790257268,2.238256257437718,123386359.94717585,19807418706.50332,56379869.72026636,59397533.72010534,55280140.88852186,58238943.23930763,4.632589590933057e-07,1.226165265569201e-06,4.6692357035686243e-07,1.2358648492577311e-06,3.2504301,3.8422985,2680,6341,2823,6321,6.258521259357555e-09,4.682812486447936e-09
743,764,0.9990096862447773,1.1278939285799623,1.5095424673057547,1.569808286543636,127151062.19757238,11752716102.439959,49722691.45042208,42375822.40997412,49075500.95329484,41824258.752181545,7.833964511478794e-07,2.7171886902101013e-06,7.875126789930142e-07,2.731465711417869e-06,2.5546715,3.3843098,3368,9340,3604,9436,6.3868553514738354e-09,4.9821316407962154e-09
744,767,0.6016034281713345,0.921704765746704,1.2095482211467379,1.4167270633567985,129054136.56426112,8812320995.027842,32648113.43932573,41507116.784323424,33551204.54788618,42655259.94363845,2.083296734919039e-06,4.580770896268568e-06,2.0606826892271503e-06,4.531046936826795e-06,2.3780673,2.8657691,7046,14078,7720,14086,7.45709932350153e-09,5.384114419990273e-09
745,768,0.24384996149829538,0.5203182582530127,0.9644096273769509,1.0734201268577794,125771714.33420135,2440532938.5348926,10882732.65866806,15898037.171278052,11619000.486539152,16973613.835948538,3.475758019923451e-05,6.243287743613527e-05,3.385924031426341e-05,6.081924542801211e-05,2.8181734,4.1163144,28697,36384,30100,37016,1.0752610192050151e-08,6.804490689244236e-09
746,769,0.7978626001692357,1.3310071258335825,1.3540697834772049,1.7494647415757163,128418311.074326,10865538769.856869,31522033.832723703,44485270.24317386,30782411.468762565,43441482.874842644,1.5427185324856937e-06,2.7253682644482514e-06,1.557440031586915e-06,2.751375281030159e-06,3.2504301,3.8422985,4748,7640,5157,7707,6.835893809402264e-09,4.810301236297507e-09
747,770,0.5826949448448221,1.0093690623520106,1.2065950518937942,1.488263153343749,125925251.20855357,9789196639.73262,46584190.750572264,37416467.30079978,44970894.61600113,36120666.27703839,1.1644666126465058e-06,4.11078449801159e-06,1.1809998769092956e-06,4.169150006901999e-06,1.5751268,3.3970351,6758,11631,7237,11846,7.67627423350567e-09,5.337238916984223e-09
748,771,1.280255541159959,1.31296802718223,1.7565108693323976,1.7467599945689734,122205869.3557384,14034136034.309298,48133550.51227039,41759483.07974853,46667565.35017863,40487630.45470839,7.057121642890956e-07,2.331530344725663e-06,7.1449748575293e-07,2.3605552710590974e-06,3.2504301,3.8422985,2834,8384,3047,8516,6.395117869552204e-09,5.016297129535225e-09
749,772,1.1249252173364521,1.1418772619826907,1.6163848427096101,1.5974847932653644,127056271.28411022,10313198267.221514,61296685.38314925,36223076.91445723,62300487.57927776,36816270.558289394,7.210143692702738e-07,4.122075188636234e-06,7.163448418167898e-07,4.09537926678083e-06,2.3317542,4.0052552,3066,10656,3189,10614,6.5499410751969e-09,5.15977933318073e-09
750,773,0.741176702097152,1.1107914908488106,1.308337702438007,1.565097777687619,129007354.89216477,8519098275.761843,29416798.055510122,37295455.329961814,28981772.330467775,36743917.311953016,2.123304946248243e-06,4.825030539904658e-06,2.1359965893276906e-06,4.853871223183858e-06,3.2504301,3.8422985,5087,10656,5565,10698,7.0064259910628695e-09,5.0760442704235255e-09
751,774,0.4115685894852824,0.6238523770096149,1.0842191469317277,1.1882769530735633,128435989.83920203,4538085792.907885,19810300.54802141,25183632.081230003,20119642.92993762,25576880.266154043,7.873688028714906e-06,1.706958486425256e-05,7.825039191666507e-06,1.6964117712199247e-05,2.6683199,3.1816339,12633,24457,13391,24347,8.498103485024647e-09,6.180201400056534e-09
752,775,0.7533816539642069,1.0461118974341799,1.3227424919801472,1.4998427319498844,127093309.91330697,12560885156.014427,41725391.62491695,54185692.17901843,40798540.72383376,52982059.19521323,1.0720305684151844e-06,2.01651700435871e-06,1.0817066160935243e-06,2.0347178983007578e-06,2.2947602,2.4536703,4911,9566,5868,10323,6.814853135982407e-09,5.0727945849532e-09
753,776,0.4965173472702564,0.8348175236062396,1.1540789763426975,1.35876398634589,126248056.725693,6712149207.358347,18430548.97392245,35030213.61679587,19000149.835739058,36112831.388734125,4.755470938281228e-06,6.842403475201537e-06,4.697924469443971e-06,6.759602809722138e-06,3.4011114,3.0086625,8897,15196,9385,15265,8.124308683829538e-09,5.701690122766271e-09
754,777,0.9351816161670126,1.2583935468606304,1.466495956840175,1.6892273359338426,123390960.46699093,13511224774.523304,51672112.569471344,43763400.77604957,52309520.0650236,44303249.41583583,7.641036291222714e-07,2.2835660435298003e-06,7.603655907517112e-07,2.2723947086910585e-06,2.2331767,3.5480421,4262,8495,4623,8696,6.851680578237459e-09,5.069635228738622e-09
755,779,0.8471350824919627,1.0690298021484685,1.4187590395707699,1.560414234633461,124233606.90547112,12604061101.145363,52077841.66534274,42027744.12994993,52670292.95777244,42505862.8562923,7.532537417909892e-07,2.4108865948006756e-06,7.498531062583615e-07,2.4000024183743873e-06,2.0208719,3.1600418,4362,9577,4698,9616,6.884811422252302e-09,5.236256579481578e-09
756,780,0.5024011000270429,0.7471683970322223,1.141545675539029,1.2704399965240036,125496050.80771302,6356630674.544618,21829509.6013069,30787888.901163887,23039426.915044073,32494331.25902174,4.780881504835442e-06,9.373925893573913e-06,4.67882608661333e-06,9.173824735140223e-06,2.8882625,3.0455704,9694,19235,10522,19565,8.207727538781846e-09,5.977782195638939e-09
757,781,0.931222613941922,1.661031898044129,1.4413531099738388,2.022457030502367,129301212.98905842,16109572830.361612,45081415.28073816,63772257.386441104,45558016.80839771,64446458.830725886,7.266847013681629e-07,1.2719029136876291e-06,7.236342428215014e-07,1.2665637520040582e-06,2.6709058,3.3678193,4095,5823,4383,6084,6.6614052814560824e-09,4.61689099091623e-09
758,783,0.15286962087834838,0.2705336118652866,0.9252331837690322,0.921296030687137,129249691.48803553,1101018598.4383364,7136953.873232891,11782639.049758218,7491780.520240989,12368434.387824284,0.0001613623717208717,0.00025721627287466833,0.0001582608180275355,0.00025227230686442276,2.7684572,2.9676192,60870,94633,64174,95430,1.284133777059898e-08,8.754930472632494e-09
759,784,0.0868366566823054,0.16397541948720784,0.8685414011881392,0.8234721723910698,120124534.83450153,721604682.1449826,1788810.7704659752,6942948.666161669,2120459.1550301993,8230182.479409022,0.0007450461053438416,0.0003965981833526964,0.0006960444016134438,0.0003705139094516954,5.8313675,2.8370469,101566,128090,92196,100875,1.8597438101267793e-08,1.2159830697544857e-08
760,785,0.2680554735999669,0.44444461176814465,1.0141261990609354,1.0717154589646172,125539171.12979375,2432182034.6984463,13801659.118072579,15418205.179076102,15021010.645977076,16780375.616834093,2.8002328436836844e-05,6.570464452090794e-05,2.7069921865303757e-05,6.351684637156016e-05,2.4382186,3.6187875,26117,42901,27933,44160,1.0254154607907413e-08,7.220384925387089e-09
761,786,0.8720365199194502,0.9313114871915074,1.4095611207819756,1.4016882810293871,121823738.01265256,8600985520.033367,32683289.679151192,29528118.813203093,31163828.55430975,28155343.028794155,1.5823245832702207e-06,5.638597060074095e-06,1.6127444578065503e-06,5.746997963998545e-06,3.2504301,3.8422985,3855,12393,4187,12622,6.844045162920243e-09,5.462261084702319e-09
762,787,0.11972298515164954,0.24145009747443638,0.8869445801757351,0.8700527202854682,121881003.70872957,1017243882.6329476,5401848.056844388,6285926.752261283,6041591.87076048,7030372.488640992,0.00020373517820660269,0.0004914867237953216,0.0001948150102266449,0.00046996788657356533,2.7012899,4.6815977,77425,110114,76722,106793,1.559280877791453e-08,9.904692593660085e-09
763,788,0.6513567496393065,0.9562024871788779,1.3078403137034949,1.5153153075802868,123596193.44753033,7545719679.0049,24767557.632380493,30758408.69218522,25799582.1217071,32040062.35760562,3.2208280842080054e-06,7.501569619594564e-06,3.168660781548448e-06,7.380067744134061e-06,3.2504301,3.8422985,7001,14305,7477,14732,7.435234382381413e-09,5.464976898592831e-09
764,789,0.6156438724520639,0.8623151532916227,1.2122169407988312,1.3521017726174407,125801856.02343258,6498381225.4084,23827351.89534549,28233320.956509992,24878702.466690313,29479079.119186345,3.6463904789628307e-06,9.295357201008745e-06,3.583953735938391e-06,9.136193822257044e-06,3.2504301,3.8422985,6665,15310,7290,15721,7.742387153100246e-09,5.715267827213889e-09
765,791,0.8977963892725054,1.276948213963622,1.6669721788964846,1.7200768998852038,150930037.60918257,9287111616.33037,49171875.798848964,86921962.36898237,47925390.73335334,84718529.48796454,1.2308208408629698e-06,2.6419795006291833e-06,1.2435271932211439e-06,2.669253918922694e-06,2.7557306,2.2172744,3423,9488,4148,11066,4.9695624907488545e-09,3.8193981677989305e-09
766,792,0.541091136824305,0.7704940299408702,1.504523728430477,1.3620402892388617,150589441.98521894,3152139566.660549,28972060.08797504,32765101.610110767,29216626.003074113,33041686.258708704,5.5318681204441094e-06,2.2563011106436528e-05,5.513298979658072e-06,2.248727254567006e-05,2.8124549,3.5412149,5890,19726,6200,20084,6.001634074355896e-09,4.618266382426947e-09
767,793,0.8055431123462303,1.0789507080446834,1.587850629905681,1.5245278586060034,151638098.3517758,8901647834.743698,44354927.2523765,85375287.52158467,43549244.078235716,83824491.77228296,1.0880709272160143e-06,2.059170557945103e-06,1.0960786197147688e-06,2.0743250889761853e-06,2.7539449,1.9163629,3358,9315,3517,9565,5.138375146855324e-09,4.074156495118033e-09
768,794,0.12013162907454027,0.25258156716047064,1.2166953014482413,0.9614431253901399,149829165.6225088,576663278.2095373,7311762.81513378,17322972.16162867,7300403.382168672,17296059.48051446,0.00037173439266286655,0.0004458807302466577,0.00037196565234395347,0.0004461581171054334,2.4616802,2.1846185,82405,115681,87081,117697,1.227265652528577e-08,7.665341599720073e-09
769,795,0.5908082700353767,0.6833035539160324,1.4443224895027673,1.1977061542913143,151884283.23122603,4018341324.1277413,39124979.64229613,45201967.29269088,37675813.60922233,43527713.242527336,4.084975638564789e-06,1.4600383058508679e-05,4.147114868986878e-06,1.4822479013881915e-05,2.2935345,2.2959857,6747,25051,7157,25553,5.672232769256753e-09,4.796923406100091e-09
770,796,1.014062538698389,1.317876539156538,1.771436440399298,1.7714831402348534,150792192.38185534,8627458474.790731,77584843.78108469,62693426.80428502,76339675.43584351,61687252.57350798,7.321698836867736e-07,3.969476829319736e-06,7.369236481692412e-07,3.995249479063509e-06,1.9709096,3.1697979,3026,10725,3205,10804,4.837649585781739e-09,3.810036337918861e-09
771,797,0.669375707065527,0.9792551110821762,1.512257129986899,1.462903729828519,151315856.8289995,5581445289.463258,55658343.17193403,47172469.49206137,54816047.00146571,46458592.8629645,1.6113140097920516e-06,6.29928862770974e-06,1.621172422249316e-06,6.337829213282711e-06,1.8198019,3.1411717,4634,11154,4942,11193,5.4581392561685684e-09,4.179131226779659e-09
772,798,0.4613969703172077,0.5588304118033555,1.3719122337225762,1.116082110547201,151819914.0056372,3527729209.141626,38557993.912571445,41877112.45019733,38390434.21343637,41695129.01042836,5.194644468547218e-06,1.643811275429784e-05,5.203701683143622e-06,1.6466773717656744e-05,1.8167244,2.0259655,9667,28365,10087,28623,6.250993966901786e-09,5.220037293991771e-09
773,799,0.9208620800273726,1.3930606411921138,1.7091719289284446,1.838939759690862,150586081.42283848,11416137189.96149,60460835.519241735,91366223.72757253,61492256.52260512,92924869.77242623,6.83873302159076e-07,1.5083817287288651e-06,6.792617118482985e-07,1.4982101976233245e-06,2.2935345,2.2959857,3108,7303,3404,7500,5.047026200036625e-09,3.790642352787483e-09
774,800,2.3578630876872393,1.5224123414446844,2.900110664153663,1.9335758867043638,151354179.16012618,15871808340.521614,155599330.2951679,100359279.36424252,145647728.04039064,93940642.28582811,1.6039906987160187e-07,1.1213896214308161e-06,1.6469615079275505e-07,1.1514315783529284e-06,2.2935345,2.2959857,1077,7638,1110,7752,3.973829121215588e-09,3.631085524484965e-09
775,801,0.7693809472558691,1.2176053341636957,1.5776117813210848,1.6645786038424615,151147921.60242853,9458782467.974258,50703545.59664671,80156647.13890556,47709215.96813405,75422946.15949845,9.572980705136396e-07,2.090926700847966e-06,9.80892928516269e-07,2.1424624973987137e-06,2.2935345,2.2959857,3681,8353,3948,8614,5.207584645392852e-09,3.879782808289385e-09
776,802,2.093227943637025,1.8324069704709456,2.6845205549536435,2.2431052647749903,150730953.37546518,19176579904.801727,137566818.19112524,120297112.31691621,130569217.05506638,114177968.02847354,1.3395290780483722e-07,6.336039264935666e-07,1.3677959157905677e-07,6.469742815508122e-07,2.2935345,2.2959857,1060,5195,1120,5292,4.191646417431654e-09,3.5376497483121016e-09
777,803,1.8881617476491914,1.1579757713885677,2.5117534959361367,1.6492436044339467,151082628.10013434,10854063705.049204,124379397.43787701,76198219.70914939,115576212.66262329,70805148.0151009,2.46594716433707e-07,2.526119430886066e-06,2.539427176195983e-07,2.601392449068692e-06,2.2935345,2.2959857,1183,12309,1167,11942,4.139553537431141e-09,3.940222465731206e-09
778,804,1.7359091292343773,1.2722101206940009,2.357929818594861,1.6812583538256587,151702214.6194403,12642606408.106762,114818965.78532359,84058490.76958334,100165887.8801726,73331032.93705894,1.6599299224836535e-07,1.2467319887767005e-06,1.7531023343455477e-07,1.316711464877653e-06,2.2935345,2.2959857,924,6962,915,6865,4.030936187874486e-09,3.71978815060627e-09
779,805,0.9533033805954142,1.2725338511025899,1.7771573912892342,1.761728035289302,150834348.3914929,10493219205.977314,62694018.43814282,83598871.82101187,60382876.61384317,80517096.97321782,5.035922136259072e-07,1.793995377850939e-06,5.112154021368756e-07,1.8211522015331314e-06,2.2935345,2.2959857,2191,8222,2304,8199,4.939340870935094e-09,3.878533219397832e-09
780,806,1.2512530960215256,1.5393174757465768,2.0104295407558053,1.9903781152949214,150661387.78372073,14805094367.61462,104494760.34661257,101009212.35516107,100921833.99472585,97555465.2446843,2.1068636374403382e-07,1.131159267206903e-06,2.1363882452278868e-07,1.1470108074376269e-06,1.8040668,2.2959857,1686,7259,1729,7294,4.631360600930102e-09,3.686874618203709e-09
781,807,1.8822244386776017,1.2176024300025348,2.503234560869487,1.7059295316588232,150913897.37881064,11641219163.299837,123849815.98597322,80032348.70739526,117423996.87010355,75879953.38796924,8.629406395568997e-08,2.0158773329930106e-06,8.815284336414883e-08,2.0592994538757448e-06,2.2935345,2.2959857,442,10293,438,10221,4.201923609159471e-09,3.914518909908707e-09
782,808,1.5358790295816953,1.1369163875054946,2.173975655597236,1.5755036539838105,151726361.6695929,9964467052.76817,101604461.20302777,75131211.40029125,100172748.49092343,74072534.3583191,4.469926966904515e-07,3.001876722678339e-06,4.4953726838852907e-07,3.018965347629487e-06,2.2935345,2.2959857,1834,12762,1942,13028,4.26400657818333e-09,3.957209209092085e-09
783,809,1.385966508412419,1.2084908995045978,2.043493039941851,1.62233771918944,151840135.58524427,12334784686.956842,98915627.85126638,91057470.99049933,95433445.0286862,87851923.31073852,3.0632736501638944e-07,1.4682416910487708e-06,3.107502733446531e-07,1.4894409019090088e-06,2.1275237,2.0151825,1695,8947,1776,8987,4.317412538457578e-09,3.8458628020855625e-09
784,810,0.652867214200437,0.6407497429237687,1.4504157020005988,1.1247284788680578,152149092.76538366,4553131878.420571,59400270.86384548,46956261.849547975,57913582.01928485,45781025.61478391,1.6329204584293925e-06,1.114937924095659e-05,1.6495604273928814e-06,1.1262994894171034e-05,1.6722677,2.0761766,4267,24193,4446,24451,5.34500774684896e-09,4.818549760101255e-09
785,811,3.9808559790716536,1.8682768763760922,4.394991299895997,2.2649694203499493,150525455.87574416,23504145642.946148,301614808.58017063,131501677.7323869,295166317.65828496,128690186.54910624,2.6287523617580556e-08,5.104324635428948e-07,2.6515756441692076e-08,5.148641264247755e-07,1.9867067,2.1385524,305,5606,311,5610,3.854075429609963e-09,3.5070313622395827e-09
786,812,3.1558465915702536,2.3327848121510018,3.637787660816722,2.6748136429771736,151259615.02460283,28130043669.0191,208129478.98434561,153683941.76897573,185929291.92311683,137291202.63260922,5.0795228415293285e-08,4.288336345913907e-07,5.3139471433567596e-08,4.486246717666344e-07,2.2935345,2.2959857,613,5188,623,5254,3.7955275183556304e-09,3.2605002523274085e-09
787,813,0.5527912302948286,0.6663394782030985,1.423784371259898,1.2091344117790563,151576244.35037804,4241116386.7940087,38241196.78987384,49513899.83686902,37708985.19159665,48824803.41779213,3.7920729244965033e-06,1.0238440771068853e-05,3.8133909602794552e-06,1.0295998589988769e-05,2.191093,2.0398562,6964,20974,7340,21287,5.844525074318136e-09,4.845036096709288e-09
788,814,0.7492610554224557,1.5342629867163455,1.6883542979858772,2.077129361477193,151151548.2371924,9701429938.060997,49762610.57584379,92455279.93391342,52983092.44931081,98438699.00473733,1.047672564610763e-06,1.3666965474833937e-06,1.021720041217528e-06,1.3328412902989184e-06,2.2758446,2.508307,4219,4921,4466,5286,5.4266622302576136e-09,3.7108527628846478e-09
789,815,1.0834589492365423,0.8370885935935866,1.9292854015623782,1.3439141011397946,151581251.0353171,6542081826.756533,55421682.22001602,55433533.21938071,54823619.264371045,54835342.377980135,7.233811516916264e-07,4.264428374634307e-06,7.265273854770839e-07,4.28297584244787e-06,2.9633179,2.2889924,1827,12475,1597,12188,4.557013592512883e-09,4.322041493720167e-09
790,816,0.579838682835746,1.307720158963816,1.5626505187520086,1.8808120884645638,150925741.12430844,7370279709.746916,39133962.02187144,78685995.84293804,39677441.414235815,79778760.66916251,1.542546465009317e-06,2.7797929499073953e-06,1.5340599041735722e-06,2.7644994838658255e-06,2.2362311,2.508307,4739,7745,5084,8168,5.944620084755495e-09,3.877133000730905e-09
791,817,0.7319103339263239,1.3539730848669131,1.7252173941142046,1.94160522976333,151065172.7409346,8015059631.039966,37299323.557466045,81544315.7284959,37206736.27071121,81341900.07524823,1.6180523722837582e-06,1.8510948873720263e-06,1.6196617516890655e-06,1.852936060154834e-06,2.964294,2.508307,4233,5881,4375,5915,5.447875053370018e-09,3.821479095730893e-09
792,818,0.975677282668158,1.415840132289395,1.94344267997149,1.9823073144827181,151200602.79682878,8796986332.34576,49766653.80512101,85346762.36445472,48582018.46253258,83315185.32758297,1.0729028941759453e-06,1.9916507464128415e-06,1.0832920880452468e-06,2.010936411347425e-06,2.964294,2.508307,3076,6903,3184,6985,4.9415140319036526e-09,3.757553209262844e-09
793,819,0.8468647537041334,1.817096039580775,1.704285635677283,2.306030118931933,150494376.9736216,11453316541.762356,42994515.216649584,109022833.48008996,42336429.20564023,107354099.66061743,6.742139573147426e-07,1.1639992360630783e-06,6.783866163490954e-07,1.171203139031333e-06,2.964294,2.508307,2563,5306,2605,5315,5.2848511618491575e-09,3.563504388375854e-09
794,820,0.6555974892031695,1.2574711620345407,1.5401061977403423,1.7837556251872309,150340650.68944803,7559829879.860397,33250059.918878786,75369176.3900867,30562349.61519231,69276841.14442948,1.282203638711907e-06,2.255536335734962e-06,1.3261702529866163e-06,2.3328784154653505e-06,2.964294,2.508307,3093,6718,3270,6798,5.6441473378588065e-09,3.884387014145727e-09
795,821,3.3932896619017896,2.15307038732563,3.8278966510686514,2.469292603071667,149690285.94936466,24146163965.95659,171353617.35344127,128490540.4114739,150101225.06278414,112554306.25056528,4.296760766897649e-08,4.183253415839146e-07,4.530485971853451e-08,4.410804311744622e-07,2.964294,2.508307,327,3959,350,4027,3.6876655491716264e-09,3.259501507369931e-09
796,822,1.2235951080788132,1.2946883425660007,2.0346284120467995,1.8155050635816752,150819957.9977583,9845147630.178558,62255148.37823412,77847265.6839819,59552927.35560973,74468259.71636254,5.112540107139776e-07,1.6664895950069602e-06,5.204099497832821e-07,1.6963344018383141e-06,2.964294,2.508307,1648,6445,1698,6541,4.592430903469352e-09,3.797844478136958e-09
797,823,2.8476928375759822,1.6671133139273082,3.43741917852121,2.1286162944950786,151572233.59046468,14582036595.240147,145610106.14026812,100740494.9395603,137778773.28878897,95322379.61496559,8.659896275477723e-08,9.746284319872773e-07,8.853528143427814e-08,9.964207396361993e-07,2.964294,2.508307,415,5674,426,5666,3.8602233986234155e-09,3.529277386960088e-09
798,825,0.59083240921263,1.4528949290115827,1.5260785860014707,1.974740794517059,150499860.47104228,8130534551.648502,29997090.419597574,87174530.10948344,31827327.793570053,92493382.06589282,1.2691302580969706e-06,2.079012242752568e-06,1.2394179471657706e-06,2.0303393364119204e-06,2.964294,2.508307,3398,6687,3481,6739,6.0479660173352015e-09,3.846914685401106e-09
799,826,0.6640180652307583,1.23943770451634,1.7042641082735073,1.8444949541498195,151244517.8357044,5665551300.854867,19215369.486123674,74734933.96421017,19118709.46775077,74358991.14951202,4.164186532004427e-06,3.038010198831472e-06,4.172595080433526e-06,3.044144711704188e-06,5.2264981,2.508307,4393,6725,4514,6862,5.587817057913408e-09,3.916037959974307e-09
800,827,1.5760228785508446,1.311155580802547,2.2344252607215958,1.823943170468724,150424574.86872402,10858902041.981342,91767929.44401069,78630734.12822995,83670024.92087989,71692099.01450454,4.1752413314640626e-07,1.3418258408325584e-06,4.332414461511004e-07,1.3923376437772684e-06,2.5833924,2.508307,1721,5732,1755,5809,4.547074068717709e-09,3.877735279949338e-09
801,828,4.099732840567771,1.817541622295295,4.571697013234324,2.1785371484965994,151330772.88434792,20091486334.64628,209296290.91529515,109655627.66097553,190493238.0404028,99804232.03460348,5.754052441637605e-08,8.402019556358122e-07,5.974844443777022e-08,8.724418202995217e-07,2.964294,2.508307,358,6627,390,6730,3.553092238776856e-09,3.367586124630076e-09
802,830,0.5389093977856406,1.1141037210883473,1.4734158574724951,1.6266757064538058,150351930.51970544,6533050167.88213,29787747.25334414,66781157.67520503,26083525.835171293,58476662.79390443,2.3541108916642075e-06,4.327784997427271e-06,2.482535468577499e-06,4.563880059573378e-06,2.720114,2.508307,5519,11099,5654,11272,5.968271376620476e-09,3.979874428135423e-09
803,831,3.6403755611598436,2.6499955209030777,4.167396532042817,3.0694872311984436,151036305.55769202,39206954473.50424,185483921.50039524,159568000.73580804,182534406.173262,157030593.39568305,2.517690841473243e-08,1.9992522959918168e-07,2.5338856547942662e-08,2.012112301351438e-07,2.964294,2.508307,334,3113,333,3125,3.885636724041344e-09,3.2351464844163413e-09
804,832,1.0427823630203743,2.128515087989215,1.9477160597974161,2.6183151241344853,150942270.9998645,10613765078.15416,38240139.04083598,128087551.18036531,38063006.14930847,127494234.34422551,1.1351110355925866e-06,1.3730531590524367e-06,1.1372210684750214e-06,1.375605497303134e-06,4.1160922,2.508307,2824,5709,2927,5810,4.919123976578329e-09,3.4087888307315806e-09
805,833,0.8878335206725092,1.7795946395171822,1.7935427811017335,2.2956049804577714,150785872.46931115,11583062584.58086,45161766.01312302,106979620.26231542,45527508.73834819,107845995.10352345,7.03257869196324e-07,1.058494204487945e-06,7.009925661756847e-07,1.0550846299580562e-06,2.964294,2.508307,2598,4707,2748,4888,5.161247346818408e-09,3.552924520731496e-09
806,834,1.0135346317328424,1.3308698559444103,1.8750847265881128,1.9138596253184788,151204457.49693835,9956918412.910685,62030598.41912762,80226804.20183936,64580698.83088485,83524957.2366808,6.853240014251797e-07,2.0145722046883995e-06,6.743684350629176e-07,1.982367321400882e-06,2.4705703,2.508307,2677,7831,2762,7997,4.969657204143049e-09,3.8496902363212735e-09
807,835,0.7983357896105021,1.6196300243760438,1.7011755851958972,2.111108234721262,151304669.2758052,10025691001.812824,36613165.32407583,97698401.82536733,36161635.03642639,96493540.48413576,7.512634311727832e-07,1.4155633764728868e-06,7.550017123427661e-07,1.4226072091627397e-06,3.2991393,2.508307,2221,5637,2283,5658,5.225986288394362e-09,3.5938526761283575e-09
808,836,0.8674761627696457,1.2627551198372027,1.6844474353281707,1.7833244893484617,150350928.87982103,8790302042.120087,41863536.14300082,75691055.84574503,37501227.95302024,67803816.89640522,1.20327179308721e-06,2.455145832826795e-06,1.2574186704514e-06,2.56562667438313e-06,3.1155,2.508307,3338,8540,3395,8604,5.1496907866316244e-09,3.8674006228685325e-09
809,837,0.6927844857186101,0.8271794335842406,1.7149571033960604,1.4248805568733953,151549486.31098852,4064713500.8631654,31375067.790028114,43815797.644946955,31047261.310876384,43358010.511120275,3.8742704323086645e-06,1.2145307024595114e-05,3.890581187528286e-06,1.2196439007611405e-05,3.3463237,2.861037,4171,16409,4706,17255,5.353461778553522e-09,4.415622551056154e-09
810,838,0.6644827083085412,1.2495027566499755,1.586192012387286,1.8077411996075385,150743857.24013177,6830887295.237858,33909323.36823675,69096539.2825947,33149868.81184073,67549009.68374349,2.0506361710821113e-06,4.271988727415224e-06,2.0693003801698038e-06,4.310870949407177e-06,2.9539571,2.7259667,4603,10567,4742,10705,5.6797411480152236e-09,3.934181341252568e-09
811,839,0.2109597673902783,0.4948320212509587,1.3379532512353807,1.2659449571526933,150461183.3403179,1268788297.8161883,12023340.660464937,31278380.557128645,13052052.592436349,33954545.5432596,0.00010581615891310044,0.00010082183289267082,0.00010239777680708541,9.756479206832018e-05,2.6399698,2.3803346,47834,50677,50856,53741,9.215974416452402e-09,5.576099583507673e-09
812,840,2.1008037330456326,1.1397889087731268,2.808632880720884,1.6865794985849518,151357981.7792716,9559745313.350061,107267839.5422811,68777924.26776259,97738047.43848804,62667618.304679856,2.6077799902457627e-07,2.127657254068855e-06,2.7066574684218003e-07,2.208330234340268e-06,2.964294,2.508307,815,8040,841,8109,4.062162293191633e-09,3.96030353412824e-09
813,841,0.592381757841947,1.2999673722250364,1.5821741194641916,1.8931494365103025,150711749.17498717,7797996478.823325,38601492.61984318,78108603.34817344,40030802.73194561,81000756.19073872,1.4503422973725915e-06,2.4365778538883183e-06,1.429402154608211e-06,2.4013983736998274e-06,2.3128352,2.508307,4874,7654,4890,7575,5.891281068867807e-09,3.872326318666481e-09
814,842,1.305024265583708,1.543961159901953,2.045306894294076,2.0809615871245044,150518154.3019288,12305121048.34756,66265304.242726885,92649816.82956158,64695820.29173397,90455419.5919998,6.913807468104887e-08,1.2318204056217315e-06,6.980415438877107e-08,1.2436878257014473e-06,2.964294,2.508307,272,5957,287,6043,4.734275072165704e-09,3.70456266258524e-09
815,843,1.7253494788883537,1.9330808889060866,2.4963879683251795,2.41498409266191,151347747.20746216,17068967771.222773,88091045.21188557,116639405.66514972,84983521.32759929,112524801.98345217,1.44142519511228e-07,7.180040507582517e-07,1.462281296829479e-07,7.283929114266741e-07,2.964294,2.508307,796,4796,830,4886,4.3193656731066175e-09,3.4652752208063887e-09
816,844,1.208568578612083,0.9852019659669349,1.9660886327514586,1.5746714947400096,150860291.09411186,7201519502.049875,61507059.548282266,59254252.11996102,64929377.40294128,62551221.38631693,5.972615352601196e-07,3.132980679782618e-06,5.844643647183718e-07,3.0658521511628776e-06,2.964294,2.508307,1408,8871,1451,8995,4.730155944825321e-09,4.215264647506452e-09
817,845,1.5057877202389127,1.4156029896651259,2.2690730317592167,1.8765803792787041,151671060.06380758,12126152881.40796,77045131.06989387,85597977.46926709,71725892.90112409,79688246.08713774,1.3249439980781878e-07,1.485397120022836e-06,1.3634060478893041e-07,1.5285169938457865e-06,2.964294,2.508307,513,7084,542,7181,4.274865196064389e-09,3.666333873110656e-09
818,846,0.7568677096795824,1.6332929401260994,1.6602817243217127,2.148797951225492,150611334.43897894,10141812595.151886,38455313.72684882,98071101.04231866,38881749.69156986,99158624.2096316,8.987746484644532e-07,1.616752696341303e-06,8.948186709546373e-07,1.6096365217622941e-06,2.964294,2.508307,3135,6614,3075,6537,5.433995620880375e-09,3.6317592124211823e-09
819,847,1.6116323465680427,2.101847411223748,2.343625353981639,2.5297250123255717,151450508.05009663,18737983806.465218,82340866.89029478,126908651.24309626,81140657.62513945,125058817.19588776,2.247980261647271e-07,5.879226099127565e-07,2.2612222922129144e-07,5.913858472478534e-07,2.964294,2.508307,1374,4343,1421,4392,4.3143183982006815e-09,3.347401042221973e-09
820,848,0.7255217035084186,1.175369670350306,1.6227857401262302,1.7323359959801383,150590054.60186258,7370662644.167821,43568765.89690714,70565119.35557562,44474972.249725945,72032835.00303626,9.835874947873863e-07,2.587033314988041e-06,9.755214599576144e-07,2.5658180179910164e-06,2.5076761,2.508307,2808,7539,2891,7602,5.525900200347857e-09,4.0179053065853896e-09
821,849,1.1138560922212948,1.803443763880949,2.0057208369097954,2.319739594931142,150909352.4661991,14199199952.116062,56705340.83921721,108502081.53008339,50816473.9749307,97234107.41737473,2.803712079149021e-07,6.297618517349905e-07,2.929416935101582e-07,6.579973197937481e-07,2.964294,2.508307,1327,3547,1343,3565,4.7850715006966804e-09,3.515774985155329e-09
822,850,1.5737666322877883,1.8936488747543692,2.2100912524140046,2.305408425196282,150288501.7615177,16871789517.620594,79789329.02363971,113460454.50146975,71840848.98853196,102157713.03948817,6.079057132195931e-08,7.008242478162177e-07,6.339654171859324e-08,7.3086718380673e-07,2.964294,2.508307,345,4694,346,4714,4.424979048178063e-09,3.4533724823606687e-09
823,851,0.707825104551146,1.4443006061880583,1.6391701168178636,2.0337614536256203,150687566.36575812,8593386178.498615,35981735.42077827,86766948.16346952,38295783.536828786,92347081.82253657,1.3218508248147423e-06,2.194706480221874e-06,1.2893027376097032e-06,2.1406659662949433e-06,2.964294,2.508307,3708,7430,3832,7519,5.626925599678549e-09,3.790857707563235e-09
824,852,0.5829949165796876,1.8111000111843898,1.5576475262177862,2.3321079498841026,150664714.8696589,7700548178.435594,22318756.48766034,108786072.35299832,23177341.098184768,112970985.05695303,1.7846740993953444e-06,2.4882588523577873e-06,1.7579295782206865e-06,2.450970648540934e-06,3.9355581,2.508307,3442,7576,3492,7639,5.9927566383717204e-09,3.586604721600401e-09
825,853,3.9272424516644833,1.5810313149855153,4.449554018331522,2.095107479746093,151360523.2057211,15221533904.063467,200529863.85279432,95405278.1580711,188469770.240585,89667496.44526926,1.0224031032671089e-07,9.916866211473152e-07,1.0480864399374158e-07,1.0165983426405073e-06,2.964294,2.508307,515,5971,525,6018,3.793187301775874e-09,3.6294498969497617e-09
826,854,0.6309578648078653,1.4029828468327552,1.6017103140775755,1.9623918029818372,151025476.37555945,7949088228.198332,32146174.47038441,84473771.66736585,32434428.866307788,85231247.0567245,1.3018285942896704e-06,2.3896336744151757e-06,1.2971883017814862e-06,2.3811159638000204e-06,2.964294,2.508307,3379,7525,3491,7573,5.764072006011291e-09,3.801018890347693e-09
827,855,0.6958454222526688,0.7219851505361143,1.5244675793465907,1.2073046295732888,149381401.81060436,3814786330.363987,28814921.98328764,40533247.92824139,28153850.504404776,39603334.80311166,4.653449490054717e-06,1.3359883039251946e-05,4.696851868919683e-06,1.3484489679229558e-05,3.6073797,2.6608071,4664,18595,4921,19154,5.298456349318318e-09,4.634541688445314e-09
828,856,0.5810680769711649,0.5853761805891825,1.2636258785065002,1.1264272670962117,151121835.34978113,3583829679.429865,35520264.01399287,39357756.57703453,33954261.367944784,37622568.152819216,5.031488079106658e-06,1.5788979039595948e-05,5.123057226902541e-06,1.6076326109188837e-05,2.4721684,2.2476668,6814,24563,7294,25175,5.743614884258531e-09,5.1870985703058625e-09
829,857,0.6083573976011033,0.7167468853768026,1.3273537136392408,1.2835663359075475,151179604.99180847,5325010142.102028,52494314.75013387,50665732.91558582,50918610.01876093,49144916.128976315,2.0247750535821265e-06,8.121726454013458e-06,2.0496092570306802e-06,8.221340782407933e-06,1.7520227,2.1386745,5898,19759,6154,20222,5.813058847039871e-09,4.875169229146911e-09
830,858,0.7653092395363459,0.7206270579889719,1.395921471094966,1.2304556054208045,150487678.05404156,5493608310.454161,49280045.68641063,48118342.72016889,47169985.63250154,46058024.15877328,1.9437046014329416e-06,7.759781622559073e-06,1.9780278677137196e-06,7.89680915787253e-06,2.3370435,2.2537246,4313,18752,4569,18915,5.309021043014663e-09,4.824143211414456e-09
831,859,1.1482852305862616,0.9889310055342471,1.7032453346035765,1.448950983882258,151374235.7496189,9245394791.897385,74376364.49752444,66422789.710796416,70070372.081697,62577266.5978415,6.223423906183651e-07,2.788697508796027e-06,6.37367027822713e-07,2.8560224556001454e-06,2.3370435,2.2537246,2435,11550,2462,11440,4.628857458649389e-09,4.230751095847899e-09
832,860,0.7176578907900196,0.9739942808227242,1.384305324685903,1.4643948050916367,150987225.60897344,6959302837.389993,42616946.12385805,59678312.53466325,41617722.5019438,58279057.42550296,1.748567100115415e-06,4.1917239831081164e-06,1.7652406055418562e-06,4.231694272251658e-06,2.5425842,2.4642234,4520,11749,4786,11838,5.410879550881573e-09,4.3149351526730905e-09
833,861,0.8128191432205943,0.7641336559162104,1.3986274065323177,1.2317775751717244,150076626.03225905,5497216639.473246,57371422.2102765,48186529.40548661,57783934.799350314,48533000.68400371,1.6759351187554444e-06,7.216880025998306e-06,1.6711391101186426e-06,7.196227544557884e-06,2.1262355,2.3798892,3975,16243,4333,16670,5.072398946833848e-09,4.6267932791549494e-09
834,862,0.3270199087078212,0.40408767868160667,1.113284044128529,1.00908538961462,150561094.15061274,1819890030.0878227,22755212.62422527,24761407.6826623,21964088.595093653,23900534.838432163,1.88257181369067e-05,5.9962261463970964e-05,1.9094075543618623e-05,6.081701329176485e-05,2.1637449,2.4570446,14964,44166,15834,44413,7.368631867652719e-09,6.169406767572657e-09
835,863,0.5204822503864099,0.630596385955152,1.2636852261422697,1.203613426975701,151031899.61285836,3980879065.155818,40973547.70387728,41017296.94248114,39461695.124340735,39503830.09220304,3.286823850170855e-06,1.2426112880086649e-05,3.336626252761608e-06,1.2614395034684026e-05,1.9185408,2.3219514,6558,21214,6820,21304,6.100195060425216e-09,5.101779217554853e-09
836,864,1.050231690014324,0.833717721808221,1.6040844835122767,1.2977575556280265,150162752.12802082,8259498455.32572,61072297.563803956,69558491.02315871,59301429.790728055,67541555.44008175,8.482018137533175e-07,3.0309120282549617e-06,8.582441155561874e-07,3.0667965699196374e-06,2.5822785,1.7998284,2597,13835,2713,13909,4.713494059815429e-09,4.5002430918254715e-09
837,865,1.0247011404812172,0.8942381401366586,1.6048771678318525,1.3805688098534816,150480967.2673943,7536566882.189283,65979952.35416699,59528901.630957685,62326411.94084696,56232578.42808831,9.197385400216114e-07,3.9115080737977345e-06,9.409365396433428e-07,4.001659940943386e-06,2.3370435,2.2605124,2822,12882,2966,13041,4.857699061793041e-09,4.459278655964999e-09
838,866,0.5344394448928496,0.7067810466010513,1.25736125684056,1.2567611627261788,150756546.9271084,5097548624.887751,34506207.58818474,52403887.163649514,33900540.701826215,51484072.979770355,3.387762686261825e-06,7.5131987555377865e-06,3.4118444465122815e-06,7.566605994444634e-06,2.3349493,2.0332818,7116,18692,7396,18836,6.016131954660433e-09,4.858123757161353e-09
839,867,0.8057420663319619,0.8658012852069664,1.4908273929120568,1.413213481465907,151091660.25539204,6731264594.870852,52091844.477737084,58044072.3028771,49896526.441976175,55597908.223392926,1.2932914632613732e-06,4.52200385508453e-06,1.3157584861821296e-06,4.600559978855526e-06,2.3370435,2.2537246,3557,13360,3725,13506,5.295595180034591e-09,4.566168139298112e-09
840,868,0.5823147198861417,0.7334827792345672,1.3162611089429632,1.3206167868630037,151542738.08373576,5583058207.160608,36287917.36203547,59438858.86110388,36630837.79273869,60000555.44120253,2.665257363807373e-06,5.85663380144648e-06,2.6552488463788795e-06,5.834641095499935e-06,2.4318168,1.8700559,5924,17461,6119,17485,5.860513720888696e-09,4.809196841446839e-09
841,869,0.5592855186447709,0.586005960562805,1.223298256926327,1.1033684741434127,149908737.0680391,3626426348.573631,37813567.998785175,37271568.50052562,37000895.60461083,36470544.51863297,4.616772456273714e-06,1.66605305681071e-05,4.657068641246817e-06,1.6805947269467415e-05,2.2172408,2.3569551,7080,25457,7551,25634,5.8055844143692455e-09,5.167386223786171e-09
842,870,0.975047098383791,1.0743182341567148,1.528801700981668,1.487365404100643,149908381.56352767,9874314841.508385,62543864.7021024,71459178.18291555,59420813.210066915,67890951.40149182,7.045935450886638e-07,2.010347714795736e-06,7.191791849516742e-07,2.051963491681326e-06,2.3370435,2.2537246,2786,8796,2977,8808,4.815643336454198e-09,4.105510204525132e-09
843,871,1.147159000564203,1.0973761480654465,1.6680368365289344,1.507985814538178,150183919.74556816,9774192706.178745,61629122.81237704,72962245.63350205,56729508.812396355,67161630.21237615,7.287517188296511e-07,2.0218935111650943e-06,7.533041800310156e-07,2.0900133669451883e-06,2.7955101,2.2588155,2363,8692,2548,8749,4.587452671932865e-09,4.06109378250836e-09
844,872,0.5041037450498165,0.7317776902741323,1.1858921626740655,1.2080566461881685,149488059.85523427,5101067114.617382,29553983.078234036,54322144.14126722,29201826.71243123,53674857.824131384,4.749680509196224e-06,7.296594185174097e-06,4.772509458741198e-06,7.331664666268768e-06,2.5498252,2.0137649,8774,18174,9502,18483,6.113199711128031e-09,4.750095392623554e-09
845,873,0.6765221004572635,0.7484909911356362,1.3671293310286443,1.3164739671586592,150909356.86026102,5431613308.108777,50473859.051105596,50530437.17387553,48110729.70005389,48164658.89870631,1.856012240810665e-06,7.203330464595077e-06,1.8919543914118165e-06,7.342824796957484e-06,2.0227008,2.2353714,4647,16956,4984,17503,5.573630165607574e-09,4.78085667263e-09
846,874,1.309527018467443,0.955627480632134,1.8453624760550975,1.4375519753587074,150975173.3997706,9583268931.492453,79117058.59280996,72700027.12671697,74313474.17395084,68286052.1411976,6.273816541287088e-07,2.333004977803341e-06,6.432989491273488e-07,2.392195628694406e-06,2.4989057,1.9845388,2298,11162,2406,11266,4.547917492391295e-09,4.353722611117656e-09
847,875,1.570291466055529,1.5494501206184603,2.0829823575075763,1.962046655269926,151267476.63246047,16248114620.881622,111483851.82295598,101029971.00150195,106527198.02228189,96538104.40774766,2.1899155348320233e-07,8.24559402897236e-07,2.2301185439585615e-07,8.396968676408674e-07,2.1306586,2.3199196,1660,5877,1670,5775,4.405835390654047e-09,3.785423212568811e-09
848,876,0.770428241061445,0.6493244976505267,1.410242276033412,1.1837877166931883,150226132.10173884,4735926371.6986685,49523449.05715573,43281911.09106376,48126854.95551119,42061332.49873026,2.2211140900248124e-06,1.054308378005691e-05,2.246674871138774e-06,1.06644145383365e-05,2.3370435,2.2537246,4374,22116,4501,22155,5.28778417184007e-09,5.035015241839158e-09
849,877,1.1606705314548191,1.20270293869819,1.733098598279161,1.6475868862200669,151008064.8650724,11959296613.262146,90268649.57649404,87787533.75166692,84348510.88566215,82030115.45002782,3.800737985174986e-07,1.5119292228230693e-06,3.905276081628724e-07,1.5535143580108156e-06,1.9416554,2.0688341,2154,8398,2341,8740,4.702960864014709e-09,4.06286170053695e-09
850,878,1.407710488362198,0.8634355260402322,1.9083189208401476,1.3303913934319185,150278554.78547642,6463351550.468502,110543609.18532299,59400641.78359422,103431642.7567528,55579024.475150704,1.007583128806903e-06,6.601227853575026e-06,1.0347441361867615e-06,6.779174459984948e-06,1.9137126,2.1844182,2437,17018,3403,19532,4.405060659613832e-09,4.467846552503329e-09
851,879,1.207827322657411,1.2007692868325401,1.768993428193463,1.647603399243416,151307103.4356041,12952635044.850374,77012225.82829356,94237763.13427496,74863788.68803157,91608779.12355046,3.8070791473125797e-07,1.2252963850710682e-06,3.85041069647703e-07,1.239242507149515e-06,2.3730369,1.9279418,1996,8273,2078,8232,4.6145524667722035e-09,4.025124900720935e-09
852,880,1.0966947388328152,0.8371317575133057,1.6311338716885344,1.2982851872033445,151001508.730956,6910883775.038931,69785722.87138057,53350953.08918208,65569816.51925082,50127906.701378584,7.794580256806091e-07,4.189580491655266e-06,7.991306322402313e-07,4.295320590476155e-06,2.3730149,2.3693702,2250,12341,2270,12220,4.631535051022902e-09,4.4617548689535295e-09
853,881,1.4884704251482959,1.1412937362866684,1.9763006653205073,1.5618552582256453,150032557.65623215,7738038522.816981,103397345.89200397,50536282.949028395,100407226.55351871,49074838.115629256,4.532851268777484e-07,3.575675833509212e-06,4.5863715757672975e-07,3.6178945733173424e-06,2.1598139,3.3882828,1471,8043,1624,8166,4.4188455314071935e-09,4.111468454344247e-09
854,882,0.8771123200978915,0.7834311753434079,1.4390401306453346,1.2378819114262696,149973761.90686986,5169296925.527245,45872376.84274223,43764821.39534576,44532874.57583949,42486861.07358986,2.0314498915979625e-06,7.245960516570559e-06,2.0556743638947145e-06,7.332366570947293e-06,2.8676045,2.6846704,3422,13885,3662,13952,4.914139620708169e-09,4.547240410408327e-09
855,883,1.6540441079292374,1.474429688241584,2.1497992736705864,1.891737140452198,151386490.9302025,15657767566.566818,107143890.70771872,99039934.4383985,104517019.71368928,96611749.9725523,2.2149853350776525e-07,9.206179923362247e-07,2.2370877175355497e-07,9.298044418544214e-07,2.3370435,2.2537246,1434,6403,1484,6396,4.3189085746507535e-09,3.807586368796932e-09
856,884,0.9685946501399978,0.8609283783729966,1.5326002142389408,1.3200840380455665,149815024.40693986,7550185997.100336,78141920.66303018,58330439.80895296,75714586.03595331,56518512.29092509,8.074703533053879e-07,4.01549067958638e-06,8.177271130270888e-07,4.066496791323674e-06,1.8570062,2.2111955,3027,13486,3283,13711,4.945843474992475e-09,4.513806918933713e-09
857,885,0.23016011867479585,0.3256946022092109,1.0566380305958811,0.9535414452690433,150080100.18457532,1428568637.307794,16868497.364011846,25803831.778100234,16581381.901410382,25364629.699931394,4.535220668486568e-05,0.00010946384452538394,4.5664708894208304e-05,0.00011021811197470599,2.0477493,1.8943031,30576,81279,31639,82551,8.74631682148169e-09,6.866965473995884e-09
858,886,0.3810897707693712,0.7039907871555855,1.169929053797759,1.2543848390730286,151535064.6811589,3528764354.8044443,20366040.947469905,44184534.144775316,20757494.562972244,45033800.61167827,1.1444916647554982e-05,1.4330704498346264e-05,1.1358090009037779e-05,1.4221984886181977e-05,2.8355272,2.4144034,14500,21413,14243,20945,6.997155182762526e-09,4.901876192528094e-09
859,887,0.5089152929186413,0.6074903162667042,1.1876960456105643,1.1112411752190208,149496939.7796326,4198453948.553573,28951823.802341904,49030422.34798818,28686608.850435235,48581276.16660207,5.923620330328521e-06,1.0167894601418009e-05,5.945466016836678e-06,1.0205392723431889e-05,2.6278579,1.8522774,8492,22930,9464,23047,6.081523800119125e-09,5.120241177275868e-09
860,888,1.6083504963747517,1.3841836543218522,2.1241956982299333,1.832471440304333,151162341.3931629,11599906022.071806,113084372.79412457,74607728.54414064,107261042.14370853,70765769.99890487,3.1748601973951427e-07,1.8896596453705574e-06,3.2427154350436965e-07,1.930046716403387e-06,2.1499171,2.8044875,1630,7693,1713,7816,4.488663947378944e-09,3.974132871989489e-09
861,889,1.2064400980374335,0.820204320080288,1.734129447425597,1.2863192104500976,150008873.6330562,7815205588.606798,77438319.06096283,61720691.00859785,74808766.7830511,59624858.02043373,6.252884716972817e-07,3.5822726431680255e-06,6.339890988758773e-07,3.63211846654565e-06,2.3370435,1.9934632,1958,13796,2091,14044,4.561449808656836e-09,4.5503601883072926e-09
862,890,1.4179756637757297,1.3550951141176388,1.9397042473152621,1.7890387260308804,151153642.99661273,12394412092.766705,70293823.49803513,86385187.16421035,65867373.10325371,80945452.53607513,4.6076775081836025e-07,1.4384119181017434e-06,4.72912511985894e-07,1.4763250949133869e-06,3.0490899,2.3710959,1791,7488,1873,7519,4.515784304657443e-09,3.912801865899304e-09
863,891,1.3411905274674052,1.3424472813259414,1.887265151469376,1.7848478842660476,151293803.29893553,13244043445.83907,86825005.97402196,90119243.01670122,83898342.3362585,87081538.5139378,3.66507356257957e-07,1.3211915126945152e-06,3.715688279838159e-07,1.3394371859989317e-06,2.3370435,2.2537246,1969,7686,2077,7764,4.677035008958742e-09,3.988175838484941e-09
864,892,1.12920503197153,0.77531223149961,1.6639516412146942,1.2449498038010007,149829672.10908583,9647929802.18318,114516757.09680161,78423271.95071028,111022592.21298718,76030400.81227621,4.203487948867852e-07,2.2955917763610087e-06,4.2559143360570744e-07,2.324222662130126e-06,1.4774119,1.4812539,2584,14877,2745,14952,4.643527263748029e-09,4.644661848381852e-09
865,893,2.1687717847204744,1.9698942248305378,2.608686064873252,2.3404448587759528,151350032.11403233,22810018493.05784,140452532.98257008,132289257.60909238,138996964.41911808,130918288.49540545,1.0911658525211214e-07,4.405677266091868e-07,1.0957222245996353e-07,4.424074015619709e-07,2.3370435,2.2537246,1051,4425,1065,4459,4.205817681510535e-09,3.596567360472718e-09
866,894,0.1358910965680018,0.34759678052608156,1.0458753650830401,1.005544203771645,151328917.95303074,820930834.075348,7111951.266331806,19562461.010861676,7541362.94944828,20743620.58212337,0.0002254120900321983,0.00022850345071833753,0.00022018755928556344,0.0002232072693829904,2.8915064,2.6888971,62886,69666,63997,69763,1.156507891197269e-08,6.633585750194275e-09
867,895,0.45951585542235523,0.6738650729399834,1.2196663208271632,1.2373286794429097,151587712.31896472,4122448250.9274464,29805588.6840647,45324821.3284908,30371684.382762153,46185672.851011045,5.201935803845563e-06,1.0740383091925745e-05,5.162933350321974e-06,1.0659855129227956e-05,2.3370435,2.2537246,8885,19635,9176,19646,6.429400520174761e-09,4.9614943426529455e-09
868,896,0.9093194963739986,1.4933453392796654,1.5415597208243885,1.9175953187733834,151551896.53566495,12819276518.988564,58967278.20099848,100420130.45894308,59076905.69206622,100606823.94880342,6.276829085152507e-07,1.1707019572571082e-06,6.272167388876677e-07,1.169832496438562e-06,2.3370435,2.2537246,3373,6704,3443,6659,5.102560875242503e-09,3.8678812188944625e-09
869,897,1.3957478387267637,2.9986832041660536,1.9224817898298951,3.2889054502840307,150874449.12018195,29493566229.75697,90106447.00391114,200745324.6570124,88795051.34750883,197823707.44146678,1.269410303872517e-07,1.778920469612953e-07,1.276876400232044e-07,1.78938327395726e-07,2.3370435,2.2537246,1455,2250,1602,2328,4.5530237935356485e-09,3.3138254247873105e-09
870,898,0.815681374623249,0.735913533883454,1.4280416596586751,1.2251675934705797,149942375.83112642,5121512959.874365,59208743.0563197,44436700.50132164,57388118.98585338,43070305.56758941,1.7472267254829935e-06,8.661918996020317e-06,1.7691913388675579e-06,8.770809101203094e-06,2.0656612,2.4831867,4165,18020,4332,17865,5.13730117358238e-09,4.7579933673135675e-09
871,899,1.8249220223120877,2.0320105971964484,3.1026892670582313,2.3010333343796767,151522121.0334535,9836252682.84763,155607528.00780573,135047590.37971342,138725897.56939703,120396477.1490376,1.821044694310795e-07,2.134508881305163e-06,1.906644956441143e-07,2.234843881500438e-06,1.7770095,2.2798967,785,8550,1008,9209,3.874089466043834e-09,3.3337198350394227e-09
872,900,2.4731201531248566,1.0834256283344794,3.304784422545441,1.488663120945813,151005586.21575177,9392295909.314888,151434778.746004,71759094.2290575,141903135.7460008,67242416.66093966,1.7802071041455977e-07,2.2892917754407106e-06,1.8271070095634493e-07,2.3496036164012407e-06,2.4661109,2.2798967,656,9294,678,9431,3.754181798226619e-09,3.988813209110071e-09
873,901,1.1935438099976299,0.8674202752179649,2.256559577762024,1.3018155798679474,150755068.62985584,9396411193.801178,61116189.646633886,84843559.0651201,55680749.62938311,77297897.6157576,6.015797831122041e-07,2.6613702975767343e-06,6.244155520534009e-07,2.762395030934655e-06,2.9441099,1.5412838,1783,15781,1920,16225,4.396296512420079e-09,4.311980172278225e-09
874,903,1.4467522254834146,1.6165153411339774,3.0449037050653476,1.9571287668292687,149912761.1854303,4770268121.59647,34948304.15636783,83386023.58311686,36324612.60358574,86669870.72270532,4.165673171249256e-06,9.66972302306617e-06,4.10180716539464e-06,9.521471693253261e-06,6.2059269,2.9061978,2845,14797,3202,15872,4.151724676433033e-09,3.646692078049424e-09
875,904,0.17730121177204816,0.3754687661743904,2.031507579092141,0.9286536721445934,151433699.78905308,1075498805.9114237,12445707.98120412,28973716.75688456,13383271.47163068,31156372.741922945,0.0001231629668133814,0.0001969320197644585,0.00011963632657461645,0.00019129308134675275,2.1573203,1.9624208,58067,104195,61401,107928,9.854498117192785e-09,6.301500669673738e-09
876,905,1.4807040519510712,0.569140519188911,2.848150603655649,1.050248074516435,151032833.1244739,10298472309.638494,90683240.55704814,37702982.35838283,84334509.4970758,35063397.64921409,1.671457043768489e-07,1.932886499007225e-06,1.7206950244412317e-07,1.9898256997097142e-06,2.4661109,2.2798967,637,8500,698,8731,4.099176818832128e-09,5.204124441389691e-09
877,906,2.9928706046422793,0.8819072985033038,4.66712624362586,1.3418023133015167,151769418.70679763,15338306405.137201,184187269.08478475,58707290.57466888,181008310.0656035,57694038.83478814,1.258916586809916e-07,7.836338044710279e-07,1.2677143127025456e-07,7.891100969308838e-07,2.4661109,2.2798967,743,5148,783,5272,3.632823080242372e-09,4.3640808867624404e-09
878,907,3.5238468697468495,0.6220508097485915,4.304392082766175,1.0428461686123054,152459473.1533861,13516336174.331379,217850639.74001068,41597296.372641556,189668446.98377797,36216072.677769765,6.07572140192513e-08,1.2861630632207887e-06,6.421897240314719e-08,1.3594446617771514e-06,2.4661109,2.2798967,326,7627,333,7625,3.389639655084333e-09,4.84175967233556e-09
879,908,0.38065226649021255,0.4977855378666326,3.4421539836376938,1.0708883121768589,151631744.82040563,1501944934.945229,20259982.96325136,20447769.772982508,19385698.555113897,19565381.750932854,1.4345628050262524e-05,8.762755824453674e-05,1.4601000458651596e-05,8.918745234689022e-05,2.8489149,3.6913605,7108,34711,7563,35654,6.651907176815128e-09,5.5069199736731905e-09
880,909,1.7818812569552713,0.9938739482259271,2.9326196021831525,1.3597801634920723,149424162.06411615,7432524115.818314,158667673.68514624,54268856.24752865,148554455.1853642,50809847.94282758,2.998284795413201e-07,3.4355267129985844e-06,3.078321614743148e-07,3.5272353563042913e-06,1.6780741,2.7365379,1279,9043,1328,9331,3.910776701500218e-09,4.115884981658264e-09
881,910,1.3490658937621134,0.9112418018539626,3.0424076099843678,1.330422676579735,150789849.39364234,3152962126.3356037,143246620.77608308,60268526.22873234,145300269.73573503,61132563.33843048,1.0498914626187466e-06,1.569409209311035e-05,1.0439305093796934e-06,1.5604985978404857e-05,1.4201064,2.2798967,2171,20726,2331,21704,4.23037215215427e-09,4.305131334297562e-09
882,911,3.0405534642834864,0.5365018481453995,4.518694957532279,1.0660807413901676,151263698.0471143,9899851485.79582,186498247.55143195,35595144.97283341,179321385.38763827,34225365.61820527,1.262966649645139e-07,2.169158501833196e-06,1.282947694076971e-07,2.2034761557609487e-06,2.4661109,2.2798967,469,9191,507,9419,3.587456299259465e-09,5.3835078214096865e-09
883,912,8.415499446582846,1.2865069205785011,9.184305839707255,1.6563705114238907,151287123.97467166,23323561948.446426,516260930.55424225,85368750.25426932,472008684.04180276,78051212.24755803,1.3428312750525734e-08,6.4339572628612e-07,1.3918394951662465e-08,6.668772164478623e-07,2.4661109,2.2798967,98,4248,127,6582,3.252442835817428e-09,3.922216521436713e-09
884,913,2.7954859084302286,1.0332724262627684,3.869981530853746,1.4298530157346263,149746888.24471217,6944877562.508769,169747157.72894445,67866816.30878863,163738173.1390626,65464356.91671413,2.812374754227402e-07,3.757546104063091e-06,2.8532131633817343e-07,3.8121093179389565e-06,2.4661109,2.2798967,675,10387,792,11446,3.6175118172608755e-09,4.091032402911872e-09
885,914,2.020594807629916,0.6845552442648808,3.846907870757723,1.1847443301677654,151545234.76440203,11987033081.204918,124167779.51308165,45502537.549760014,119409112.8598093,43758676.067123905,5.822202875157554e-08,1.3821609740009669e-06,5.913926348549049e-08,1.4039356541417905e-06,2.4661109,2.2798967,225,6580,283,7267,3.836125636348967e-09,4.8254813855108486e-09
886,915,2.099353814290027,2.1372311829894013,3.653390636013817,2.4215498734453482,151359301.91096634,13624285880.17263,128849326.1982107,141887928.46606803,122126903.00702706,134485245.5882235,2.8526932072499597e-07,1.358973326275021e-06,2.9144955133519893e-07,1.3884148677914703e-06,2.4661109,2.2798967,1430,7733,1576,8121,3.875573538894193e-09,3.3126687169164837e-09
887,916,3.325481638240694,0.5904919876354823,4.524792464494088,1.0923705724131814,151075704.77400923,5676959203.30445,203721366.38714814,39128524.19823934,202097982.33652228,38816722.72530382,5.013056949472985e-07,7.941744097131597e-06,5.029125569197667e-07,7.967200194505667e-06,2.4661109,2.2798967,861,15865,1154,19775,3.5500717671449606e-09,5.175759323387718e-09
888,917,11.306696564956562,0.8092144071150895,11.740866331590425,1.227657102493104,150096638.6276148,15792891442.02103,688167409.0092131,53274502.49698293,673143834.694238,52111451.99956241,3.700831386359514e-08,1.009091843093211e-06,3.7336516006753225e-08,1.018040808095162e-06,2.4661109,2.2798967,213,6897,237,6990,3.1600617637768495e-09,4.474139998880505e-09
889,918,2.6471789027559236,1.1386203537373767,3.478648246477086,1.5300748112048084,151187297.30175555,9989700562.774303,68559205.07293372,75505584.93914343,65402106.4997682,72028610.92487636,6.059811413625419e-07,2.4944962838885644e-06,6.175167234183511e-07,2.5419820299070066e-06,5.8375797,2.2798967,979,10720,1037,10930,3.7118761474377152e-09,3.9214230823931025e-09
890,919,1.7961756580747679,1.0575383348551415,2.9898043727934587,1.442206470023579,150569284.63823938,18651886670.189842,109666148.3962204,69842107.56419513,98931749.67684399,63005786.229311034,1.4028305614154625e-07,8.500159759784039e-07,1.4618404637748702e-07,8.857717979044754e-07,2.4661109,2.2798967,1000,6843,1061,6954,4.017304616270674e-09,4.072290066303899e-09
891,920,1.4209502117486816,0.9572336127185617,2.585939519820193,1.3396201907411727,149240154.8094083,6815322179.691404,85990792.05149889,62659721.62286446,82552851.14963315,60154564.79470368,4.5194818863859917e-07,5.041294066974794e-06,4.5938477635718447e-07,5.124246109900716e-06,2.4661109,2.2798967,1215,13583,1249,15070,4.2055245909626775e-09,4.247794727443225e-09
892,921,1.4266986856877466,0.678594475321638,2.635494014701494,1.1254220000906843,149522565.40825254,5575914858.382152,86502049.66395228,44504291.27861732,80180470.2620808,41251912.72649342,9.482465037377057e-07,5.970509317113099e-06,9.774720990307378e-07,6.154524431650754e-06,2.4661109,2.2798967,2061,16176,2144,14602,4.212507513755166e-09,4.866591719173415e-09
893,922,9.220876617805706,2.5016419324378347,9.749479351372226,2.7497254766940618,149507508.45798492,47236504138.205696,559013906.8468584,164048771.32055998,534788223.17992544,156939478.3471928,1.007609289433076e-08,2.2226294038995767e-07,1.0256247053643412e-08,2.2623686099512002e-07,2.4661109,2.2798967,179,4537,193,4605,3.2102123729008296e-09,3.205295799949245e-09
894,923,3.3541732026857636,1.0626316825013649,4.4356416473012015,1.5088974991936777,149835378.99711913,17064728701.730633,203792056.97781163,69836418.85263413,195546005.04111648,67010623.06121956,3.5695228617272107e-08,9.024873748469337e-07,3.628987646785667e-08,9.175219382443722e-07,2.4661109,2.2798967,227,6687,247,6755,3.5665919883532027e-09,4.1085968083536005e-09
895,924,0.42264180587051453,0.5365442003806556,1.9581889688103717,1.0420816174441765,151308256.82797486,3123863441.47668,26473500.648058303,43397130.58613629,26169780.92375899,42899252.92680342,7.5455774582315275e-06,1.8625305041534206e-05,7.580485056827032e-06,1.8711470040264612e-05,2.4155927,1.8707128,9150,30202,9758,31102,6.436402950905767e-09,5.3520554645144026e-09
896,925,1.7977199869175207,1.0459900235858874,3.1049574464168463,1.4329573448667094,150425994.21533567,17866336121.919388,109655983.57837367,69013692.25949119,101799381.7555531,64069018.17321149,8.668356145499522e-08,1.0675728734779291e-06,8.930003395305877e-08,1.0997966886540501e-06,2.4661109,2.2798967,282,4712,628,8366,3.948111727707483e-09,4.114975740955371e-09
897,926,0.788485429259658,0.6609130231264416,2.7003926909592204,1.1479583832476556,151322907.72525936,3376273073.4838457,63580190.4436798,47365081.88806077,65317756.65718804,48659509.68726103,1.2572787085672055e-06,1.4876227192391615e-05,1.2437920787770514e-06,1.4716652256897283e-05,1.8766208,2.1114981,2105,26832,2262,23787,4.944258347737091e-09,4.917836421223803e-09
898,927,1.6478846383419876,0.7761968607085868,2.753550322174096,1.1477573842932132,152746903.44436464,7972269959.297628,111981322.2483808,68679805.66742553,101625678.65000075,62328535.869768314,3.795042922588829e-07,3.5936573777193168e-06,3.9452410671975866e-07,3.735885194769884e-06,2.2477791,1.7262959,1361,16578,1346,16596,3.843170761320051e-09,4.370137636803031e-09
899,928,0.6355124391595834,0.6135162223206949,2.1743031755678754,1.0886783740603783,151454620.2794601,2168003024.1133285,55716132.04064473,39212503.7961825,54849174.37482637,38602346.92568704,4.243120364770826e-06,4.340014650615244e-05,4.269821279610264e-06,4.367325297409553e-05,1.7275301,2.3696489,5048,40002,5325,39707,5.602755776200936e-09,5.087049578454806e-09
900,929,1.132219208988802,0.6617557697606606,2.3900264455247404,1.1302726936850471,151341950.21941584,10497831449.713058,69482788.93874952,43928046.72445427,69364116.50698255,43853020.258084886,2.999880150853516e-07,2.247573802391819e-06,3.001932050511904e-07,2.2491111291133608e-06,2.4661109,2.2798967,1189,9934,1277,10349,4.611140116089241e-09,4.924228923278506e-09
901,930,2.482622980498892,1.0307067864368538,3.614269767658551,1.4175633612318594,150548101.49274012,6386820840.466385,133648647.56280199,68060517.78299932,130529138.15502705,66471908.92392103,2.46516019789437e-07,3.7499587716243308e-06,2.488559255118509e-07,3.78555301006788e-06,2.7965429,2.2798967,862,14623,563,10505,3.699599558014002e-09,4.13334010827027e-09
902,931,5.492200626533332,2.281860401499245,6.9815591977804985,2.5743826923462505,151596852.28255698,11271159029.74935,337616741.8451216,151727424.411596,316386163.9484749,142186247.97163826,1.7788305145975625e-07,1.413916518340031e-06,1.8256485118712965e-07,1.4511301478329493e-06,2.4661109,2.2798967,739,6757,813,6990,3.382250184978535e-09,3.3523696504459835e-09
903,932,32.844714984769446,2.120403489847788,33.06501535749293,2.4266694196834564,151425655.06823835,16563858082.284252,2016751348.083453,140832471.69013402,1935552773.246766,135162265.49300706,5.702297556571102e-08,9.102321936231417e-07,5.796806603907886e-08,9.253182491334267e-07,2.4661109,2.2798967,373,6431,383,6613,3.1503372088284483e-09,3.377271304035978e-09
904,933,0.8050515063524678,1.034666601547845,2.4331495480582825,1.4010837634500266,152168966.05206937,5586620072.866439,63221782.485576205,86319615.26837982,58139811.5466911,79380965.97689977,1.5233377846711965e-06,6.72762200274623e-06,1.575264409723308e-06,6.956949147877303e-06,1.9376843,1.8239672,4236,20266,4392,20606,4.869520555242387e-09,3.9902631785242944e-09
905,934,0.40962601282245026,0.6329791512753877,0.9706467450421427,1.0316112846945966,139177749.2904525,4380502616.051328,19022717.792596813,33898828.16454044,18459506.29050452,32895175.051568873,7.354773327139704e-06,1.166541958969606e-05,7.4437244107110094e-06,1.1806505068019148e-05,2.9969864,2.59881,10175,19552,10750,19663,6.956272778268552e-09,5.180465304015196e-09
906,935,1.264552612177732,1.0307839302322275,1.6453622771645144,1.3570893120549081,141236954.3941292,12602375467.738905,84724616.85696013,57707315.457870126,81282590.71241044,55362895.430888936,3.885728284906115e-07,2.0739221629213477e-06,3.9507291712397105e-07,2.1086149589411886e-06,2.1080244,2.5228133,2186,10215,2323,10360,4.532434524140209e-09,4.165508628549575e-09
907,936,0.6142197077650173,0.7812347921339865,1.1154697625547079,1.1495052155491907,140093399.4235488,8984280669.829384,40943910.12039864,52452481.74517107,39671955.15479195,50823003.89564527,1.1693699558363768e-06,3.186195016027211e-06,1.1842249745013645e-06,3.2266706466838258e-06,2.1016099,2.0865712,4716,13799,4999,13719,5.838164120351822e-09,4.707131338399862e-09
908,937,0.5496100854291368,0.7565389769142048,1.0662843996933142,1.1302504693013145,138758362.38663206,8120326687.365095,39800414.66025812,45371087.06042508,38977096.476177774,44432532.99441329,1.4325605708450458e-06,3.871340424654838e-06,1.4445887844780725e-06,3.903845374617584e-06,1.9161357,2.3137226,5804,13582,6071,13587,6.1721120399261105e-09,4.82465127536171e-09
909,938,0.4026547988308667,0.5418547333050041,0.9700259175557546,0.961084555363433,139896522.17442182,4196128782.306983,25356904.580524098,33929617.067417294,24559757.229172036,32862968.561808474,5.340190789134996e-06,1.1530290932157666e-05,5.408858748913544e-06,1.167855558883908e-05,2.2214859,2.2341423,9231,21355,10087,21656,6.962062276503794e-09,5.529524783380999e-09
910,939,0.8802872157951687,0.8081033604388517,1.3235737480658691,1.1694625903863711,141011541.98999318,7535233304.26977,26237816.31447796,47088019.632743426,24522358.332942307,44009351.87527748,2.4900460313774325e-06,3.959838937978524e-06,2.558312288025469e-06,4.068400537972477e-06,4.7309828,2.4199765,3751,12288,3966,12330,5.0757200449004625e-09,4.6007774249606054e-09
911,940,0.7185324660333332,0.5604541055687909,1.2411993539291064,0.9986374966125114,147811950.4488896,3707519889.831307,53330462.433159105,32463515.58583405,49860819.88412156,30351461.989652976,3.0660629634321996e-06,2.227508331197588e-05,3.1496873245984426e-06,2.28826180019366e-05,1.9915013,2.5518436,5567,31957,5708,32363,5.214651701029762e-09,5.206068175816155e-09
912,941,1.0088109258845797,1.1105127220163307,1.4781771834804998,1.4543083146494984,148116647.9704931,11424549022.8633,61684287.597290255,71678762.96575525,56637318.28935948,65814052.01893541,5.235053485902104e-07,2.0136418432326303e-06,5.416888194658331e-07,2.0835838178637575e-06,2.4223623,2.2947581,2335,9667,2469,10025,4.6771945163103004e-09,3.97147159352678e-09
913,942,0.8848552688671761,0.7949343442233767,1.3696333231257483,1.177150632705138,148050588.3965435,5933186551.032715,54833191.5177675,41636942.04606917,51336856.37651508,38982040.88820403,1.3183463650301917e-06,7.320409864213709e-06,1.353552880465751e-06,7.5159018302974165e-06,2.3891249,2.8265884,3032,14980,3274,15366,4.8232451420449345e-09,4.451688472507176e-09
914,943,1.4122648125486628,1.5478199257185663,1.8350465786315406,1.8605275351944235,148887067.58722728,17932375060.55831,86802856.28495605,100424689.59726834,82734242.3364779,95717594.57350877,1.8898137286642777e-07,8.102891134124878e-07,1.9264533126989019e-07,8.259989453461365e-07,2.4223623,2.2947581,1289,5910,1399,6332,4.242414091240261e-09,3.579480073332851e-09
915,944,0.6571215671577832,0.6150562665462482,1.2405127530625557,1.0674023758867006,149486662.21397647,4500090811.125378,40551700.19085683,40066405.413184285,39013612.166016966,38546724.16494176,2.4535343455966494e-06,1.061584668640346e-05,2.491777751574399e-06,1.0781316607521256e-05,2.4223623,2.2947581,4366,20365,4558,20818,5.3416150104865934e-09,4.979118548030585e-09
916,945,0.9386338296591452,0.5490047000328223,1.422846214767472,0.9912289124107222,148556881.35641387,5416234324.331176,58975399.46118322,46862599.37127838,56127236.842050284,44599413.28039777,1.435332269927222e-06,9.423509135344264e-06,1.464034599646379e-06,9.611950983953892e-06,2.3643844,1.7403735,3137,28989,3288,29327,4.717626488100861e-09,5.222224505497899e-09
917,946,0.8782500369198805,0.6584953636115296,1.3395168286753178,1.0517020578408942,146753384.85173488,5706260379.663011,53206807.94287195,42111812.795939535,51029089.5066295,40388204.95974356,1.0837730037592887e-06,7.384231603305913e-06,1.1020418393220377e-06,7.5087053745201045e-06,2.4223623,2.2947581,2442,18005,2553,18362,4.854105531889988e-09,4.847702870948384e-09
918,947,1.0128960029505703,1.0285924137235853,1.5047773058509921,1.3987360554344532,149197143.19352475,12388873261.528177,85808527.20201167,79221217.9579312,81882292.68666252,75596390.79405074,3.1316816232579846e-07,1.682608701675319e-06,3.1909043445069413e-07,1.7144282408552689e-06,1.7611442,1.9371458,2167,10624,2203,10761,4.630901607806288e-09,4.063804886677913e-09
919,948,1.8109960904079387,1.1197636038616714,2.2010399539330243,1.4761291829053977,149462102.47841904,12488696514.763096,111740214.60479614,72932402.98922007,107991693.23970869,70485757.68986045,1.9745574075604623e-07,1.4536209849955162e-06,2.001692790370767e-07,1.4735973917274322e-06,2.4223623,2.2947581,957,7770,1018,7911,3.947953464885045e-09,3.924231250564902e-09
920,949,0.821592490002715,0.7888532795902392,1.3229684711171177,1.176756983693894,147958196.36795014,7504578952.233192,74634998.28871551,50878890.08189419,69172609.24229299,47155163.971492514,7.641747020055604e-07,4.703850192940591e-06,7.87763771227625e-07,4.84905186936391e-06,1.6287445,2.2940223,3436,15328,3521,15388,4.974865329755734e-09,4.494168985545252e-09
921,950,0.313994545890259,0.6136227912579505,1.0044679722511238,1.0688313760919752,148536307.06512612,2631311098.3197827,17959640.008149043,34145165.119071946,17654698.296139996,33565404.884261176,1.6397787253491938e-05,3.224343046953892e-05,1.6510498205220452e-05,3.246505718532888e-05,2.5969112,2.6693461,15858,29931,16615,31784,7.443134290971966e-09,5.039496299109738e-09
922,951,0.7387087470316576,0.6192329674753572,1.2616435453253139,1.0440069839029944,148085240.54979742,4268758907.1332808,40616389.72461913,33038921.72809475,36977322.11599631,30078765.23216528,2.747074873402746e-06,1.451672751544907e-05,2.8521794141654993e-06,1.5072145204883705e-05,2.6932936,2.775492,4171,21967,4354,22327,5.153039430393691e-09,4.970483781332528e-09
923,952,0.9632177294110563,0.8795941272332014,1.455539468526388,1.2747010497422513,148592062.27278715,8088020751.398745,59085508.732901074,56956201.75765529,56103599.16548204,54081753.41004499,1.0563365370473926e-06,4.105756585671111e-06,1.078446000275487e-06,4.191691390603765e-06,2.4223623,2.2947581,3402,14178,3527,14471,4.823573834296991e-09,4.371358421423821e-09
924,953,1.4485097347643656,1.0768993264209064,1.8488318757168758,1.4253501540807254,148408379.9698075,12303259243.736332,92624577.42168733,71590777.70783547,88243466.56806064,68204558.39147143,3.105011826313321e-07,1.994132293399457e-06,3.1657799938157864e-07,2.033159444343115e-06,2.3208849,2.2324228,1609,10758,1646,10990,4.200300357384178e-09,3.999958561090802e-09
925,954,1.1400157409987046,0.9497775591721473,1.6133479615192117,1.333567162444332,149374932.6875451,7419373101.867018,57689343.296433985,53547701.45783583,54627664.88716108,50705827.51627926,8.438522887499097e-07,4.003821166093507e-06,8.62461298820828e-07,4.092115230582406e-06,2.9518411,2.6494687,2031,10872,2121,11212,4.462988128400713e-09,4.180891554758773e-09
926,955,1.257236781451426,0.9297722739961214,1.722475414973136,1.319410268911114,149565698.12887928,10856163896.249126,61284886.159886636,75639737.80336934,58852392.06527759,72637476.93525822,5.536735049732216e-07,1.8643612145900802e-06,5.627162377252971e-07,1.8948104234928767e-06,3.068285,1.8384786,1829,10701,1959,11009,4.3211278042642075e-09,4.205361499084318e-09
927,956,0.8060154517278824,0.6562770462065503,1.3446246815142369,1.0905658734627817,149243518.42030677,6696691860.500204,76843195.4105635,56005182.945617475,72520033.24746688,52854357.598569065,9.231244380920716e-07,6.489639175626316e-06,9.447550388656107e-07,6.6417040418348425e-06,1.5654292,1.7488577,3736,24370,3949,24850,4.956483414497536e-09,4.831971802583286e-09
928,957,1.0635480244958917,1.069784084711697,1.5410015958415222,1.4434801576295233,148804254.32120892,10799304663.354412,65333113.34968597,69370459.1391228,63570010.850875914,67498403.39922324,4.5242771746957745e-07,2.0749773753988782e-06,4.574057619593131e-07,2.097808270348689e-06,2.4223623,2.2947581,1926,9583,2017,9765,4.586339493695963e-09,4.028260544291538e-09
929,958,0.8561072661179296,0.9008093839343649,1.363639357593781,1.2877668706219192,148656464.01086748,11495929198.721512,44884360.570280194,92239137.36061141,43046269.550007164,88461787.5678078,7.95431118870926e-07,1.5832555269585493e-06,8.088470132062788e-07,1.6099590193812363e-06,2.835417,1.4517822,3090,12273,3225,12537,4.9006653479209605e-09,4.280661492872473e-09
930,959,1.3229796665971643,0.6937592901318569,1.708234612071726,1.0749905298022957,145482104.76500228,5642371581.510655,50598665.799473,40038254.78017757,47436861.1500092,37536348.097063005,1.3435978333370037e-06,8.915245301432653e-06,1.3787278337092502e-06,9.148345238770407e-06,3.8038526,2.5208282,1935,19666,1993,19955,4.316658551461172e-09,4.767129753407414e-09
931,960,0.8034786683670047,0.6484339835960846,1.3328067788784734,1.0871898370102784,148846993.6139107,5254246603.043327,52009482.71195781,43631641.305234045,49911166.33736075,41871327.94260433,1.5111863090135445e-06,9.629793237244211e-06,1.5362855177424323e-06,9.789733933527648e-06,2.2994919,2.2120976,3362,22689,3453,22873,5.017378920761192e-09,4.8882203555475815e-09
932,978,0.6848109101906654,0.9822991212030439,1.4724010574209667,1.4263172329434757,150905179.52607524,7375363579.085047,49998767.87487223,65093721.01028055,48164405.577200375,62705552.80711092,1.484718208150824e-06,3.4096707301743203e-06,1.5070833558799967e-06,3.461032523388375e-06,2.0668812,2.27724,4953,10865,5298,11043,5.3786192816636714e-09,4.1149507085402485e-09
933,979,1.0959107471859417,1.2746852692862416,1.7390453780970452,1.6484461323520663,150736921.53104517,12015131917.477367,104594627.04383534,79262534.70355234,101275045.96260902,76746933.10824586,3.1113951203998853e-07,1.4088610117028193e-06,3.1517948166874587e-07,1.4271542707656161e-06,1.5793757,2.424123,2273,7005,2367,6983,4.565940913021501e-09,3.729074445468951e-09
934,980,0.8753694521278763,0.8188214236365967,1.5992835082643264,1.2546863694840589,151984657.16097352,6826745954.631105,58731473.001797706,59661772.00791793,56935019.11627678,57836862.523059495,1.2071721150850002e-06,4.337861060995087e-06,1.2222660924158228e-06,4.392099868950245e-06,2.2652714,2.0858967,3441,14009,3638,14197,4.8408509803574364e-09,4.361093332553451e-09
935,981,0.7503841560370409,1.1567481177190497,1.5231019170423707,1.5616533377047037,150892093.968352,9611892393.57581,54781589.08460906,76647233.3511519,51970982.797109194,72714795.47236936,9.328163777189797e-07,1.8335161941449589e-06,9.526769136893717e-07,1.872553474359911e-06,2.0668812,2.27724,4211,7796,4338,7739,5.1623557886257226e-09,3.872821359969022e-09
936,982,0.5975395838070517,0.8169557074079911,1.4286918221316331,1.2989762297632816,151234132.67672813,6495294511.35225,40455429.98064424,66381876.32323513,39309738.54948847,64501951.9985163,2.36883040907667e-06,4.1013858701156725e-06,2.3962086742429527e-06,4.148788516362956e-06,2.2337763,1.8612247,6667,14661,6888,14313,5.698759045501819e-09,4.454174555243229e-09
937,983,7.170962256686059,1.785645402211463,7.448602200877342,2.1163157036461335,151309096.62492397,24341134815.261208,524960902.924945,118645550.18402342,488074578.6398408,110308932.70510577,2.666271321060573e-08,3.793663800017414e-07,2.745115677927618e-08,3.905846300020146e-07,2.0668812,2.27724,264,4016,314,4055,3.373943403012555e-09,3.3692119600251734e-09
938,984,4.7964397475579705,1.5906748918126288,5.162318203067274,1.9350917118217312,151506194.4660418,19956954987.810368,351587857.6563425,105828590.52678426,305020342.67968,91811683.03980237,4.6708699887801614e-08,5.646043460478975e-07,4.9440152812788954e-08,5.976215397650759e-07,2.0668812,2.27724,438,4843,451,4948,3.4862345548493307e-09,3.47763073334398e-09
939,985,0.6232734108603506,0.9820579404900188,1.4655939534399613,1.4774036078974428,151042876.44115722,7226841554.37502,36971014.150171615,71897752.03449865,36192895.15964523,70384539.38615315,2.035853337658012e-06,2.886473831679846e-06,2.053249396988046e-06,2.911138314676571e-06,2.5463464,2.0631084,5322,10148,5778,10111,5.610923640972141e-09,4.173839108092541e-09
940,986,1.006006214616103,0.9821697150089451,1.6882761460918756,1.4091017433066313,150797007.12173817,8562482259.436362,73396925.91426027,65038491.115982264,70701659.41933264,62650161.30786019,7.215089876526845e-07,2.7188639712910136e-06,7.323877148691446e-07,2.75985830398611e-06,2.0668812,2.27724,2883,10283,2989,10223,4.757956843327507e-09,4.1139243343820644e-09
941,987,0.2929359959730492,0.5680971977329387,1.2395042318065763,1.0999251810505908,150846209.6408667,3024177335.138465,24658319.004041277,39759867.406162634,24202309.30195234,39024582.68184674,1.1018756980887922e-05,1.7371274145467625e-05,1.1101336543430335e-05,1.7501462352923804e-05,1.7920234,2.1553218,17782,24589,18595,24374,7.645938989732022e-09,5.122162049846582e-09
942,988,0.2305933340612668,0.41717736679386835,1.2297063146030023,1.0048958487395647,151328577.55632108,1419470258.2277248,16674157.291205024,24725876.66909942,17076697.807416167,25322798.41958586,4.849839852964056e-05,9.109260397209109e-05,4.803783192392312e-05,9.022754012071984e-05,2.0927811,2.5532303,30716,49701,32895,50643,8.599106990689598e-09,5.920747900821763e-09
943,989,1.29747586855731,2.159634659330724,1.944215912894012,2.4783829136109072,151006881.5788511,24855947640.898766,80596224.16207372,175041753.20546293,75983614.91431037,165023923.98362988,2.3844307182430544e-07,2.890294344593425e-07,2.4413081787853236e-07,2.959238517004225e-07,2.4309797,1.8630966,2367,3856,2438,3856,4.475542240869044e-09,3.2976776687520267e-09
944,990,0.6884075999622399,0.8264639362139024,1.4525729417699982,1.2863384038546086,150746542.73682377,5733107530.902968,51345651.377651855,49964606.36218713,51514260.77697014,50128680.67110844,2.1109651002296592e-06,6.654418969879546e-06,2.1081986533741405e-06,6.64569826841815e-06,2.0211072,2.4934967,5576,15380,5988,15300,5.309796664600343e-09,4.360268816698481e-09
945,991,1.0318231143546286,1.089593050187928,1.7488787362782217,1.5093061478809962,151042775.41994628,9696265779.164438,75403185.69571184,72269571.22598825,72385226.30324127,69377032.54530895,5.05408518785703e-07,2.1447179928469373e-06,5.137341796363235e-07,2.180048213777064e-06,2.0668812,2.27724,2270,9023,2371,9132,4.642710655652122e-09,3.936406725358198e-09
946,992,0.9809380269121806,1.1726842038318572,1.7101443081659713,1.6245599359165808,151084094.27508372,12747613856.958405,63208127.01460242,107632432.92114563,61073313.043156266,103997216.49513572,6.393494011548796e-07,1.0566722809655274e-06,6.481967354014517e-07,1.0712945404716797e-06,2.3447006,1.6461017,3309,8171,3476,8183,4.879494270932369e-09,3.947933949195822e-09
947,993,0.44548951346410626,0.6186915391817323,1.3262143894808478,1.1185409951408296,151707231.93107355,3547125832.1425047,34586488.81072232,40159022.586025916,34014242.29739788,39494576.39782984,6.132448323791547e-06,1.571085589302013e-05,6.173510154634116e-06,1.5816053111652753e-05,1.9540573,2.3372078,10492,23706,11132,23844,6.288153792765391e-09,4.926198806563381e-09
948,994,0.7077492402126184,0.9510574931431329,1.5061634681568292,1.4141894040568712,151163980.944535,7163766459.057348,53097137.70038846,61649096.164164804,51090774.65214099,59319583.240142725,1.2746915419687748e-06,3.8021548641584425e-06,1.2944836015226259e-06,3.8611906959865564e-06,2.0149145,2.3319991,4363,11795,4532,11680,5.350126845467036e-09,4.1995732324502805e-09
949,995,0.7688956153988592,0.9241619929455921,1.4581456882487598,1.3764358012983018,149834132.31094402,7513656670.508392,49339587.68631067,66327126.97322868,48243733.3654461,64853971.80326133,1.2940230131305866e-06,3.4020418330174288e-06,1.3057013192902497e-06,3.4327445992671888e-06,2.3349771,2.087698,3988,11983,4164,12244,5.313567205075264e-09,4.284776797305779e-09
950,996,0.43339587892317377,0.6015947904892792,1.2089808666449455,1.1314087299360616,150139044.02127722,3980413049.243783,31738565.91733739,47548786.61908479,31474956.695882488,47153863.33696714,5.582286594206956e-06,1.2866191786234255e-05,5.600940933561429e-06,1.2909186767543388e-05,2.0501759,1.899583,10364,26643,10838,26960,6.540707702883372e-09,5.0829806695361445e-09
951,997,1.4691273117273402,1.98992645011803,2.007278771499527,2.3604059006505573,150454765.39834407,17898519025.637203,92092976.01199993,109467863.56855881,86330202.25984594,102617845.70405777,2.2072504091211274e-07,6.865555008489047e-07,2.26504641348313e-07,7.045326929961336e-07,2.4001527,2.7349937,1561,4407,1646,4493,4.376607077022177e-09,3.384999644504418e-09
952,998,2.1961567729243026,2.359332392406972,2.6496985735345446,2.7034516959825936,150314014.64204684,23829614675.301292,137538391.33717367,129667839.37298174,136338906.25846255,128536994.10858345,1.0112430870725072e-07,3.444334373651061e-07,1.014792431903107e-07,3.4564235840103293e-07,2.4001527,2.7349937,958,2910,1004,3001,4.0649975437315e-09,3.2601599082330184e-09
953,999,0.07196731497264439,0.1763757368545589,1.048529502786364,0.842687939428633,144981383.2493705,293838175.5577152,4060405.339818738,8436937.491261045,4239675.324193374,8809434.699211143,0.0015529557825850675,0.0021322411689958824,0.001526348859542688,0.0020957093003313226,2.5696747,3.0308626,174620,209123,177578,206718,1.6980136075467582e-08,9.556222123969946e-09
954,1000,0.6587462199121843,0.6555285556450929,1.3378775419275974,1.1324857818271747,150136617.40068838,5204249547.160142,73707882.19482242,49694819.092019804,65945757.429173164,44461492.960371405,1.3064224088773864e-06,7.824059149934349e-06,1.365885988860801e-06,8.180181766857978e-06,1.3418094,1.9804648,4908,20511,5067,20560,5.5364257933830845e-09,4.880740816694453e-09
955,1001,0.4930084181802473,0.7043132306042756,1.2514373152401095,1.1889680542705119,149241335.49435842,3541268608.450326,35715075.764716886,30920030.6073614,34621689.355119996,29973440.39226216,4.491656837056651e-06,1.872415136549507e-05,4.547868480828212e-06,1.8958478110539044e-05,2.060117,3.3995001,7717,19855,7721,19505,6.39922949288447e-09,4.827745224667656e-09
956,1002,0.2897638041705154,0.4038538727584168,1.0958185355109016,0.961064181162784,150673197.13225657,1667677454.7186573,19020756.14168422,26385072.83770878,18153676.984907016,25182284.339858882,2.5474155404209724e-05,6.765271443064127e-05,2.5954045610142225e-05,6.892717768741516e-05,2.2953682,2.3062265,17763,47860,18508,48921,7.726599870624777e-09,6.0430972695730424e-09
957,1003,1.2794566842741721,1.2752611282827038,1.8636191232311359,1.6860690315109899,149980474.17447168,10888976266.156084,91973619.30816135,73963610.72965513,90520264.42868558,72794847.60642277,4.393534452884649e-07,1.8041424086265339e-06,4.4216159845170955e-07,1.8156736900266425e-06,2.0863974,2.5859239,2203,7454,2293,7597,4.572223887063201e-09,3.83640113631175e-09
958,1004,0.7515926923750514,0.8285585377933631,1.453378157123865,1.3050748335247888,150129761.92882514,5438418260.217931,38286487.72824338,49545000.89139966,37992340.706202805,49164357.08378154,2.2543666053939557e-06,6.4497820514442e-06,2.2613320235157724e-06,6.469710233788369e-06,2.9471607,2.510673,3869,13624,4160,13971,5.286225958366604e-09,4.427024669429076e-09
959,1005,0.47941008798410084,0.6407252903558804,1.2296808850890735,1.1412475471998347,149974886.40733486,3636930185.4391584,27464247.03272075,35519826.35120318,27748953.556102213,35888040.570202745,6.140052436641299e-06,1.6723950381262412e-05,6.114775471079663e-06,1.6655102318122266e-05,2.6179299,2.7053258,8028,22160,8530,22483,6.2986579004606966e-09,4.9550128843427626e-09
960,1006,1.163567641696904,1.7300023182120237,1.7719494769837956,2.1499308924349028,150370916.0409835,22321603065.163445,104249438.38050792,146417984.3052264,101439521.09219998,142471464.9588413,1.6443912555404646e-07,4.1891324871704644e-07,1.6624621723983305e-07,4.2351686507824883e-07,1.678347,1.7767082,2097,5213,2187,5263,4.623141615748022e-09,3.4929210520381076e-09
961,1007,0.9332055804098449,1.2011564196466529,1.559325654286369,1.621584588513509,150224169.56203523,8740648590.012068,58408797.635136314,65975554.40640537,57591620.277079694,65052513.16212345,8.312040174229186e-07,2.565509082692574e-06,8.359017246240782e-07,2.580008544003855e-06,2.4001527,2.7349937,2912,8049,3027,8199,4.990654380601466e-09,3.9337751619041706e-09
962,1008,0.9190594398812378,1.0220618808152668,1.556271428255236,1.4494179521171988,149823308.10030204,7589283650.463757,57369902.183230974,55988681.82656506,57568950.38299392,56182937.80226961,1.0515495394631003e-06,3.5990725001075573e-06,1.0500937091772392e-06,3.594089721312997e-06,2.4001527,2.7349937,3252,9979,3325,9987,5.0185501881426876e-09,4.123522766025878e-09
963,1009,1.5912186715176624,1.591745835751781,2.123305252426263,1.959602801402991,150016582.2276118,15675144821.549744,80566342.6073001,102865544.96410762,78056220.9770119,99660670.3096338,3.158496297841868e-07,7.607484247677295e-07,3.198739130436928e-07,7.704412243210491e-07,2.9628897,2.321363,1609,5183,1671,5137,4.36075157588648e-09,3.607370521646715e-09
964,1010,0.9240168943752265,1.276831677477909,1.5870563580422394,1.6709159959586501,150307275.04412067,10853485752.275066,83078999.37309101,74388279.73476177,86504550.33793497,77455491.00766297,5.275455833440237e-07,1.8840566721077278e-06,5.190879090447521e-07,1.8538512487336014e-06,1.6717397,2.5799372,3189,7943,3425,7926,4.940197055200696e-09,3.797421219657282e-09
965,1011,0.9803341032266297,0.8654116072245369,1.5506765735587726,1.2916029455425428,151009806.18568277,6013010200.851929,54950148.43492307,47983787.21651391,52599886.405554645,45931482.05752377,1.3965460242542483e-06,6.66004090994659e-06,1.4211793164913397e-06,6.77751554464995e-06,2.6940794,2.7235374,3036,14706,3117,14704,4.759785056409285e-09,4.318267542518604e-09
966,1012,0.7743708471923128,0.9252992199654966,1.480072772829178,1.3906260319369943,150221405.90771356,6474892331.883189,49818403.1651504,54030491.330278024,47899157.3939706,51948975.556746714,1.494078430766179e-06,4.838586618055474e-06,1.5177427528155722e-06,4.915223740736398e-06,2.3350222,2.5726168,3862,11909,4143,12178,5.247492600442528e-09,4.2594703958569754e-09
967,1013,0.6086265494891492,0.8866960043890645,1.2920281820288804,1.3303088499740037,150702351.79677907,5487051546.984728,38214840.40326831,48858311.15085901,36801884.83047118,47051823.87289152,2.6547092936104587e-06,6.314301933365168e-06,2.6950185916116893e-06,6.410178750805922e-06,2.4001527,2.7349937,5718,12435,6069,12668,5.638177928558961e-09,4.303050618501417e-09
968,1014,0.9737749584395607,1.2206108708752943,1.62268400581415,1.6308059413536617,150194753.32696098,9012393635.378223,60936076.97493643,67030994.86456654,58800289.10987208,64681582.2912265,8.175928712295718e-07,2.4414184740141564e-06,8.293447656887193e-07,2.4765108693209783e-06,2.4001527,2.7349937,3069,8196,3070,8045,4.906673129385012e-09,3.892103560216007e-09
969,1015,0.2750078096573607,0.7187521526810722,1.1288615200501813,1.1960248487658964,148646744.26809573,3456758563.531551,15575726.928781645,33261590.678515036,15132347.920510285,32314765.457708377,8.533935730200946e-06,1.6816247249102803e-05,8.633088052364457e-06,1.7011628374241065e-05,2.6245334,3.2121184,12421,19823,11240,18097,8.30961195017353e-09,4.872167245053148e-09
970,1016,0.854254151209767,1.0591560311988475,1.5151900875576778,1.528172679144724,150283933.97666356,9533548954.8336,56882129.73395112,79837437.73657821,56036962.56188556,78651195.55836895,1.0383358066442928e-06,2.577706522977511e-06,1.0445718922808022e-06,2.593187833089533e-06,2.2569597,1.993728,4190,12138,4386,12326,5.086293467761398e-09,4.071757095220093e-09
971,1017,1.4628911353759788,2.0969625737847815,2.025842993113658,2.482283094372982,150332883.15642747,19916035437.767265,91627771.0685035,115262579.79613955,90173240.60072874,113432862.31908269,1.7426263450096983e-07,5.056351117102123e-07,1.753816102814394e-07,5.088818974906465e-07,2.4001527,2.7349937,1411,3700,1446,3682,4.388549085557193e-09,3.341852833450604e-09
972,1018,0.4200953609119588,0.5876995883499212,1.1963414178622458,1.091506623267796,149676413.1282141,3124245818.7382274,26197652.671475675,32162694.334961053,26960403.490423493,33099118.744857542,8.163257333093007e-06,2.3915305396959987e-05,8.070080819565644e-06,2.3642332895187024e-05,2.4001527,2.7349937,10454,27963,10626,27319,6.6885156381642645e-09,5.161768978120822e-09
973,1019,0.8707717184250766,1.0628530877619737,1.5238298189822672,1.5497798068288096,150510732.1199922,7691583604.296364,68983601.45456743,57027323.882198185,67377801.95545015,55699842.47799309,8.558810158187482e-07,3.645228426281263e-06,8.639826144575484e-07,3.679733430026702e-06,1.8998789,2.8051605,3312,9931,3465,9995,5.001477402064883e-09,4.034673111141537e-09
974,1020,0.7181349985701556,0.9009274804027414,1.388075347675066,1.334250069080502,149835226.08583727,5884705785.480125,44831280.88929995,49356849.60191626,45112782.73816917,49666768.126252145,2.0805082478224688e-06,6.6038179137496736e-06,2.075305581019166e-06,6.587303937287008e-06,2.4001527,2.7349937,4900,14146,5101,14209,5.484640304532712e-09,4.3722843420288e-09
975,1021,1.2731035649829012,2.149934206920122,1.7492026792514956,2.5012224608445566,148616857.8739851,14439522722.146389,45714466.33899179,61997182.47868429,40028251.68438628,54285634.78302937,4.322416954701284e-07,7.33823412137332e-07,4.558284955141616e-07,7.738670874030597e-07,4.1388354,5.1537256,1446,2023,1508,2056,4.524256686743316e-09,3.1230109016711607e-09
976,1022,0.6346748416065152,0.8659832767523324,1.2610075426959633,1.393776656495425,147065304.14865705,4957681335.632332,32167791.27466284,31651411.337674607,30611398.28476223,30120002.6591677,3.989835152822927e-06,9.274281417431113e-06,4.069772960871024e-06,9.460095041135866e-06,2.9016182,4.0237098,6305,11341,6817,11427,5.773833938743976e-09,4.353168994229481e-09
977,1023,0.9651210783188771,1.7369517373266325,1.5382715897934904,2.1743177927608444,148777133.69685924,9895482067.932785,34692838.40152342,50142114.83227519,31728443.59968987,45857627.56025047,8.620236690684022e-07,1.4364105868941631e-06,8.933787465274941e-07,1.488658299841303e-06,4.1388354,5.1537256,1926,2704,2061,2758,4.939762169430093e-09,3.3473592274753025e-09
978,1024,0.5221268364141876,1.1104734845798627,1.2008099712647744,1.6287184917234536,148755490.11046982,4580636598.641876,20999180.856404517,32057228.09814804,19116688.945870068,29183426.83029925,6.605827352506315e-06,7.408855364396762e-06,6.85872027559845e-06,7.692490856196023e-06,3.6986792,5.1529417,7820,6525,8181,6586,6.123971351448201e-09,3.871171868778254e-09
979,1025,1.4672373417256557,1.658737710590173,1.8937875978008538,2.0254639565557775,148817465.34352297,11372605707.46659,81451024.38834965,47897222.49856448,69859558.84799801,41080868.64371869,4.617768722828491e-07,1.901048840355526e-06,4.910214478989802e-07,2.0214432773633674e-06,2.6807587,5.1537256,1818,4035,1959,4195,4.340629723718653e-09,3.3566091208404447e-09
980,1026,0.9576535289195522,0.999313444530864,1.4633493728535083,1.455618263337914,149500072.96477813,5336371842.9438925,34662980.86407073,28988239.667251192,30556643.35217002,25554158.322187595,2.885451177162636e-06,1.0379165967685799e-05,3.0347144677771036e-06,1.0916076270806536e-05,4.130322,5.1537256,3659,10812,3728,10747,4.838123545934858e-09,3.972069181376901e-09
981,1027,1.103364381352919,1.8868295240622566,1.6303692939026873,2.290335133535958,148137581.04177856,9458514615.782862,43934767.866469026,40637678.44499589,40047208.06936678,37041860.994668454,8.731842786623867e-07,2.057211912960552e-06,9.061505211669632e-07,2.134879993414143e-06,3.7202821,6.8781085,2168,2841,2220,2829,4.7954001296484265e-09,3.2996694756296783e-09
982,1028,1.5191084816773612,1.7015620265962708,1.970870953833545,2.11353040093809,149142638.98037267,13029000661.204432,42567370.81467254,64343151.60001982,38276027.31895323,57856526.75501879,7.655477169710997e-07,1.0062298300311903e-06,7.987893280440591e-07,1.0499223392221877e-06,5.3224769,3.9440942,1774,3273,1874,3324,4.313590698774303e-09,3.318417065542684e-09
983,1029,0.9722856481072424,1.7147690066162276,1.5348063579777396,2.152281876582004,148762169.76410013,10209731085.369207,31865950.40563463,56872888.66637864,29900718.83521186,53365433.37678076,1.2968257614809845e-06,1.536293422142841e-06,1.3302697880599376e-06,1.575913114756396e-06,4.5389929,4.4853139,2804,3570,2917,3497,4.942802459307189e-09,3.3630461312011686e-09
984,1030,0.7338764370278921,1.0896822939201696,1.3537622849522553,1.6116003885562586,148187227.8581503,3918442694.2575445,16226665.647704141,23033872.8300235,15182439.43011225,21551585.931162603,8.873417128124703e-06,1.333581591099452e-05,9.112677269836764e-06,1.3695398826870003e-05,6.7020001,7.0104146,4964,7384,5188,7454,5.434227552137848e-09,3.937662827745307e-09
985,1031,0.09485449217156543,0.2136003756394804,0.9059405987766902,0.7973919330166143,145345154.81934652,409907637.05488896,5882792.556324787,12812654.096944287,6462394.910973023,14075021.316726338,0.0009436015785073229,0.0010334475710050632,0.0009087923757178368,0.0009953239742553383,2.3435538,2.4230561,155662,170334,165044,174828,1.4408677859208511e-08,8.657106046166097e-09
986,1032,0.26088039055520756,0.32892019114019033,0.9801697901930763,0.8625945306894752,146762562.82336503,1509960862.3979027,18650720.478839587,22998688.210906953,18497793.03148491,22810109.400528524,3.8779825159580464e-05,9.810844945632928e-05,3.8907750806515665e-05,9.843208647157791e-05,2.0528684,2.0989532,27261,70274,28524,70578,8.435439036992478e-09,6.926905186266069e-09
987,1033,0.3845551660019997,0.5903694924881902,1.0449414426740613,1.0322020667631964,147137564.987093,3814941114.989554,24391678.456564788,47622045.14035695,23815029.56852787,46496202.18432045,8.02285917356389e-06,1.2782970270206525e-05,8.100006987614231e-06,1.2905891312703007e-05,2.3197465,1.8240613,12547,26309,13194,26735,6.992573652327253e-09,5.263647257639744e-09
988,1034,0.3060176668029194,0.3258367645657515,0.985217886833928,0.8454786919215244,147278004.36904687,1657215131.8687341,24920140.38562741,25104332.487243887,24251863.40978274,24431116.07932789,2.2272898676273778e-05,8.005734178904952e-05,2.2516396607023826e-05,8.093256675865569e-05,1.8085641,1.911566,19408,68505,20409,69405,7.695398904248201e-09,6.890687918399714e-09
989,1035,0.765680153664428,0.4592500597228775,1.32318074682145,0.9391265565810376,146399988.08531928,2939629051.966956,44558613.718990214,31345550.70037352,42684987.42882453,30027514.90504285,4.30972889450897e-06,2.92266180414881e-05,4.384424104492837e-06,2.9733166927778534e-05,2.5156879,2.1449361,4747,39381,5036,40055,5.395221203204106e-09,5.880946116781313e-09
990,1036,1.1267459874814012,1.011579253168798,1.5735587067604113,1.3444283014586127,149120998.16838276,10374733674.36993,79376137.20614468,70752985.9451799,71556418.13070452,63782774.326000184,4.93757005893561e-07,2.054407907680042e-06,5.146711420573247e-07,2.141426757446794e-06,2.1167758,2.1320331,2273,9730,2420,9997,4.55922290221814e-09,4.089468508071086e-09
991,1037,0.5132537768192073,0.44514295916822716,1.084684982514966,0.8815583174065691,149663628.61173156,2893673561.311722,38749086.89939417,35388050.67260309,36749630.376411535,33562023.93456188,6.865810515058225e-06,2.988890788479059e-05,7.012860702520188e-06,3.052906092977373e-05,1.9823802,1.8826047,9550,45152,10022,45941,5.916572659104754e-09,5.744769425123884e-09
992,1038,0.4858400977816887,0.5718144319395527,1.0954652083975678,1.0248466105506484,147402557.3717142,4266174351.8373337,29764166.533008292,46773804.160986856,29465406.198969744,46304308.15343385,5.075283418896138e-06,1.1338773171135607e-05,5.095805190968545e-06,1.138462119564837e-05,2.40605,1.802011,8586,27014,8999,26844,6.4321823674025396e-09,5.362560727237409e-09
993,1039,0.5049354049903758,0.44822578143789715,1.115924426274917,0.9259306826561803,146859558.41053796,2652696396.430867,34436421.253694534,30163737.70272348,34118949.48524016,29885656.10181816,8.45700983067048e-06,3.699388313778994e-05,8.488398888119901e-06,3.713118972088956e-05,2.1533768,2.1822972,9803,44355,10418,44968,6.180167965456817e-09,5.905896187877652e-09
994,1040,0.34343295193855333,0.439456943208022,1.0114054980526934,0.9169419410373356,147576915.7526473,2451904436.224364,22173130.295625776,32663903.522592776,21403140.471662153,31529608.410085015,1.4443264511170148e-05,3.6310208316721406e-05,1.4648905176549654e-05,3.6827186690450166e-05,2.2857745,1.9854853,14832,44598,15493,44840,7.310125355206976e-09,5.957706329312349e-09
995,1041,0.3598526666471195,0.474987264722547,1.0233374863680793,0.9496673237932971,147491641.35765854,2834718345.598345,33087798.315173216,33411890.145035382,33237273.503303815,33562829.42838255,8.947488635470173e-06,2.715183201686087e-05,8.931371353195562e-06,2.7102922902949984e-05,1.6040735,2.0967581,14627,36055,15812,36708,7.203245099247517e-09,5.772232398843887e-09
996,1042,0.6257186366268813,0.5485918271170086,1.1663054440231375,0.9485655557175462,150175154.47328395,4087244653.195921,44391755.0986054,38641455.60407943,41085445.31504136,35763429.66365121,2.6951411520195013e-06,1.3099716748894476e-05,2.7798876380422577e-06,1.351162651530148e-05,2.1167758,2.1320331,4973,25187,5204,25113,5.384955688709917e-09,5.14213074542242e-09
997,1043,0.533057439786159,0.6193769966215601,1.1200831724540061,1.0309111925029981,148526819.38338822,4893547965.644624,34906979.29053771,51855848.45950112,33154062.85904589,49251814.232504874,3.9206836098463855e-06,8.579161977411959e-06,4.002321776413441e-06,8.757800991475413e-06,2.2681231,1.7740351,8135,23601,8459,23665,5.95237293430936e-09,5.023245754591262e-09
998,1044,0.6801078616678974,0.6184202001941006,1.250053829747059,1.058073090364387,146645929.25790238,4004871874.810096,46905706.08908696,37653590.675422266,45254167.859068975,36327817.124976195,3.908141865572708e-06,1.691659485478859e-05,3.964579746821866e-06,1.7160889152282e-05,2.1262882,2.4085035,6876,27564,7361,28129,5.6300914106988425e-09,5.175541991470428e-09
999,1045,0.2911755871192648,0.33060621955452896,0.9779979159713527,0.8347068074995386,147949402.52781734,1424943736.4732156,16523258.99731832,24580650.73634066,15827239.090990186,23545224.115855616,4.127937318162712e-05,0.0001056140022344165,4.1996134015653266e-05,0.00010744784743340496,2.6071887,1.9898982,21601,74060,22561,75629,7.784858051258048e-09,6.773171446859589e-09
1000,1046,0.3571185426509326,0.6204328457793862,1.0322564553834772,1.0713679211353204,147114322.15691772,3629570815.5545473,25858104.196559757,44616670.213396,25904176.930945273,44696166.064301476,9.00290074729055e-06,1.3926836474514937e-05,8.996492363241181e-06,1.391692316776785e-05,2.0317519,2.0457501,15142,24703,16083,24709,7.330131957610631e-09,5.219272084639075e-09
1001,1047,0.6515657169377247,0.5460592282429457,1.2315194980338517,1.010994489629524,146707961.506103,3983653275.432087,53611506.00021487,39834894.95734529,52233381.52529946,38810908.73140003,3.014910660541183e-06,1.7121935320287595e-05,3.0464804346255825e-06,1.7301222765525572e-05,1.7830105,2.0110819,6411,33425,6736,33916,5.783597742733775e-09,5.492592045046398e-09
1002,1048,0.5338323335116093,0.5957227513059646,1.1313006642684071,1.0377064585440217,147219610.59233227,4562557516.916325,43556795.142367505,45632240.0281638,43750151.43604844,45834809.587640464,2.846149918911401e-06,1.0410106674271887e-05,2.8411117431900303e-06,1.0391678991894828e-05,1.8043244,1.9219322,6700,24553,7197,24713,6.16833419207044e-09,5.257104254638973e-09
1003,1049,0.9239930117556306,0.742880315928113,1.4394785801335095,1.1552545232701898,146081257.40776008,5680406746.684137,73911471.74937123,44694694.60135716,71089061.10591549,42987966.55545071,1.1859887120464702e-06,7.749536799225936e-06,1.2046036762881584e-06,7.871171473267913e-06,1.8262126,2.4280486,3536,17987,3689,18130,5.1129829481488115e-09,4.815923624756567e-09
1004,1050,0.5803128971251422,0.5515060902733016,1.1741457185304067,1.0101464946732084,146522636.61037636,3133019859.417591,45162234.51904452,31135988.03108276,42752816.202611074,29474874.034814302,5.505777614000382e-06,2.86180196988178e-05,5.6278555672242505e-06,2.9252558453392312e-05,1.8827451,2.5953288,9018,34532,9162,34547,6.243709083724039e-09,5.5476417528802266e-09
1005,1051,0.5335460327241385,0.685731192568176,1.1467731534876187,1.1168514015246085,146962763.52429858,4755872855.104483,37042845.74519665,47268004.936054744,36616429.422015585,46723882.354124054,3.675971133970932e-06,9.471124371072034e-06,3.693035076089999e-06,9.515089547124947e-06,2.1167758,2.1320331,7894,21260,8259,21127,6.22803518450257e-09,5.019501811885056e-09
1006,1052,0.599534371925778,0.9337630818224628,1.1763481965353448,1.3149902895461278,147548899.32076228,7811506362.6073,30724476.15600637,84883201.22834165,32798872.235189665,90614181.926679,2.104955616782184e-06,2.18528460661745e-06,2.0506577019302166e-06,2.1289145831587997e-06,2.8791585,1.6231211,5207,10468,5711,10517,5.922803333839057e-09,4.4119225571866e-09
1007,1053,0.3241085700773966,0.3424869494221468,1.001386504819188,0.8558785058546365,147050189.7657366,1883929697.2383156,24904282.384679094,27747468.571117554,24759508.316272814,27586166.43636954,1.8770348785009217e-05,6.184855032011342e-05,1.8814173689211485e-05,6.19929539656649e-05,1.9137362,1.8150402,17541,63978,18478,64196,7.495278937154946e-09,6.734710465129937e-09
1008,1054,3.377669589642247,1.1036669914240487,3.661905814730292,1.4536844135679428,146066235.6000324,13192144680.483538,291059065.6240167,77954184.98053934,267755129.0734277,71712704.8303005,1.2296525136658384e-07,1.93644644779348e-06,1.2713927620525928e-07,2.0021786402789687e-06,1.6950631,2.0679901,937,12162,957,12353,3.997342025276449e-09,4.197558413823395e-09
1009,1055,0.35120370008827345,0.3672781087615311,1.0469668859496126,0.8785352179926115,145196199.08333457,1824609094.1569607,25101358.46667717,24684481.128656786,24434762.68732579,24028956.012050632,1.6808847015130393e-05,7.210757279579904e-05,1.6990789703857586e-05,7.288808115905858e-05,2.0315013,2.1603608,14666,59781,15097,60901,7.267052125754922e-09,6.546542659865825e-09
1010,1056,0.6711834290658161,1.042707343060052,1.2366219854996843,1.4133082262140784,147410852.75926062,8700063796.111073,52505748.443835765,68619409.16489813,54085396.81328305,70683840.98450573,1.1488012747294572e-06,2.5028419301630147e-06,1.135260799777691e-06,2.4733419033010285e-06,1.8843598,2.239984,4981,9643,5304,9721,5.7650257569169775e-09,4.316375749478036e-09
1011,1057,0.2737737867149528,0.39420392313235464,0.9695191165674748,0.8986695659964261,147270958.351568,1848356842.0462406,20125559.44680238,26754933.70999285,20332520.931433868,27030068.461723536,2.703918030880408e-05,5.997693372037013e-05,2.692875129209597e-05,5.973198569530919e-05,2.0033693,2.1698723,23395,50667,24947,51090,8.20108742408166e-09,6.305947691378042e-09
1012,1058,0.5176289875260502,0.5460140922675153,1.0948486899935939,0.9584762945198534,149617803.3691183,3233756317.5706964,39476960.026989475,34489316.14624508,37515886.073903374,32776010.473571397,5.161528771759438e-06,2.1368613532052056e-05,5.267805725399593e-06,2.180859774024357e-05,1.9618155,2.368659,8030,28599,8508,29173,5.901067710056529e-09,5.22226915240573e-09
1013,1059,0.2757768147831224,0.4911241921874192,0.9824614282803124,0.9653668356381603,146823947.59683076,2221554820.612625,17784499.550448023,28943073.130412735,17675040.530995835,28764935.961255893,2.3394017107157515e-05,4.166250373217281e-05,2.3451860130017395e-05,4.176551661554129e-05,2.2767377,2.4914007,22138,37566,22827,37150,8.254102251200179e-09,5.758631555022045e-09
1014,1060,0.8458817559010846,0.6580726213635603,1.370434857712703,1.0819160446119653,146288116.13853925,4666942128.1998205,61571543.258019246,37909170.446119934,60376326.85503367,37173284.02938834,1.5033361455258232e-06,1.1507898177433856e-05,1.5151702691357205e-06,1.159848729147011e-05,2.0097344,2.5394437,3246,20709,3491,21149,5.168534406481944e-09,5.0080201919406816e-09
1015,1061,0.5709943703238598,0.7724579504840108,1.1646005878623655,1.1943474692508083,147487255.5484382,5511760822.258316,37305738.80942678,49815277.111081615,38445584.914854616,51337341.85012725,3.2121996241385956e-06,6.54595967138087e-06,3.173760830881305e-06,6.467627431818938e-06,2.2574112,2.2870033,7384,15785,7843,15776,6.068208338845292e-09,4.75999037822196e-09
1016,1062,0.3104954529298271,0.4915132676706326,0.991042669838746,0.9670658919350966,147376577.79308423,3140440218.9092135,30056398.262205232,41339268.41462867,30886139.1149425,42480485.653189845,8.845531131380233e-06,2.0538296292996434e-05,8.749701572161372e-06,2.031579118260437e-05,1.5224631,1.7522696,16924,36089,18246,36809,7.730006173332113e-09,5.7180522782721636e-09
1017,1063,0.8003822108264441,1.0781912259092297,1.3687016086858261,1.452234521209509,148388465.2243247,9969714555.717754,57444925.97655196,75760060.4897097,56136923.897051066,74035028.81843378,7.791200258732767e-07,2.152544259483566e-06,7.863313530357236e-07,2.1724676350499745e-06,2.0675018,2.1118138,3598,10073,3757,10162,5.10766829897043e-09,4.054965484589579e-09
1018,1064,0.9656066838780424,0.6328733261093957,1.4875656211600425,1.0688071199565239,147119382.6441325,6289295328.557691,87375630.53830236,53117941.80843539,84213944.048706,51195869.51051616,8.515329165864078e-07,6.6314868907204985e-06,8.641795137804643e-07,6.729974855038785e-06,1.6258476,1.7528528,3114,23371,3294,23794,4.803143472137872e-09,5.022518525861635e-09
1019,1065,0.7093167077925822,0.909097506873869,1.2967210553908535,1.3121916067778394,149061352.50892457,8144256687.557764,49403203.16202491,65916297.243746735,51079026.97151817,68152267.65223265,1.4200839733439417e-06,3.2542548775617802e-06,1.4012609623577673e-06,3.211120192246012e-06,2.1401792,2.0558088,5750,14140,5404,12892,5.453784152839616e-09,4.3353983224507365e-09
1020,1066,0.4469561909357722,0.48801537046063614,1.1051323493058691,0.9638817544618661,147978106.45233634,2578404348.2732334,31631082.89353776,29347861.604394782,30639003.650922056,28427393.45567937,7.668400755079993e-06,3.456717715516166e-05,7.766772246378466e-06,3.501061052221398e-05,2.0909727,2.4606764,9149,35223,9456,36221,6.339885041583235e-09,5.58153984319861e-09
1021,1067,1.4813621866557791,0.944063941127356,1.8856758056328446,1.2792528609368021,150190943.44848156,8644675123.241741,117252853.71821104,58635772.96705272,110666852.91093701,55342247.59986443,3.6568563370309074e-07,3.319795727666175e-06,3.742400337604244e-07,3.3974549468034013e-06,1.8974991,2.4181459,1656,11998,1666,11868,4.0667327009296444e-09,4.091432324888e-09
1022,1068,0.43792224572856064,0.3910607823541343,1.0767396890474794,0.8628603516945558,149882186.57105744,2055972271.8103914,30188502.02451203,27432851.925957162,28355263.751692265,25766954.292400267,1.1831523437706828e-05,5.550351902558341e-05,1.2131760198515038e-05,5.691197642783049e-05,2.1742299,2.1366005,10881,52656,11188,53409,6.28459972017305e-09,6.128071341908378e-09
1023,1069,1.124570401722039,0.6937658248239515,1.6068834559674716,1.1071743069044822,147702478.5235358,6048778475.747151,99242055.75439142,47946727.931778796,94084206.11398478,45454820.528795995,6.532914696651859e-07,6.9781633464079296e-06,6.673883147156444e-07,7.128739455233469e-06,1.6737041,2.137183,2270,19375,2361,19750,4.566515739102513e-09,4.801072211545516e-09
1024,1070,0.6448055392902424,0.5988843092731799,1.2238090580229364,1.0364619427400512,145606144.28621218,5391400730.06301,53611276.357459575,48400365.67666702,52463296.603155345,47363967.2979516,1.782319922542225e-06,8.092686603373679e-06,1.797818684653815e-06,8.16305928053617e-06,1.7512668,1.8016648,5299,24165,5487,24217,5.545728225922596e-09,5.156762937134112e-09
1025,1071,0.843811153740644,0.9582910001276208,1.3875919560376258,1.3298366449959174,149608473.3834218,9039422458.676346,61059825.21274786,67888775.7936641,59272122.567761466,65901135.907235414,9.51934985994673e-07,2.638300549888472e-06,9.633172102551093e-07,2.6698465367122307e-06,2.0675018,2.1118138,4012,11345,4162,11293,4.933912327668364e-09,4.126040496828343e-09
1026,1072,0.19357121084140702,0.47905465055959445,0.9909582639534065,0.9995687094567755,148881456.7213537,1473218628.7029014,12439123.399375675,28240195.853647552,13797086.2803829,31323141.210034344,6.294577560796043e-05,7.243326051147825e-05,6.0390350137783584e-05,6.949266923253661e-05,2.3168163,2.5255616,38626,41008,40026,42252,9.56535416783012e-09,5.648803152281816e-09
1027,1073,0.5927194602204426,0.4250357508688921,1.1962124074325249,0.9199222915158732,144659846.94730902,3029506020.413437,43070277.583135895,34676263.6945941,41551192.08462162,33453234.443866905,4.473703980476132e-06,2.6898648918373533e-05,4.538422431268613e-06,2.7287775891013037e-05,1.9907628,1.7731324,6605,45292,6808,45958,5.737046349094197e-09,6.063224963827974e-09
1028,1074,1.1479657620217574,0.8233482133149805,1.6276009032197607,1.2163869295024057,146532845.68423066,9477611808.226421,109597019.75376602,69063727.4400303,105165312.37715508,66271039.910388686,3.389498814576532e-07,2.832058142558898e-06,3.4459262447607427e-07,2.879205456028849e-06,1.5348473,1.7469019,1968,14977,2093,15365,4.5876144180197175e-09,4.5238641727670746e-09
1029,1075,1.0473751537545846,0.6821260586670299,1.5450549485014977,1.1066228109748324,145735635.3879197,5918891003.209437,45659478.60028718,51445966.211549,44402481.71629114,50029668.408672296,1.5012454779758313e-06,6.576995709752308e-06,1.5181028435048475e-06,6.650848269102932e-06,3.3430054,1.9323201,2508,19707,2658,20146,4.729087312937373e-09,4.8963936474791086e-09
1030,1076,0.7621652652786194,0.47893625696509434,1.310338115147062,0.9378717038948853,148336142.76256663,3398063730.226281,69472772.70009117,35200885.46175811,65898381.09696731,33389791.064242173,2.3423276500673443e-06,2.291582951244843e-05,2.3923438448207467e-06,2.340515584209212e-05,1.627352,2.0182321,4726,37590,4891,38583,5.114847645017191e-09,5.605797250213587e-09
1031,1077,0.7931624504838113,0.6592710435508693,1.3474785042950626,1.0910956777434269,147380932.40924862,5967781333.759379,89127917.53018387,49740855.492786445,88341371.65776004,49301896.90761103,8.518449496200947e-07,6.842728686872913e-06,8.548706392845539e-07,6.867033548307854e-06,1.3115646,1.9534039,3783,20713,3876,20905,5.10826129210683e-09,4.905121523017329e-09
1032,1078,1.0132591251001528,0.7380799309092515,1.5240343141631454,1.1589054337817375,148541609.05043957,6382251652.458052,72798553.70738605,51915363.25082139,68548722.30506931,48884650.004884526,9.423575038573787e-07,5.850770800806406e-06,9.65306094008243e-07,5.993250635290402e-06,2.0675018,2.1118138,2778,17383,2909,17682,4.721693991283437e-09,4.649901371505562e-09
1033,1079,1.1321275063977985,1.1817335589395315,1.6294890249154712,1.5430692892625852,148516267.51397762,11379723132.887356,62956353.07653572,80936922.26301579,61910524.46333272,79592401.09825988,6.587801772289574e-07,1.7227873831870373e-06,6.632092188498748e-07,1.7343698461813281e-06,2.6707289,2.1684375,2600,8996,2807,9041,4.623615494550317e-09,3.930114026659493e-09
1034,1080,0.630767233988791,0.5035447116910867,1.2069826759973608,0.9421211911517169,149863460.97369778,2812092776.9655457,27494126.350167237,32333981.294083778,25537430.29754101,30032843.48893802,7.5705296018620075e-06,2.8944042419834158e-05,7.797427652524463e-06,2.9811530845179795e-05,3.4381511,2.333859,5980,34308,6192,34875,5.429779064940416e-09,5.435865913283759e-09
1035,1081,0.5744156244072551,0.4736155368888123,1.1657063920880968,0.9150454773731046,150280223.73770007,3072835580.6340637,48960865.6225786,32856416.910045564,46856968.512511745,31444543.98449176,3.911406570806473e-06,2.407600318944962e-05,3.980731824774258e-06,2.4502723093254876e-05,1.7631083,2.166245,6622,34139,6817,34152,5.554711526901932e-09,5.511476239003242e-09
1036,1082,0.381028162162701,0.7015519103650184,1.0824360225342569,1.1524070186211643,148760719.68464917,6790429841.042092,37475584.30101646,68539295.88590363,36219432.8928685,66241913.879822075,2.45972604432899e-06,4.413023818150697e-06,2.493500423589825e-06,4.4736188346017984e-06,1.5125054,1.5226793,11644,20812,11043,19680,6.934572801808841e-09,4.7988153095338765e-09
1037,1083,0.35388034306643906,0.48593515960935074,1.0306499154138105,0.9399101499962439,149015585.35277843,2317687739.3141613,23470651.660009682,28546952.841168065,22845992.956747923,27787191.12674487,1.3445734226139371e-05,3.803646362244074e-05,1.3591599421282502e-05,3.844909978611381e-05,2.2467926,2.5365899,13122,34315,13870,34754,6.969779154804054e-09,5.534508367964239e-09
1038,1084,1.2034991784593703,0.7549675766354786,1.6780564857095832,1.1617168499368322,147095348.25500926,7051105889.196085,92081996.90598114,53509561.351515196,87882163.52509885,51069005.65646526,5.987494219408673e-07,5.020728323090924e-06,6.100349295532173e-07,5.1153613459105766e-06,1.9225162,2.0753715,2159,16915,2196,17058,4.51624583648251e-09,4.675944909962874e-09
1039,1085,0.6961693906582317,0.9256093043115264,1.2882709589205412,1.3271321173419324,149024144.7856729,7950142506.420233,50179423.33535381,65317375.509472884,47655513.2071475,62032061.03914766,1.5236825046114083e-06,3.2826826587478673e-06,1.5554622908709307e-06,3.351150304032968e-06,2.0675018,2.1118138,6212,13234,5859,12358,5.487457422812231e-09,4.315290928217032e-09
1040,1086,1.2607241515235839,0.716777491128002,1.7130573177311683,1.1281236533279198,144849511.71784422,7182955541.549819,98901359.43281326,53024095.56852959,96235388.29052357,51594785.5019906,5.377660100575481e-07,4.965398652085285e-06,5.436762130005456e-07,5.019969809759549e-06,1.8464385,1.9580696,2018,18192,2092,18215,4.509541753217641e-09,4.798554947211375e-09
1041,1087,0.7254285408591494,0.8679650060366655,1.2922584733508165,1.2438154581348946,149928507.79572478,9686175956.20643,66176413.92867067,73431371.93907873,62577546.62991588,69437958.76532927,5.787686422119879e-07,2.059746068108161e-06,5.918598389439219e-07,2.1063355669662466e-06,1.6435224,1.7721676,3274,11197,3411,11258,5.138720795046577e-09,4.247672452817668e-09
1042,1088,0.730819642054202,0.6299546515181593,1.5086884770785622,1.0794877957175124,150309535.40580744,3735955338.239483,68794277.21343637,37440653.31389202,61824819.09853538,33647589.76797931,2.156273901228208e-06,1.8684921472989322e-05,2.2503999500313022e-06,1.9500558962014627e-05,1.5967776,2.5290208,4791,27062,5045,27602,5.147675935470526e-09,4.879317597737191e-09
1043,1089,1.1240807501477106,0.8467937361546702,1.9402800322035716,1.214776161719647,150095730.40118954,7222526595.06198,56957776.30672017,64897121.99022654,53924953.3137696,61441553.734043494,1.2541837078721433e-06,4.621441205037689e-06,1.2819363254057755e-06,4.7237046050583935e-06,2.9621894,1.9584863,3027,16972,3058,17043,4.5709419960409115e-09,4.415451382077686e-09
1044,1090,0.9802936286591186,1.0927897372370834,1.6530936642435323,1.411425062451087,147467232.4158479,8769563625.227024,71501828.44700262,68370570.1393372,65034551.87744806,62186513.08914637,9.150349398020662e-07,2.9352652950885714e-06,9.50400980750396e-07,3.0487131079587214e-06,2.0217831,2.3570182,3904,11141,3969,10921,4.744951354539756e-09,4.004220276509175e-09
1045,1091,0.7942483056909235,0.7455772200981221,1.4653310107374995,1.1099076934436671,145978462.4648587,5361493867.8785515,39992950.36623915,52798912.76250652,36145155.4215631,47719032.73986469,2.3224105331163743e-06,7.652250267915321e-06,2.418312003809095e-06,7.968241796689995e-06,2.8990896,2.0613723,4144,19527,4295,19903,5.074857984172221e-09,4.63639860947463e-09
1046,1092,0.8532872979982256,0.6932020690146711,1.578022072810281,1.1025775772967361,149499033.64180797,4587120589.565536,77295022.84638798,39994990.42459912,70732988.5081093,36599577.74651605,1.2322605776612846e-06,1.0520235073342745e-05,1.2767749804367788e-06,1.0900269937589114e-05,1.6503731,2.5911505,3321,18561,3425,18624,4.8957794378742325e-09,4.70789877686367e-09
1047,1093,0.7719770647099746,0.6088410551689437,1.559754189540378,1.0144810014668373,148651918.72369862,3545145907.7076125,59921332.8662197,38270763.11484174,54340014.74145501,34706067.644894026,2.7847615079921354e-06,2.738133598198463e-05,2.895827530457923e-06,2.84733993664398e-05,1.9151088,2.3648703,4886,40489,5155,41047,5.135362328092582e-09,5.052363805855973e-09
1048,1094,0.3824045236779104,0.5556249505806725,1.3261677877135436,0.9696033414695221,148451692.12709475,2988505844.198513,30064409.764475767,41631780.19955676,29281714.585512705,40547940.73924095,8.73696815533669e-06,2.3404502461248625e-05,8.829644622294572e-06,2.3652763249253292e-05,1.8882326,1.981262,13214,34721,13828,35303,6.824975717779577e-09,5.282712473993726e-09
1049,1095,0.2301642950370393,0.43766200605333416,1.15656583135771,0.8623098229368121,145729690.06097913,1585080052.9980881,18190541.981109787,26199849.82351912,18101709.760821562,26071904.717020474,3.5026755457547206e-05,7.295087322642591e-05,3.509541053235676e-05,7.309386242406521e-05,1.8439127,2.4343784,29112,47100,30110,47500,8.892312696904793e-09,5.9889724934675126e-09
1050,1096,0.5759280836077614,0.6820590541234934,1.554968637901023,1.0941684813029873,150382315.51822123,5129270448.666807,41739809.24707621,56071968.24668189,39542963.963105015,53120794.26606926,2.7326519396424397e-06,7.457480879067755e-06,2.7923947649655026e-06,7.620520661428959e-06,2.0749831,1.8292495,6447,20489,6755,20911,5.7012033188271795e-09,4.799984390249769e-09
1051,1097,0.3373662154457977,0.4777407908708804,1.3326524138328493,0.9000791188313904,148439672.5044351,1872402877.1932406,23261606.332969982,27229548.78288121,22379540.211544953,26197020.67027932,1.7670880334790937e-05,5.345867039226387e-05,1.79462454257779e-05,5.429171613518736e-05,2.1528406,2.6043651,14523,37808,15369,38434,7.218056120687653e-09,5.645249510447755e-09
1052,1098,0.7978697870406821,0.6843923186879153,1.4929122394532206,1.052857751985707,145448596.81613666,4800382620.790319,54464673.98953444,47593926.989503555,50090633.674739145,43771674.139307216,1.912613807477793e-06,9.361879598193595e-06,1.9777465688699012e-06,9.680692035742031e-06,2.1307213,2.0915253,4153,21205,4309,21487,5.172530810040596e-09,4.885292201333563e-09
1053,1099,0.4676479395983069,0.5231259478839404,1.2801154648669126,0.9185927640262745,145924436.37501636,2335719198.7536726,43345781.46941173,27596784.447596103,41179986.94653282,26217896.754733738,7.217519146905755e-06,4.153395846438429e-05,7.367025916674094e-06,4.239431059360096e-05,1.5743461,2.7661505,10324,35085,10708,35071,6.366097450072862e-09,5.496882789391674e-09
1054,1100,0.4728734748090033,0.5208800587822937,1.3347940738949626,0.9350990724105228,147488582.23490223,2598586872.5422106,27431242.824608374,32289127.493542723,26068674.927036177,30685258.18129091,8.770462127865533e-06,3.1373718303995514e-05,8.95103156814139e-06,3.201965174181581e-05,2.5424819,2.3792486,8652,34225,8964,34266,6.253636493003637e-09,5.460194698007922e-09
1055,1101,0.2829822337905645,0.4041753261824724,1.416691700756968,0.8885750056876458,150201003.1746553,1346029102.8805187,20432581.377999887,21828455.705244604,20340322.680594426,21729894.253194936,3.566275144784966e-05,0.000121893451450926,3.5727366602382015e-05,0.00012211430272802113,2.0802176,2.7811193,22046,57978,23076,58995,7.776665165413256e-09,6.074158387246717e-09
1056,1102,0.4666339609970518,0.5850580458344837,1.483825853447193,1.0181474966873167,150767496.20284024,3209865653.3240905,35321362.147381514,37423443.18927688,34543643.52809206,36599440.183821455,5.746067891314875e-06,2.0067068321970192e-05,5.797469507285051e-06,2.024657886014052e-05,1.9918041,2.3570182,8784,26846,9260,27328,6.144622301596356e-09,5.065226325753423e-09
1057,1103,0.5854013223845929,0.49136623491171494,1.5544150884340502,0.9325237047035293,149731983.96902072,2498804069.9899993,42651366.70888339,32665217.453086153,40870952.230120584,31301659.129097037,7.213602919764789e-06,5.289768181485674e-05,7.3376925499602245e-06,5.380763677739235e-05,2.0551112,2.252342,8239,57085,8771,58686,5.637298483438253e-09,5.557113282960267e-09
1058,1104,0.6675180297000357,0.6653645254330034,1.4147328273260924,1.0441741413546732,146160488.05259073,4941676775.664612,57714522.38822644,50265029.15018465,54103688.19726285,47120262.83566182,1.788076285505667e-06,8.040169565209251e-06,1.8348870566340421e-06,8.250656410989382e-06,1.6904716,1.9347448,5111,20503,5227,20536,5.481589082869383e-09,4.925700947051757e-09
1059,1105,0.5839624528510622,0.6421050488212883,1.5344713131013303,1.0324650429155082,148912616.43735498,4591839827.940757,45582851.517791,47995743.64274146,41944582.47489996,44164885.71105269,2.975932999393877e-06,1.0793532088123055e-05,3.076616712478898e-06,1.1158705930462883e-05,1.9077213,1.9922088,6844,25051,7163,24878,5.685669287762594e-09,4.936850118374367e-09
1060,1106,0.7033445677371251,1.1174786069048817,1.3500688146627096,1.5495614921000394,150293880.9731787,8178259674.512625,50750405.3692912,55413297.670099035,49876226.91225947,54458800.642857574,1.0999988450887767e-06,3.3235424060583905e-06,1.1076705230195575e-06,3.3467216548752515e-06,2.0829072,3.0308645,4234,9058,4319,8968,5.259750545277872e-09,3.98323495977082e-09
1061,1107,2.1469319680138264,1.759753549022279,2.512059135734755,2.0661829229349444,150504975.33659938,23731239440.192627,137994180.03035977,114388810.19458602,134711797.89884353,111667914.38183865,1.0686030387039134e-07,4.7114647706362045e-07,1.0789428961892011e-07,4.7570531439711876e-07,2.3415766,2.3153634,1033,4754,1083,4829,3.7754328886978935e-09,3.387740317139068e-09
1062,1108,1.0644965441896588,1.1909756329465118,1.618821714312844,1.5830836764531937,151091026.70530963,11908765176.883476,68687001.64917499,77718137.53421794,62733189.96428739,70981504.0479827,5.067060109568103e-07,1.6596130403817586e-06,5.25420400410778e-07,1.7209082374170964e-06,2.3415766,2.3153634,2508,8442,2577,8536,4.579789699919787e-09,3.886115782000108e-09
1063,1109,1.4150817217277116,1.6328047819316325,1.8773654053240243,1.9749386039816643,149942546.7192066,19588843915.957283,90614570.18815985,105740164.71804287,88226257.16384564,102953188.93628024,2.1062284159807059e-07,6.119113702282121e-07,2.1288523409733628e-07,6.18484179158696e-07,2.3415766,2.3153634,1701,5144,1762,5177,4.180994610018588e-09,3.4799341137569504e-09
1064,1110,0.33527899598700533,0.5578726456062157,1.1167188595325575,1.0760083928812034,151258225.02452025,2973188031.5438166,22004174.726065733,37349867.42043597,21289405.217488803,36136618.265951924,1.2235309471332335e-05,2.3614660926252717e-05,1.2397998548824258e-05,2.392865767560983e-05,2.3047311,2.2592537,15351,29982,15784,31077,7.141838095538543e-09,5.2184908187162155e-09
1065,1111,0.9844077679594203,0.8431742020462178,1.581694853834627,1.2813905170537707,152619445.7569427,5880625155.375494,45102029.67396195,43371743.85037472,41839068.08591625,40233961.909886315,1.544722450009648e-06,6.7638818972232555e-06,1.5918278250119205e-06,6.970142376727384e-06,3.3311088,2.9670188,2628,13321,2727,13406,4.577430400037146e-09,4.3598978214271314e-09
1066,1112,1.0784719831949614,0.9737414037424105,1.6356040897284705,1.3873285700319098,153224683.8653503,9808742972.68502,72148339.82798693,71956436.98123282,69171425.37977234,68987440.64116205,5.375306391331324e-07,2.129567019134774e-06,5.466672677388677e-07,2.165764142662905e-06,2.2903996,2.0734937,2227,9901,2302,10074,4.413878484895886e-09,4.102693160708266e-09
1067,1113,0.5162719435114044,0.5458879880745959,1.210058272510135,1.041776558986626,152380796.28733727,3717039767.454148,34913097.221891776,37874620.04036091,33756038.3051838,36619412.959874585,3.8609522140596875e-06,1.418489668667512e-05,3.913354481933479e-06,1.4377419337753367e-05,2.2533071,2.1962688,6167,23816,6369,24007,5.836402455197036e-09,5.2622077265957884e-09
1068,1114,1.6284240528255154,1.5006245142739643,2.106659581056178,1.846229800129206,153177289.01104158,17122916507.29658,106525484.4843366,99276681.54381162,101404509.12375511,94504176.23649327,1.688875315001214e-07,6.794812717822989e-07,1.7224875375036873e-07,6.930043989726526e-07,2.3415766,2.3153634,1204,4965,1235,5025,3.9516314731892594e-09,3.5546487393067744e-09
1069,1115,1.3561041094403041,0.7658334236014929,1.904912585261768,1.2266404337029366,152519380.35060233,7510809334.073117,88330297.82700281,56219597.73397427,81581330.41157313,51924081.44398883,5.773811676361991e-07,4.51251557380701e-06,5.96032826262725e-07,4.658287387553734e-06,2.3415766,2.0776463,1838,16206,1852,16313,4.16616999808333e-09,4.523699179747811e-09
1070,1116,0.9363211097678394,0.9129087207243969,1.5160400201573965,1.375368490328028,150345037.38081694,9828082301.040943,63142700.10861769,71916492.63699083,60916406.94513401,69380852.0067352,7.020735823782409e-07,2.267516468918829e-06,7.122265838975187e-07,2.3003080433802037e-06,2.2294142,1.9084815,3054,11574,3095,11677,4.775813454983824e-09,4.2702127907644825e-09
1071,1117,2.9710108204700725,1.4759520937396136,3.333437414769315,1.825984773558139,151221020.18479308,18550984794.483734,217377685.5469367,103576524.61352174,195456412.32108718,93131435.50456314,9.213825370113284e-08,7.042772976604983e-07,9.614041485797573e-08,7.348686224482013e-07,2.0668142,2.15488,828,6071,827,6063,3.5950764304741445e-09,3.5895935087388543e-09
1072,1118,2.183198866034183,1.4903174150424654,2.5769595809761072,1.820671105574131,153049288.21527007,17719506916.521523,177451411.25359985,96240928.03090018,161070486.1892057,87356719.0011456,9.882719514995218e-08,6.852089260158423e-07,1.0273108261314812e-07,7.122761571750835e-07,1.8829776,2.3700106,913,5050,930,5123,3.7003255307647214e-09,3.5521103069815923e-09
1073,1119,0.9730344481684203,0.8230040296527016,1.5472569899467468,1.263984615434212,151489392.3022253,6655154579.784691,64337426.221889116,47943162.213435,58724003.644434094,43760134.61958448,1.181850143014178e-06,5.775289992324036e-06,1.2258056608051014e-06,5.990085297385226e-06,2.2911143,2.6005039,3353,14689,3433,14780,4.6730769008310944e-09,4.42539088758232e-09
1074,1120,0.9286436895662336,0.792713043494406,1.4969506595161486,1.222757763117867,152694529.72823063,7838473264.3474865,60556981.76322954,62704566.66899925,57543193.57510066,59583897.88950736,8.191139805762268e-07,3.555378052516702e-06,8.360118677605719e-07,3.6287236169360275e-06,2.3415766,1.9303689,2609,14252,2742,14437,4.6613256939425315e-09,4.462719091122194e-09
1075,1121,1.2165301229921108,0.8761533036643344,1.727181816814792,1.2906285176613606,152259541.5232802,8157999031.118732,79104103.95117481,57616312.11758762,74546465.776983,54296708.071186334,8.292247610713824e-07,3.7071929789936052e-06,8.491434122319096e-07,3.7962427604279205e-06,2.3415766,2.3153634,2827,12996,2889,13062,4.335233041246057e-09,4.3200071605115116e-09
1076,1122,1.6444538302579468,1.9679132891416247,2.1121979239613404,2.2923501648393816,150662796.6951857,26621202389.29646,109226067.45917587,141246533.9614004,101498877.26275958,131254058.19171064,1.1954499980359847e-07,3.1674396458103945e-07,1.2310549518741132e-07,3.2617777967656155e-07,2.2683048,2.0991051,1366,3995,1403,4017,4.086098853491269e-09,3.3580037027263047e-09
1077,1123,1.3477019456057449,2.0369892133604344,1.829470087643163,2.352393911416393,150164865.25639495,24658109253.734543,86427871.31869528,132110670.29607518,83917655.5109523,128273640.78361748,1.3997358324938326e-07,3.1352762342997233e-07,1.416335922496065e-07,3.1724588700964423e-07,2.3415766,2.3153634,1441,3397,1474,3339,4.253777341769681e-09,3.304966440376481e-09
1078,1124,0.8631514969961899,0.9421238206097646,1.4677095190509124,1.3915735846006552,150444425.33612627,8784162665.916378,55456793.9155221,61215996.06658366,51745435.16410129,57119211.76501107,8.847391642182487e-07,2.770002662292642e-06,9.095955736361572e-07,2.847824830731947e-06,2.3415766,2.3153634,3186,10513,3319,10509,4.867589989180598e-09,4.1964217382481594e-09
1079,1125,1.2185061363950305,1.3063903492226572,1.7534207197007812,1.7023236454215662,150825458.50058526,14535648783.034313,78486326.99334165,85099783.21426648,74862568.26614071,81170677.420696,2.8207207588735536e-07,1.1043479855495696e-06,2.874562846309884e-07,1.1254278462947504e-06,2.3415766,2.3153634,1699,6823,1751,6933,4.395493310975397e-09,3.762511507662426e-09
1080,1126,1.2378231280053742,1.0327238665457723,1.7593196165165,1.427587400631591,151900766.72692296,10323741124.113983,80299009.74255313,67752451.7946061,74441092.07538785,62809821.92116369,5.091990784930844e-07,2.5347630119934685e-06,5.248637639316136e-07,2.6127408931821045e-06,2.3415766,2.3153634,2214,11262,2245,11302,4.308685292683255e-09,4.04629525744426e-09
1081,1127,2.603198752006466,2.2592487876023952,2.9388176093942686,2.53270769956456,149639615.10168862,22907214275.997124,166358708.6083128,95138650.06848195,162375366.04445204,92860621.83986476,9.486020685967555e-08,5.161003790752459e-07,9.578427718775387e-08,5.211279144602245e-07,2.3415766,3.5534782,880,3328,928,3327,3.654136055810417e-09,3.1710320872128802e-09
1082,1128,3.1474834956199484,1.3314099141462834,3.5143735476953304,1.6978376646343982,151791485.2481429,16508305293.191196,204033980.6069845,87285083.77664033,180849505.3183284,77366839.46327853,8.283592471263622e-08,9.512057294746403e-07,8.693062372010357e-08,9.982251980191006e-07,2.3415766,2.3153634,568,6689,584,6782,3.535800707195815e-09,3.700802276857082e-09
1083,1129,1.3956174138051245,1.4770072681337534,1.8990255949440529,1.8571656613507623,150391352.95622703,16951595539.99172,89635671.56907156,95937044.43147713,81987040.98894262,87750716.38862488,2.5154039208524453e-07,7.883787407074088e-07,2.6067657078962415e-07,8.170133826514975e-07,2.3415766,2.3153634,1767,5740,1821,5772,4.261733757979026e-09,3.635798460804047e-09
1084,1130,0.5224738330046841,0.610363819168858,1.1356751527818283,1.121976116441104,133081911.52131958,4090256015.5816464,25893459.8233355,24871978.19307367,25940724.435912546,24917378.244721502,6.383927544224101e-06,2.1284245703485652e-05,6.379272331866089e-06,2.12687250568393e-05,2.6853042,3.2658594,9111,26144,9724,26657,7.353928093509389e-09,5.953364436419838e-09
1085,1131,0.533413031201292,0.5885935631335057,1.135245034524462,1.089512285107058,134531736.74095204,4039432820.975919,20183288.95126451,27683026.19368229,19466447.06481234,26699819.10749821,8.289622018150064e-06,1.977351751543739e-05,8.410403387637779e-06,2.006162142655357e-05,3.5554652,2.8603995,8720,27481,9418,27924,7.0898871212650414e-09,5.876117655353935e-09
1086,1132,0.14781792874605057,0.27700245901842,0.9194167587771979,0.8921474443037408,131746979.77871132,922906006.8642809,8072454.859644099,10482834.410541333,8464700.068109686,10992201.342926295,0.00018693198042102487,0.0003935363137628926,0.000183417693327162,0.0003861379029328763,2.4124713,3.481333,67543,101779,71512,104327,1.2730974681099391e-08,8.463113098738013e-09
1087,1133,0.4416184689765492,0.5477862517185498,1.0570836440766842,1.0489596332333304,127307952.14748012,2987585822.5754385,17738088.788816452,17002255.040809076,17908285.17064654,17165391.121891417,1.4029377014203462e-05,4.365830434539977e-05,1.3975891341005405e-05,4.3491861188569974e-05,3.1695378,4.1016645,12259,31123,13224,31800,8.064277475509114e-09,6.418412678186427e-09
1088,1134,0.8964361171949846,0.7491441850769317,1.405614751215179,1.2126972055332712,137940332.0352159,8242940819.188064,46710165.5910651,46858220.578954235,41337032.59953833,41468056.62361219,1.366843033031722e-06,4.95644584499447e-06,1.4353158716291106e-06,5.2047420342125105e-06,2.6472759,2.2053163,4014,18328,4256,18526,5.830810779466996e-09,5.1578545090359975e-09
1089,1135,0.5544528953107343,0.5700236862202748,1.162813824508238,1.1118464041928735,136579313.03572884,5069737809.671734,27176675.5874907,36745950.621035255,26553475.583953932,35903313.467595786,4.838363037552877e-06,1.1674735809628078e-05,4.883468989105614e-06,1.1783574287380346e-05,2.7864628,2.1186945,8199,27407,8803,27936,6.965735484204329e-09,5.921469982690481e-09
1090,1136,0.7845981147305691,0.8059226100198085,1.295589848208357,1.2242012241910696,132587819.34391662,7513051139.660933,39860840.966971606,34989514.63209277,37043715.27426458,32516665.13232704,1.5676655679108744e-06,6.200496216947405e-06,1.6143072136890837e-06,6.384975199020978e-06,2.6097832,3.0539298,4202,14915,4513,15254,6.1595802532338606e-09,5.118346981920578e-09
1091,1137,0.3305283209476964,0.441022095079798,1.0051064425136136,1.002122354730789,128160900.61252789,2616556846.3371296,15365724.586244557,18955910.154865023,15517383.414999465,19143003.91122739,2.077513579454489e-05,5.204189174189841e-05,2.0693678264605854e-05,5.1837839937059526e-05,2.7568376,2.9817502,18080,44251,19718,45668,9.07866689244955e-09,7.082786942208403e-09
1092,1138,0.7044256209813504,0.8674439464583856,1.2629736849712156,1.3143055183176084,133992268.5899805,7812440780.513588,39411988.911664285,40632554.12341952,38248077.93216429,39432597.53215551,1.8334691028990239e-06,6.109962795949923e-06,1.8555860132038697e-06,6.183666519078008e-06,2.3948953,2.8605335,5638,16692,5981,16687,6.6221849369878765e-09,5.181079656356631e-09
1093,1139,0.5630204719289156,0.7532607630956787,1.145059001034992,1.203114496966829,129312514.58438301,6403382683.2485485,26836897.201353014,32296686.21201858,24119746.92931704,29026749.711221367,3.1957080110693285e-06,8.739827189276816e-06,3.3351157682557706e-06,9.12108846297074e-06,2.7128916,3.0159764,7132,18255,7543,18556,7.23050060018379e-09,5.528773717596606e-09
1094,1140,0.38723420887773174,0.41942037450503816,1.0531127076812676,0.9972094088149623,135332442.2024035,2763805979.0179515,19229711.887874294,23441659.234769475,19131687.166764375,23322163.83503387,1.526294033667622e-05,4.464712352661081e-05,1.5294173379266727e-05,4.4738486362335155e-05,2.7252281,2.4213808,14698,50409,15479,50961,8.034845111893553e-09,6.837138421745399e-09
1095,1141,0.48578207837918314,0.551490907518808,1.0967246886836353,1.0655311368733293,129617296.52505077,4148160849.7214117,22833247.323577914,25419142.012177635,23186960.3464368,25812913.490767207,7.314628796696196e-06,2.1374454325066655e-05,7.269789503024162e-06,2.1243427110808834e-05,2.7576349,2.8121626,10219,31021,11003,31529,7.748914877045741e-09,6.366773367717892e-09
1096,1142,0.8512456411192653,0.8574138286978596,1.3593752924946971,1.2835730516200792,132482196.1542458,7990605464.939045,41569995.64678855,37663446.91520555,39418491.15865828,35714130.49561673,1.428319169464471e-06,5.912224616380854e-06,1.4590066047128932e-06,6.039248753540156e-06,2.7128916,3.0159764,3883,15304,4207,15664,6.1767038965148726e-09,5.1169007437647955e-09
1097,1143,0.9373600968831394,1.0445409101195375,1.4410296301399275,1.4647005468813772,133519858.92790668,11167804114.79777,38883487.93288501,57347343.11922652,38581202.45351081,56901517.13942879,1.2272272240018763e-06,2.6208147466266704e-06,1.2310643736437258e-06,2.6290092017118333e-06,3.218749,2.4319689,4003,11794,4258,12035,6.197085153110608e-09,4.9486175661826834e-09
1098,1144,0.6957566596835228,0.8145472089602486,1.2588581184466847,1.275468839602844,134698533.6288584,6637578853.216558,34545206.97468457,36379036.194853775,33769201.434489354,35561836.47001621,2.5508030638905615e-06,7.675369961761242e-06,2.5740900349737835e-06,7.74544049009123e-06,2.7128916,3.0159764,5819,16660,6241,16892,6.621991070743662e-09,5.278086991599026e-09
1099,1145,0.6884234559216069,0.7462124178304006,1.253283834790348,1.2199959276211048,137180252.90396073,5644423206.704468,34810865.199459024,33941117.11154317,33877403.242378734,33030977.664479822,3.044805050334674e-06,1.0474976659328249e-05,3.07809041740605e-06,1.0589487584463346e-05,2.7128916,3.0159764,5881,19180,6335,19604,6.462191053962761e-09,5.301783572552334e-09
1100,1146,0.37866775576846184,0.5201415499418137,1.0513521533700445,1.0625674892785648,135850902.4595202,3537978229.966921,24268366.950275306,26736031.98556311,24488543.204593252,26978596.28294528,8.58801005665998e-06,2.4810013245225844e-05,8.557040460386731e-06,2.472054477829703e-05,2.1197288,2.6429389,13424,32755,14334,33212,8.131460700824289e-09,6.256631850419748e-09
1101,1147,1.2294092049986447,1.6695360019766112,1.688489453238784,2.0348733767682297,137285791.43891045,16945111992.630066,62214212.949209124,75996473.76786949,60494491.438712284,73895783.83762461,4.631657437385779e-07,1.042280381863604e-06,4.683881979131391e-07,1.0540326791889413e-06,2.7128916,3.0159764,2677,5714,2893,5856,5.599950430786409e-09,4.1955107664657054e-09
1102,1148,0.6843795652030993,0.889914048319203,1.2370574945141384,1.3179368607638,131549072.11104573,5387721888.834738,19240295.532041732,29195595.08816035,18911738.104569755,28697035.718336497,6.467691080995377e-06,1.1669692400844813e-05,6.5124047704914035e-06,1.1750369569248659e-05,4.6792159,4.0097613,7068,15598,7447,15680,6.773102266119474e-09,5.1880147635071005e-09
1103,1149,0.8504390744629302,0.9160819885410826,1.3652692800816746,1.3378075480289568,137496734.10216117,8108538425.057495,43102568.23070909,41763682.764298916,38812186.52908147,37606572.23284646,1.4379913475858407e-06,4.623346981516485e-06,1.4995822394404576e-06,4.821370470616758e-06,2.7128916,3.0159764,4042,12386,4298,12430,5.879952879053836e-09,4.769304772319288e-09
1104,1150,0.7192835457637612,1.034907706626093,1.2671395231371634,1.4503006922578925,129430315.64194643,6491481944.49864,25495537.762235887,30308609.09186065,25229576.612026174,29992439.54837027,3.240604127895284e-06,7.996147423777351e-06,3.2542256699765303e-06,8.029758397016335e-06,3.6515055,4.4194846,5325,11523,5761,11745,6.9048666007865885e-09,5.150634192692965e-09
1105,1151,0.7571369213404266,0.7995825392186707,1.3067335595808671,1.271427847069675,133930636.96099241,7561735504.192362,33255630.52206126,43978495.13404551,33120912.36548777,43800338.782765254,2.0988839381780437e-06,5.766714818446618e-06,2.1022946351563008e-06,5.776085759091779e-06,3.0492229,2.4350219,4841,17531,5205,17908,6.547189347937744e-09,5.388339829545054e-09
1106,1152,0.5304490461121076,0.6512445846603969,1.1367547169787995,1.1399800029720155,134394462.76393193,4643699974.29361,26474929.96875155,29166368.36151893,25811942.52796803,28435981.6923275,6.104807190157106e-06,1.7254664460592875e-05,6.167051913329209e-06,1.7430593327684497e-05,2.692714,3.0008421,9417,25616,10528,26701,7.149825460618552e-09,5.685573906158517e-09
1107,1153,0.475244724084229,0.5143618741220438,1.0867072718104378,1.0349491286765922,130213826.70404172,3538897789.756143,22810876.093948584,22207411.152187377,22597296.81012821,21999482.138419814,8.830376065354898e-06,2.9357828679861114e-05,8.863666145368795e-06,2.9468506238614396e-05,2.7128916,3.0159764,10805,33981,11519,34448,7.733829008637026e-09,6.4904412978040205e-09
1108,1154,0.4686192992727831,0.7533108128945767,1.0867200612999106,1.218527004143296,128394965.33878475,5581023872.5762615,20582289.32311894,33157869.28720805,21354591.18467828,34402040.126216136,6.069202285666653e-06,1.0040877583888934e-05,5.980432315430532e-06,9.894016701302873e-06,2.9233074,2.9169943,10762,18946,11587,19211,8.023613096592557e-09,5.836655053680862e-09
1109,1155,0.2731633712093443,0.39025841265451944,0.9890010390665892,0.9693804034533768,136607181.91240588,1864389731.708016,14532983.932277337,17594211.94382493,14779088.893192327,17892156.45838179,3.513986373813621e-05,9.050836171480642e-05,3.4904620935215764e-05,8.99024561012789e-05,2.5676818,3.0300932,24166,54814,25515,55689,9.154534176290114e-09,6.956796096268466e-09
1110,1156,0.4614952932809014,0.6249171745320686,1.0936946941927956,1.1389281030893503,129730466.64131415,4410484775.795726,24720410.89233312,25911791.294291586,25706003.533084065,26944883.782905873,6.29511141985312e-06,1.782750006069666e-05,6.197433425713559e-06,1.7550879945449777e-05,2.4218853,3.1287222,10866,24962,11464,25131,7.907928419114591e-09,6.071857469989496e-09
1111,1157,0.45508261483528234,0.6209383297775207,1.0841542021890325,1.1227609285917837,130407381.77845919,4193337021.0641403,27960304.56601232,23816935.51430321,27650720.85975697,23553228.259228263,6.160514962196944e-06,2.2771670293023037e-05,6.188012646970034e-06,2.287331247964488e-05,2.1225138,3.3998892,11594,28010,12171,28086,7.881110709854982e-09,6.023601644691876e-09
1112,1158,0.5210605338559187,0.6438660504864778,1.1386400954557514,1.1498814103810893,134759570.2223295,5729547033.13567,29778318.156583343,37718052.00069973,30210502.59022205,38265468.91176104,3.655426969091095e-06,9.360973583220082e-06,3.6344190298549813e-06,9.307175554729842e-06,2.3580208,2.3004134,8414,23033,8882,23315,7.307418590613707e-09,5.798781029958324e-09
1113,1159,0.3157381078172136,0.41368200692556756,1.0166407871519028,0.9952183269553427,135380284.70027095,2254743061.6032453,15416755.395330235,20900656.614697322,16021740.60998546,21720841.40094021,2.4442364805066923e-05,6.137169510959981e-05,2.4068916260265753e-05,6.0434012916675905e-05,2.7726142,2.6795516,18674,50711,19877,51642,8.780667642292768e-09,6.925559872435271e-09
1114,1160,1.2161304761068155,1.0857256962578894,1.6739014710320201,1.5016443845332952,136646709.52273104,10378463007.015223,61255756.739527896,49191646.140837416,58607157.829595365,47064679.67627435,6.655149234459153e-07,3.0565257836114836e-06,6.773861270538031e-07,3.1110469350262945e-06,2.7128916,3.0159764,2435,10479,2546,10518,5.6531311355950755e-09,4.726576966808492e-09
1115,1161,0.5619899095977516,0.7416592061787151,1.1541979361395862,1.2126088497300118,132164506.03174257,5782678022.746656,27378579.6663643,32500593.38279444,27237607.621822376,32333248.138671823,3.885426119666277e-06,1.05489426225093e-05,3.893457490781147e-06,1.0570747817219353e-05,2.7128916,3.0159764,7668,19564,8282,20226,7.208387237215967e-09,5.565090464585992e-09
1116,1162,3.1942982518580942,2.6472993536765674,3.4740664320790042,2.891350120584434,137579245.55166364,43907839393.06526,159141524.03161728,124056284.94513994,131698736.27694288,102663689.15281543,5.270439425369427e-08,2.2780710885491177e-07,5.6849622905745123e-08,2.457242591824683e-07,2.7614989,2.9358726,805,3354,838,3407,4.212197248417772e-09,3.323956123365214e-09
1117,1163,4.682124214720555,1.7761967890778365,4.942541142688137,2.1328334149232124,144374083.7948718,25950601676.693146,318451400.8839695,93981593.12104523,279926223.6198244,82612016.71313913,8.531509632350554e-08,7.128855001699293e-07,8.983089296593227e-08,7.506191028595991e-07,2.1227019,2.7285852,996,6707,1043,6780,3.979154492601937e-09,3.5527703664468065e-09
1118,1164,0.5741455638688996,0.7939583540909982,1.220175916466354,1.2843439382240192,142315380.90825728,5796715312.24318,29588910.797244426,38486849.05051854,27453668.88324648,35709500.00264374,3.968807522306499e-06,8.158753564024598e-06,4.089511860158519e-06,8.406887780941996e-06,2.7614989,2.9358726,7530,15501,8331,16109,6.301206268884693e-09,4.7464922968938836e-09
1119,1165,0.502746979672666,0.8331611438523617,1.1629079260213961,1.3051941592387963,144670524.96231,6267115128.236495,29637355.450850584,44606927.615307726,28275200.166859288,42556759.46671656,3.382482867929223e-06,5.942255567415944e-06,3.446744647950177e-06,6.055148946336544e-06,2.4540877,2.7021332,8056,13583,8638,13782,6.480959232188389e-09,4.5456430699666934e-09
1120,1166,0.39838825849001835,0.6881374814700716,1.1214292693969528,1.2014898763397004,143183228.65408537,4483311916.878862,25745395.193550058,33872649.90646604,24232249.7802832,31881837.784304336,6.186358885354663e-06,1.1722096190796887e-05,6.33807597980465e-06,1.2009574238528837e-05,2.2156396,2.908829,11961,17788,12518,18067,7.230482783974746e-09,4.989409210166184e-09
1121,1167,0.30921822063696514,0.68035479447994,1.083212785514925,1.2075880828718064,144206204.93067768,3338904403.0549407,17666325.81356088,30119488.94365197,17436892.05188851,29728325.11474269,1.3674560047039692e-05,1.7867950341709238e-05,1.3746249597352386e-05,1.7961623945876414e-05,2.5240781,3.2574053,17530,18043,18089,18315,8.106816586622424e-09,5.025123098059056e-09
1122,1168,1.250864898604103,1.1578520841378899,1.722551511630338,1.5676855473149132,145686393.34422237,11517904466.518326,96448027.51279005,51580404.64940513,87517736.47006412,46804485.04275815,4.450536520164012e-07,2.166398741414695e-06,4.626912413965826e-07,2.2522536743237863e-06,1.8894528,3.270298,2476,7466,2713,7630,4.762841284099712e-09,3.965505480335527e-09
1123,1169,0.7032670217476963,0.9741909769059577,1.3091699029673778,1.4262087161925225,142402119.45684135,8031827402.586475,19925596.68245987,67436210.92331861,18118843.742125273,61321434.32152259,3.277129300279011e-06,2.863740594499454e-06,3.4041282937904386e-06,2.974719484819187e-06,5.0260334,2.0571568,4839,10855,5237,11181,5.876675582129686e-09,4.394383932533109e-09
1124,1170,0.9440013287590718,1.2052764146538224,1.4944754780427978,1.6229889440179295,142458452.03997448,11120256806.290956,48698541.222919345,58484081.46588988,43278401.78923968,51974813.05177534,8.728816971213055e-07,2.026814159314145e-06,9.150678184821526e-07,2.1247695046750263e-06,2.7614989,2.9358726,3256,7567,3515,7677,5.410447361386477e-09,4.116968990607926e-09
1125,1171,0.9273819606835724,0.7794638005864388,1.4466607561531286,1.2327446133637288,143576866.75472227,5440549957.642796,45324599.164961696,29940460.23211375,41585687.872082934,27470615.447201088,2.267316849314353e-06,1.064424025989289e-05,2.3467576833407106e-06,1.1017186513116622e-05,2.9377115,3.7378507,4016,15328,4199,15493,5.212181791141656e-09,4.6614480196035635e-09
1126,1172,1.2808088813077354,0.997879845839151,1.7943722274669414,1.4501231742949265,143694706.89113984,9611738344.881847,66646941.91371351,48840692.86944965,58689920.79584039,43009571.23933926,8.173822558001162e-07,3.2139089089591453e-06,8.600266059366136e-07,3.3815845048604805e-06,2.7614989,2.9358726,2657,10239,2845,10522,4.8775565792700035e-09,4.281538227358705e-09
1127,1173,1.4742233556421465,1.092071206123228,1.9153201241243776,1.50231912052335,143786900.55180445,12219747274.360104,50598890.299221665,63961896.114718445,46569786.65581207,58868719.02820115,8.560476424458444e-07,1.9188258921523275e-06,8.849375693440814e-07,1.9835824979836813e-06,4.1893015,2.4549856,2296,9290,2497,9551,4.673572330898685e-09,4.122545253686141e-09
1128,1174,1.3518238878471924,1.3346749886067455,1.801685077889402,1.7075936703243002,141031868.26873335,14755151646.518597,69038683.4749028,64114398.96089487,61030454.92168274,56677368.95701553,4.3738099640763093e-07,1.3544072786886768e-06,4.594923308166421e-07,1.4228779084395253e-06,2.7614989,2.9358726,2139,6578,2337,6807,4.911223307583565e-09,3.962981582308322e-09
1129,1175,0.31990591833667437,0.6041765956323024,1.0821234052445194,1.1535703843432075,144354899.77161503,3440684202.486965,19159383.579572596,30789610.644652072,19702154.114491146,31661856.52720486,1.186279468528313e-05,1.7021268991402552e-05,1.173097588685792e-05,1.6832129477009498e-05,2.4103065,2.832639,15671,19706,16934,20675,7.978886705992312e-09,5.273683836044107e-09
1130,1176,0.8517561893038859,1.2403308536862498,1.43274925007379,1.6588689975749857,145083681.93339717,10834649284.823837,44749582.93619723,61294133.494891725,42769763.89551223,58582347.49347817,1.1150852574824656e-06,1.940150277447747e-06,1.1354523925533102e-06,1.975587301202979e-06,2.7614989,2.9358726,3970,7011,4375,7160,5.4052719308141786e-09,3.932157051890225e-09
1131,1177,1.026210109598916,0.906868356347276,1.4286476524595768,1.2465969722697314,139058605.43865484,10712987360.088198,73760644.37683351,48798455.94040586,65212204.97214676,43142992.28260933,4.98614920923049e-07,3.170925477010955e-06,5.23797712384966e-07,3.3310746255382817e-06,1.9346814,2.584259,2584,13052,2761,13145,4.8929534877468136e-09,4.438403306215575e-09
1132,1178,0.9411324467185354,0.8674004844129707,1.3554753548840635,1.1997271888198626,144250721.1164793,9472365945.762634,56935777.405891426,52692474.987539746,52037390.9746362,48159154.88077832,7.592002700462612e-07,3.0480946303194605e-06,7.870172479215249e-07,3.1597763357120833e-06,2.384424,2.3745923,2899,12178,3016,12159,4.771747292994967e-09,4.336292934356092e-09
1133,1179,1.296501794084739,1.691518710157342,1.6522544271748618,1.9516654732260046,137089686.1596086,26449816608.34848,81115830.06740722,97296889.70144227,73744609.85031676,88455251.76429361,1.3072438918569475e-07,3.8358676643140254e-07,1.3580218418765956e-07,3.984866254212839e-07,2.1911509,2.3833215,1429,4207,1578,4257,4.654723486516395e-09,3.6624206507664495e-09
1134,1180,0.6268464390181335,0.9172005329421233,1.0918550806677876,1.2555136913807503,138494621.76057574,11957944185.593208,51795118.831718974,63016614.29562929,49597780.67278614,60343219.3047148,6.712643034553352e-07,1.6550405797213726e-06,6.830054810493447e-07,1.6839891254309747e-06,1.6761205,2.0157754,4411,9495,4789,9818,5.836546922383452e-09,4.46533988047768e-09
1135,1181,0.8418425301185632,0.7814749615993114,1.2755494125758169,1.1270905793638728,145457228.57253608,8362119405.21892,50933901.11800943,53981802.57695005,47234400.10340975,50060922.200231105,9.398483565057688e-07,3.652618902862984e-06,9.686284060681214e-07,3.7644694501657576e-06,2.4041371,2.1057315,3093,14194,3269,14505,4.91084332559593e-09,4.484615100897808e-09
1136,1182,0.49356148216411,0.7937158574829506,1.0085818849362498,1.1457274047999237,140514686.64585948,7494907913.746714,31435503.556204256,43321495.95217982,28853238.3946023,39762857.56276183,2.2006224990368025e-06,5.126622861106243e-06,2.2773820425647112e-06,5.305443731487464e-06,2.2061882,2.5744433,7310,15063,7476,14925,6.3175573441621516e-09,4.6296529141226954e-09
1137,1183,1.750382159316724,1.3200502099178417,2.0630959156776596,1.6063703746379607,139556438.72197717,21108178564.876907,138014838.8373024,74569763.56021863,117747612.71650986,63619330.45765497,1.2435045121172003e-07,7.928152506178871e-07,1.325063936560266e-07,8.44814704500034e-07,1.7699336,2.4704585,1355,6692,1483,6774,4.202791880162464e-09,3.8570311205072e-09
1138,1184,0.843375614325005,0.7434440942238277,1.278190141561617,1.098594537703733,144532060.64558184,8575407374.048759,42059928.0563924,55797712.22356136,39728744.12671214,52705107.55067437,1.177781506458211e-06,3.4167508737449515e-06,1.2049532745655497e-06,3.4955763281377006e-06,2.8981223,1.9257332,3399,15158,3485,15215,4.95541492686339e-09,4.625218945739027e-09
1139,1185,0.5218898761335633,0.5011702621686437,1.0272430608132825,0.9073042860439958,142734989.28610703,3851813741.396593,35975873.50580239,29616363.426748823,31001756.498937886,25521528.676490113,4.527390241480648e-06,2.1062785533259936e-05,4.8050504197466864e-06,2.2354544465892097e-05,2.0706084,2.4153719,8027,33219,8422,33589,6.04137894828507e-09,5.603467947821234e-09
1140,1186,0.2549406021716575,0.37086443188818263,0.8632666872681906,0.814766104316619,145284057.32929963,1823424215.7344017,16259954.247417172,21556566.372507133,15728394.595962236,20851853.38665385,2.9056343997801396e-05,7.135700832074081e-05,2.9445229096727317e-05,7.231203821858236e-05,2.2779157,2.4995024,22304,51375,23259,52056,8.346892642520509e-09,6.410452791252809e-09
1141,1187,0.9036579054896949,0.772214871619632,1.3239672141032175,1.124541817194812,141473845.5886845,8589147426.784573,72824779.67896292,43106317.67040469,64015907.98687824,37892185.56934284,7.513226424168881e-07,4.708413353901362e-06,7.910846999842157e-07,4.957595519137796e-06,1.7555008,2.5343897,3584,16007,3676,15957,4.962620396057436e-09,4.6433359844013045e-09
1142,1188,0.7636880992500542,0.7845649758618818,1.2274988830860836,1.1570070918441904,138302293.67508107,6943229440.152341,46782265.59202456,36759925.50077459,44008328.81786204,34580259.59807285,1.5074609331893767e-06,7.013376186979582e-06,1.5447728049068727e-06,7.186967546353304e-06,2.2576892,2.9517779,4104,15921,4636,16497,5.554575845037211e-09,4.813758240507986e-09
1143,1189,0.7435125367776201,0.7045310197813395,1.2122423376870932,1.0821203460094224,142515216.07284722,5032956970.237726,45415425.739138916,30645757.654598996,43116279.01106159,29094322.38135657,2.220539165959156e-06,1.0937118223106915e-05,2.2671658129088072e-06,1.1166774676752545e-05,2.3331687,3.2763553,4548,16475,4790,16801,5.338472658992242e-09,4.8358913357509425e-09
1144,1190,0.5548457010000052,0.5459009314693293,1.0667913457375515,0.9514344438052926,143507783.50028127,3658482482.617202,36936535.43826,28310095.565695174,34262544.14354898,26260608.56869078,4.742185221777731e-06,2.1666094937837572e-05,4.8868964016784934e-06,2.2327251348999653e-05,2.1557159,2.7672472,7695,28382,8048,28644,5.8953110491757334e-09,5.370427522630172e-09
1145,1191,1.2593963073847145,0.8045218590146906,1.6363063525479664,1.1537927028088022,145026600.66576818,9080891244.08341,142235717.12450424,50895594.05051204,128970533.14972273,46148970.40186222,3.400854271888947e-07,4.125804397537598e-06,3.536676129938673e-07,4.2905790025111995e-06,1.2841076,2.2924788,2331,15912,2405,16343,4.350820775261744e-09,4.449474192507858e-09
1146,1192,0.2507056217320775,0.4115423231025366,0.878246665526285,0.8737499184805492,137961423.37840784,2171519876.11138,14292221.326833477,21724375.81386876,14254103.325898545,21666435.920646627,3.2686638511044126e-05,5.753409590729984e-05,3.2721574449002364e-05,5.759558915642736e-05,2.420037,2.6135142,27696,46856,29330,47804,8.918154905469406e-09,6.428419389401507e-09
1147,1193,0.6391483223290719,0.6772164448452913,1.1359695438196147,1.0658073176221472,141664337.46306068,4601013639.677591,49695531.89750099,27559043.831749372,46211722.47537401,25627070.213600274,2.3787508478603272e-06,1.4168222979614543e-05,2.448922440114244e-06,1.4586176279255977e-05,1.8219852,3.4811592,5641,18415,6007,18726,5.7391965426889426e-09,4.994337318487998e-09
1148,1194,0.7842231572173276,0.6708714353071648,1.2406225781604228,1.047059778860642,144257667.25966325,4851443523.490059,51373202.49568954,30671594.28443679,46726653.50009068,27897442.417464443,2.2305198885249218e-06,1.4856106430267441e-05,2.316727129499177e-06,1.5430279273810298e-05,2.2021248,3.1553087,4654,22488,4914,22842,5.1230034375011074e-09,4.859772031438003e-09
1149,1196,0.44227132165603633,0.4203129865123161,0.9926514370130931,0.8751255170756232,139090816.62876585,2697725480.9241886,31162099.61751009,20660174.553916294,29692579.343850937,19685896.641421035,8.028761729373557e-06,4.6127004162250765e-05,8.185403330470544e-06,4.702694465486096e-05,1.9740608,2.8296797,10233,43562,10972,43976,6.789407026194747e-09,6.320102775962949e-09
1150,1197,0.37249309355533566,0.48367601676107724,0.9545953574882393,0.9211814151504794,141304030.78764275,2981030376.209303,28618996.134707633,24324239.756817885,28134779.266558576,23912687.68351266,8.685462285870417e-06,3.307212046881803e-05,8.744949227468872e-06,3.3298632223070444e-05,1.8391552,2.8097639,13231,34326,14078,35088,7.189676795228215e-09,5.816775244081747e-09
1151,1198,0.8692870801185205,0.7285231185303579,1.3122054597496466,1.105074490836534,140475420.1072755,6305169666.788389,49946994.0352753,35396942.68439895,48285913.35901842,34219751.171129875,1.3059589125686815e-06,7.359174896721662e-06,1.3237472647912705e-06,7.4594135748842385e-06,2.4448612,2.8911986,3178,15644,3368,16049,5.19640338555566e-09,4.873268669341435e-09
1152,1199,0.7474411786228587,0.9558045232385682,1.209660372845901,1.3001642419116066,136984843.5010791,10090776977.67167,47437277.82560561,45466496.22183928,43959297.950021945,42133009.0125985,1.1432807239747295e-06,4.062973494877492e-06,1.1786381271251044e-06,4.188626091685244e-06,2.1583893,2.879719,5144,14448,5345,14237,5.616474904748025e-09,4.473581307468486e-09
1153,1200,0.5272591142311049,0.6875375484843831,1.0512920191222694,1.0644750968396965,144029344.60924354,4874550800.571579,35184007.19553063,34387237.957054734,34976455.980515465,34184386.90091042,3.5803782940888693e-06,1.180527747710668e-05,3.5888616366271553e-06,1.1833248882464364e-05,2.1583893,2.879719,7680,19716,8086,19983,5.9906652641000766e-09,4.80840313267604e-09
1154,1201,1.330666203767049,1.2841528102225839,1.6977133051438964,1.5822866444263686,138788072.36504832,17119701447.286411,80228018.07294267,69125046.33982135,70457649.23252563,60706825.18624721,2.537294747910757e-07,1.108899094172527e-06,2.67257613668306e-07,1.168022461527278e-06,2.3019464,2.5782998,1756,7352,1887,7363,4.638024759297976e-09,3.9735058907956505e-09
1155,1202,0.6630211038672915,0.6927060167002648,1.148818223430886,1.0728164078060125,141123907.102936,6307723332.027386,44680518.90866269,39256665.2185108,42460353.0493016,37306009.54128661,1.839607830686259e-06,7.087621908843401e-06,1.877496311688682e-06,7.233598254217726e-06,2.0941594,2.490211,5110,17461,5541,17953,5.653383930994097e-09,4.938861422112696e-09
1156,1203,0.5397442764106922,0.6376853305764592,1.060275842899597,1.0330444509679373,140044726.19594672,3995757020.181506,26679212.327134486,25181778.395349596,25475789.513004236,24045900.53472346,5.305183787836298e-06,1.932706130837055e-05,5.40404024140541e-06,1.968720052602385e-05,2.8332298,3.5463924,6894,21306,7482,21776,6.1971910337708674e-09,5.176515082188201e-09
1157,1204,0.6387747492263531,0.8753972928895952,1.0974499930745132,1.200499807904056,158894962.894166,4289095227.7824197,34733349.81951205,38348797.71221717,30581284.665043138,33764537.69917271,3.4249512657929736e-06,1.1006318092733837e-05,3.6038837555187395e-06,1.1581330040704034e-05,2.9222085,3.6271338,4894,12575,5027,13015,5.084890953636018e-09,4.135868267916033e-09
1158,1205,1.5745591924018274,1.4231817658505848,1.9068306099222512,1.685107376455634,149309233.68527788,16051391422.813198,96830752.49478157,75942128.60217638,94565554.7363463,74165586.18100989,1.6698933657492392e-07,9.021150747043568e-07,1.6857799036217756e-07,9.106973504314338e-07,2.4279087,2.7981067,1085,5385,1104,5175,3.825452121017352e-09,3.4220056307075546e-09
1159,1206,1.4499541761212986,1.3453457204056636,1.7928554342795866,1.611019034397583,152767532.9675904,17428019746.910404,138702386.76449287,88032285.13268605,124781549.21091112,79196942.28538886,1.4450572659848312e-07,8.805186933082542e-07,1.5075040323472183e-07,9.185694656984137e-07,1.5969871,2.3346565,1482,6491,1577,6573,3.824599452867695e-09,3.464625821579495e-09
1160,1207,1.5328704090002563,0.7894111515314847,1.8536552167072002,1.136672216395544,164049302.13891906,7957178212.010014,91189759.23545675,74739072.16813628,80542320.20225814,66012437.50016533,5.382030191225546e-07,3.679429292812621e-06,5.656071655212991e-07,3.866777961291765e-06,2.7576158,1.7327262,1462,16682,1553,16897,3.5759098831118053e-09,4.336103634786072e-09
1161,1208,0.729890814365145,0.5567966046290646,1.1675913650068717,0.9531088226350717,162918265.05338866,3145075486.530657,50611836.44455794,34135687.65562309,45178707.34211464,30471256.347408388,3.939894843499877e-06,2.381805505435833e-05,4.122986840768826e-06,2.492491080665308e-05,2.3495007,2.6574047,5522,29167,5274,28189,4.727163079159539e-09,5.0979413373599985e-09
1162,1209,0.45777157016352144,0.5731912368586746,0.968482431756207,0.9608981230357047,161608176.83674768,2863931096.2098255,25911901.356708154,37343466.06693342,23198147.790295,33432484.667834602,7.647197106586891e-06,2.2225895073292795e-05,7.993199869212541e-06,2.323152118571027e-05,2.8550444,2.4805515,7542,25870,7671,25661,5.863858102348927e-09,5.0179023916188945e-09
1163,1210,1.4607975663771586,1.1024324765263294,1.7994681870517768,1.4003309775879922,148387147.51288685,20243515007.142067,116777360.16011614,105259358.16812176,103112095.57084471,92941927.99251191,1.5725550947436106e-07,7.419225389415395e-07,1.6528197209238158e-07,7.79790932514434e-07,1.8562124,1.5541308,1708,9693,1715,9664,3.988174256941917e-09,3.856211014761343e-09
1164,1211,2.6002168039394435,1.9520287782452657,2.8621043079482837,2.15961149639129,153960784.7555219,24430834277.77077,164887345.0920999,107406869.9967745,163176697.64798397,106292561.99734709,7.55279410854556e-08,4.022355773311183e-07,7.584366654312059e-08,4.0391702144195826e-07,2.4279087,2.7981067,696,3368,760,3512,3.1838869996523047e-09,2.948185731284306e-09
1165,1212,0.7846245798901956,0.6859258423122911,1.2246162490321015,1.0447720142771113,148305791.48357293,5555846927.58767,47927819.25369819,36355573.91115956,42300866.43711073,32087257.467734735,1.8900277967268207e-06,9.836452060321389e-06,1.9868430143029622e-06,1.0340316737892026e-05,2.4279087,2.7981067,4192,19314,4325,19531,4.887586322152241e-09,4.684879669261629e-09
1166,1213,1.09864881051224,1.023199442805475,1.485584560333321,1.3311425187870074,149737531.84873813,11890850430.765827,77774174.84660876,60680234.06524135,67927378.14872317,52997659.10254991,3.6217544743960214e-07,1.9373856478418673e-06,3.823272291423837e-07,2.045183603019163e-06,2.1152132,2.5248973,2032,9132,2036,9124,4.28814152539334e-09,3.931638356686308e-09
1167,1214,0.6356647703374423,1.1244539999831433,1.1216816876494968,1.425194315204843,150745840.77982566,9713358193.490635,40732757.53967312,73615644.0619765,40794189.237330474,73726668.56073435,1.2828924159052236e-06,1.7786170787336624e-06,1.2821193068613026e-06,1.777545231295644e-06,2.3525002,2.3025916,4988,7651,5297,7503,5.206365051886361e-09,3.711163136804721e-09
1168,1215,1.2537530682193778,1.0517438689003322,1.617434299626244,1.3516943112539634,154160936.24140692,9370779141.433306,79607502.04990649,57945545.64907577,69590801.99383353,50654484.6886602,5.746695568556878e-07,2.8465457107145127e-06,6.064277314968112e-07,3.0038554110916183e-06,2.4279087,2.7981067,2132,9418,2218,9533,3.994579738861529e-09,3.83005092080299e-09
1169,1216,0.944465699804647,0.7984934707196661,1.352599513123648,1.1424885858570804,152553277.91730338,5017588396.395395,51584655.435266815,35248629.767769605,45896084.2017947,31361536.99523249,2.0585388825875432e-06,1.0939954605569922e-05,2.157034218621653e-06,1.1463400878160642e-05,2.7931046,3.4558165,3637,15929,3698,15884,4.464351652453837e-09,4.351995516599647e-09
1170,1217,2.6111313908727767,1.5142487779794678,2.8706733440909313,1.7732405671293494,151070385.48616117,18348777952.061325,162470947.02291176,81754618.79681239,145278042.2658991,73103229.73202622,9.699049613819493e-08,1.0227875494450409e-06,1.0142837652282953e-07,1.069586039854486e-06,2.4279087,2.7981067,714,6811,733,6707,3.3750193208675e-09,3.3893458214505055e-09
1171,1218,0.9677350390516601,1.4585968020643145,1.3839061703076607,1.724447033322771,150506897.15723056,16615325066.776194,76352971.16693631,89920198.18432575,73135898.25503267,86131480.73966567,2.778391555655372e-07,6.858930607856706e-07,2.826647073006984e-07,6.978057533752815e-07,1.9075983,2.4413745,2311,4633,2420,4668,4.447808554280024e-09,3.3848800089111047e-09
1172,1219,0.3896186659483742,0.5223769864708322,0.9219026620540617,0.9194548334043472,159542942.21014026,2289204321.9143825,29090890.34391866,28043817.31199266,26372525.08015964,25423294.6004882,9.696337472505512e-06,3.491106105966412e-05,1.0084394852066552e-05,3.630823756171176e-05,2.1367826,2.9718337,10005,26937,10388,26892,6.382820187678452e-09,5.239303738337451e-09
1173,1220,0.14884017622292545,0.31478851615988673,0.7883432283063655,0.7703535318225153,157496663.03750214,803182411.6381598,8952541.670568276,16918879.074281126,8160759.3777605975,15422536.542951716,0.00018799695674165843,0.00026791055122673776,0.00019509095308534925,0.00027802005780481695,2.6184554,2.9303443,57915,74371,57666,73432,1.080357636597945e-08,6.783665697062649e-09
1174,1221,0.690406392411348,0.6188392297531241,1.139768784047204,1.0012281617840908,160541547.7016717,3232820786.9480247,51009878.396964066,34941290.973946705,45201965.583570406,30962924.862488195,3.6228061500608936e-06,2.238109318506534e-05,3.802278146846072e-06,2.3489841298483252e-05,2.1728911,2.8433239,5152,24971,5390,25447,4.898809864568632e-09,4.857679824084907e-09
1175,1222,0.9563551884173556,0.6360132351177569,1.3547144843627272,1.0182888445593792,161637864.89101213,3688665486.3985662,76656821.72443469,33087992.851347227,66888146.026081555,28871461.766401287,1.4377983827907733e-06,1.7885511954138593e-05,1.5183736241110227e-06,1.8887828731713263e-05,2.0165617,3.1069827,2530,20976,2630,21234,4.290512134106052e-09,4.807109780786669e-09
1176,1223,0.5166212288021584,0.5804723357301613,1.0155297749250967,0.9587324446611467,155540365.9137826,3027273870.5327926,36274177.94985571,31258478.36413642,32258494.62373565,27798051.21013536,6.492135954300374e-06,2.545127396218689e-05,6.804073540624304e-06,2.6674170251562156e-05,2.2152247,2.8883965,8546,26391,8872,26675,5.621895476533169e-09,4.973234643536137e-09
1177,1224,1.0380947069561417,0.9117180547677464,1.4287803885015518,1.2347245324851117,155088850.92110467,7375954809.032077,62649021.52965494,54006128.12336952,53863753.72383999,46432852.64141534,1.1567062945603382e-06,5.0461163344470445e-06,1.2287687831888663e-06,5.3604880143448675e-06,2.5698233,2.6181715,3214,14048,3320,14216,4.260462019930888e-09,4.085035123632823e-09
1178,1225,0.8621856973288259,0.7781371222512778,1.276731797217674,1.1266893992323364,161052850.28812963,7302510326.601696,76055326.10204792,68296205.54975525,68195539.83489291,61238270.149432145,7.130449985988782e-07,3.4877493033073784e-06,7.448458502031411e-07,3.643298249370098e-06,1.8257428,1.8349658,2729,13723,2852,13880,4.470895297569881e-09,4.380301906513066e-09
1179,1226,0.6514945050563987,0.5351119439034555,1.1190114257023653,0.9290857611184549,153729737.78451324,2467255793.320321,37066412.1372035,23910429.72575772,32602770.872793596,21031068.745833173,6.153652217984216e-06,4.52273856869257e-05,6.4777377731123136e-06,4.760931139187582e-05,2.7020171,3.4404492,5372,31977,5619,32434,5.116293581812603e-09,5.202426101014036e-09
1180,1227,0.14611512621675238,0.24413559942268284,0.8820189935571663,0.8638350041787702,128701174.4087499,701769383.3353437,6753640.210802956,7801284.6625308,7557595.180226165,8729951.48169217,0.0002943879227063385,0.0008184533366585142,0.00028143733334556133,0.0007824482825904653,2.7844522,4.0276108,69017,137516,74195,142607,1.3318643198031024e-08,9.395525801108478e-09
1181,1228,0.3761004149712862,0.4888414600772659,1.0189884422210354,1.0386253812402448,121862274.92442441,2756229243.9636397,20836441.85005747,14080319.13283077,21883274.69573481,14787721.128427522,1.5806327420845957e-05,6.8568623584524e-05,1.5499420913841283e-05,6.72372481046835e-05,2.1996295,4.2308226,18659,43988,19806,44670,9.176896566712232e-09,7.183383278939547e-09
1182,1229,0.3080375290663287,0.3933946527258819,0.9634118849575684,0.9461404536220106,126181565.23210488,2604179737.6623,12956065.875826921,18187803.277778044,13189554.347083751,18515575.799433067,2.4386854171789672e-05,5.722865298989824e-05,2.421324473200622e-05,5.682124355876993e-05,3.0000355,2.729255,19499,53240,21169,54606,9.528268726798694e-09,7.54246376066357e-09
1183,1230,1.175229260431427,2.379040455654181,1.609228541178927,2.660878953730911,127169448.91016327,12680895772.032656,54792289.64899725,84238386.47675377,52679820.55205917,80990648.71386719,1.5502099681597616e-06,2.7393084159094803e-06,1.5747825363348356e-06,2.7827295292973623e-06,2.727633,3.5914893,9191,10831,7207,9672,6.545561540265066e-09,4.486688794941817e-09
1184,1231,0.3980622188092149,0.43744900547385385,1.0169735591702538,0.9688312855566813,121252943.43651748,2854210824.208397,18887903.887385447,15065739.165231284,18528980.3774667,14779447.57814223,1.4640109159977402e-05,5.8780527264600656e-05,1.475289366114259e-05,5.923336080384013e-05,2.5554035,3.5207021,15098,46785,16352,47653,8.81667636335057e-09,7.398397640284096e-09
1185,1232,0.29729268140516185,0.46532544163232914,0.9461222571887529,0.9920383207471333,129048142.03975035,2333031206.2482815,15852422.770803368,15728297.22488133,15911319.566927698,15786732.855095712,2.7351459114134605e-05,7.557515313305076e-05,2.7310916764019765e-05,7.546313006673035e-05,2.4201391,3.8179202,24077,44759,26367,46182,9.430108597321575e-09,6.831783512715114e-09
1186,1233,0.26267282917331447,0.4591044185153253,0.9490785523993629,1.036602367160862,127480788.56300876,2448102253.6014585,14117264.000621011,19143844.254289914,15037518.482845163,20391763.715258867,2.85021868929905e-05,5.6301497821683096e-05,2.7791240232799482e-05,5.4897136746150285e-05,2.3719709,3.0572226,26936,43482,29417,45084,1.0182369102879846e-08,7.046067006829855e-09
1187,1234,0.25287225682392733,0.3584533416782836,0.927596197957298,0.9268237861420945,126229075.15925016,2138293567.6423156,11959566.676348297,17072273.52434939,12272743.818893943,17519333.68830058,4.2240965085720604e-05,8.001225343732556e-05,4.180645493909721e-05,7.918921031077367e-05,2.6689789,2.6503344,30792,62273,33842,64554,1.0296532069720112e-08,7.821689972452163e-09
1188,1235,0.170825476929529,0.2762912392322182,0.8896299719565494,0.8735362331311629,129381952.16406101,1169369871.7607884,7651302.481697159,9877515.474747207,7805149.411571472,10076125.506726861,0.0001207230768055724,0.0002709922480335841,0.0001197655617076867,0.00026884287298642516,2.8886237,3.6190376,47594,86828,48871,87562,1.230176896338794e-08,8.824517529248307e-09
1189,1236,0.419994817451375,0.5661191067207747,1.0398753765211297,1.083899869650506,122287510.08783284,4251165996.1963944,22673107.389721606,22021868.568993628,24062927.83140754,23371769.249796785,6.845554771099927e-06,2.3220478468641675e-05,6.684573150046033e-06,2.2674420422139722e-05,2.265244,3.1436613,11991,30599,12847,31401,8.769813115415947e-09,6.7433482021419525e-09
1190,1237,0.30877169061663284,0.37300992913200576,0.9570341885841628,0.9244704639063696,129533413.46981105,3033680177.659936,15847722.658359494,16185781.468389558,16286835.348490475,16634261.177157534,1.575327573629191e-05,4.307299280001677e-05,1.5581990572685908e-05,4.26046607056477e-05,2.5237854,2.9851663,18291,44129,18936,43773,9.397915184309942e-09,7.618216643028263e-09
1191,1238,0.5972684716494716,0.6368996975080846,1.1458967677664273,1.1154996234985615,122406339.73201498,6355418373.3915205,35451762.66659525,28135377.95811532,35849321.13649961,28450889.99390329,2.349579101466982e-06,1.0924639844465321e-05,2.339121762707942e-06,1.0876017238142873e-05,2.0622232,2.7709086,6608,24265,7241,25057,7.670342401094676e-09,6.330334663033709e-09
1192,1239,0.2729396692371341,0.3810408792139165,0.941535009513455,0.9382776848367895,128146513.974656,1508033740.2670455,10463056.141583785,10355455.430814821,10833328.473456232,10721919.930104854,7.054597751152505e-05,0.00018920492410844447,6.957142730018305e-05,0.00018659117198137657,3.3428347,4.7152982,30355,60402,31825,60511,1.0029127903959056e-08,7.647463047432972e-09
1193,1240,0.6925881638755076,0.8491665918954376,1.2317513860110012,1.3073399073646024,122797956.14560752,6217591371.110159,38245838.57919762,26413379.916360676,39342580.43199286,27170812.889573354,3.1240843348526085e-06,1.2138293211190006e-05,3.088952910176955e-06,1.200179384435712e-05,2.2237298,3.9478447,8010,18755,8735,19117,7.577084311608904e-09,5.9103731022814116e-09
1194,1241,0.35971564950446655,0.4686265813564764,0.9867954270692052,0.9978361903453828,129358640.4304347,2368687514.7559853,17391815.409689102,15707299.413367813,17138744.11906726,15478739.804086879,2.314091110200609e-05,7.755356614877256e-05,2.3276990157962168e-05,7.800961630259029e-05,2.6755302,3.8594093,20034,47808,20487,47598,8.865237270670485e-09,6.900387746625768e-09
1195,1242,0.14868573160626708,0.2944427951673128,0.8904290102105606,0.9082827356606167,126940333.6086387,959194376.5681288,5963400.5378638925,11241550.72260737,6576347.480755296,12397011.286597764,0.0002612368604948783,0.0003677514967712548,0.0002512107076752305,0.00035363736027727754,3.165009,3.3248675,75502,104363,79171,106093,1.3304106272999381e-08,8.62507377031948e-09
1196,1243,0.620388666161539,0.6924403116835264,1.167789257824116,1.1572072716989132,120585786.54794754,5711937856.679205,27426730.529554833,23248979.085602168,28110770.07161254,23828822.935013507,4.2041915606486055e-06,1.3761237743139287e-05,4.162967445877092e-06,1.3626302206559278e-05,2.727633,3.5914893,8152,21667,8804,21886,7.720241401272341e-09,6.266361280145709e-09
1197,1244,0.5515336201603105,0.7398836119222852,1.1280317678979024,1.2147168455882187,123209445.50306341,4297145072.327463,26211673.51339674,18149160.300071515,26972335.330401905,18675848.275332406,5.4334186758451504e-06,2.4908886198953833e-05,5.371599824711939e-06,2.462548474957303e-05,2.5925148,5.0228577,8432,21052,9006,21310,7.971134758118326e-09,6.076372695622261e-09
1198,1245,0.5052607266831145,0.7513288751748676,1.0873432502940092,1.2041182591849093,124659550.80796947,5480222483.00292,23091660.509029362,26078407.107702076,23719755.195426233,26787741.498255637,6.285246562677125e-06,1.4242167304279207e-05,6.218137249881948e-06,1.4090099751960781e-05,2.727633,3.5914893,11174,20757,12628,21732,8.03086932395575e-09,5.923156103298199e-09
1199,1246,0.532184371789172,0.9312098558410762,1.118197643086994,1.4022365710479499,127329284.99770008,7060411418.545732,25177893.853202827,39441172.49573959,26446272.68194263,41428088.02036386,3.8946138473137045e-06,6.360033739145643e-06,3.818795255735243e-06,6.236219461428195e-06,2.6913552,3.0062566,9506,14585,10217,14937,7.953772344566058e-09,5.548029943330086e-09
1200,1247,0.5438016436795856,0.9185522769844081,1.1254882104549948,1.3615408655790338,123887565.51837213,4689908087.601122,24614482.422818944,19888189.174696915,26766165.889360752,21626722.087620553,5.265797481381348e-06,1.903985451806035e-05,5.0922060624204565e-06,1.841218978650064e-05,2.7370172,5.7218485,8469,15458,9023,15606,8.009121135139759e-09,5.678776031995269e-09
1201,1248,0.823982426752305,1.0416934213921798,1.3203782947036293,1.448591202739514,124276628.20976852,11352687273.017784,39942953.4314812,46233211.08424349,39837416.63087097,46111054.23902827,1.0963716494316316e-06,3.055222108772137e-06,1.0975325251743744e-06,3.0584570822746017e-06,2.5637002,2.8001115,4647,12166,4855,12387,7.021042176315279e-09,5.3744868223943496e-09
1202,1249,0.915992329988895,0.9107371643976412,1.4054251051194033,1.3484490125104702,144786442.71301407,7395471869.983196,44249320.39047525,47965547.7429582,41982400.50996241,45508243.25107712,1.6360854791173037e-06,4.7116565693974e-06,1.6708663975760916e-06,4.811819883012553e-06,2.9971821,2.7491064,3605,12197,4037,12675,5.546019295249809e-09,4.624310616476678e-09
1203,1250,0.6766003454123576,0.8413910124356614,1.2383110231838848,1.3148132517906232,140480403.3485672,7281219873.209173,42191566.56381882,47225961.053187065,40771383.473240644,45636318.459030464,1.9297182672368882e-06,5.642130056909465e-06,1.9563294334394985e-06,5.719936057521226e-06,2.2527983,2.5028384,5731,16310,6237,16414,6.5282754671000905e-09,5.0519016516804575e-09
1204,1251,0.35194760059763097,0.5180071145571131,1.010959194643906,1.0558515107537525,144369000.98477775,2750251532.7365007,25092914.305536684,25942428.860504273,24972124.731750187,25817549.984862655,1.3765029311021596e-05,3.515625715990234e-05,1.3791623212093658e-05,3.522417870251946e-05,2.0248873,2.8826973,17266,32852,18696,33541,7.829234591992915e-09,5.81957181563711e-09
1205,1252,0.5723103316921869,0.8123004649344124,1.201088746257036,1.3473175676127847,138977208.07976523,5602620719.297033,34938783.64510504,36730118.84805547,36156660.743714035,38010437.33391382,3.5265159537479853e-06,9.775299128828358e-06,3.478513072146236e-06,9.642237905553834e-06,2.2764986,3.0735335,7875,17213,8679,17819,7.123163043797274e-09,5.2929507444089694e-09
1206,1253,0.6805179145729239,0.7735925827897376,1.172163765762619,1.2039567107922253,145425775.6987983,5799725303.706398,42514869.2098971,37715080.20435097,42176257.745665625,37414696.8615597,2.0778339825334e-06,8.507324287612117e-06,2.0844907231974595e-06,8.53457913665383e-06,2.3277702,2.9828997,4759,16351,5177,16541,5.739239868429768e-09,4.754963881615539e-09
1207,1254,0.4342001623434397,0.659058462996573,1.1081986260900252,1.2209392377799817,139984201.05831903,3934144692.67523,21127112.61437206,34392409.41767093,21698089.281644695,35321891.05897288,9.543090452392599e-06,1.6126478483880563e-05,9.441837080433623e-06,1.5955374549315278e-05,2.8769271,2.6825039,11989,23008,13050,23651,7.732520279147769e-09,5.622087476206861e-09
1208,1255,0.8230128045666791,0.995046017273672,1.368307357288597,1.4595928201284296,138397026.91228396,8419012918.7698965,36941314.41637341,51473887.17746136,36101978.977567285,50304360.36544294,1.9209025150020685e-06,3.7748671016582166e-06,1.938643079651145e-06,3.8097300232982398e-06,3.0833371,2.6753645,4815,11630,5245,11879,6.266655528735963e-09,4.8363304326624546e-09
1209,1256,0.5289171439867398,0.665426850808903,1.1097242137280103,1.1467734817231265,145315469.8784613,4942687283.293972,29952694.951174542,42006401.03717112,28942302.32792736,40589401.40470712,4.038019351428374e-06,9.515781104859881e-06,4.093827386449359e-06,9.647295344623047e-06,2.566041,2.3019543,7033,19814,7778,20432,6.5601330120699745e-09,5.168849335491384e-09
1210,1257,0.8170613598738488,1.0690733036612223,1.3653283118012602,1.530337215716225,139904001.35065615,8170652885.370037,47662040.02153311,51647287.92348377,49842464.69680452,54010028.186979294,1.6065005135884605e-06,4.341796132781545e-06,1.578011324441644e-06,4.264800047055166e-06,2.3983479,2.8959436,5186,12223,5473,12250,6.627649192894068e-09,5.0263697700860515e-09
1211,1258,0.6973524677467061,0.9876392048883437,1.2777593335213295,1.4678758399245968,138385033.62138122,8550770911.505798,44272367.526978925,50718541.508581124,44367527.97322406,50827557.56786275,1.6067590493054788e-06,3.8098317340562646e-06,1.6053796765006423e-06,3.8065610642646537e-06,2.1797602,2.6947637,5883,12058,6303,12089,6.676256032532165e-09,4.948203161840993e-09
1212,1259,0.34006056798301537,0.4473379689821648,1.035548722991243,1.0541570991500069,139033444.25262147,1982843994.2015429,17742482.132825863,18422520.767473206,18170287.733660065,18866723.416618224,2.599674164600997e-05,7.972002071239751e-05,2.5750160895155715e-05,7.896387123670364e-05,2.6647789,3.3760276,18177,45627,19344,46822,8.471990232784208e-09,6.593808272916268e-09
1213,1260,0.41432765439068453,0.6750360677129493,1.0977859772974206,1.2369874338729643,140700205.49750498,3961401991.2089458,24499926.94319275,32756557.37380848,24921496.27000733,33320198.2317122,7.771872389427518e-06,1.5341429206848317e-05,7.71901582685637e-06,1.523709203143281e-05,2.3794351,2.8995023,12148,20420,12939,20960,7.880591241263192e-09,5.582811384883189e-09
1214,1261,0.30223169182880855,0.5496814970501855,1.0053182262193114,1.114697000033353,141837048.86347717,3172282449.612082,20642287.80605438,31531452.105037563,21631747.940480847,33042869.595755886,1.2764096454636762e-05,2.2758988838439846e-05,1.2527273622220016e-05,2.233672250577652e-05,2.0766909,2.4726169,18505,28828,19498,29199,8.836142388208242e-09,5.978955115668091e-09
1215,1262,0.5167361487936473,0.5256382743855919,1.0927979984669571,1.0343830960702785,146319640.42866334,3409163559.4181542,35230949.499683954,29464113.32264028,34294779.0753101,28681181.500910558,5.367160864268672e-06,2.5951257316853293e-05,5.425292371585e-06,2.623233435976919e-05,2.146086,2.6103349,7817,33116,8526,33893,6.50803855014031e-09,5.626045672096188e-09
1216,1263,0.44459701132672136,0.5942854017727193,1.0856988052342398,1.1406138353510162,141456250.86154178,4174023574.445811,29120550.288630657,33768482.70223828,28679656.157705393,33257217.43815153,5.639761067503194e-06,1.5614223915985725e-05,5.6742825823528694e-06,1.570980006829611e-05,2.1596785,2.4894629,10192,25781,10900,26180,7.522255754955139e-09,5.7448699495868665e-09
1217,1264,0.9571845006450825,1.1512778334665799,1.443915651287815,1.5536090979210475,144276225.82215002,9927495813.121479,59326718.40567933,55684748.86542779,56204946.59213258,52754617.4824002,7.362580217197579e-07,2.468649133330046e-06,7.523507432846157e-07,2.5226075038632634e-06,2.3277702,2.9828997,2844,7884,3140,8216,5.520183117704945e-09,4.306972253879549e-09
1218,1265,0.31271724042394305,0.541718576798775,1.0260383437336167,1.1309746126052362,140976013.08889803,2442190687.1209087,16613995.11115347,24749419.288741786,17658901.813472766,26305988.549795415,2.4733864487056517e-05,4.312443138781238e-05,2.4137713692418375e-05,4.208501985333034e-05,2.6535237,3.0857017,21576,33765,22764,34131,8.864937014371079e-09,6.141945471453496e-09
1219,1266,0.2050789832822116,0.4206086170388146,0.9637123141875431,1.0382197844662762,141881148.69151205,1716968646.9949508,14396171.984040769,22198732.764596418,15734849.88602896,24262958.798923455,5.3012341141758586e-05,9.232230031627722e-05,5.116002558263405e-05,8.909644705934002e-05,2.0211513,2.6882811,42224,57376,45034,58965,1.0478041258546829e-08,6.693856979019397e-09
1220,1267,0.960821414681563,0.9973978974384134,1.4430174384573466,1.4207621178299483,143763401.63803527,8412878495.057936,59340460.21436772,48070444.51490291,54437549.83093838,44098701.10919342,1.0533637394865254e-06,4.541249392825909e-06,1.0903333610101845e-06,4.700632391313364e-06,2.3277702,2.9828997,3483,12391,3807,12808,5.524568714332396e-09,4.5142808869549665e-09
1221,1268,0.9474667918858964,1.0370077538799822,1.4223183109025779,1.441138703232665,142330985.75074968,11021411712.404867,60565655.00991547,59932924.65368192,55824586.16200034,55241385.82704004,7.10513244930881e-07,2.3616343742339504e-06,7.340616585794919e-07,2.439905600742401e-06,2.2265735,2.4627254,3191,10249,3517,10569,5.590488197323284e-09,4.484733078567102e-09
1222,1269,0.7894800416644304,1.244139130951571,1.321637209425398,1.6482276566199099,141920888.48502612,8725453952.781841,47205740.976134464,47605235.108427815,45268579.62418452,45651679.89044787,1.3103317764062997e-06,3.3976789445949915e-06,1.3324792462324058e-06,3.455107141986795e-06,2.3735187,3.7090318,4449,7940,4817,7993,6.180854000104845e-09,4.419221416720717e-09
1223,1270,0.7341221556110806,0.971203031832157,1.3121082804516717,1.4639002395806533,140575069.02052295,6431343445.168271,27009314.875509277,46375302.4016671,27512570.367101133,47239397.83375947,3.438665162784099e-06,5.747529182968841e-06,3.413365930908773e-06,5.705242985672329e-06,3.8208771,2.9439578,5436,12406,5788,12556,6.699576094858773e-09,5.0168891591681165e-09
1224,1271,0.25703571296845745,0.5250095161281529,0.9787285625241862,1.0930989145074115,142043929.48301715,1968581976.4015102,12215466.744302176,22729483.462550376,12840465.281144166,23892426.656177785,4.1499214675750765e-05,5.491308461149491e-05,4.0679124759328514e-05,5.382791547464752e-05,2.9888635,3.2809551,25693,32244,27333,32948,9.381321221371228e-09,6.038832540219632e-09
1225,1272,0.9408083368167204,1.054302124060866,1.4334158982207796,1.475826755408291,143868115.17366463,10156848570.113945,64868126.89775161,58153098.537929386,59304974.55823136,53165833.425564215,7.434708733887608e-07,2.757536041997502e-06,7.70619603226726e-07,2.8582307749080355e-06,2.0865767,2.6082954,3353,10462,3619,10738,5.625273507605285e-09,4.468376915907546e-09
1226,1273,0.3147575402503115,0.4081245699189192,1.0323292094052263,1.0479819793994831,140119922.11467895,1818764938.49977,20245872.045772094,18609291.62878594,20895710.064407207,19206599.819458745,2.7417492551144377e-05,8.770760293387972e-05,2.707319278307436e-05,8.660619997765456e-05,2.1784096,3.0730016,21330,50508,22891,51910,8.827048409761428e-09,6.906446028137902e-09
1227,1274,0.4225608822634364,0.6622495939133047,1.1021416486882496,1.235214010817477,141242217.54646808,3548734377.324649,27528524.980481274,28162200.736897644,28905269.338860452,29570636.205618057,8.64599942921935e-06,2.455147272196907e-05,8.478862082723725e-06,2.407686385379798e-05,2.1680579,3.3213882,13164,25499,14152,26232,7.888454737192026e-09,5.663353246321919e-09
1228,1275,0.3154343423070871,0.5244852475004705,1.0296524407447338,1.1249870486260922,141458598.31550178,2454596288.6860566,19248292.934014246,23999288.346534662,20606751.928714745,25693051.488675375,2.1422321119595483e-05,4.8748637602256354e-05,2.0845849389479136e-05,4.743681843464609e-05,2.3181744,3.0914645,21295,38184,22683,38706,8.849977907207247e-09,6.218426445600936e-09
1229,1276,0.453359218567122,0.5670917608366742,1.0899694749206386,1.1144492403075144,138904576.32094875,3466323531.7456293,27053216.067575093,26407740.352154326,25897987.115462244,25280074.564157613,8.045032940695051e-06,2.541079747306281e-05,8.186702015069525e-06,2.5858269122173923e-05,2.3277702,2.9828997,11175,29395,11980,29529,7.534880437070444e-09,5.93045952283311e-09
1230,1277,0.5972696427000149,0.9965354359135281,1.211167673298322,1.4840133400486442,141138667.42583978,5392692705.52034,43996728.326078676,33821306.2992472,46491767.72947873,35739301.002527565,2.774151678378733e-06,1.080776294138501e-05,2.713613130586081e-06,1.0571912004156852e-05,1.9160025,4.1586118,7211,13518,7808,14015,7.1289899683746044e-09,5.009860440449677e-09
1231,1278,0.8718555286366807,1.2058132362188871,1.4180654673962516,1.6517550518396313,139793099.85833928,10298080175.291897,52358856.976841055,56510237.38453362,50868940.461817965,54902189.7530826,9.93442452851171e-07,2.726531003659052e-06,1.0049806522775731e-06,2.758197919414664e-06,2.3277702,2.9828997,4099,9280,4395,9413,6.137909079434504e-09,4.548582242194773e-09
1232,1279,0.38318528519706185,0.6033395788338095,1.0698130064871996,1.1708457814742317,141413162.88765123,2833482350.899897,25993955.02978614,22552534.63063008,26699184.17292276,23164396.29827139,1.1224704852881444e-05,3.681724627713607e-05,1.1105156395182415e-05,3.6425125052850424e-05,2.0846171,3.7831738,13853,26536,15257,27575,7.999663176215762e-09,5.7282325222902566e-09
1233,1280,0.43279481718890317,0.6362050171624722,1.1186443942673334,1.230147324358235,138991049.23280212,3736447395.506448,24285643.24275533,29223238.804954976,25112902.61695361,30218691.056484103,8.046509616850866e-06,2.1395038808559096e-05,7.939417020832007e-06,2.111028798403581e-05,2.4769616,3.025907,11403,25910,12138,26419,7.85911732709887e-09,5.802229323480279e-09
1234,1281,0.2449600513210512,0.34526654434877857,1.002025951627494,1.0203045687554706,140088368.77146947,1352078473.6249804,16236853.47523359,15642695.782592986,16853304.97112011,16236589.373465495,5.384651308056658e-05,0.00016391201162926745,5.30498672932846e-05,0.00016148697412769343,2.113467,3.0920391,32098,69704,34448,71675,9.77603562706951e-09,7.442471055092017e-09
1235,1282,0.407309706693132,0.5460946621206022,1.076189785844832,1.1246296755130964,142021788.6181844,2964496233.676612,21998388.750399463,26778612.887691107,22777736.75218145,27727312.2984212,1.30561841723096e-05,3.2880129863957536e-05,1.2875627059441116e-05,3.2425422635518774e-05,2.629595,2.8962419,13720,32773,14719,33655,7.856794691690403e-09,5.9738356094781076e-09
1236,1283,0.6000970752989199,0.8766226169465732,1.2124492988727975,1.386599353019868,141531499.1747988,6877177514.586716,42066431.65279944,48060378.72106953,43628748.51290743,49845306.44203313,2.197164065163447e-06,6.010170776416829e-06,2.1653477591941687e-06,5.923139755210013e-06,2.0190122,2.5815384,6848,15547,7484,16011,7.029303398005286e-09,5.134441347851063e-09
1237,1284,0.554282413224532,0.7003922783022322,1.1810599130623718,1.240618492811585,140599808.9127352,4802423157.556331,31712865.579992346,35102590.438120194,31285988.352751333,34630085.15670989,4.224127281470625e-06,1.2683126342867578e-05,4.247087796259981e-06,1.2752066289646194e-05,2.4574254,2.8053491,7634,21046,8255,21712,6.996433093033788e-09,5.3972479388196506e-09
1238,1285,0.6229565365818382,0.8642210509056246,1.2324182460081743,1.3720706759037848,140297006.96214122,6702897956.654913,38400067.464525,43984165.82414406,36098334.66366543,41347717.40411441,2.3371647504265485e-06,6.0923748895887304e-06,2.3956714416225195e-06,6.244886472800912e-06,2.27601,2.7566199,6436,14488,6883,14814,6.730285216045672e-09,5.013818766713713e-09
1239,1286,0.7020266215356155,0.9114246442765737,1.2923559381969125,1.4145967454018011,139541210.08619812,7052356913.7654,42083898.26530352,42636799.94494477,40729176.94578248,41264280.18649854,1.95764412167686e-06,6.3009086712791676e-06,1.983434558337162e-06,6.383918235780491e-06,2.3277702,2.9828997,5354,14300,5931,14897,6.4957326018091555e-09,4.941272876033201e-09
1240,1287,0.3670689317624217,0.5929063368759828,1.0608913527685506,1.175790819069967,141162321.95849586,2967275921.8640795,23291553.757909108,25514448.451885484,24167996.72390602,26474537.208066143,1.1926845961991768e-05,3.4418797202735576e-05,1.1751917480558725e-05,3.391398411580434e-05,2.2246821,3.2803388,15170,30668,15908,31134,8.402403397507175e-09,5.974251036115251e-09
1241,1288,0.6734587578541813,0.9587386483571904,1.2678839588662014,1.447159627826847,139739628.27575505,8499877804.901087,39249333.45261128,56743796.15360756,39547704.89097542,57175159.60840445,1.8739149370024804e-06,3.750479994055747e-06,1.868246913330486e-06,3.739135930903311e-06,2.3977191,2.3610296,6007,13044,6643,13502,6.669718535219526e-09,4.918557202083229e-09
1242,1289,1.181112294395731,1.6717981776034077,1.6691613016998335,2.069299233618505,138889270.2807151,14282839977.897257,70521480.8169211,70959436.0133229,75557696.49374016,76026927.78928669,5.39892662939101e-07,1.4282183742426257e-06,5.251997504377442e-07,1.3893501157051987e-06,2.326154,3.2722192,3056,6083,3315,6234,6.019637237610695e-09,4.406486030563161e-09
1243,1290,0.48468045544710925,0.7057359818464629,1.126007468081284,1.2346409934791185,142074253.09016487,4395501087.110413,35113061.00661455,30194106.32154638,34204630.44061618,29412936.91309377,4.245689594373026e-06,1.437163166874066e-05,4.290439228250967e-06,1.4523108888426509e-05,1.9611111,3.3207445,8704,18454,9516,19023,7.2548114847316965e-09,5.321328962178678e-09
1244,1291,0.8250552295571452,0.9000902925028638,1.3450529810128784,1.3540372982687636,143143769.04286954,6154619528.310978,45237256.10923592,35966422.3440476,42801113.20138292,34029537.74382516,1.9728966888441056e-06,7.90481708588271e-06,2.017069302464636e-06,8.081803763821858e-06,2.6107135,3.5822945,4405,13414,4651,13581,5.943320628109316e-09,4.765381538255061e-09
1245,1292,0.5066043840391614,0.8437073285507404,1.1610117429075641,1.3666874312102237,139958042.8800358,5937577155.194338,32018990.338023722,42225481.4613748,32673857.155883692,43089096.03464189,3.3446101625857546e-06,7.4886396046410064e-06,3.3176334095079273e-06,7.4282381911181065e-06,2.2144158,2.7965016,8551,15718,8968,15900,7.229574079222917e-09,5.096485728050313e-09
1246,1293,0.50632736485264,0.5448766579980215,1.1352716640413325,1.1018137282920375,138681799.85959294,3358827437.9890857,29849622.924529616,24916786.50020325,28828862.218640797,24064712.869633954,7.2711876415484245e-06,2.842769501018655e-05,7.373096040304442e-06,2.8826119727251837e-05,2.3524046,3.0326734,9542,30671,10382,31485,7.118593384038271e-09,5.919274343373181e-09
1247,1294,0.7097633670867365,0.7723909747595575,1.2756288606749397,1.2794080206538199,139793218.81796876,5718407216.933577,45400674.79741512,36198005.76854361,45870862.11575116,36572886.61199735,2.391651283367996e-06,1.0008538107328148e-05,2.3818149639730875e-06,9.967375259640271e-06,2.1854324,2.9828997,6030,19291,6258,19187,6.623274236515847e-09,5.340870564710187e-09
1248,1295,0.23907731186441566,0.41739471090860614,1.00250255539401,1.0649137667192274,140127167.242013,1694375501.5760112,15120128.163171116,17724595.616491742,15754311.163400436,18468017.70290617,4.0984748746076404e-05,9.34539870800277e-05,4.031667413197351e-05,9.193063416790711e-05,2.2156708,3.2998405,29537,47076,31342,47986,9.847103841794509e-09,6.78482992731996e-09
1249,1296,0.3901075543008188,0.635521450362265,1.0978891947673655,1.2375549158056824,139115338.77393365,4151788217.0729957,27789098.48725104,33741466.95550324,28472604.931754112,34571379.09251101,6.4108220143426554e-06,1.5409217858492515e-05,6.348814264587649e-06,1.5260174424943415e-05,1.9529221,2.6202412,12803,23687,13629,24416,8.164002694968785e-09,5.8190584534431495e-09
1250,1297,1.7984489124629643,1.656865480854566,2.2194259993341294,1.9892666298987247,136296053.95526826,19632592890.8521,103252644.95208576,73564665.46805462,101173632.55293375,72083426.39937481,2.029058170638358e-07,8.100973270377694e-07,2.0456344777270455e-07,8.167153837593657e-07,2.3739972,3.0697377,1625,5211,1678,5181,4.914184791206147e-09,4.057033662078537e-09
1251,1298,1.1290231330337708,1.3055286773480603,1.5969889816859735,1.6472156489416527,135418273.39562574,14312965162.333323,64402082.40311029,57592034.44481569,62376331.21741264,55780491.592317946,4.5114847348285757e-07,1.5639336122544463e-06,4.5695299208016857e-07,1.5840553288751624e-06,2.3739972,3.0697377,2458,7023,2720,7292,5.092556233291867e-09,4.17916276098089e-09
1252,1299,0.4244797866838469,0.549587942690406,1.1228450632708669,1.0652575673458085,135292115.89333573,3932240546.671667,24097593.73649257,27456474.99820275,23356303.388241313,26611858.72092078,7.11090405160169e-06,1.8782687853980613e-05,7.200334073541441e-06,1.9018907633446015e-05,2.3831744,2.7081013,10849,26587,11733,27273,7.444398885511725e-09,5.911800742748695e-09
1253,1300,1.9535997922793342,0.9294528834088827,2.343686357805961,1.3155310814375794,141173213.75732833,8530827154.713781,116173667.37910336,42744320.00716131,108995563.17989074,40103246.60509118,4.146439452879383e-07,4.96220145072442e-06,4.2535826904355026e-07,5.0904238291959276e-06,2.3739972,3.0697377,1429,13833,1490,13790,4.490207497240789e-09,4.586669326034152e-09
1254,1301,1.6824075501756344,0.9921302237222691,2.0575585627478254,1.3388519945665245,132567607.3480255,6345610129.3803425,93948191.47682105,21337653.558116265,85602824.16212568,19442241.269949645,6.700425803838655e-07,1.1286383531144183e-05,6.954445931714198e-07,1.1714262097636358e-05,2.3739972,6.1639547,1684,11480,1791,11619,4.541431775273269e-09,4.510337460857233e-09
1255,1302,0.5451636070956977,0.5024366360829179,1.1847388240235477,0.9981799264553574,138845220.4034149,4414072327.424868,36008659.95416026,34789547.214106925,34452890.67708268,33286450.214994796,3.4373856822259463e-06,1.551049614172081e-05,3.4986522768018824e-06,1.5786949052926007e-05,2.1020877,2.0052266,6671,33070,7218,34143,6.5290025902029275e-09,5.9975884591393206e-09
1256,1303,0.35167070414575297,0.4052602970227766,1.0394554638418048,0.956221772651261,132059582.59835674,2195671446.2619996,20550736.99140306,15227559.690247638,20782457.933890577,15399258.860193964,1.8827657545612202e-05,8.14669453870357e-05,1.8743404889808126e-05,8.110238561678946e-05,2.2598453,3.5145819,17070,49748,18293,50895,8.400883646445989e-09,7.021283197627127e-09
1257,1304,0.6175421081101805,0.526902202101559,1.2259964105098087,0.9971310811174044,141111377.85200894,3120858077.427423,26662423.680849988,24220927.97433757,25591726.785234373,23248275.49902345,6.5799413642440946e-06,3.072926519130707e-05,6.688704926507242e-06,3.123720654867195e-05,3.2683532,3.0697377,5979,30457,6283,31241,6.0662819470533304e-09,5.73674782715853e-09
1258,1305,0.7687255931675767,1.0048246173341298,1.3269544033269067,1.4255756149568137,130262033.45830709,9903176969.938948,42180234.642842814,42638984.406683676,41805040.19827345,42259709.36928931,1.319662834024925e-06,3.842140649106725e-06,1.324387655610102e-06,3.855896760595307e-06,2.3739972,3.0697377,4977,12035,5505,12395,6.607903705964131e-09,5.088046396223809e-09
1259,1306,1.4647565471957023,0.9851089626156655,1.9111312148730228,1.369734482741956,139762667.7394067,9263744929.09349,86233582.17306808,44851212.08537292,81864733.3252609,42578916.7532751,6.504070372962654e-07,4.139819627984164e-06,6.640748944483217e-07,4.2268150940015355e-06,2.3739972,3.0697377,2371,12312,2538,12493,4.833663443175957e-09,4.536218721886608e-09
1260,1307,1.310745171477166,0.9082006661835291,1.7375277233037945,1.2865025133934527,125970283.22316492,13578520200.485529,107516683.42827141,43501921.56221642,90958511.23583978,36802381.68653394,2.964320048996262e-07,2.3836431508967135e-06,3.1694076194924413e-07,2.5485563770892744e-06,1.5357146,2.6299136,2474,12100,2621,12307,5.424652580638055e-09,4.99178586587041e-09
1261,1308,0.9329199077723032,0.6833388886157237,1.4608222704982479,1.1193580734083322,140129128.05903512,5076369796.636723,57152096.14698254,30799902.266548984,53982908.01023745,29091991.42063666,1.8668193709171129e-06,1.2655414087634763e-05,1.9099089052688653e-06,1.2947523709251177e-05,2.2873921,3.1089606,3906,20353,4143,20664,5.383616047055208e-09,5.193807562648638e-09
1262,1309,0.437069922965623,0.5290210596524433,1.1331278896001606,1.0449685782576712,137257938.89082077,3802859802.68314,28335953.581177454,27798122.489997655,27731165.628670223,27204813.72641193,6.524253114378426e-06,2.1384134473698816e-05,6.580799885598852e-06,2.1569474272543557e-05,2.1171448,2.6121311,10952,30258,11719,31132,7.2221503959543804e-09,5.926119602409476e-09
1263,1311,0.42742712589486853,0.5821626954160264,1.0729946717345513,1.0384567146181878,127751609.95147929,5462607221.784563,28236608.15810528,27007949.110616364,28404252.31860157,27168298.573626358,4.5384126999160145e-06,1.35094529201555e-05,4.527679239389884e-06,1.3477502723195493e-05,1.9338195,2.753716,11867,26300,12820,26799,7.711953801280145e-09,5.9486083369849675e-09
1264,1312,3.8956891471830484,2.2756751348953412,4.152838579894223,2.5073535786659487,137412845.31840307,37846870887.14722,225492148.93364063,101867659.67213081,208285608.72819185,94094484.46371451,2.609417402418287e-08,2.601990154209626e-07,2.693595755513413e-08,2.685928908411277e-07,2.3739972,3.0697377,396,3136,416,3208,3.748600053422528e-09,3.3570092328022255e-09
1265,1313,0.4174903970637983,0.45110962946562233,1.1064602682522175,0.9651163651625226,138923487.2210621,2330745602.4681053,26876044.601954516,18727667.88773039,25771854.57371313,17958250.19847918,1.1853313284875353e-05,6.0997891634312545e-05,1.2053901422737543e-05,6.203013073931103e-05,2.1580267,3.3463709,12002,41392,12802,42485,7.23888738598601e-09,6.292836887193132e-09
1266,1314,0.3907593521338549,0.8175135730970022,1.0770299634174676,1.2791803114109708,130166442.6104413,7066101972.845827,27451515.590686258,38297820.262360886,26990503.5124579,37654658.77087816,3.8262823154123064e-06,6.029304064676786e-06,3.852291537142428e-06,6.070288365721389e-06,1.8528578,2.7785611,13455,15173,14592,15333,8.159169515877479e-09,5.347098552977063e-09
1267,1315,0.16786003130167157,0.29242629399495806,0.9564138537259005,0.8857181980778065,133149901.58747062,1105215121.1512032,7889595.610501324,12953313.970723774,8520110.446968459,13988507.286473373,0.0001524118717491333,0.00026667184007852384,0.00014779597409564124,0.0002585955012294285,2.8329141,3.0059128,55116,94524,59461,98050,1.1704454750316028e-08,8.118032026051829e-09
1268,1316,1.2455066444476262,0.9243993105863393,1.730706374514212,1.326854105345996,139175279.60306895,6727419932.653,68997139.58547303,33162609.01750173,67137591.99874042,32268840.812924795,9.224131384872295e-07,7.583160357269667e-06,9.32548892546214e-07,7.666486412769245e-06,2.5123322,3.8794756,2354,12884,2470,13150,5.065865166733429e-09,4.677669495956863e-09
1269,1317,0.6042549807205412,0.608293503665064,1.2171977245494487,1.1000833480718264,131569837.16822669,4629642057.561855,33488552.31231594,26071633.816694688,31165269.480691336,24262902.920421995,4.016108770230036e-06,1.9039812788879368e-05,4.133287944682407e-06,1.9595342948039072e-05,2.3739972,3.0697377,7383,28090,7832,28715,6.7505471563548605e-09,5.80845227647934e-09
1270,1318,0.751427389737337,0.6034330623315693,1.3304610775811876,1.054256153801502,141651638.33153978,4080903177.2306094,44836161.07191966,27845141.916420076,42549007.02065312,26424723.048710242,2.4357172529502284e-06,1.7931424519181833e-05,2.4872673497775817e-06,1.8310929434662716e-05,2.3739972,3.0697377,3934,23366,4187,23838,5.654552618228128e-09,5.408231100282098e-09
1271,1319,1.436796335288233,1.0090368190301284,1.8922249548300403,1.416074211663596,135268702.3890803,10828682434.053886,81867651.68544647,44463441.02071349,79909664.12097158,43400031.202549666,4.084298168807109e-07,2.716892502478349e-06,4.124037928763684e-07,2.7433275597180224e-06,2.3739972,3.0697377,1794,9633,1863,9584,5.19599621333361e-09,4.708540503893288e-09
1272,1320,0.4227789607317855,0.5858876327660953,1.093635917726607,1.0786433871542198,133203858.31691562,4562379535.654239,24041665.539496806,28064430.055529423,23528459.670273915,27465352.167301115,6.225751382064025e-06,1.677016095747245e-05,6.279718781334867e-06,1.6915531679283726e-05,2.3424246,2.780833,11769,27541,12126,27514,7.75027663728371e-09,5.941448127096669e-09
1273,1321,2.0543795704945618,1.4054389889942285,2.3850865476036365,1.6998009447106,130791950.03642349,11947623515.728497,145539084.627278,31913491.541041523,129992278.74330221,28504422.01625297,1.8805769672455242e-07,2.8752446012026348e-06,1.967505456906242e-07,3.0081509777779923e-06,1.8462141,5.7599497,1142,5873,1217,5964,4.412355650176318e-09,4.03844614559662e-09
1274,1322,4.738737016807844,1.411867114841919,4.966241595299543,1.7093160080738665,136325659.99929354,20933126422.949142,272119719.17212576,62700378.68776964,251042749.8818612,57843935.501253776,7.64374169663365e-08,9.61551069449102e-07,7.894251073880251e-08,9.930641122962433e-07,2.3739972,3.0697377,652,6514,674,6557,3.702780870102985e-09,3.867667139752608e-09
1275,1323,1.9579307219885538,1.5482551822398771,2.3182265017332955,1.8595661571780808,133917447.65062444,21287100397.960392,110447091.0772142,67542703.18190923,105438094.01769873,64479506.1494642,1.3025863916466878e-07,8.349554871598662e-07,1.326994830028977e-07,8.506012513801818e-07,2.3739972,3.0697377,1093,5636,1168,5790,4.54604242451386e-09,4.0030983670137936e-09
1276,1324,1.1470965518045801,0.9833083116796928,1.6486873134548756,1.3823428185238777,138173420.77141416,10669977413.278444,89597322.3152093,49016931.96740066,87320112.81413613,47771115.4596603,3.6408122933470954e-07,2.610522502675247e-06,3.6784985222806833e-07,2.637544150798078e-06,1.7690066,2.7718396,2111,10095,2196,10049,5.23531851786609e-09,4.6159874504999446e-09
1277,1325,1.4463356114261727,1.8220142112413291,1.9101967184630382,2.13784111265723,136385690.60190958,20997233443.891357,83091707.60879318,80950455.95805864,83434829.16433698,81284735.36053622,2.0238166134387942e-07,6.298177351286882e-07,2.0204833593539056e-07,6.287804165671087e-07,2.3739972,3.0697377,1665,4253,1790,4308,5.114951906577731e-09,3.964313585687363e-09
1278,1326,1.0378276508548638,0.9224728025844942,1.502841342086217,1.2835663640576342,132219029.26250933,7470613706.627518,55124008.84062239,30587392.81895847,50768218.82539829,28170437.6113326,1.1202625987708935e-06,6.85512339410182e-06,1.157762246671363e-06,7.084591657949181e-06,2.4893067,3.9875402,3143,12392,3362,12843,5.18632524135947e-09,4.669030925000046e-09
1279,1327,2.056937953725344,1.5418980303793468,2.412291056305421,1.850289149178303,137708077.2553757,14623380625.685116,119316472.08392839,69169366.84440197,113174207.76305623,65608613.440908454,4.7663778695314153e-07,2.0246768428153983e-06,4.868213829132842e-07,2.06793503904212e-06,2.3739972,3.0697377,1512,7213,2936,9645,4.3622024440759455e-09,3.9310367244940594e-09
1280,1328,0.7610726344987766,0.784152953784018,1.3031686981205621,1.2033391733441052,123798492.4827497,8783161794.34536,39688187.0041057,31623859.44387259,36243505.0585821,28879109.786680765,1.2914436608582854e-06,5.7231047331795824e-06,1.3392075608465494e-06,5.934773124440475e-06,2.3739972,3.0697377,4483,16194,4778,16375,6.517600488155303e-09,5.453873048532831e-09
1281,1329,1.0645368312280992,1.5307678762117911,1.566923575811201,1.8761503712002365,130650764.06463061,17387188850.911785,58585810.62138232,65150840.94405277,55229680.48257464,61418628.33929627,3.963673444105139e-07,9.667970935001657e-07,4.0583157363657296e-07,9.898817129497859e-07,2.3739972,3.0697377,2478,5238,2903,5476,5.8639298362937715e-09,4.35909164035592e-09
1282,1330,2.0727522094009325,0.8329469954145468,2.435923003765889,1.2177768053376117,143370993.41518754,10373945859.900032,117075749.36105148,60301575.54319024,110193284.44418125,56756661.4138934,3.567428535081696e-07,3.278326420668994e-06,3.654937956861023e-07,3.358744135181126e-06,2.5382929,1.9803867,1342,16490,1458,17173,4.26810885226712e-09,4.619823435874865e-09
1283,1331,0.9364808667301215,0.9004692043669915,1.4490030558534368,1.327618073771666,131473786.21774843,7544806472.7310295,43591042.26078769,32612075.523997594,43371204.70853625,32447606.897298027,1.5270259819838225e-06,7.24084303625949e-06,1.53011732853147e-06,7.255501565574832e-06,2.8244951,3.630192,3839,14763,4079,15049,6.17079897038464e-09,5.18882400632401e-09
1284,1332,1.313255549574921,0.6133643276862034,1.7559227588248818,1.038951715025639,143831935.59779856,4526687528.699984,120885799.76497883,32932129.732104193,113468438.44967324,30911466.38222825,8.060011282792949e-07,1.658691480150901e-05,8.26676769614461e-07,1.7012404406002615e-05,1.5625333,2.6788847,2132,27412,2335,28028,4.648505386009781e-09,5.190813269357846e-09
1285,1333,1.3312412388146373,0.6731784867279884,1.7971994420804471,1.1085352722333799,141710608.78739974,4894651996.380247,79465555.55975991,31076444.471722692,74996231.98850167,29328634.558232322,1.1087524921513132e-06,1.4105491189518355e-05,1.1347244195045012e-06,1.4435904690320847e-05,2.3739972,3.0697377,2161,21963,2286,22491,4.830088141856245e-09,5.170376419561795e-09
1286,1334,0.3554588104574891,0.36258444598066464,1.0453778136127563,0.9326691482271103,131946691.55403593,2531205176.4434185,19601583.32864507,20005368.316908184,19760244.074876398,20167297.412766207,1.7875607660369933e-05,6.273478204248989e-05,1.7818057392301423e-05,6.253280829187055e-05,2.3927462,2.391449,17684,65579,18910,66401,8.397455592414438e-09,7.410844394361607e-09
1287,1335,0.8320163547566832,0.6214163111953446,1.3741035040699698,1.0665255173295745,140660706.0989786,2792261541.6178317,38296662.50982502,18001661.56914835,34943982.96872489,16425706.942992395,5.401007633318646e-06,4.184432103537942e-05,5.602607523093242e-06,4.3406216718767285e-05,3.0559323,4.8555994,4641,23292,4935,24063,5.514371912139866e-09,5.3554167764723475e-09
1288,1336,0.35022950142822873,0.49439455023860585,1.044147663868466,1.0153264092043723,132484311.29774445,2807134286.672739,19652465.95187945,18323578.776541602,19241269.78667701,17940187.432974454,1.5103260728845461e-05,4.757929496372927e-05,1.52315482000266e-05,4.79834346750845e-05,2.3610225,3.5746031,17770,37434,17957,37364,8.429961943577107e-09,6.439832505328082e-09
1289,1337,0.39657906789037334,0.4710419281870606,1.0737963116347409,1.0158397811137405,131034261.14633541,3222427848.935242,23136939.20712437,21236501.06776191,23605369.623935077,21666455.21846952,1.0133514209787425e-05,3.861751786073917e-05,1.0052593493626744e-05,3.830913943081397e-05,2.2459948,2.9064407,13586,41925,14539,42816,8.113178287505584e-09,6.646281284972658e-09
1290,1338,1.0269911501930675,0.9503698739955418,1.5678218849494108,1.3798193121174058,136855301.76219407,8962701819.25781,59203601.321338974,42369468.86092523,56771019.46886577,40628574.74722768,9.135544736305898e-07,4.12234655378277e-06,9.290156317765884e-07,4.1921138789290755e-06,2.3739972,3.0697377,3229,11846,3449,12036,5.488317999233752e-09,4.737113614036125e-09
1291,1339,0.821676701778727,0.9137293846450288,1.331555580395268,1.3343898018934623,144679355.47931844,8195229935.78904,44132289.454798095,46906048.28635063,40783308.778092735,43346580.801834755,1.5044260663947983e-06,4.090365358586188e-06,1.5526746046586138e-06,4.221547710398045e-06,2.6937115,2.8183525,4308,11643,4577,11894,5.340675708788085e-09,4.340063281786627e-09
1292,1340,0.6072108053085362,0.8737385406707358,1.181904999184088,1.3132180210195026,144639080.33269495,6825088970.052235,32604238.593443193,44840643.23885894,30479510.419640828,41918502.37217469,2.678678626860461e-06,4.924722895552636e-06,2.7518644813638172e-06,5.059274330610634e-06,2.6937115,2.8183525,6429,11712,6787,11926,5.9559772637097915e-09,4.4363641602891585e-09
1293,1341,0.5390612838982369,0.6455403080262172,1.1314047002564533,1.1345240405555064,145284299.84146547,4095194255.173185,32270452.249811757,29150019.873595815,30354299.500924096,27419151.949014854,5.3104795934717645e-06,1.637371553486034e-05,5.442114551909288e-06,1.67795834656116e-05,2.4268994,3.2173862,8517,20730,8961,20841,6.20364522892075e-09,5.0049916293787635e-09
1294,1342,0.5802566439781469,0.7236491085003461,1.130943639937207,1.1484712881245278,143584358.73804036,7470768278.241474,45920964.059011325,48828825.24157512,40710714.06781359,43288645.685279675,1.686157571288659e-06,4.4009883097778606e-06,1.769371663560616e-06,4.618182867115565e-06,1.8143299,2.1279376,6503,15100,6943,15451,6.005690537847282e-09,4.749639164045646e-09
1295,1343,1.7048418618156822,1.0047417561078178,2.067876692898418,1.3780905773954875,142298908.04658908,9574962003.64004,48759842.344360195,44699109.32742325,40355026.45969156,36994248.8101882,1.1883721924613673e-06,3.5907746717354534e-06,1.2817943219564397e-06,3.873058133514959e-06,4.975347,3.1985795,2229,10788,2287,10749,4.397852645672728e-09,4.190942025462917e-09
1296,1344,1.0988287737598497,1.3606478378727447,1.5596169226755312,1.7225254424974932,144946492.6803499,13956928718.264778,59127110.23906602,69977453.80421919,56917832.968995534,67362754.76883622,5.91936330497154e-07,1.2366324324214095e-06,6.010219244397922e-07,1.2556134267588264e-06,2.6937115,2.8183525,2923,6065,3067,6124,4.935123455594858e-09,3.800327722485081e-09
1297,1345,0.23431561783968569,0.4992053580270408,0.9193123032997156,1.0194823339658288,111076986.18992852,4154372290.2487884,10329694.678487051,16493943.508045452,11455853.403099028,18292137.836434163,1.8600817938050594e-05,2.8594236559354212e-05,1.7846623306660454e-05,2.743484562431102e-05,2.5196362,3.3618538,29537,35535,30669,35335,1.2362181906938396e-08,7.796968299979691e-09
1298,1346,0.08670068679288116,0.15314317115403162,0.8459143320845555,0.7901072623941927,104551402.7224007,644308598.9249905,2578577.8492706604,4022836.6947002364,2719134.2429506704,4242118.5823231395,0.000897836438078248,0.0015728916254500924,0.0008789760998368521,0.001539850787704028,3.515379,3.9801102,161646,257671,164558,254623,2.0991998323357117e-08,1.4235382403662642e-08
1299,1347,0.6512926424976979,1.0496831384890206,1.1827438563991992,1.4400488380395797,114633627.38367759,10889151660.147764,24467076.34671404,33566416.09737585,25386147.262531135,34827290.76610006,2.067524832278302e-06,4.2092617781372716e-06,2.037252442946557e-06,4.147630396807457e-06,3.0514491,3.5848029,7059,12679,7378,12786,8.140594819871985e-09,5.706576600595557e-09
1300,1348,0.1566901821112045,0.25446098419795626,0.8880745740720701,0.8721095769316061,115104237.13520178,1439307643.6017601,6298020.577603211,8404960.5106332,7037165.999813764,9391379.65752955,0.00011477062781256669,0.00024598727288226775,0.00010978759438459731,0.00023530716398167714,2.8637099,3.4847918,55795,100711,57684,101599,1.4228711689533795e-08,1.0076644049683507e-08
1301,1349,0.11047232131286432,0.23485580206727985,0.8543030032851189,0.8323612927337263,106289940.23031174,1119824747.863282,2756479.593990027,6917252.086254273,3276681.730288683,8222674.161727408,0.0004095617388920168,0.0003136774419431614,0.0003821972756957966,0.00029271939337456387,4.2598162,3.6087754,106822,98626,107666,97336,1.823031038938663e-08,1.1254543271885649e-08
1302,1350,0.4939351843092109,0.7545416694656528,1.073720316793437,1.2034129520066126,115998855.74911167,5062062054.213559,15748392.83317757,18336546.292135887,16631695.44145132,19365014.3611095,7.8800503260518e-06,1.8860084741124798e-05,7.709902348880698e-06,1.8452853170868347e-05,3.6382072,4.7733073,10388,19674,10964,20001,9.043915359248174e-09,6.490867262746095e-09
1303,1351,0.8964778383746083,0.9260463942325603,1.3827231899993564,1.3494238566151788,122325339.27770488,10150036042.330566,46287501.6030518,32330715.769418072,46572215.78103796,32529581.831426207,1.1836362924423131e-06,4.94528376516727e-06,1.180736553945085e-06,4.933168531961651e-06,2.3691483,3.503756,4622,14127,5071,14326,6.870880603035396e-09,5.490998191212046e-09
1304,1352,0.3580919098619818,0.7708196329109007,0.9920586339046905,1.2244284108565473,114419355.9407312,4812826900.73571,10717153.527342612,19338385.711697232,11258148.426127037,20314574.771046087,1.2765275458298419e-05,1.6526401021370903e-05,1.2516277506839484e-05,1.620403900006136e-05,3.8230903,4.5607057,15469,17546,16070,17440,1.0053472911036281e-08,6.408189669549463e-09
1305,1353,0.4358059726545578,0.6510867636677187,1.0503936487540515,1.1346566948849903,120733016.99320611,5797306279.826531,19090132.557366885,24419718.378632437,19519116.094123688,24968465.597919203,6.018908587497311e-06,1.3600589626939508e-05,5.965643079724939e-06,1.348022855118112e-05,2.7561972,3.2190244,11728,24126,12660,24494,8.612222843589974e-09,6.276156679455283e-09
1306,1354,0.2239899166109469,0.32640870227335433,0.8948330917330339,0.8633634913259949,99773958.1413144,2719988546.547134,6439316.076606893,7894990.629668199,6421997.913133119,7873757.514734578,6.712087667257254e-05,0.0001440597629391929,6.719321997016256e-05,0.00014421503144606738,3.4706109,4.1250319,61300,109193,52604,94991,1.3294710215271789e-08,9.957037123662835e-09
1307,1355,0.17136157242622138,0.3630239798957219,0.8743163366726594,0.8951572089112109,100110399.25325009,2464087864.1171265,5505100.07565388,9239787.04831402,5986239.5814517,10047333.961723195,7.449941704930784e-05,0.00011298777495329044,7.204391814056694e-05,0.00010926370073784737,3.116215,3.933259,57506,72250,58909,70784,1.5366115327240314e-08,9.65347911784152e-09
1308,1356,0.30533451776564813,0.479167600414286,0.9524189540748199,0.9778411148761933,120380445.07217498,3371528837.4191885,14927604.05436738,16763215.520682104,14591793.081342537,16386110.682255039,1.5509135101577878e-05,4.048958053596124e-05,1.5650930288239374e-05,4.085976414661006e-05,2.4623044,3.441011,19884,38701,21236,39672,9.760017890793182e-09,7.0102203243291655e-09
1309,1357,0.1579132801804149,0.26365020675094897,0.87330958549855,0.849491708138238,109745230.84387538,1207249372.0198317,5263069.637511167,6447576.554326514,6028253.124292062,7384972.304130677,0.00018476777166294997,0.0004260102544089387,0.0001750029121840935,0.000403495882809309,3.2927988,4.4876323,66103,114852,67742,114604,1.4812106099163131e-08,1.0325775274442568e-08
1310,1358,0.5051825401505462,0.8889867194164947,1.079864363338266,1.3127559829627373,111599267.91692019,8477456450.687365,16766940.762990383,25540541.56170565,17970633.46145404,27374087.932937037,4.362184154517431e-06,8.090546652756777e-06,4.242874377169506e-06,7.869262707473594e-06,3.3624501,3.884423,10858,17839,10998,17657,9.330158760241045e-09,6.364710737572053e-09
1311,1359,1.1005810234897766,1.3131793650440644,1.5771011860523643,1.6732744896993486,145660427.00068748,11678221538.488174,35001604.72889686,68080546.85063225,33559404.8451268,65275368.13052852,9.855789561507173e-07,1.4634695807725284e-06,1.0023073250272936e-06,1.4883092537728799e-06,4.5801072,2.8095877,2395,6002,2513,6083,4.570231210197685e-09,3.718500218005857e-09
1312,1360,1.4940049748162068,2.0070223056706906,1.870790305539636,2.265205294725811,143080275.97755796,27742743660.3975,77908967.58393139,114032897.45761573,75338276.51471038,110270258.05701165,1.0226228513403461e-07,2.393660370325771e-07,1.036440083343177e-07,2.426002460696061e-07,2.7437489,2.5182672,953,2497,1034,2637,4.220731533119487e-09,3.285739944047375e-09
1313,1361,1.0890814705264766,1.023350820479061,1.5316121264256521,1.3798103076878514,146123945.99441642,12709687274.27518,45709193.70759895,76600548.77078289,42497754.12506693,71218742.30226777,5.552608889507444e-07,1.3017239484709129e-06,5.716788384574845e-07,1.340213311728777e-06,3.4815946,1.9521539,1990,8531,2027,8475,4.517552945393004e-09,4.019288723626177e-09
1314,1362,1.575657900764226,1.7001329507270797,1.9664913677360447,2.002962116105884,144557721.37375474,25637191286.10755,82262311.85239077,111069202.72653036,78234047.10324161,105630306.78518829,1.5649492437863494e-07,3.3048020142874147e-07,1.5966962374835685e-07,3.3718441430559454e-07,2.7688684,2.2127407,1363,3790,1449,3829,4.171167658571852e-09,3.446637865053483e-09
1315,1363,1.9979388785002063,2.7318637255944065,2.3191062134121183,2.9477729058048707,142419613.68149543,42508138924.64096,103706896.51492512,154499481.4011977,99334240.3649873,147985226.99561992,5.667177145700803e-08,1.045028894037266e-07,5.7656762600567464e-08,1.0631921555504743e-07,2.7437489,2.5182672,846,1713,878,1764,3.95582682451242e-09,3.0500183330860367e-09
1316,1364,1.603852317134637,1.4386807734661495,1.9737156851284898,1.748958666880001,143638381.66484985,27724833875.648556,118601088.55331269,118265019.13446634,118746338.09547576,118409857.09584361,6.9991087232605e-08,2.7125761991329787e-07,6.99568296494959e-08,2.711248511447935e-07,1.9424337,1.7473449,941,4247,999,4304,4.132468830886852e-09,3.6116471668632236e-09
1317,1365,2.3150635039771448,2.312667334363498,2.6438854225439714,2.5759710549319315,145502711.6132225,34748855409.038956,132201327.49418117,132867191.0011556,125291956.58120124,125923019.39415611,7.105284180548164e-08,1.9663822306568969e-07,7.259496537353767e-08,2.0090603882737907e-07,2.5479927,2.5325994,977,2769,969,2698,3.828126061656746e-09,3.160530721669793e-09
1318,1366,0.9540912467474976,1.0198155879832305,1.4544648537700946,1.4180319061342346,145797850.07629618,10532100339.30115,54747737.33088889,61781799.31832471,52961070.80428248,59765579.50400762,8.190296934231808e-07,2.1372147352228504e-06,8.29971948231117e-07,2.1657679713263445e-06,2.5408256,2.406646,3206,9164,3395,9353,4.756373504925635e-09,4.050220316191823e-09
1319,1367,1.5958556940684927,1.4175666341689992,1.969521680155,1.7251924072148086,145857207.16369995,18212566638.23642,84835406.9766072,82104992.76182312,78797107.35470222,76261034.86241758,2.1407565799729256e-07,8.00311721193593e-07,2.2049260918482852e-07,8.243011896728964e-07,2.7437489,2.5182672,1394,5843,1421,5788,4.080318348520059e-09,3.5921735796419286e-09
1320,1368,0.4332851593177109,0.7123991878571958,1.0829957843828777,1.1779098305851938,145305157.31070453,4511259209.972502,22272025.454027884,37689062.78788801,21566357.03150683,36494919.86906264,6.501705742813831e-06,9.757003557964097e-06,6.585981091975294e-06,9.883474197230709e-06,2.8268003,2.7465601,10059,15865,10376,16026,6.4716116782004435e-09,4.698184339404174e-09
1321,1369,0.6570523061509472,0.7638109100528635,1.1876430973105838,1.1685801780622878,145055823.78404126,5554903394.105201,42478427.26271006,39818232.98500569,41909076.63556074,39284537.70994799,2.6618010310837776e-06,8.20445837952171e-06,2.676207131000757e-06,8.248862242094401e-06,2.2437098,2.7825248,5872,15455,6590,16379,5.418628209679617e-09,4.5442649432817235e-09
1322,1370,0.8868622572593565,0.9435672816697714,1.3918699356741564,1.3463748784141794,144880475.41450304,10568984897.013144,51216081.42901121,62088961.418259285,49425404.23744131,59918133.74152566,6.943081785057522e-07,1.877397547044231e-06,7.042627657430209e-07,1.9043145822162876e-06,2.5087633,2.2017517,2744,8885,2925,9012,4.906616061940962e-09,4.2003391690813165e-09
1323,1371,0.9615201545804878,1.348163812301305,1.4501197350844643,1.692275647422807,144780821.99976525,14611703505.26818,50737032.95134055,77508957.32403621,47375363.977003425,72373468.6698352,4.777059156095905e-07,1.0271815676104173e-06,4.909865803253418e-07,1.0557381618577921e-06,2.7437489,2.5182672,2418,5897,2544,5960,4.781691221775002e-09,3.6978808985871035e-09
1324,1372,0.9501187693401726,0.9957549188635723,1.4145130581188927,1.3537557049973106,146282682.74349174,10918112331.461365,66536992.16494252,61189519.82137175,61309750.485933624,56382383.25084698,5.622891162613905e-07,1.9112708661797525e-06,5.809959749326139e-07,1.9748571475820595e-06,2.0888519,2.3805008,2807,8708,2939,8766,4.706999881429145e-09,4.05152429495303e-09
1325,1373,1.7038466921111066,1.8666454853615997,2.066173742045363,2.1419281053390655,146464075.72345245,24469951566.545815,90953050.0165358,108565328.45952249,88324011.32601373,105427198.96394834,1.4105610739822294e-07,4.298660774131167e-07,1.4272080539496848e-07,4.349392161175489e-07,2.7437489,2.5182672,1198,4142,1258,4177,3.9817983026811164e-09,3.274690976217189e-09
1326,1374,1.2059054802098728,1.3538314784958965,1.6441819285471404,1.68789430190233,146208108.1787662,10946318274.434187,53841032.429607056,59578375.486907445,51557045.91054305,57051005.555475704,5.980204975940523e-07,1.9564539853567327e-06,6.084798646881713e-07,1.9906723282361586e-06,3.2746987,3.3223655,1908,6324,1999,6446,4.389990127174945e-09,3.63413392454833e-09
1327,1375,1.939269826563103,1.974275043220914,2.3031115096326853,2.264829171640606,145417884.98276567,27463457770.067734,102780730.62360089,114004940.04744358,97936429.23461504,108631614.85241657,1.0889693228139437e-07,2.8783122675162337e-07,1.1102035698851422e-07,2.934437626198118e-07,2.7437489,2.5182672,1048,3122,1090,3139,3.979111299887023e-09,3.301803990259598e-09
1328,1376,1.777159825088669,1.4538037156902344,2.232345979140405,1.799629993794531,150273251.46534654,16530259205.829414,106262944.2917503,91956629.70468976,105720497.59625356,91487213.29387233,1.7316909435942335e-07,8.26691792611508e-07,1.7352395763276896e-07,8.283858740909963e-07,2.5131958,2.3757701,967,5394,1139,5752,3.924683508361967e-09,3.585051983383855e-09
1329,1377,0.6667572676483359,0.6363147495599071,1.3774384168842093,1.158530276960308,151686277.09593207,4901015150.122234,45615058.95000408,46744655.333989464,41254177.739487715,42275782.68907008,2.2904862683642234e-06,9.213175431966137e-06,2.3844258119951643e-06,9.591034713387977e-06,2.2172048,2.0648396,4829,21475,5063,21868,5.34099712115395e-09,4.946083821757893e-09
1330,1378,0.2692589835204625,0.324565239796595,1.167095243381904,0.9269791193736806,150898860.822007,1191277465.2346044,16503851.07815774,18799907.670368295,15603029.846839562,17773761.960734345,4.8145748195534615e-05,0.00016096102943627652,4.923891594988189e-05,0.00016461571159785937,2.4619026,2.6051471,22375,72320,23297,73604,7.903900370291243e-09,6.754764104689308e-09
1331,1379,1.1403236832919106,1.0790226263582805,1.8351054025450475,1.5636947221014057,152047319.54034305,9504980100.892706,68989117.14435703,69056554.7824504,63211590.70583019,63273380.74683631,6.292917965644375e-07,2.356029021091455e-06,6.516968435060234e-07,2.439912111736333e-06,2.5131958,2.3757701,2266,9206,2380,9426,4.467097807728195e-09,4.040260734787053e-09
1332,1380,0.2972489130588768,0.5249725136745131,1.276775230816977,1.1141433120065025,151783727.00153142,1953742398.4230485,13346485.662243826,34602835.37043146,13316146.438483013,34524176.22437386,3.2743432275224616e-05,4.281779307626306e-05,3.2773252678221573e-05,4.285678849477148e-05,3.3804815,2.3027675,17966,34381,18924,36328,7.549250008031904e-09,5.378349684470338e-09
1333,1381,1.3075801189425738,0.7238615241259091,1.9032499149539368,1.243285027100987,151380832.25935858,5973557583.25994,92170754.53981546,47315407.46341765,89692244.04184923,46043076.18329374,7.423916114791762e-07,7.1378615607202365e-06,7.505305196801901e-07,7.2161146000810905e-06,2.1475637,2.3159213,2015,18629,2065,18411,4.2727658874131684e-09,4.673371325833223e-09
1334,1382,0.9764685472736762,0.8064462255503752,1.7433999737639923,1.3212868895014653,151646321.63585788,9372137136.705019,83866125.2295196,73922155.44867244,77149218.23731703,68001669.18019389,4.941550260678572e-07,2.653978926117678e-06,5.109345090687558e-07,2.7440971925044285e-06,1.7656457,1.6543701,2481,14495,2623,15035,4.670948506045352e-09,4.488481071024721e-09
1335,1383,1.3902034438089825,1.4916510720632612,2.061305596936505,1.929883553526555,152167419.89930046,15285659044.217297,84173175.51602426,95539839.91375764,73229020.39105195,83117796.6414074,2.421836966722398e-07,8.537482827236666e-07,2.560596212823338e-07,9.026638248094884e-07,2.5131958,2.3757701,1387,5353,1473,5493,4.240662564628249e-09,3.6577949741622844e-09
1336,1384,1.4227014790711316,1.2065004084294684,2.0543316699704857,1.6444520401413294,151888275.9899663,11960681468.271957,85982825.09643272,77134259.33660085,80988419.17847808,72653831.98525822,3.5552550286370626e-07,1.5540941635899565e-06,3.641382282158465e-07,1.5917426194519137e-06,2.5131958,2.3757701,1657,7717,1692,7824,4.277656871724927e-09,3.924961699246908e-09
1337,1385,1.7973873456210439,1.3646083151214432,2.2648086955283473,1.7430764051117789,152302365.84886128,15595512044.04253,132527996.98451327,89061127.92753078,120842931.83790411,81208560.12643966,1.6290940905467272e-07,9.904195734054398e-07,1.6903658904752715e-07,1.027670208773374e-06,2.0655737,2.3336003,1201,6659,1230,6619,3.9205763234286e-09,3.6770329615105824e-09
1338,1386,7.121590148763341,2.4397265811290207,7.399144638821046,2.727465853076314,152014149.0767428,37664383100.17313,430759301.18042266,156106417.9611651,359056262.4129118,130121362.01866235,2.2553407502805892e-08,1.913136528517011e-07,2.4257220173026468e-08,2.0576657424171084e-07,2.5131958,2.3757701,323,3023,338,3033,3.2287775985483098e-09,3.142873034321257e-09
1339,1387,2.1159991159925826,1.3488802095353392,2.698160453514459,1.754982150978385,152152229.1752854,13743460826.852695,101602382.59175074,81614264.89715497,94180491.30407766,75652473.58735926,2.533911792505541e-07,1.2295856705162873e-06,2.611972913546628e-07,1.2674649827087808e-06,3.1687641,2.5146968,1056,6665,1099,6720,3.8195274686078534e-09,3.7200060879154614e-09
1340,1388,2.6265528905059443,1.9964943741369918,3.10139240653335,2.332654427362558,151347351.61001456,26567841214.137802,158173837.407218,127185764.32539801,152301897.45226976,122464204.91023232,6.68789540060364e-08,3.254094799881379e-07,6.78986605379872e-08,3.303710135114144e-07,2.5131958,2.3757701,681,3617,707,3639,3.7276095731527175e-09,3.383470583678462e-09
1341,1389,0.827902928599372,0.8431482719927474,1.5617130813119349,1.3224346605618094,152492085.12327927,6654870081.7539425,56449269.228655316,52832140.40517387,50295022.02719693,47072242.06320302,1.1338977523076167e-06,4.600384282773435e-06,1.1874825132431008e-06,4.817785271091909e-06,2.2364974,2.4336216,3253,12518,3374,12580,4.879199619709235e-09,4.368809626116141e-09
1342,1390,1.719616415753105,1.3657785579275425,2.257436428981188,1.7680757742437248,151947951.07022184,14695955599.697824,103968099.50120205,87351572.23029803,96072020.50726086,80717470.8291522,2.512177316510069e-07,1.1550713561525073e-06,2.5928151890174575e-07,1.1921477584200655e-06,2.5131958,2.3757701,1427,7084,1469,7145,4.011573549270276e-09,3.723949261990579e-09
1343,1391,1.4590177458383704,1.3794310259954161,2.113382347073199,1.7881492853290835,151645728.832134,14568503929.692257,88036837.18024553,88049270.13381188,78021996.61076139,78033015.22401562,2.8584715772444917e-07,1.1131552547099848e-06,2.999941783588576e-07,1.1682470404147876e-06,2.5131958,2.3757701,1684,6925,1657,6826,4.197154899333323e-09,3.751961439550718e-09
1344,1392,7.272145039814509,2.0691765142906267,7.560823488748571,2.395974710587431,152248634.47732952,29407463650.688263,440544326.88167155,132600919.08443011,376733273.2213569,113394215.36179584,2.2305361373273278e-08,2.578752880315985e-07,2.3746057622493077e-08,2.7453137147343695e-07,2.5131958,2.3757701,237,3072,261,3192,3.2404849199092707e-09,3.2842540287636397e-09
1345,1393,2.8975153298186127,2.251189199742605,3.3567188907681533,2.5998004560813053,152087589.34965762,28856599588.53125,175344922.03742778,144112403.19879338,173232316.97293016,142376096.32821456,5.983260464570487e-08,2.807460392602809e-07,6.012341226813638e-08,2.821105643159389e-07,2.5131958,2.3757701,647,3352,687,3410,3.6978030866380937e-09,3.3210312492662027e-09
1346,1394,0.9763469849860092,0.9591022296793431,1.665175455879994,1.4058227717180927,151223501.55860764,8590567739.366034,58748550.274424955,61049172.02416943,55567435.51106598,57743483.26232316,7.123663951751363e-07,3.0274547705992833e-06,7.284070559054437e-07,3.095625272717922e-06,2.5131958,2.3757701,2371,10900,2435,10947,4.677513396659198e-09,4.194845183493885e-09
1347,1395,1.3795415759960883,0.7980597707928649,1.9356122967375735,1.2822442036052446,151779558.55473,6558773699.5028105,83314722.79739715,50985219.36580902,77226223.15238027,47259305.39061982,8.311190383978675e-07,6.10462493900882e-06,8.567340227407112e-07,6.292768712652936e-06,2.5131958,2.3757701,2059,17052,2169,16853,4.253622127678708e-09,4.504297512357336e-09
1348,1396,1.734417375558698,1.33416915452225,2.209193074310316,1.7021189911036472,150592011.49045697,15036616655.23266,103927199.52396215,84568459.14847903,102796556.83681788,83648423.67809919,2.0775301060248144e-07,1.0108774765173268e-06,2.0866402892450792e-07,1.01531027823587e-06,2.5131958,2.3757701,1174,6325,1243,6398,3.9574677193491075e-09,3.6988340602770203e-09
1349,1397,2.438833537713754,1.71134502154203,2.815172747631747,2.021133826119713,149957786.71542642,22530829059.414097,145520726.83032018,108019505.64867643,141538691.17038763,105063655.07789923,6.614603952078252e-08,3.8909316855950486e-07,6.688422789595594e-08,3.934354399331337e-07,2.5131958,2.3757701,553,3682,593,3690,3.673967431872734e-09,3.4021105626173537e-09
1350,1398,3.57807134646186,2.311086328623797,3.9587051025950224,2.6268744695355952,151430970.6383295,45619561425.72046,277600813.372238,220824627.19087029,266475382.79653263,211974620.48745427,2.2419356820545054e-08,1.2221600911438285e-07,2.2789175081663687e-08,1.2423202198813847e-07,1.9518344,1.5848325,488,3460,524,3518,3.5696221238234863e-09,3.2783639412151416e-09
1351,1399,1.5517977047789575,0.9704243184450146,2.160067752744575,1.4438765056067255,151317785.21311012,6800649524.794549,120366512.62416038,41370280.71340212,115317463.26125392,39634909.43009938,4.738916456509147e-07,5.921303012555486e-06,4.82084636854134e-07,6.023674902709463e-06,1.9508299,3.5494673,1582,11342,1652,11345,4.122657606019774e-09,4.179753770840599e-09
1352,1400,1.0244789048455683,0.9632544767398572,1.7299099295177698,1.449259075875105,151613296.0728843,10180603567.185242,59830049.322026685,79086690.29781629,56639920.56143138,74869800.4881254,5.735045632873294e-07,1.9765524755487083e-06,5.86213165690726e-07,2.020351986745645e-06,2.5960972,1.8466089,2176,10869,2249,10897,4.616252728704696e-09,4.21367953656445e-09
1353,1401,1.8523451320701427,1.2102340305786157,2.3625850449285304,1.629090721496139,151511483.3458277,12699629755.499664,111671187.19057642,77181017.29143147,110318855.09632218,76246359.30689451,2.166952465530146e-07,1.3918303040563368e-06,2.1775389877279054e-07,1.3986300113151678e-06,2.5131958,2.3757701,1085,7444,1095,7440,3.940191457898882e-09,3.877094059007486e-09
1354,1402,0.5590639704805334,0.488551129823058,1.1531108636166836,0.7924905586564803,151870399.53065372,2444228805.6753817,37516500.18669695,30827383.03622685,35040311.37234774,28792693.748311054,6.348063662113921e-06,3.4783599091292026e-05,6.523835741615398e-06,3.5746725151496995e-05,2.2631447,2.406836,6615,35036,6856,35324,5.444970996528183e-09,5.329830681280915e-09
1355,1403,0.5168205891276024,0.4240144320241035,1.0867786683385534,0.7201891536089202,154062939.97920042,2347037114.3069,49381289.24305483,36635740.240519345,45920772.88951679,34068399.853712425,5.32767113066834e-06,4.270465357596128e-05,5.484773564786824e-06,4.396392894420806e-05,1.6124103,1.7830924,7271,54465,7755,56211,5.535229793071467e-09,5.645433272444323e-09
1356,1404,0.6028022908906425,0.5619055770492135,1.1851364872646328,0.8350793888764544,154493898.3174093,4117158872.6083016,59588420.058541015,44440299.469566874,55557200.91291298,41433866.577351205,2.0927373333887188e-06,1.2455062857900705e-05,2.1522034707644837e-06,1.2808979456565473e-05,1.5628754,1.9534293,5247,26036,5513,26251,5.147585448512882e-09,4.844610771946035e-09
1357,1405,0.961824903430659,0.5848452204323411,1.4336985062498715,0.8485503479904637,154009930.22627565,4482181228.176225,74291436.2656176,45071653.24877625,68396098.857583,41495028.313306436,1.3981731431573447e-06,1.175193070335375e-05,1.4451865964749117e-06,1.2147088376219468e-05,1.993912,1.9984173,2995,26126,3143,26358,4.277276463411484e-09,4.771078517839407e-09
1358,1406,0.6364398444464668,0.6502514051486893,1.2192355645908268,0.9105301272092368,154582197.42081767,3228418106.8840256,48630452.47011752,32685305.862929896,45412318.41639147,30522346.430903617,2.864375655737268e-06,1.859423269123563e-05,2.943905252500295e-06,1.911050290359059e-05,2.0230589,3.0753052,4326,19441,4571,19520,5.0208208078258754e-09,4.499680578372865e-09
1359,1407,0.8542212717957286,0.5257124826393252,1.3461469948463616,0.810619635529377,153133891.48137757,3572870828.8461547,58984737.19540641,42203541.048982225,54433799.124016374,38947347.82274127,2.3350894851953916e-06,1.9264958397230606e-05,2.411303792608267e-06,1.989374177829231e-05,2.2176962,1.9075271,3545,35327,3762,36084,4.511386854941504e-09,5.094605616083503e-09
1360,1408,0.5431723725700195,0.37970820886211887,1.184007048638781,0.7300121527860226,150400667.9588251,2074522754.7669642,34702504.10688694,30294786.210259438,33136708.47578958,28927869.178942416,7.488357134190633e-06,4.401218810697327e-05,7.6279375263140004e-06,4.4832560101002464e-05,2.3541093,1.885089,6383,47372,6599,48435,5.575386158213863e-09,6.135918630310943e-09
1361,1409,1.4503224253764135,2.5364870773671058,1.89092692151087,2.800610708184636,148473909.97262114,29099865879.357956,93562025.44621179,153902806.95770773,89722783.60852198,147587530.08557957,1.089866549058464e-07,1.794484397367681e-07,1.1082865775317886e-07,1.8248132974729324e-07,2.3015218,2.4470129,1344,2288,1378,2134,4.128817357505778e-09,3.0229881363985054e-09
1362,1410,0.6603255782280733,1.5347188210788796,1.2677249245368898,1.8943934282824084,148686083.18962732,12452544523.284424,42659263.03920217,93253014.85072722,41558915.71030547,90847659.05008277,7.477955357146495e-07,8.158973085221499e-07,7.556531973342152e-07,8.244705677360535e-07,2.3015218,2.4470129,3781,4239,4046,4152,5.27557304946195e-09,3.446501908001104e-09
1363,1411,0.913835872310059,1.0197142852861907,1.4571568218730768,1.4178076806593234,149334639.80701923,7969669922.518974,64710048.27773231,52167430.656940036,63266069.54925049,51003335.4013645,8.271907628159745e-07,2.918059192136465e-06,8.346915631753919e-07,2.944519569139064e-06,2.1089051,2.9190371,3158,8287,3126,7967,4.670188304666353e-09,3.9422975401542565e-09
1364,1412,1.0395817863980934,1.3085226428924668,1.5447180558685365,1.6540089736835966,149124046.31968555,13149825570.300997,67358320.25051022,79743016.96940526,64757692.7956891,76664230.58504125,3.960770282126854e-07,1.0037538149867544e-06,4.0236445430268476e-07,1.0196876548076672e-06,2.3015218,2.4470129,2237,5636,2263,5394,4.465486762770297e-09,3.5903987378685745e-09
1365,1413,1.253914592941016,1.34868890806879,1.7292414713536117,1.6986004364148934,149269859.98107788,14500987906.575611,64008582.18210522,91673710.94013977,62511857.181697756,89530086.90775816,4.226642956664162e-07,8.230781208766997e-07,4.266835354243683e-07,8.30905014090171e-07,2.924165,2.1960342,2171,5760,2096,5435,4.262106987976441e-09,3.589697233440381e-09
1366,1414,0.6078836120344059,0.9748775437457082,1.2177738513192053,1.3780356191387728,148942697.8998931,8446450264.104141,42933532.03314582,66518874.494500585,41671412.165290095,64563414.76148594,1.6171216865797426e-06,2.4272149884226474e-06,1.636537877112999e-06,2.4563576738936867e-06,2.1088371,2.1828525,6117,9267,6477,9392,5.4293276115596956e-09,4.014535416005302e-09
1367,1415,1.1274070024658558,1.0485007538772095,1.5972846032522123,1.4189096695442966,149750465.51773974,5524683526.019069,53689354.29508747,33805646.52870206,52550572.7424915,33088609.657130137,1.455405631803469e-06,7.659604110516781e-06,1.4679401258255015e-06,7.725571466858145e-06,3.1445661,4.6445932,2356,9059,2557,9111,4.704672937369515e-09,4.1372263063081714e-09
1368,1416,0.37261536859114985,0.45437231565323205,1.0383018289347818,0.9499855614937399,149011073.10871354,2547190527.424379,21946400.443042576,30302626.27199128,21790728.383054,30087681.12565315,1.360342676456059e-05,3.4902113663399424e-05,1.3642216695238236e-05,3.500163642284366e-05,2.5299737,2.2343445,12935,38876,13696,39789,6.986136643609867e-09,5.814011495271054e-09
1369,1417,1.0179955678052703,1.0597767842299382,1.5207331858432624,1.4430396030639399,149612915.30499643,8600917573.929966,45135392.78725048,59284351.4075297,43202267.99192743,56745234.26234972,9.918135343438953e-07,2.996058903425299e-06,1.009332603914498e-06,3.048980307045238e-06,3.3744092,2.674505,2388,9520,2528,9635,4.8646726262288714e-09,4.148782555092441e-09
1370,1418,0.9645612083466514,0.8410172901098615,1.4615693650623216,1.2435376576644672,149417194.22702953,7995936825.729258,77020960.4533452,56019717.24842136,75179291.87056145,54680214.95364876,7.792850024714522e-07,3.91073157999195e-06,7.868656699221036e-07,3.948774087550365e-06,1.8712053,2.2431824,3168,13814,3330,13940,4.981811829778263e-09,4.522991541488344e-09
1371,1419,0.8079567717905783,0.6076498163468445,1.3263999163109716,1.0467518082406186,148503473.24964726,3717340943.700959,54994141.603899956,29162749.21262051,52790409.14995995,27994135.701951448,2.583017106077001e-06,1.9755215117741325e-05,2.6256198204040616e-06,2.0081045629723103e-05,2.1817667,3.0942936,4372,23944,4401,23733,5.253003426376188e-09,5.147803546477771e-09
1372,1420,0.8016453990393655,0.6790643733633,1.31903705478069,1.0976888615030738,148014459.91931996,4965348413.622538,52885161.68038914,37375398.80675507,51025284.96907771,36060972.763458356,1.8237027054851864e-06,1.1487359063165238e-05,1.8500071266354855e-06,1.165304853096795e-05,2.2436371,2.6892381,3844,20975,4036,21210,5.248991756609242e-09,4.909378424127038e-09
1373,1421,0.4535587232487734,0.5694936536634002,1.0984540506188272,1.042219660612789,149698376.49028325,3378753540.9278855,31312589.670644842,31577155.27498159,31502227.65251914,31768395.5416815,5.527510305019497e-06,1.9048662897656934e-05,5.514176326812785e-06,1.9002711928426956e-05,2.1683612,2.6998086,8197,23723,8613,23839,6.446853241095819e-09,5.282535227586358e-09
1374,1422,0.5340992495756878,0.6323845031787825,1.1622477009183914,1.102307368071068,149489667.6418357,3738469195.543026,37925517.04996661,31274485.92490023,37198280.428604245,30674785.42644943,3.885026381176408e-06,1.700467486068613e-05,3.915231360853268e-06,1.7136881391140398e-05,2.1052401,3.0227499,6684,21159,6899,21031,6.030627070824834e-09,5.042256691139904e-09
1375,1423,1.0390578039287028,0.9076921407601543,1.5305499164869865,1.3062967454309176,149251073.66356432,7785233613.437244,65510783.02662075,52620537.75388341,62356393.761757255,50086822.6655636,8.404478522400016e-07,4.424052780555348e-06,8.572026234667045e-07,4.512248606192244e-06,2.3672514,2.5745466,2626,13278,2764,13378,4.852636449108988e-09,4.387387840502335e-09
1376,1424,0.8980279474142516,0.7852251363271432,1.4074800811191661,1.1951707702447665,148891476.35983616,5990209112.62834,70498148.97883002,41818471.09163739,68144008.74382798,40422029.52843186,1.0461164461837043e-06,7.31299331227837e-06,1.060425210441148e-06,7.413020319504368e-06,1.8966272,2.7957342,3170,15586,3304,15669,5.054734527791545e-09,4.620416990847832e-09
1377,1425,0.9492541600307501,0.7567402489738673,1.46207138069414,1.1891401867683533,149653495.50762552,6144411184.932467,79889561.6913044,43365794.81568314,76432193.29938886,41489059.91925979,1.0065344470379832e-06,7.332815188180672e-06,1.0245051101688456e-06,7.463735249521299e-06,1.7781948,2.6114781,3270,16985,3478,17253,4.9020470969153665e-09,4.639168581341305e-09
1378,1426,0.668565781251717,0.5268454263332268,1.2230591236699242,0.9873384667231939,148188182.07335913,3384498227.9570656,53591571.07860928,29006518.590953767,52081180.937815964,28189017.651594266,3.063743303083076e-06,2.458533537827444e-05,3.098979056537993e-06,2.486808844545327e-05,1.8486778,2.6915421,5481,30903,5609,30915,5.589143293267495e-09,5.4822312269434315e-09
1379,1427,1.3088139082889496,1.0759776339236793,1.7396103985224711,1.435182738609903,149717905.7095408,9923877394.856527,87337153.28229354,59902883.99579057,86253000.09061882,59159284.045095555,4.5985633234095154e-07,2.509607188114607e-06,4.621597292887009e-07,2.5221776827030495e-06,2.2436371,2.6892381,1944,9249,2034,9261,4.592263964115053e-09,4.1548548022891726e-09
1380,1428,1.1561314558985694,1.3384852519265364,1.6343533635706062,1.6837931160638593,149716229.95038822,12586158114.239256,77147789.58869387,74516631.96450944,74678957.29329208,72132000.2269138,3.7007246987708217e-07,1.4627596336781587e-06,3.7491850393849794e-07,1.4819142144304715e-06,2.2436371,2.6892381,2043,6890,2076,6846,4.677375355824959e-09,3.8369885123290314e-09
1381,1429,0.22669539728316174,0.37712606981104835,0.9499634036443764,0.8916365177787597,149204186.2029936,1413365549.167535,14824831.975445017,22064970.578330282,14756013.05690804,21962541.935950655,5.081598607494185e-05,0.00010258370336385893,5.091065176558681e-05,0.00010277480773628094,2.2815707,2.5501411,30532,56365,31479,56855,8.891749097609156e-09,6.383943828033647e-09
1382,1430,0.3837674818839351,0.49886227928526755,1.1658880306927977,0.84757927867021,151863971.01069206,2361013104.353139,32175963.022260156,33937513.430994734,31564172.40684557,33292228.868315917,1.0666765110268169e-05,3.1933929327197364e-05,1.0748988311462138e-05,3.218008735813184e-05,1.8113041,2.2323146,12935,33072,13904,33775,6.733238091356348e-09,5.426797175684543e-09
1383,1431,0.13248839570895227,0.30334560576322633,0.9151260022859622,0.6552263938281991,149120480.91783455,340778828.1813959,7986395.530659159,16068204.648001026,8197406.918962551,16492748.380815357,0.0008910002699122383,0.0017101852357523204,0.0008817542549028776,0.0016924384416238398,2.4737985,2.8151896,109710,184242,122740,207018,1.1662626943192266e-08,6.863847823540597e-09
1384,1432,0.18540569964500353,0.3607180911325355,1.123393188921138,0.7610714140842122,150629576.42278087,1044642278.7666457,10603768.91407292,23452660.070114303,10677105.009843968,23614859.61811701,0.00010426379001153792,0.00012890624733491264,0.00010397674168051366,0.00012855135592772333,2.6337411,2.3167868,39740,57844,41355,58124,9.693916253160756e-09,6.357899132131343e-09
1385,1433,0.7803017986180245,0.535113719772919,1.3851204556401475,0.8419803809750988,153656555.04160878,2848505823.7622685,54107966.23657141,34167075.79245259,48402591.758573234,30564353.75773801,3.5169798904143288e-06,2.998997753438666e-05,3.677281886003569e-06,3.1356904100996145e-05,2.2159119,2.4065194,4407,35119,4521,35498,4.760120595965007e-09,5.0422777124778175e-09
1386,1434,0.47868093169703424,0.6766558227495236,1.2970833768126098,1.0017613699427836,151726871.266185,4032040472.872595,43628313.403313674,44519385.173119195,42407894.004381016,43274039.72986163,3.5374864160126435e-06,1.0954513467924621e-05,3.57786103320321e-06,1.1079541308533233e-05,1.6647162,2.3061161,7979,18797,8568,19153,6.042750225757765e-09,4.676975330064583e-09
1387,1435,0.2370901189886765,0.3663977855727643,1.0038463694067263,0.7183425277363201,151277159.10570234,1029951812.660208,16602059.029796792,17059474.478512734,16459242.607991735,16912723.217206944,6.080736301753745e-05,0.00017155319909951207,6.101786572976852e-05,0.00017214708135176413,2.1603537,3.2490811,28385,55610,28990,54382,8.43651506242567e-09,6.2337162084760175e-09
1388,1436,0.48039389926944537,0.7285617232430013,1.2511489648958964,1.033576224757518,152058827.1936672,3688778029.0054703,33652960.745641775,41187663.21474913,33803005.29484432,41371301.867124274,5.088842381405369e-06,1.1678373801313952e-05,5.0797949935215334e-06,1.165761096966898e-05,2.1706302,2.6897433,8176,16027,8648,16016,6.034890171029466e-09,4.525697569424031e-09
1389,1437,0.36289353083555387,0.5098629470830532,1.1577127268454719,0.8566954925079926,151989792.48970196,2364675380.948477,30204196.31764913,32731827.616182607,28962496.177000426,31386216.081703402,1.0907181573504093e-05,3.309106106150346e-05,1.1091877407861287e-05,3.3651405738204e-05,1.8261076,2.3675416,13194,32493,14124,33051,6.900003036589957e-09,5.368163235015568e-09
1390,1438,0.9413369723986151,0.4921236875852099,1.4889635397333671,0.8089031172335324,152674433.1761791,2893630495.191305,88964778.21293378,34525868.6343064,80937969.17205444,31410786.91247311,2.279447739737734e-06,2.8309821245502246e-05,2.3673145020191256e-06,2.9401090981694328e-05,1.6154493,2.1761858,4104,37795,4083,37643,4.545349723451859e-09,5.326272306437592e-09
1391,1439,0.6693690185947405,0.7164879834843989,1.3538072237335381,1.0219573343205757,150670805.98540586,4269105233.231727,36348797.511813544,43058005.69576125,33486532.924899597,39667428.47388584,3.3003538604585194e-06,9.719529662094821e-06,3.4104246007761107e-06,1.0043687576875793e-05,2.7746274,2.5071719,4879,16561,5078,16550,5.32153303480496e-09,4.589988058646568e-09
1392,1440,0.5729671309615976,0.7290143942719696,1.4325896858944025,1.0592695342802385,150862521.49930573,4746838455.694335,40464566.62010496,48056826.34775921,38316386.305212915,45505588.635870576,3.007933057859136e-06,8.821406085258277e-06,3.0742862794527847e-06,9.016001078392634e-06,2.1361718,2.2885604,6308,18264,6684,18297,5.6411142699403995e-09,4.565804569404591e-09
1393,1441,0.4953214392306441,0.5673214734913521,1.194813512379734,0.8863544206365008,151203923.99296272,3334369315.547484,39412195.20525209,41911474.32869293,37761619.42678682,40156229.18169104,4.716570651088107e-06,1.7700301415204624e-05,4.797979078864734e-06,1.800581018756909e-05,1.9002886,2.0467243,7927,28627,8276,28836,5.950980997765874e-09,5.053741472539114e-09
1394,1442,1.5746736225293654,2.0948131924377806,2.0340551293245124,2.4229681591455066,151812406.27035874,23846085854.5436,116331984.22192903,132289540.4750545,109390455.8570071,124395824.88400748,1.1849070292857414e-07,3.341900273952748e-07,1.2144290779473292e-07,3.425163973189369e-07,2.0549378,2.403959,1304,3307,1375,3315,4.0968411417466136e-09,3.2896016845167833e-09
1395,1443,0.7854494416071418,0.8195094566615508,1.3836239636132008,1.30100120195066,150807371.6875316,6591639594.50761,60989338.4539736,51850380.27376017,59564625.39296519,50639153.59272268,1.1597076437203219e-06,4.302343735544969e-06,1.1707245424393517e-06,4.343214799425257e-06,1.9421684,2.3835518,3736,11866,3936,11898,5.076582861810648e-09,4.4691689917873814e-09
1396,1444,0.7512040061989143,0.866695323571379,1.3764965925229797,1.3649568451106593,151514200.91670305,6881730068.922045,45267893.74801096,55579661.68812542,43078985.541571155,52892132.680093504,1.607957930851145e-06,4.038539708061139e-06,1.6401539347311414e-06,4.119403042614568e-06,2.5143223,2.3626745,4341,12008,4401,11763,5.134168648040648e-09,4.370387517569633e-09
1397,1445,1.2220982186655212,1.463633159182636,1.7297793693558625,1.84890746912162,151840385.7560217,14815883974.772438,90301450.95093375,92446927.54560131,86767745.2751788,88829264.38367157,2.6879728966432914e-07,8.442154851035212e-07,2.7312374069474565e-07,8.578036316208499e-07,2.0549378,2.403959,1902,5268,1938,5203,4.361298030099499e-09,3.615786457680772e-09
1398,1446,1.2121128673529893,1.3220915581723949,1.730755724500758,1.731036529388193,151191550.5546001,10564415200.303043,89561442.57678404,62134090.601004615,83349450.11903124,57824462.58388263,4.0713341929959553e-07,1.8185843292725649e-06,4.190097117663422e-07,1.8716333749810678e-06,2.0462067,3.2170596,2018,6039,2102,5972,4.4552274715506644e-09,3.79951945892068e-09
1399,1447,0.9910352529310142,1.001449978487083,1.5495290010970884,1.4593018016864816,151316717.9275282,9029901872.875128,72975543.0183818,63036068.38272163,70275986.48372337,60704199.05659839,6.931792423572617e-07,2.5714387938976335e-06,7.037099681451684e-07,2.6105038944722477e-06,2.0549378,2.403959,2862,9789,3046,9659,4.655292859903055e-09,4.102041126129292e-09
1400,1448,2.3288555708527747,2.350829088716821,2.69664527069224,2.6402837792752094,151092742.94844228,31756910987.60334,171233005.7537051,147753441.39280725,175186801.5812625,151165090.5518858,4.89195242385646e-08,1.8879272446682232e-07,4.8474871141769345e-08,1.870766965435498e-07,2.0549378,2.403959,771,2621,756,2494,3.6881603388017123e-09,3.120809427071583e-09
1401,1449,0.3155325281017561,0.47265499100504993,1.0572906898819074,1.0239676338465533,150164386.58931896,2591331996.395803,25539733.913271196,32460765.207981613,25185538.896578882,32010586.622968554,1.2470100222952788e-05,2.725916650496633e-05,1.2539955405729487e-05,2.741186728719741e-05,1.855217,2.1865149,16680,32397,17418,32306,7.345675305436182e-09,5.612515186012829e-09
1402,1450,0.7994505562993205,0.9907444031669725,1.3856518931990798,1.4293318210383714,150488227.97437158,9691919587.697947,66248335.197550155,76938717.00633976,65191753.51011898,75711636.5189443,8.628573456299531e-07,2.139205967052866e-06,8.684242118878211e-07,2.153007406626776e-06,1.8160139,1.9378458,4014,10220,4605,10699,5.026109146368998e-09,4.135518806691292e-09
1403,1451,0.8023574175998198,0.9960850225676476,1.3994677361296775,1.4476906247290038,150773268.9942926,8498322282.94459,58869933.07210739,62473193.19871011,56876283.456391625,60357517.995536536,9.75683640480508e-07,2.73879128880664e-06,9.892224318697437e-07,2.7767953327194277e-06,2.0549378,2.403959,3667,9597,4035,9682,5.02651961484355e-09,4.141694825915636e-09
1404,1452,1.256096067867802,1.9199458958618874,1.7575588980392056,2.252654443690488,150899043.12503895,20517410726.407173,92238166.38847916,120517029.84011145,88173293.9239655,115205927.34010307,2.054195572726655e-07,4.960841570958961e-07,2.0915643325333292e-07,5.0510863848245e-07,2.0549378,2.403959,1892,4257,2051,4234,4.329645080091999e-09,3.3367607251383333e-09
1405,1453,1.7028747233303296,1.7297692446260426,2.151564925414458,2.095260435072323,151653121.20829517,18734252212.32638,125671086.89117335,109122037.82080078,120197013.6720822,104368820.19831952,1.3096843713813316e-07,5.184084344508771e-07,1.3332246123597497e-07,5.277262973947153e-07,2.0549378,2.403959,1044,3774,1194,4040,3.947438774587958e-09,3.404557105204337e-09
1406,1454,0.9200070338937886,0.8924349099114197,1.5010548425080996,1.3813235242962174,151379957.25139117,7761910898.240496,67773645.24698554,56197613.400245115,65929151.93536238,54668167.52687967,9.136397519594758e-07,3.358829506907877e-06,9.237795194019948e-07,3.3961065080520077e-06,2.0549378,2.403959,3300,10919,3451,10845,4.818498851279235e-09,4.333544207637416e-09
1407,1455,1.0099488162444952,1.2056481470735922,1.5543279408051895,1.622747695611128,151385412.3171887,13662114538.492344,74402017.4072566,75923733.24760962,71409440.73907112,72869950.56004266,2.397557745524119e-07,9.829016537788357e-07,2.4372535291654174e-07,9.991753187038697e-07,2.0549378,2.403959,1961,6397,1594,5586,4.564333712800364e-09,3.812283378886823e-09
1408,1456,0.9638217089070187,1.3513124166401695,1.535415810997601,1.7665412844617305,151551371.10875547,12560499038.665752,95962599.42285362,78777363.30863504,95285539.05601749,78221552.70303544,2.910855714048429e-07,1.159859618535311e-06,2.9191114881773715e-07,1.163149214438569e-06,1.5221399,2.5996459,2315,5588,2402,5604,4.713833641462368e-09,3.736957073131077e-09
1409,1457,1.6503470469672963,1.6700779685962956,2.1052205620897344,2.041980015273839,151733841.07433683,11166434441.583408,72942701.13238221,62729765.56920937,70410780.40464927,60552346.97591848,4.070514961403804e-07,1.64206822215489e-06,4.1284442929636784e-07,1.6654372345248476e-06,3.4330165,4.0396667,1304,4561,1324,4539,3.97306567038107e-09,3.436813933654146e-09
1410,1458,1.3818818294111683,1.4213911151601826,1.842437369806511,1.7804774249822974,151671686.946511,16732221364.244755,83358077.14670898,99465404.12684478,74798265.28383882,89251575.12150821,2.4103410531121907e-07,6.776059027122343e-07,2.5171028572323855e-07,7.076192605989301e-07,2.5143616,2.1674349,1551,5417,1604,5231,4.188255783605254e-09,3.6170370675233916e-09
1411,1459,0.5320651443700178,0.6891065351904094,1.2008515912402655,1.1942269225500766,150927451.1422729,4732166642.931121,38505767.92747064,42378228.3230275,36519119.81866797,40191786.35124468,3.0871331953879037e-06,8.8248891087515e-06,3.15324388809924e-06,9.013873352434895e-06,2.0854859,2.4542105,6637,16947,7005,17016,5.838965148000162e-09,4.772243279413717e-09
1412,1460,1.0379543000550204,1.21096416942856,1.5816961674718988,1.6263580835727502,150771572.8415297,11236334789.682983,76155104.23572163,75949287.18812619,72433799.47455734,72238039.6380554,4.436748455890973e-07,1.4548268190628738e-06,4.526556098081429e-07,1.4842750890548313e-06,2.0549378,2.403959,2287,6766,2426,6800,4.651565805898653e-09,3.894141794304229e-09
1413,1461,0.618941221135319,0.538719334324181,1.3426563903384638,0.8738553980417121,152433864.2337207,3447363999.6229115,43910408.05101133,42228480.505927086,40066663.69422724,38531965.46895316,4.399663216579121e-06,1.7740754037487725e-05,4.563868794098029e-06,1.8402879890977856e-05,2.1486387,1.9446371,6702,30986,7059,31450,5.294979225242891e-09,5.106268254531855e-09
1414,1463,1.2873117230077342,0.9214276188698833,1.8941154653884473,1.2185705700888978,148908359.6563966,8434485372.455022,87734226.72114849,65252489.20284516,76977387.16005965,57252070.39767787,6.292202291715222e-07,3.4882245059411766e-06,6.630175607170803e-07,3.6755876495067624e-06,2.184911,2.1027286,2303,13685,2429,13992,4.221345824936472e-09,4.147202054883458e-09
1415,1464,0.48682973077906405,0.6128619633953845,1.398683402770237,0.9638730039429989,152260478.07726997,3666852519.403319,33925833.84433001,44377888.58816852,32166860.42073452,42077001.09988896,6.0663958458355736e-06,1.6971026946872214e-05,6.19697134631358e-06,1.7336318034616645e-05,2.184911,2.1027286,9522,29267,10181,29595,5.871173545022371e-09,4.8227759587160006e-09
1416,1465,0.31115711492980214,0.5080698157847663,1.2909393687547293,0.8882658498646078,151399252.08849218,2297287717.8884625,20843744.14622689,36492179.191081695,19858453.422285132,34767181.73375578,1.8137567467038108e-05,3.276312345333068e-05,1.849231000450404e-05,3.340391906003295e-05,2.2601004,2.107887,17345,34756,18436,35707,7.349178952301898e-09,5.340933950110163e-09
1417,1466,0.632585328257486,0.5748276479020121,1.3428501506610397,0.8958229357624492,153904424.98826942,4620533688.9159775,44628682.76262895,52939133.70793982,41133260.34583712,48792817.41013448,1.9140256622335866e-06,8.071525018844678e-06,1.977498350778327e-06,8.339191959633941e-06,2.1815047,1.6711365,3812,21953,4054,22317,5.1514615058276495e-09,4.885518886777436e-09
1418,1467,0.5342941029210365,0.5723529949954131,1.5271378264812003,0.9684018685988391,150645504.57668847,3341555898.6622715,36838573.620110236,41005009.266085446,35778974.598674074,39825569.79754408,5.0929184772318016e-06,2.059588681594454e-05,5.152721750127853e-06,2.0837732713399313e-05,2.184911,2.1027286,7186,31667,7789,32730,5.7627253933022774e-09,5.098180783185896e-09
1419,1468,0.5001065131970095,0.46682680650751335,1.2763338583057673,0.8196300851407747,153739710.6074271,2859426168.276821,45317132.99223539,37877134.61112532,42568960.832376085,35580147.137284614,4.848814997575327e-06,2.6992486949615096e-05,4.971682262789382e-06,2.767646706733122e-05,1.6966261,1.8948059,7652,39863,8172,40734,5.70158700650954e-09,5.41654208445245e-09
1420,1469,0.8871222008783558,0.6363418761925855,1.621647069540394,0.9858372783492568,149758213.55969146,4621536441.202616,48548477.52119995,47525939.91163525,46935312.196214095,45946751.39291532,2.7018583131740286e-06,1.3094764242679439e-05,2.7386272947101745e-06,1.32729679413381e-05,2.7365191,2.0051665,4406,29823,4563,30181,4.743077833894118e-09,4.844166828293473e-09
1421,1470,1.032516554888786,0.6139122736346154,1.5571523987415796,0.8918669884577687,154744802.0318233,3289600639.669567,97911789.18108825,35650190.65906659,88520081.17697594,32230621.026428767,1.7560553127142687e-06,3.579899509246483e-05,1.8283337012054717e-06,3.727246443944596e-05,1.631842,2.6647749,3269,43268,3540,44193,4.1692081907350024e-09,4.630774408245036e-09
1422,1471,0.5979737673201271,0.741084444689061,1.6299290055902564,1.104255798655069,150338766.24951202,5099108258.7205925,40874516.21207469,54346470.56864878,40652974.452303484,54051910.196003295,3.0417152824073587e-06,6.956559592578698e-06,3.048334905871269e-06,6.971699012554482e-06,2.1993811,2.0500636,6704,17167,7052,17303,5.556885572168138e-09,4.588583984940734e-09
1423,1472,0.9694130199119625,0.7341428093873755,1.590959775989411,1.0242969859821873,153388895.50573573,4959641769.446283,62714979.96590793,46543230.719438806,57712318.62990702,42830560.78158219,1.6775077683340152e-06,1.0823462538584341e-05,1.7342258126001234e-06,1.118941352788179e-05,2.3709996,2.4194572,3368,21780,3509,22187,4.394398872723157e-09,4.35860933377354e-09
1424,1473,0.2538577199449422,0.5209202431426371,1.3388783966686764,0.9182711052811133,150792426.97932154,1916683641.1953712,15097407.204618325,34431458.54861492,15145909.390952613,34542073.63607016,3.2889188901557695e-05,3.723992790562164e-05,3.284701955657124e-05,3.719218019825728e-05,2.5355229,2.281368,23996,30936,24862,31287,8.183021209933213e-09,5.326696267808962e-09
1425,1474,16.269971083757685,2.1595349556918864,16.382449074395602,2.316963967193083,160873977.20751417,31128988571.282284,911933285.5298744,150766407.3055385,850903649.1530687,140676613.28036693,2.5263590019931213e-08,2.2000129953203604e-07,2.5973360151720068e-08,2.261821452170468e-07,2.8701825,2.3043129,252,2955,274,2972,2.4338223009636184e-09,2.7725596778932293e-09
1426,1475,0.482157688651679,0.551944611119103,1.5521097232355794,0.8875460932151409,160957277.85382855,2228422637.491951,18364995.126997516,38553575.83244046,18426119.395297345,38681893.814384036,1.5343114895871495e-05,3.15831600884795e-05,1.532273574557658e-05,3.154121046021955e-05,4.2257996,2.3043129,7999,30050,8091,30543,5.684867169245656e-09,4.954076721350978e-09
1427,1476,0.2629599354657827,0.5488673312177513,1.491182194249312,0.8834168956659763,160833339.2924839,1334662886.0826106,10770011.710289381,37409068.64718378,12690222.51876546,44078819.793574676,9.347786585943752e-05,6.340410511262403e-05,8.754020593843032e-05,5.937671306325208e-05,3.9268968,2.3597531,29585,34458,31771,35861,7.631463955468855e-09,4.941051120758456e-09
1428,1477,2.1000520925136885,0.6850349350053851,2.527056831323478,0.9398059187185224,160776474.51752824,6112305904.600054,119153122.26402806,56619956.51027568,118237110.79187387,56184680.21427263,4.204838767584835e-07,5.105911249977285e-06,4.2178389681377293e-07,5.12169731786809e-06,2.8336561,1.9452064,922,15791,907,16044,3.086021284425829e-09,4.317891817572591e-09
1429,1478,0.8045544224039095,0.8494780024874247,1.369845831600956,1.080259507217813,162193361.6027495,6974971360.779686,45465187.79277922,59792093.700045764,45821094.08753268,60260152.528293125,6.213610566732898e-07,3.027169290102972e-06,6.194260197699887e-07,3.017742107266232e-06,2.8701825,2.3043129,1530,9000,1510,9163,4.280392374463893e-09,3.859739265789497e-09
1430,1479,1.472909747625156,0.5005786260830125,1.9780404268823828,0.7919427820783292,160522508.11795864,3128137918.5059977,193390011.9429031,34871191.5682488,187828535.20687565,33868371.83254482,7.742418023744678e-07,1.9182853759069304e-05,7.833315217951023e-07,1.940806345172895e-05,1.2225821,2.3043129,1988,25769,1981,26041,3.436592035928751e-09,5.062605047046474e-09
1431,1480,1.2431162203785115,0.7949693369384639,1.8684743332849576,1.0517821020607345,161209211.59645417,5427380360.9344845,132573165.1878565,55615875.80020305,134150277.89227505,56277491.62696238,4.428461033061201e-07,5.9546201432868626e-06,4.407562171356831e-07,5.926519007938137e-06,1.5116316,2.3043129,1558,13790,1590,14025,3.72922864503102e-09,4.0766808889894046e-09
1432,1481,1.3085658509638667,0.5445419629377408,1.8954574394315402,0.8426771879235472,160677449.6806257,3453335695.6850567,73255628.75253816,37970370.191009216,74239086.07788472,38480122.674830124,1.3547473768176253e-06,1.2456626580193069e-05,1.347540020478711e-06,1.2390356404601263e-05,2.8701825,2.3043129,1652,18483,1630,18668,3.6434430318882726e-09,4.899400690072263e-09
1433,1482,1.4240997535001798,0.8346863094946979,1.8440465162580524,1.0587744370440557,162562115.51751536,7368728515.9274845,132412759.27466118,58884525.73648554,129917578.36891173,57774908.01485026,3.9481230859728823e-07,3.4176636620096964e-06,3.9782809597966526e-07,3.443769603300424e-06,1.7483562,2.3043129,1635,10772,1664,10929,3.4526459666331277e-09,3.924570809371475e-09
1434,1483,1.1018283169733087,0.7387451417360444,1.7276303580460772,1.000542465157222,160821440.7812596,5801710214.2295685,61737404.304164596,51558127.39847375,63028152.90823544,52636057.08661254,4.487048527717092e-07,5.106520295108229e-06,4.4500642451736993e-07,5.064430046197117e-06,2.8701825,2.3043129,929,12777,907,12857,3.85957991201191e-09,4.2342442503953685e-09
1435,1484,1.3920574263027794,0.8055308843559671,1.8346942660947703,1.0450392130472832,161193003.25236169,6130608484.070027,105889008.7250981,53452715.946713075,98244361.29510936,49593701.942258574,2.9519346885426197e-07,5.495410921549099e-06,3.041753694093755e-07,5.662620699592013e-06,2.1191049,2.4291739,892,13764,854,13869,3.4586484517601714e-09,3.94758788433318e-09
1436,1485,0.5430754075952857,0.5066288564466361,1.34229663122642,0.8072249133908086,161400556.81572425,2356399415.9408236,30539059.163940106,35485710.09145533,31431530.66896033,36522742.205706835,9.422736939159726e-06,2.5339233858602983e-05,9.314791017909383e-06,2.5048950158622214e-05,2.8701825,2.3043129,7713,25641,7736,25912,5.18461354243074e-09,5.030789274805988e-09
1437,1486,5.711506024412017,1.1802444232870088,5.959602897520703,1.3794910988581421,161296374.832877,12086079569.116196,320970954.4859241,82614278.16201268,307735812.78382057,79207703.0099324,6.05569848613466e-08,1.3523402114168942e-06,6.15856204116533e-08,1.375311388412541e-06,2.8701825,2.3043129,238,7017,255,7093,2.510801222190618e-09,3.3523113470658952e-09
1438,1487,0.5708481752438114,0.768180057690977,1.5312327693436372,1.0529197219444724,160956349.29571947,4333087760.752633,35913414.83595761,53657408.10968633,34804849.736178875,52001126.45987154,4.3361790934823916e-06,9.259608489404543e-06,4.390904452144869e-06,9.376470681839917e-06,2.5584211,2.3043129,7126,17141,7344,17412,5.265513285724804e-09,4.2688373085798435e-09
1439,1488,0.5974941742860476,0.4964044743308849,1.1939559816145544,0.7811020938328664,162535914.57079038,2566887657.128193,41162676.12719661,35014149.00398414,41494888.92189042,35296738.70389807,6.527595266068634e-06,2.795998079000297e-05,6.50664057427247e-06,2.7870224492898164e-05,2.3592796,2.3043129,6807,30223,7102,31146,4.87529402359537e-09,5.045094815367641e-09
1440,1489,0.7954664894744066,0.5011399006582072,1.5332250794203106,0.8139397036010334,160908798.39468685,2106225932.4812026,44595616.12704648,34994301.009444006,44002907.1241388,34529200.64622289,6.863987870222951e-06,4.014610235374388e-05,6.900822023594831e-06,4.036153800417619e-05,2.8701825,2.3043129,4906,36412,5037,36695,4.408930115306985e-09,5.113402874289684e-09
1441,1490,1.2667264543288863,0.931971953659992,1.7534864550920246,1.1539941621830243,162038415.01597574,7819156596.266357,84396579.5049276,65535916.67624977,82566165.49577884,64114557.413939744,4.1057263663614714e-07,2.601030610527908e-06,4.141895081508781e-07,2.6239439580934904e-06,2.4320695,2.3043129,1396,8720,1320,8826,3.5893681000195564e-09,3.7026219048775114e-09
1442,1491,4.10195879377105,0.885849723218722,4.358372514576814,1.1072930066479125,158997467.3846173,8426124593.214624,227233306.42760757,61123583.72647265,212390009.88806477,57130879.07821877,1.5157991059478596e-07,2.509930106330355e-06,1.5573162225376574e-07,2.5786760637912546e-06,2.8701825,2.3043129,469,9133,445,9178,2.6347785429401374e-09,3.754987870831258e-09
1443,1492,1.2649911075119986,1.4500188286504887,1.802728964603101,1.8396705892965146,152462714.38043746,10888681180.709822,116763030.55651706,68329980.15778644,110231073.4523336,64507464.61332795,3.1916570191776426e-07,1.8648059556718805e-06,3.2660042375651586e-07,1.908245189525523e-06,1.6517555,3.2353852,1948,6298,2104,6276,4.349871181781109e-09,3.613777073259383e-09
1444,1493,1.0789236454783315,1.4545492839853722,1.6637719483211098,1.8649940985445743,152662961.43791705,12747505920.414448,66463523.64943668,87978926.35891055,63412690.9215643,83940485.82550508,4.6405368782191345e-07,1.0988824227621593e-06,4.7285839096904815e-07,1.1197320222372486e-06,2.4782267,2.5239658,2240,5439,2387,5550,4.58301912530425e-09,3.64095061722814e-09
1445,1494,3.9357072754898965,3.8893330315250987,4.270362105342076,4.173575436246349,154247081.50350618,51037907883.23483,244961996.776337,237688747.25161913,236214295.92129663,229200777.34229106,3.330981983214176e-08,9.682851906285419e-08,3.3797867408112653e-08,9.824722754736773e-08,2.4782267,2.5239658,612,1808,686,1958,3.3122297417622044e-09,2.823377047319386e-09
1446,1495,0.9924131731028474,1.133778012437019,1.5678443848593593,1.5495720937666582,153080004.36832193,9207310349.31723,61301338.11961759,68764300.64803818,54653048.60715303,61306633.44445702,9.431317102767087e-07,2.6340794924978792e-06,9.874487673042467e-07,2.757852927122241e-06,2.4782267,2.5239658,3570,10085,3504,9609,4.606741566734098e-09,3.8801592092240045e-09
1447,1496,0.7899154854618626,1.0698875896368738,1.3879468434536781,1.5021316239000941,154083573.37374744,7509147997.611876,49166973.67356352,61342157.059473135,46260513.915030524,57715972.698835276,1.2082221885739082e-06,3.3834548227948245e-06,1.238032417936555e-06,3.46693414080397e-06,2.4755032,2.6874194,3549,9151,3665,9454,4.837790837456564e-09,3.9125853960743996e-09
1448,1497,1.2039243564138964,1.320584082630404,1.7390343525074388,1.7410306130168687,153918466.56654468,11986763518.687347,57782159.92892163,84463160.67058448,53340822.2907748,77971028.58371615,7.362793985082704e-07,1.4844547581888538e-06,7.602147209034067e-07,1.5327121225674186e-06,3.2069793,2.4065199,2674,7189,2752,7394,4.222720808961386e-09,3.644005216083581e-09
1449,1498,1.4918381156280527,1.3440347308581848,1.9548156993156058,1.732558722526863,154371994.10522255,14128707988.797894,114261900.14241932,88687432.45758717,111218096.31547922,86324902.63811605,2.2724906117712024e-07,1.0708221233672223e-06,2.2971665920335228e-07,1.0824497118130424e-06,2.0155277,2.339467,1586,6570,1593,6467,3.953928533854681e-09,3.6107240709864686e-09
1450,1499,1.2360032025246124,1.1433883957520488,1.779784794748629,1.579925790641679,152866379.08168817,9885897165.507427,76241343.902601,69250401.07224749,71379629.64367655,64834481.24324645,6.161788987501909e-07,2.1851960343642895e-06,6.326351566567756e-07,2.243555951574833e-06,2.4782267,2.5239658,2292,8430,2458,8559,4.365242206418393e-09,3.89569091755417e-09
1451,1501,0.7703079644726442,0.9313195521002615,1.4182556256995338,1.4051032009467956,152200744.34791464,7022727301.061317,31444696.924187463,66686778.45843839,30064051.182718586,63758754.79476937,2.099252174318662e-06,3.3199916468031494e-06,2.137295523336094e-06,3.380157644247112e-06,3.7284966,2.1255717,3668,10686,3954,10969,5.070312107316461e-09,4.194780224675299e-09
1452,1502,1.2089611349103446,1.2425280037393662,1.7494291416486463,1.648980122847782,152085507.03332892,9002431120.704487,78983496.04444686,61508851.52951362,74129385.58502397,57728685.10856303,6.811139575506315e-07,2.6987537005780234e-06,6.986154099819786e-07,2.7680990854302743e-06,2.3278973,3.0722489,2644,8030,2634,7908,4.402275566732749e-09,3.782992071494685e-09
1453,1503,1.938320619670017,1.7885341429618284,2.3988032195095492,2.184786518742712,154286912.41109282,18906402445.05683,128550118.14520872,109401600.99293761,120331821.58275045,102407482.1672195,1.353524155341922e-07,5.655319740903707e-07,1.389769595783504e-07,5.80676111270194e-07,2.3263884,2.5223343,1077,4240,1100,4239,3.7281608459533674e-09,3.328475885362125e-09
1454,1504,0.6486044893281591,1.0169036329172576,1.3443018114016445,1.4982955629051726,152592414.51852363,9186152998.388172,60676699.63247016,74958924.8353274,58632049.1574808,72432999.69111888,8.549752877921882e-07,2.2332090301129917e-06,8.667788647219399e-07,2.2640401605135254e-06,1.6311389,2.0700908,4685,9999,4815,9910,5.417141103629444e-09,4.085305636161754e-09
1455,1505,2.891659812422098,2.734730007773612,3.296873839134131,3.0894527847360638,154124224.77349114,34151203352.745255,179836181.61252746,166994395.2540527,163820128.0652547,152122020.00397107,5.137694521264819e-08,1.8106876487275875e-07,5.3330076043938146e-08,1.8795222175780363e-07,2.4782267,2.5239658,641,2393,708,2450,3.467188104141262e-09,3.0116168127068026e-09
1456,1506,1.2276339430364689,1.4832277304484767,1.7598384151348971,1.8601093742714172,152150529.01870522,13597025971.01699,75370487.24167073,89412417.49113607,72940150.89539711,86529296.31215082,4.476364749301687e-07,1.0222441061911413e-06,4.5354390315608826e-07,1.0357345923889774e-06,2.4782267,2.5239658,2346,5422,2456,5507,4.436186203577865e-09,3.6045154413596225e-09
1457,1507,2.353816474904627,2.2419368102006274,2.8051358983459425,2.634580132993694,154261194.94104445,25318766702.25123,146517080.98000264,137023984.76392287,135099253.83759534,126345938.4778939,9.063782415578534e-08,3.080345268676355e-07,9.362753602093326e-08,3.1819512470224947e-07,2.4782267,2.5239658,897,2991,926,3090,3.589157622050152e-09,3.147985419287155e-09
1458,1508,1.5196612953668096,1.8364679570934839,2.080649127873548,2.2828865180969196,154187197.50688493,19108775221.82537,94548378.60163918,112188464.52493075,93557169.34932451,111012323.31886506,1.8792154110424316e-07,4.932021120032686e-07,1.887154122889845e-07,4.952856354922325e-07,2.4782267,2.5239658,1410,3713,1449,3734,3.946285767007753e-09,3.2983715770987687e-09
1459,1509,1.5089425918936143,1.6256145112993936,2.008977486024459,2.0018242379489886,152350638.00713596,15650364281.158031,92763251.47781417,98124708.32612753,87298899.02768727,92344531.56628099,2.661854387450558e-07,8.536127811084721e-07,2.727289075589391e-07,8.745966059136493e-07,2.4782267,2.5239658,1588,5088,1681,5293,4.210425105268789e-09,3.517231311734103e-09
1460,1510,1.1873801237064883,1.060172518032965,1.684311614236165,1.471903647131805,153633480.69710854,8768644058.690239,73609626.31691085,64532567.78868497,69002744.50263001,60493776.561915234,7.291691672286943e-07,2.6835315695223676e-06,7.48265282636408e-07,2.753810224812478e-06,2.4782267,2.5239658,2514,9144,2580,9323,4.2386331892891125e-09,3.92041405472621e-09
1461,1511,0.2059336584135125,0.4067699482460434,1.065825203400463,1.0194097684758745,152294078.5530081,1333884182.7431936,13151385.294732066,24792214.8958168,13170759.5100086,24828738.022301886,6.628832242553344e-05,9.554758046676473e-05,6.624930109412028e-05,9.549133535953173e-05,2.384728,2.498714,35413,49668,37078,51006,9.091535804664328e-09,5.993459730559669e-09
1462,1512,1.2801538629724531,1.358049672382815,1.8113626817887483,1.758435975592663,152959341.77437016,11648787569.603636,65164709.0280917,82839714.93700054,61560418.91898836,78257812.09968936,4.994020770350391e-07,1.486616381020436e-06,5.108985873062702e-07,1.5208391071157117e-06,3.0048702,2.50757,1886,6935,1936,6906,4.308074413394072e-09,3.6711110554184942e-09
1463,1513,1.0212835395558093,1.590026676850116,1.6186335015002973,1.9837974114678176,152483515.52160338,11760064279.60822,55905639.48230873,79422889.6721251,54534863.459440194,77475483.40260315,6.196431497943109e-07,1.290633837700898e-06,6.258268742439311e-07,1.3035137089951217e-06,2.785567,3.0526824,2435,4957,2616,4972,4.6666085502826185e-09,3.5526364087687555e-09
1464,1514,0.8279555532107372,0.7507393760883426,1.4021591388961454,1.1605009456214355,152691067.8774636,6413698293.205351,56953778.11450762,67528154.86565514,54003399.623632185,64029991.57886548,1.669194143750352e-06,5.070602740177686e-06,1.7050904727440172e-06,5.179646990565866e-06,2.2197196,1.6975319,4692,19739,4823,19158,4.8821007927063955e-09,4.561344549966042e-09
1465,1515,1.7611063715744968,1.9754337339238996,2.1955928810028786,2.2765935118628837,153855455.3091331,15197501773.452087,70336083.90869312,102721608.31026053,66550497.20403128,97192987.25132293,2.458780924459276e-07,6.732344658036473e-07,2.5137992201273763e-07,6.882989282472408e-07,3.8523018,2.958786,932,3449,970,3458,4.014309667879348e-09,3.355708527942484e-09
1466,1516,0.28956465074639604,0.45815344432143784,1.0171179079572963,0.9061517178823322,152686790.2989558,1692801428.8161042,21794201.107884992,31292514.86157896,21485503.299380783,30849280.869539678,2.4636607224018696e-05,5.179593447845858e-05,2.477759036621889e-05,5.209233704434635e-05,2.028645,2.235486,19006,38785,20558,39222,7.610222371566563e-09,5.6643924607541715e-09
1467,1517,0.8473151268736105,1.0968763966624986,1.4293711806990401,1.4799282657837218,153631415.40013415,9955550204.622597,75377736.1943191,80789023.49593699,69369133.00363536,74349069.08952573,5.24737393225575e-07,1.6989766011271095e-06,5.424662744602013e-07,1.7563785602225672e-06,1.7269585,2.085861,2907,8100,3025,8109,4.8412235067159524e-09,3.938436258536185e-09
1468,1518,0.5347156514058495,0.9041833239343506,1.2148110872387121,1.347917396964995,153447822.28680432,5302790160.237162,35330991.245593354,50550260.75436927,33301164.137719963,47646060.05204437,3.1111884261439724e-06,5.6805960743792245e-06,3.1857000114893373e-06,5.816643835309364e-06,2.3223507,2.7446933,6740,10912,7104,10975,5.761913192993883e-09,4.214258051439716e-09
1469,1519,1.482454871149891,1.7104867763321194,1.9885512864220276,2.0810590551656425,153470195.52140543,15872638349.9357,74799857.85431272,112390231.58059025,67107201.91559857,100831661.72199744,3.2480696739498794e-07,6.486458831238795e-07,3.392173001883036e-07,6.774236002886176e-07,3.0416186,2.33569,1597,4335,1695,4408,4.164507225178284e-09,3.4610448252373973e-09
1470,1520,1.0433284855615756,1.3409705478283271,1.5816687708135033,1.7064090078614862,153192957.60564363,10058117736.220093,67832582.36236772,67269502.76350664,59948528.19676149,59450894.286422975,6.151761952952947e-07,2.039685024656494e-06,6.463435987926095e-07,2.1430240138063976e-06,2.3562508,3.0537946,2677,6968,2626,6718,4.526344586599568e-09,3.6599151738607903e-09
1471,1521,1.0261270112583925,1.2202551989189765,1.5598029580445871,1.5915654173322418,153985643.7196534,9743873755.865295,67685352.13467999,74468882.11449683,64516397.384747505,70982329.85087961,4.789253284394167e-07,1.6674116887772833e-06,4.881998476045645e-07,1.6997015693608543e-06,2.3344612,2.5232255,2025,6568,1999,6439,4.526586586702852e-09,3.768243770547436e-09
1472,1522,0.7162627591312132,0.698146715648229,1.2990918858801659,1.0980690906381207,153008323.0110418,5049896829.40094,34468700.410447426,58009917.50786266,32477300.16918926,54658443.2037862,2.680931199857016e-06,6.5870494801269115e-06,2.745514014684905e-06,6.745729492825435e-06,3.179527,1.8414482,4033,17673,4258,18064,5.1006119596353216e-09,4.6767531406804325e-09
1473,1523,1.6208196475183552,1.65543594897537,2.102049140389011,2.0309480320185966,153520769.11119285,15793338786.213,106589682.82597733,100721794.42583163,94214973.59959526,89028327.61240631,2.2585830405372603e-07,8.09050834973184e-07,2.3728711625628548e-07,8.499901756539363e-07,2.3344612,2.5232255,1533,5098,1528,5064,4.073902204050374e-09,3.4867060262561563e-09
1474,1524,0.7262334184612886,0.9259842549163713,1.3296623832419694,1.312696272255221,152928450.07864562,5635743114.124126,44406138.66627803,51245754.96235555,42153829.22749865,48646535.55112718,1.9158096893985216e-06,5.904476892923742e-06,1.956116682869019e-06,6.028702024932808e-06,2.501045,2.7633379,4207,11994,4317,12042,5.1103341204930445e-09,4.1900699475077145e-09
1475,1525,1.0948332976576318,0.8029641965381134,1.5870218927031052,1.1646859727063807,152491508.5064074,5635140996.816399,94396482.43847966,45504666.48469006,87572844.37749363,42215270.88269005,6.744806196770014e-07,7.151645004688966e-06,6.950307469108657e-07,7.369541873020288e-06,1.7686335,2.6908278,2078,15124,2149,14977,4.38974902874404e-09,4.3987556211443065e-09
1476,1526,0.9545397298097986,1.3616075221523956,1.5284716572299009,1.7418040695314911,153331389.1617568,12512973226.801739,53296507.69170427,104591541.08826691,49659007.614753515,97453142.05924034,6.491782810180472e-07,9.619295074665881e-07,6.677966990594721e-07,9.8951762342806e-07,2.7461631,1.9961191,2787,5875,2958,6030,4.687390324559015e-09,3.6704164293685728e-09
1477,1527,1.3353956409617613,1.193797008241161,1.8161182119374923,1.5541540943470424,153783523.50424457,9804206577.009636,87969698.07821555,72758582.32890855,78887199.58242932,65246567.066899866,4.226419136982172e-07,2.0972390206175676e-06,4.414720253880163e-07,2.1906780377109646e-06,2.3344612,2.5232255,1699,8021,1775,8149,4.198919215206263e-09,3.815273077310592e-09
1478,1528,1.2585950271305277,1.276899998046611,1.7545966909301918,1.6251302750037402,153469182.66648105,10657928101.326698,82740955.43837681,77664401.79327793,74506586.19341168,69935250.51424204,5.403597890365863e-07,2.2296770566543687e-06,5.634992859802758e-07,2.3251571543312432e-06,2.3344612,2.5232255,2342,9255,2467,9418,4.2806802684483414e-09,3.739533721743599e-09
1479,1529,0.9515820174959808,0.7996434388429593,1.5038510831902372,1.2170557323498084,152843541.63179797,4699169315.779117,49763769.47531956,39553984.01261864,44944361.82309102,35723350.29583235,2.2757333046696013e-06,1.0904236049133362e-05,2.3703724230210037e-06,1.1357701876551741e-05,2.9226718,3.0899627,3472,16340,3659,16583,4.655734046895806e-09,4.4192767343987535e-09
1480,1530,0.9428054084978406,0.7129907822943247,1.4846574919333857,1.121369088132147,152718113.256599,3313741838.544165,55930665.02824368,30226120.59049945,51878698.12251562,28036351.520895105,2.499165527583275e-06,1.8334105619914986e-05,2.5754871502666175e-06,1.8894007985690985e-05,2.5743206,3.602401,3056,16620,3217,16865,4.654581998308713e-09,4.648208212346697e-09
1481,1531,0.7502070123298026,0.8085782102437387,1.3838453505149788,1.29181326268323,153861225.9718149,5047079584.406298,58997508.87482472,44805726.486298315,54372416.30617162,41293194.57508552,1.6630058342912637e-06,7.905590489057756e-06,1.7182082072917276e-06,8.16801130921794e-06,1.9564855,2.776628,4300,14469,4290,14370,5.098719222713231e-09,4.441835894749762e-09
1482,1532,0.3626020745609201,0.7351166013963841,1.1045472750007244,1.1997045552093473,153799211.41596228,3214623659.2269754,27085800.32441108,40472953.43868898,25219979.652306303,37684951.15400176,8.701701757252242e-06,1.5973793544077923e-05,8.953708896063231e-06,1.643640535488212e-05,2.0589354,2.7934792,12968,17727,13586,18382,6.846481693777297e-09,4.594561427364241e-09
1483,1533,1.0760902350546262,1.9208237364448908,1.5602424377574526,2.2679922567886557,137658598.00559634,19487359079.608055,53399587.78130179,94329457.70686728,52999543.2758389,93622785.93603875,3.634226201748853e-07,6.385217211510563e-07,3.645174018931695e-07,6.404452170157528e-07,2.774049,2.8031318,2349,4347,2553,4439,5.739261935668949e-09,4.03720333673706e-09
1484,1534,0.5244522702972393,0.625432184703324,1.0907384868896604,1.0890238043491116,131614035.13397017,5179868988.940074,24882501.905694984,29365602.263674866,24114009.28457201,28458649.70962719,4.983239151436891e-06,1.4966829539150897e-05,5.046166531823494e-06,1.5155827768409073e-05,2.774049,2.8031318,9141,27712,9305,27657,7.268142941289685e-09,5.853252566953699e-09
1485,1535,0.3338926584288948,0.5192113680128069,1.0038910756627573,1.0697663156681554,137431961.82022852,2986181864.0696,14051772.071951918,29343381.273265887,14188155.198692756,29628181.088314455,2.0406048061974215e-05,2.5930200000101286e-05,2.0327359675323308e-05,2.5830209762043115e-05,3.265604,2.431766,17422,31244,18660,31842,8.362096687406485e-09,6.1091473433940795e-09
1486,1536,0.34132020263171003,0.39035622591059876,0.9771590099228518,0.9274222510518491,133710130.41220331,2350617370.0765963,15302294.046802562,18434474.418742243,14678157.154445784,17682584.830112334,2.3794782242495472e-05,6.938134983316559e-05,2.4194449146234188e-05,7.054670738855063e-05,2.9824266,2.8313572,17742,56832,18754,57601,8.381000288988842e-09,7.02488641901014e-09
1487,1537,0.32321203090134215,0.3620628435853993,0.9675398754872054,0.9102535248508493,131152644.22742425,2199464135.4958735,17523066.188164484,17698066.26767843,17580290.972818453,17755862.54716995,2.3026678249600868e-05,8.046716608143214e-05,2.299666769524412e-05,8.036229362716653e-05,2.4191036,2.6830897,19665,64681,20936,65963,8.763790238656515e-09,7.424273699057803e-09
1488,1538,0.3636195952708707,0.4917038038009928,1.0261275676437618,1.0561777047070535,135809637.08951735,2591529865.080818,15466573.69099301,21728486.84043919,15658179.307726052,21997667.345760975,2.1071712408684523e-05,4.262721340722614e-05,2.096819136656033e-05,4.2417794567922516e-05,3.1928885,3.073298,16160,35332,17103,35945,8.207028005376794e-09,6.340955315624514e-09
1489,1539,0.49306013191527254,0.5751272466386254,1.0829584359421072,1.0674213158526518,132377326.62499042,4953632210.625135,28228049.194885775,30387333.262372993,28143168.625264715,30295959.815388832,4.404035124106818e-06,1.418407960350634e-05,4.409343400871621e-06,1.4201175974917472e-05,2.3122385,2.5054455,8832,27564,9435,28044,7.38484303449647e-09,6.011253414624952e-09
1490,1540,0.7370526780429907,0.9420493506872798,1.2698922077770731,1.3849784367934646,137477356.68523717,7548698021.36126,25917388.1429203,47940359.529421076,24078275.361825906,44538484.02195783,3.0961523851215514e-06,4.586169475654429e-06,3.188663348469832e-06,4.723201153523416e-06,3.9096553,2.7014911,5556,12745,5978,12815,6.3202142627830525e-09,4.884766009607517e-09
1491,1541,0.44915599029203135,0.6237410795131715,1.078751591218741,1.151557006984114,137558506.59999138,4668143753.537856,26499171.55492932,33698703.1054911,26750954.63423903,34018892.860067256,5.461188910748325e-06,1.3258171077335504e-05,5.440570025391704e-06,1.3208114447918413e-05,2.3315909,2.5461185,10245,23850,10934,24308,7.4498751436241634e-09,5.665336538758506e-09
1492,1542,0.30924296882532565,0.4769728805476221,1.0062708242433764,1.0643589880680404,136761371.48153374,2340359546.7700844,16743797.16786899,19700225.447659086,17171248.209767897,20203150.907685842,2.0851335028136192e-05,5.2381141975038265e-05,2.0642139167962412e-05,5.1855616005714636e-05,2.5258603,3.311204,18269,36400,19320,37023,8.701967484080175e-09,6.378423661894459e-09
1493,1543,0.6915961780629634,1.1578008314058463,1.2406784555472354,1.5628687859461339,135299376.83996674,12251222925.124945,36374910.06785781,72116955.07007298,37298509.9824644,73948085.7428403,1.0843094526634387e-06,1.6597209449678371e-06,1.0734885635591153e-06,1.6431577247123053e-06,2.5724471,2.1721623,4963,9309,5164,9361,6.623148520128855e-09,4.7240180360678364e-09
1494,1544,0.9980703574403906,1.2510938861991758,1.4902926125820877,1.6657291571565593,136659561.90473908,12354594627.675003,49168510.649202704,60993900.60420165,50464856.804804295,62602027.58464914,8.631156810368566e-07,2.017731204353665e-06,8.54177662717084e-07,1.9968365330307837e-06,2.774049,2.8031318,3539,8784,3844,8893,5.944452050160852e-09,4.5606553669404294e-09
1495,1545,1.0753366137179612,1.6366920642633913,1.5287002023021907,1.9711483413074435,138059681.89457723,17171081067.380419,53517667.07058656,80610260.90588489,50938536.64836469,76725480.652452,4.843375247816451e-07,7.938713870086929e-07,4.940016523674955e-07,8.097117338293669e-07,2.774049,2.8031318,2758,4793,2998,4863,5.586708725525478e-09,4.071414494228224e-09
1496,1546,1.0993718222178714,0.8146867059193804,1.5417728071382204,1.2463809122634186,135087011.38891798,9107975894.920513,71651161.57275452,43796729.922095865,63677605.72746041,38922898.651119165,7.314067425579344e-07,4.652107592756182e-06,7.667496095787191e-07,4.876905657157593e-06,2.0726929,2.5128267,2985,16575,3214,16862,5.695708057074013e-09,5.1451774026777915e-09
1497,1547,0.8895817982480285,1.0762821250210666,1.4084242230550148,1.5294126659126144,138427197.90144715,9097795066.145561,53793008.81199106,46024104.66891023,54329833.89198863,46483400.29517006,1.084482628951992e-06,3.903662582547755e-06,1.0801836108385506e-06,3.888187999826818e-06,2.2891881,3.2371454,3979,10703,4310,10971,5.9462867975809835e-09,4.629649554022629e-09
1498,1548,0.5194738918957653,0.7363382631515052,1.1146233171636069,1.2186256619880314,136905122.09622958,5480404852.10215,25637123.423484344,35962804.11105979,24940347.226599123,34985392.35296534,4.374372351123734e-06,9.818931742599113e-06,4.4228526143531525e-06,9.927752930486926e-06,2.774049,2.8031318,8005,18821,8642,19197,7.103777914986792e-09,5.349571324957164e-09
1499,1549,0.1484233306064021,0.24468818343373333,0.8964902238791448,0.8666507732100427,134093619.35320607,818701505.3632112,6809452.080147006,11158414.652611954,7109922.569818863,11650785.297881193,0.00025169106950888407,0.0004727247187301813,0.0002473812188476599,0.00046462998201357185,2.9227934,2.9404826,67131,129301,70501,131618,1.2441107271760355e-08,8.83625081840627e-09
1500,1550,0.4746903895167174,0.6022315457109213,1.0855754501003836,1.1127748691472106,134663581.518494,4765236904.639221,24905291.630037136,32118072.603670444,24950172.943849742,32175951.921728414,5.5004127242619075e-06,1.4010096939147781e-05,5.4964528463159976e-06,1.4000010737135215e-05,2.5666637,2.5250163,9721,26265,10212,26440,7.4208117288383305e-09,5.842345808106325e-09
1501,1551,0.4168906932722307,0.6877064749375471,0.887256061641108,0.9119314608407574,165322380.2083142,1534606041.062632,18512921.65346656,29836829.41892988,18284994.75295964,29469485.129481267,3.300991206565472e-05,7.575284108636938e-05,3.3173891254493766e-05,7.612914894835003e-05,3.7228787,3.8105011,13314,30085,13607,30508,5.803560092788356e-09,4.175666949966429e-09
1502,1552,0.5655759812259955,0.5569393643031508,1.0088065745949506,0.8019235540921328,164158364.18851158,2404452227.6253176,24300971.78007752,32661542.466815457,23343380.759785112,31374499.295942646,2.8855594325749145e-06,2.189230170814717e-05,2.932337663377411e-06,2.224720104951605e-05,3.8205891,2.799202,1981,19912,1816,18805,4.970779103570212e-09,4.674816528640294e-09
1503,1553,0.9806724081724183,0.8973407740776669,1.3634540178279138,1.1669527884824524,163514380.38837123,5204779225.6471,41971025.14538527,52417839.32368265,40895239.35793562,51074284.660485744,1.5451837065192926e-06,6.194001327691639e-06,1.5613161392974608e-06,6.258669567218939e-06,3.8205891,2.799202,2015,11273,2105,11517,4.01381939803493e-09,3.88071212490624e-09
1504,1554,0.834711739183481,0.5722603507235455,1.211240678746804,0.8136551162351112,164915286.74888036,3586458516.4034595,83220006.39375329,33714780.081819154,77860566.64392394,31543519.343477998,1.004988539338936e-06,1.3335485452641348e-05,1.0321080921224976e-06,1.3695342692272373e-05,1.6541302,2.799202,2125,16903,2179,17086,4.162368510735524e-09,4.6154577241724805e-09
1505,1555,0.7432334151380829,0.7067229216776747,1.1336003988532368,0.9218671117278391,164880514.79390752,4204757539.101545,43847233.32762672,41627877.92480478,43995883.61375271,41769004.18283121,2.0884187754798224e-06,8.03660287894282e-06,2.085593426711452e-06,8.025730439797713e-06,2.7948105,2.799202,3093,11991,3142,12072,4.363982529117577e-09,4.11737761910502e-09
1506,1556,0.20255755486837265,0.25266014590313446,0.7700274590955966,0.5838345995924267,166485751.41817075,4274513616.24246,8826635.329009438,15027252.139755543,8479515.266021641,14436283.949176535,2.785995622858371e-06,7.8052596466703e-06,2.8310666438569095e-06,7.931530850597457e-06,3.8205891,2.799202,3045,11892,3117,11919,8.739754487235234e-09,7.364176527024637e-09
1507,1557,0.3873084113753452,0.8013511378138074,0.8556995636750307,1.0033587658414838,165750625.21747407,3080213081.7481165,16802804.39931374,47450827.811416544,16883327.54332117,47678223.77165795,1.0853195456863442e-05,1.1176949283801298e-05,1.0832460514716374e-05,1.1155595812586165e-05,3.8205891,2.799202,8384,11941,8750,12299,6.033510059174897e-09,3.8479316521267125e-09
1508,1558,2.680701108989182,1.915705346092783,2.890372950385261,2.050005124192635,166629684.83814028,5680331854.213611,116042816.8897018,206452774.55673262,120404090.61506924,214211954.18832764,1.3071969423568061e-06,4.3129944091781755e-06,1.2880473593503355e-06,4.2498118528480695e-06,3.8493066,1.5461811,1809,15106,1929,15845,2.8131025588641135e-09,2.689555192650768e-09
1509,1559,0.8527274607919941,0.7067895234516397,1.2312817024261045,0.9195286532917609,163952802.53403622,3899739231.270825,14718420.611117974,56838625.64643187,15134098.893859845,58443864.613734506,4.308837834093902e-06,7.976776486324936e-06,4.261102746294152e-06,7.888406456958588e-06,9.4987812,2.0387566,1693,14672,1769,15258,4.079385337393867e-09,4.099272752670584e-09
1510,1560,0.8256935510437633,0.7434404313592167,1.20714306783752,0.9540339538444327,164318013.17081684,4658161363.3270645,76779981.58739647,43641242.965602875,71790721.17084257,40805379.74245728,1.0860826681595531e-06,7.497130611863683e-06,1.1156674389457369e-06,7.701351613826569e-06,1.7670794,2.799202,2820,12373,2863,12476,4.158088403802503e-09,4.010776558485622e-09
1511,1561,6.643862358007565,2.557193789785919,6.7898942584509205,2.710951735290981,165059725.08594292,33633318175.40408,287032723.3885406,150789297.78327692,267725782.02814665,140646621.03301707,2.4650194499878226e-08,1.491428814082432e-07,2.5346432238027918e-08,1.533553797077319e-07,3.8205891,2.799202,206,1772,217,1792,2.427788926465751e-09,2.5718528381269556e-09
1512,1562,0.4641671350241168,0.6273602670530208,1.0318634205719313,1.0847414525142574,137801031.16926897,4290533421.4524746,18464863.451453682,31139208.806622837,16798212.129997075,28328562.324285302,8.42565234514872e-06,1.4855410795010866e-05,8.750578218327442e-06,1.54282931222501e-05,3.4640229,2.7762713,9896,22538,10436,22958,7.120055553392e-09,5.494869907346172e-09
1513,1563,0.799715988499177,1.0768702372385868,1.2757188802166153,1.4496586218531962,136884347.40305644,9265027844.214642,42832642.62098431,42112548.44571413,39314201.89366409,38653259.06929692,1.2871012278550618e-06,3.570940585641e-06,1.3319958355524827e-06,3.695496427274618e-06,2.5557284,3.500303,4442,9523,4666,9452,5.93129205339944e-09,4.509626378557627e-09
1514,1564,0.6545825864511812,0.9712430400787068,1.1704239427335499,1.3609912900851957,140062642.09905553,7305981550.670982,35873360.61624774,38863740.171563014,32027577.988535807,34697375.65393224,1.7336739577773413e-06,4.898328530368833e-06,1.8141225087727114e-06,5.125628150807651e-06,2.5557284,3.500303,4654,10151,4956,10224,6.137484887872749e-09,4.533966149991445e-09
1515,1565,0.48754516694963024,0.7590944621700098,1.0459138454321215,1.1831386451958004,132897999.97463755,7387027068.096661,23951210.537573196,42079397.24217163,23991506.696832027,42150192.74915138,3.496254711308992e-06,5.679539395651638e-06,3.493904601470598e-06,5.6757217271711086e-06,2.7052402,2.3974235,10415,19905,9547,17500,7.2994146849008994e-09,5.306414003014123e-09
1516,1566,0.4870133976536694,0.7902417232043047,1.0453897169706652,1.208248684712497,138345283.85655633,5044930278.639576,26362741.338376503,31233357.65846378,24999927.741238154,29618759.0871355,5.989960402336599e-06,1.1851239212590805e-05,6.118495957979312e-06,1.210554901013986e-05,2.5557284,3.500303,11265,16936,11824,17081,6.9602571740049245e-09,4.998897490760383e-09
1517,1567,0.5081162653963653,0.6834745017534789,1.0581815620181347,1.1203572496565675,140033913.99666187,5433531019.254034,27775141.13147949,37517178.789727956,26290881.084441002,35512319.50596788,3.5733026961104135e-06,9.238513689775828e-06,3.652668509249543e-06,9.44370821527297e-06,2.5617695,2.5510876,6956,19177,7579,19677,6.716017302969551e-09,5.188293930629642e-09
1518,1568,0.1606586897758749,0.2983676154173843,0.8553200747874367,0.8494322407323018,131600453.22019884,988521500.5983828,8656058.599800358,10661552.225754771,9062182.092930146,11161769.129578535,0.0001518121410097385,0.00030901691277538176,0.00014905325568196213,0.00030340114172426364,2.4425385,3.682889,58158,80999,61440,82943,1.2087250595385624e-08,8.070690465825639e-09
1519,1569,0.6108591041821818,0.7938477307011267,1.1300910271055435,1.207216732672508,139290893.13063282,6519710677.0827465,29539116.91271146,39107328.24002069,27649222.66121956,36605265.80361058,2.5346779838234015e-06,6.190406280184658e-06,2.6026071902807053e-06,6.356308769157613e-06,2.8804893,2.8274946,5318,13955,5737,14274,6.328710269869688e-09,4.926751890829558e-09
1520,1570,0.5496889414150841,0.8401279718243129,1.0864943960796776,1.2481970173756212,134755102.73283648,6155087422.488859,28983279.198014073,32343351.74752438,27572492.263487756,30769010.288352195,3.2939570156424853e-06,8.09408692019113e-06,3.3603655700474706e-06,8.257269563147797e-06,2.5557284,3.500303,7376,14056,7933,14233,6.860857510540816e-09,5.0249648770612814e-09
1521,1571,0.7189254338483442,1.1969369157559975,1.2146663750610078,1.5547258520087486,136278477.3309854,14259792108.56727,45849287.582242474,71382564.33791712,43873287.32969886,68306137.79789898,7.573568752739054e-07,1.333265130322451e-06,7.708210010139777e-07,1.3569676277124998e-06,2.1368721,2.2851062,4748,8446,5054,8320,6.173282883626799e-09,4.390582771985382e-09
1522,1572,0.6290047921869275,0.932173958588332,1.1468050854990761,1.3277673675007529,134159621.27578713,7058977956.789627,33018784.27318544,35728365.586454056,30249232.860763412,32731539.76286209,2.7726064887870966e-06,6.245920706636083e-06,2.871487438419066e-06,6.4686723207926e-06,2.5557284,3.500303,7272,12531,7658,12596,6.6053446338738245e-09,4.87857847754278e-09
1523,1573,0.5406884398557082,0.9926837493463495,1.0810370773581104,1.3764842661331973,135854876.53250423,9424470980.617836,28244793.53301182,55649829.30618505,27659312.992125265,54496275.39104141,1.919216924451099e-06,2.69840036070999e-06,1.9353649474275832e-06,2.721104324222067e-06,2.600662,2.4233844,6577,10393,6955,10494,6.819610998581561e-09,4.680535445698654e-09
1524,1574,0.49157591388322663,0.5793810633992602,1.0483775851340749,1.043676183264864,141945046.12638676,4017119008.759127,29478301.042905692,29687692.1310451,27664612.030648746,27861120.072534226,4.934312426786393e-06,1.6607489509928108e-05,5.061250009601586e-06,1.7034725240599485e-05,2.3670552,2.7701807,7785,23631,8374,24083,6.682976950208786e-09,5.476439076228427e-09
1525,1575,0.3797715307112363,0.4948475396819654,0.9677154519911217,0.9719638012198984,133633441.48142369,1804492137.1838865,22525821.88142764,10541159.536881486,21874721.47226573,10236471.285166096,2.0372401744000393e-05,0.00012911749372408434,2.0612823159052116e-05,0.00013064125174432948,2.2529778,6.2733307,16241,38421,16317,37140,7.943783423766957e-09,6.2528097795601474e-09
1526,1576,1.595803073020633,0.9714395222413814,2.098798848765699,1.3241161309825893,152877781.26247856,9036002035.654411,102564138.05388002,66623575.752686895,91650492.58148995,59534293.868547454,4.625126069150256e-07,2.8633594208045332e-06,4.838022318001292e-07,2.995160904847877e-06,2.3786368,2.2291136,1689,11507,1757,11607,3.983776436057655e-09,4.022700559578492e-09
1527,1577,1.8600291924609123,0.9826823190067124,2.26058904493164,1.2799581950366372,154630000.61012194,11446282516.085394,120916448.93624595,68167081.11581393,105449097.73110974,59447306.48198207,2.7368402459031435e-07,2.0621615688088528e-06,2.890855967498805e-07,2.17820973878968e-06,2.3786368,2.2291136,1291,10662,1317,10589,3.606173553689461e-09,3.842437275249151e-09
1528,1578,0.35740541274063053,0.5101742049190073,1.188937258949857,1.0187635677166562,150975348.85130107,2649142293.6360836,22329717.32355282,37852135.62428198,21865272.960446764,37064834.52380273,1.2941953511958006e-05,2.374795461932339e-05,1.3051221616096794e-05,2.394845711502698e-05,2.4164841,2.0348582,13561,30538,14188,30917,6.9563100407996025e-09,5.3731788889338275e-09
1529,1579,0.23526371236752142,0.4694292688757258,1.1361468979024305,0.9923351117571075,151293970.8368299,1743958527.4428496,16979329.769724756,32367218.66898049,17128271.07519222,32651141.28950139,3.9929452179752006e-05,5.400956410764572e-05,3.9790203300770346e-05,5.382121263158687e-05,2.0963125,2.1942515,31834,41704,33218,42926,8.54364855720941e-09,5.61941405230167e-09
1530,1580,2.6804235578868054,1.1903061951523624,3.0697995452119273,1.5069410500984546,153304690.94280508,12656423487.635464,172755044.0393635,81861921.87564562,154959289.56900257,73429203.33899371,1.9132200062407897e-07,1.5800180931948263e-06,1.9982515640125728e-07,1.6502407541191912e-06,2.3786368,2.2291136,968,8849,1018,8971,3.5412190612452016e-09,3.705217293856562e-09
1531,1581,1.4951619115209183,0.7693897378732857,1.9634622081597946,1.123917883982124,153874637.9577987,5071079537.810083,88301952.98608564,40643033.348280855,79372555.90364742,36533070.07873952,1.0059982501483407e-06,9.190089396315312e-06,1.0498257061695014e-06,9.590466075686427e-06,2.6054633,2.9129117,1860,15893,1958,15999,3.925454833477468e-09,4.337922079282229e-09
1532,1582,1.3651099118270023,0.8662445711900754,1.8922814991651038,1.2433021530826833,152091042.8222615,8461450704.3828535,127817567.64536393,63123544.2063613,119402258.80548161,58967588.73521397,3.676246792868219e-07,3.3768471861686526e-06,3.7777730235164577e-07,3.4701049530171428e-06,1.6243541,2.0871458,1804,13450,1915,13690,4.188372044722805e-09,4.2199809693471875e-09
1533,1583,1.4166132000858218,0.8776409856971283,1.9037565531018625,1.2139166418445169,154032209.81629616,8119015678.359852,91734922.14706929,60645173.243876435,82825881.15964153,54755482.36635915,4.886757631192925e-07,2.9624447958768872e-06,5.090591553365357e-07,3.0860127702958454e-06,2.3786368,2.2291136,1634,10774,1668,10790,3.9799409510730056e-09,4.1105478892531125e-09
1534,1584,0.7118903616105581,0.6741870557611337,1.4315012830783655,1.126484973888671,151770263.41193098,5199401430.679852,41040896.36725938,53036084.384038605,39229536.69952232,50695311.33346299,2.411627322178209e-06,7.1028003499570425e-06,2.4555662679786957e-06,7.232210709815861e-06,2.6325884,1.9292817,4707,19434,4763,19142,5.213776619687118e-09,4.737245911310288e-09
1535,1585,1.9524635506809065,1.9612547917165248,2.492237845829302,2.2931425560353875,151221104.60721844,23130876877.909767,170043131.86635134,133049798.81670143,158637860.4819873,124125774.38546358,6.973645442038968e-08,3.5107449179997653e-07,7.170026543902284e-08,3.6096091291341137e-07,1.7363459,2.2291136,895,3631,929,3643,4.060673684737701e-09,3.376660328502105e-09
1536,1586,0.6420075380547969,0.7352400796274701,1.296553418295354,1.102448329773666,153741560.2588545,5202949066.223656,41495717.46240972,50709374.79667779,39499093.961685166,48269423.50488931,2.594444740508966e-06,7.791048941676778e-06,2.6461282095022995e-06,7.946253032215126e-06,2.3786368,2.2291136,5357,17720,5675,18185,5.200196996514015e-09,4.439629033262053e-09
1537,1587,0.6262648199135409,0.7054809269682685,1.297537383639292,1.0892315605428522,153367439.16987473,4955273351.613323,48524322.58718021,48279907.757762715,47248362.82594632,47010374.94843166,2.097519960854636e-06,7.952470551149331e-06,2.119996720401485e-06,8.037688223313343e-06,1.9793915,2.2410524,4984,17421,5251,17584,5.288049553195348e-09,4.537354281551005e-09
1538,1588,0.8040137770411502,0.7398758158637477,1.4477545354039203,1.1467644291066785,151824194.24325523,5436034703.93332,51318782.19480539,50392698.50741774,48315510.51367521,47443622.98593395,1.683325487782288e-06,6.89273938506843e-06,1.724423794852412e-06,7.061025270274796e-06,2.3786368,2.2291136,3657,16505,3847,16809,4.934299537554821e-09,4.511063965338881e-09
1539,1589,1.6675771446467307,1.6075835617888772,2.2383717160713372,1.9548524269322838,151453911.12713394,19876335647.924026,207509058.69210014,115070810.32011381,193639883.42760968,107379882.2892338,8.689112902359262e-08,6.133746317708892e-07,8.932897267199054e-08,6.305836549123087e-07,1.2171087,2.1158695,1364,5708,1419,5762,4.150405470579567e-09,3.5273340687965417e-09
1540,1590,1.0138261921549891,1.0599975533955113,1.6951296100277096,1.4851610215091584,151330045.23211172,10971975027.422752,75325150.03614447,85379955.18523534,70781624.5322716,80229935.5209201,4.791283376202536e-07,1.6025763857421244e-06,4.912014603693305e-07,1.642958262372372e-06,2.0368013,1.8787721,2523,9393,2581,9359,4.733595536609688e-09,4.028854157959655e-09
1541,1591,0.4745449832345192,0.7005839064748611,1.2721629271541992,1.1630235815134253,151366041.7185417,4526358469.183605,33721400.52763733,42109833.59032534,33472389.90988938,41798879.848442756,2.759594389582873e-06,8.917343044834023e-06,2.7677878977127846e-06,8.943819516525248e-06,2.1301012,2.5182862,5698,15949,5864,16028,6.24652147277912e-09,4.746200430736078e-09
1542,1592,0.838153989692236,0.7002556593754553,1.490372631032022,1.1324008669196495,151610163.83636573,6519495488.510284,62882744.32484538,60514454.54776076,60274546.924105346,58004487.07173397,1.0693644757154437e-06,4.849161170479446e-06,1.0876389844431386e-06,4.932029116950772e-06,2.0207875,1.7543887,3334,17861,3450,18020,4.936422172596793e-09,4.656845279793074e-09
1543,1593,1.0463914035354733,1.3044622226589202,1.742795870464449,1.7176456156013173,151137580.74768388,12241637032.1265,66487269.197855204,88444691.42775665,64081423.422228694,85244315.02765444,4.865449393385063e-07,1.1701281418496462e-06,4.937709073375713e-07,1.187506410174267e-06,2.3786368,2.2291136,2327,6219,2504,6426,4.687937311343787e-09,3.768668153971635e-09
1544,1594,0.8824296522769228,0.7644642448970825,1.5014139260587134,1.1445325432610265,153206257.03479928,5063790096.32127,74357725.56795226,42871105.750731856,70853322.36427034,40850634.58662994,1.130648117871108e-06,8.063401364930802e-06,1.152693423146645e-06,8.22062105321347e-06,1.8181533,2.7319264,2986,14571,3149,14946,4.68027694486148e-09,4.398709868241322e-09
1545,1595,1.5451448505675334,0.8175590359740151,2.116345734962389,1.2561490468327103,151721707.43833905,7927970047.92579,112437454.99946374,65599434.71635427,100981643.72468774,58915765.6147535,4.589224929592036e-07,3.460765392041101e-06,4.790786009214272e-07,3.612763958126003e-06,2.0849993,1.8908921,1715,14363,1745,14510,4.165472518911149e-09,4.3799504666304845e-09
1546,1596,2.2360618198225657,0.7133564613355057,2.6796184957928357,1.1278059702270533,152337651.01620704,4669699893.475869,143206564.85210133,39467084.96352504,129626630.2550218,35724516.08691263,6.219490757548847e-07,1.0129493084102929e-05,6.472354633657981e-07,1.0541324692849685e-05,2.3786368,2.7534602,1167,16839,1221,17179,3.771236916009622e-09,4.583080328169688e-09
1547,1597,1.2279300216147253,0.8417044665215472,1.6811572558397279,1.121734689936651,155150341.28469267,6266262470.925699,91534559.45256422,51626233.09532777,80637759.93291442,45480349.88619919,6.29421957793821e-07,6.556511892539771e-06,6.621563463057035e-07,6.897496831046602e-06,2.0813315,2.5295422,1722,15938,1895,16242,3.922063998023007e-09,4.009603639564199e-09
1548,1598,1.2313373314748937,1.1573765377487872,1.821982774276841,1.5424381363273008,150998008.62145436,12097103279.902893,87554145.81493488,86759879.13758208,84063273.38479769,83300674.92395641,3.632040253801379e-07,1.3629008138163426e-06,3.6916355574140464e-07,1.3852635857345025e-06,2.1235943,2.014313,1950,8060,2069,8185,4.500082141111503e-09,3.904920276192203e-09
1549,1599,0.4408119801619859,0.4403415957315386,1.224455820771538,0.9157985243699034,152588990.61834416,2121265842.0634751,20537761.12523468,31447052.93742897,19944200.757396128,30538203.90587391,1.6418181339648356e-05,4.39896885559277e-05,1.6611912413718836e-05,4.4508757595041396e-05,3.2750919,2.1366479,10163,42967,10634,43673,6.185523679065521e-09,5.688575112668193e-09
1550,1600,0.6595182337531369,0.7951300821133775,1.2563305733690098,1.1134620772445756,154885864.45128477,5199647877.510016,42944787.43296963,55248153.40023565,40155442.89497889,51659682.15301948,2.3888620272394733e-06,7.866302951650442e-06,2.453903510446696e-06,8.080478573975495e-06,2.3786368,2.2291136,5011,18037,5222,18349,5.020987378496154e-09,4.180850666685581e-09
1551,1601,1.1744945031693836,1.0212598127002606,1.6572922062182371,1.3005946429075035,154936663.8285558,10060403433.390339,74163413.10241851,70983635.95375046,67447812.15988667,64555968.28617654,4.475444257092454e-07,2.8771251856492962e-06,4.648629018254797e-07,2.9884603312767266e-06,2.4536662,2.2291136,1721,12767,1835,12985,4.050491631488985e-09,3.743706968586596e-09
1552,1602,1.0796731297444775,1.0021029650611986,1.6429546976480074,1.3345975257357898,153585791.3583945,7094219844.417847,35055685.02021615,60879589.45665108,33385639.380266704,57979298.309142195,1.8156321876090626e-06,3.6982877194938366e-06,1.851430344172885e-06,3.771205507415874e-06,4.7302585,2.528085,2678,10501,2723,10378,4.359865053351171e-09,3.933755416079474e-09
1553,1603,0.5808573230164881,0.680817207837259,1.3825562764207804,1.155789618439561,152145639.6722084,4370582413.186536,40498014.49252105,50351973.33709444,39278953.65630032,48836291.16129252,4.012322768034613e-06,9.592175022169228e-06,4.061677065780532e-06,9.710165295994333e-06,2.1822035,2.0571859,7576,19957,8036,20379,5.676160924325807e-09,4.773306162532143e-09
1554,1604,0.9563628978120782,0.8649901105022549,1.5814764740313894,1.2441628314563005,153266037.1797581,7545755474.539411,53074645.2392711,70935702.14234315,48529259.17437887,64860670.44749954,1.1236141398442977e-06,3.525960564210308e-06,1.1645833350828865e-06,3.6545240644691368e-06,2.7617321,1.8689264,2812,13873,3070,14236,4.584511511901625e-09,4.201972038664661e-09
1555,1605,1.0756689898794591,0.877484881487908,1.7137734831532763,1.2616596060440999,153324487.78483096,8830841702.467834,92168979.05371556,76087203.87846275,88726392.41903947,73245284.67927954,5.657423737766516e-07,2.6943463308317257e-06,5.744225620056931e-07,2.735685700816905e-06,1.7893916,1.7682332,2604,12961,2792,13456,4.448114318621055e-09,4.204168052497522e-09
1556,1606,0.8829382032174387,0.7798103918451273,1.5764286741561644,1.1977494028779325,153167871.08464125,6483351017.532661,68560426.20413947,62716363.853200905,65263650.63584855,59700604.069741555,1.0052289299122724e-06,5.00254421429475e-06,1.025240696681316e-06,5.102133218440335e-06,1.9725339,1.9044774,3130,16531,3304,17030,4.77739586583087e-09,4.439310711576774e-09
1557,1607,0.8383250891114706,0.9034201748260503,1.5488936936372766,1.3088186877602919,152790444.34469405,7000699267.948611,84244408.41933739,61859963.49530579,81310625.94041577,59705711.59355463,8.535298248500427e-07,4.353652910537183e-06,8.657175336034351e-07,4.415819518126213e-06,1.520434,2.2313943,3741,13556,3930,13659,4.968759355891944e-09,4.24918578935043e-09
1558,1608,0.6887195893744029,0.6734300080696021,1.426812530004003,1.1280064912284464,152168994.24614215,5598028422.10242,54301886.78398763,59668466.309583865,50744221.806822576,55759202.278387144,1.581420364774638e-06,6.413714246758983e-06,1.6248701348749122e-06,6.589932041671623e-06,1.9299839,1.7174091,4417,20692,4587,20906,5.247303104570337e-09,4.7344714514176736e-09
1559,1609,1.201217097990954,1.0531469617870888,1.8233600114382098,1.4321255300855777,152976130.67850527,9090786184.30222,109905348.16974829,64838779.053002544,104654006.64851432,61740744.44142694,4.785553763339257e-07,2.592743175645283e-06,4.88019736729844e-07,2.644019698785297e-06,1.6719618,2.4847221,2413,9175,2602,9486,4.4149602069851266e-09,3.995126281183778e-09
1560,1610,1.7600045423090003,1.7976873133599174,2.304419360510092,2.113899729080939,151821834.98547477,25219096255.61394,105496172.23185858,171558698.18964916,103090807.7570996,167647075.7181311,1.1529850907138358e-07,3.2916238706024617e-07,1.1636714929952492e-07,3.3221321721613163e-07,2.5328608,1.5908735,1125,5146,1148,5218,4.081535544267091e-09,3.4171991922990836e-09
1561,1611,1.2096239943519205,0.8659285455077903,1.8062372272551532,1.2599236097691013,153274784.30632606,7463385063.749243,103600241.40685174,59327217.13799771,98070616.75855882,56160648.81975824,6.09057375597407e-07,3.999598802959864e-06,6.225682250073761e-07,4.088322754581136e-06,1.789618,2.237169,2432,13222,2540,13343,4.32112136206032e-09,4.241241463828338e-09
1562,1612,0.6139498899760579,0.7593835456820327,1.397723956013973,1.2066755154054025,152387889.2967885,4660318805.932275,34489806.18401597,48139696.81167403,32917201.87530646,45944709.277615555,3.590804566588527e-06,8.809577834168589e-06,3.6584650120685715e-06,8.975574047467733e-06,2.7126429,2.4038551,5789,16754,6169,17079,5.559383889554107e-09,4.562435325257819e-09
1563,1614,1.49484225799474,1.180383609781052,2.042032846908522,1.5278415770893896,153055826.46474963,10145588673.357937,100923671.8125126,72710179.11439008,92582207.85284191,66700594.56706399,3.747209740015717e-07,2.211262112351606e-06,3.878771589842662e-07,2.2888979411782025e-06,2.2670035,2.4847221,1670,9036,1677,9029,4.096493135254068e-09,3.788902405543211e-09
1564,1615,1.1548097465915619,0.8962898923206104,1.7690196750752434,1.2863142937157603,153389257.46363702,7996495403.202097,148891434.0669727,64714982.948556915,140527478.56990308,61079627.82710728,3.032076542967935e-07,3.329614472389773e-06,3.103012636527489e-07,3.407511530852384e-06,1.1896951,2.1244113,1914,12163,2038,12533,4.383623178099768e-09,4.19405185108706e-09
1565,1616,0.6599073475998669,0.673684130821556,1.4358472989474613,1.1547699557006341,152074705.29727584,3901273465.3513403,44267781.417080626,41232102.237163484,42670643.73242093,39744488.84899161,3.553384946125932e-06,1.3136704845166383e-05,3.6059996728400813e-06,1.333121913107465e-05,2.2670035,2.4847221,5762,20055,6115,20626,5.407359498066047e-09,4.791921463903981e-09
1566,1617,0.6579596222768582,0.7217442910488017,1.385696274230085,1.1324273578332942,153579043.76725656,5384274641.147208,47063042.73712064,58559108.91715691,46704947.47833999,58113541.9065668,1.766158500464948e-06,6.093508057551365e-06,1.7715626745336892e-06,6.112153257415146e-06,2.1470947,1.8928703,4179,16708,4429,17333,5.2379678400351686e-09,4.544141839762098e-09
1567,1618,1.361370601008329,0.8087442460359061,1.9538858519881916,1.2373251402771335,152447385.80993244,5643275692.351833,113131940.92306793,47016383.952239856,104231023.60746707,43317261.117230676,7.102827784813634e-07,6.851190061899518e-06,7.339501760681312e-07,7.079479194129608e-06,1.8344721,2.6222975,2125,14508,2185,14744,4.2712575727908e-09,4.405182414197506e-09
1568,1619,0.4538767651758709,0.6774175897955528,1.3126409529354577,1.162835994709207,152064496.07560268,3908136471.3586926,31495311.232406024,47307654.68558403,32187208.822716936,48346922.151102446,5.0061554890375086e-06,1.1561155925880948e-05,4.962829660913351e-06,1.1461099773878044e-05,2.191391,2.1774735,8589,20467,8928,20750,6.2613558965345855e-09,4.793155369553902e-09
1569,1620,0.17899029939313257,0.360079319481579,1.157572851403328,0.9123627986213081,152585845.283959,1209791294.8964033,11957198.174669394,26115348.00759189,12008615.9071886,26227647.89247169,8.501134205582697e-05,0.00012295785574919187,8.48655561269239e-05,0.00012274699535359248,2.2840958,2.1038589,43610,69093,45027,70705,9.765952837092307e-09,6.349251498184722e-09
1570,1621,1.4174764778166462,0.9344289610636057,1.9736675255258005,1.290975930448292,153539369.34613562,7375434554.599375,58589484.54640137,62812439.68122742,56936959.47217069,61040805.53304467,1.2686928426427168e-06,3.647885420055962e-06,1.2832954431312034e-06,3.6898724255993155e-06,3.7146332,2.2841277,2500,11799,2519,11779,4.063847173570455e-09,4.053484395428557e-09
1571,1622,1.0101713729734758,0.9415276139434848,1.6873551643303126,1.3630048229729486,152211651.9600177,6851426714.8383,67825150.44331071,57677063.154994935,65604675.823975116,55788818.83830115,1.0574940793438812e-06,4.201388517541688e-06,1.071668173803157e-06,4.257701719545334e-06,2.2670035,2.4847221,3193,11699,3196,11585,4.728104528653175e-09,4.221303720258698e-09
1572,1623,1.2958358436340178,1.2456991538653217,1.894519897453248,1.5902203364998875,153241864.57667446,12035879423.687109,111404516.821882,86907752.62726887,105324636.77005322,82164778.7638966,3.3662488986274896e-07,1.5194648426278074e-06,3.4426696909325765e-07,1.5539598281889424e-06,1.7824798,2.1965044,2105,8211,2273,8326,4.2747647070473535e-09,3.752970340511241e-09
1573,1624,1.3765983573354905,0.894846012927024,1.9646036553702944,1.2892888060811711,152890257.87767062,6849989334.302587,92839943.93789022,55061786.45781679,89164382.73960651,52881873.83369964,7.774013887632089e-07,4.59583620799976e-06,7.900647708947509e-07,4.670699503791485e-06,2.2670035,2.4847221,2228,12421,2349,12670,4.225599543541236e-09,4.2057640846580535e-09
1574,1625,1.9439334685058878,1.2023715264082466,2.457713904215352,1.574570504473403,152311059.73781276,13356374821.102983,130605253.43164836,94448042.95262307,123208064.98656523,89098717.7636827,2.050361916822763e-07,1.1352599432925936e-06,2.0987423708524521e-07,1.1620476001679835e-06,2.2670035,1.9389971,1168,7722,1208,7820,3.998491757413684e-09,3.8619802219799834e-09
1575,1626,1.1993417741282326,0.9362157691123698,1.8022716948351332,1.2950530120182753,153363254.37980872,8483263094.991739,81135718.40271056,69242433.93193258,79272220.28589274,67652096.80574122,6.173070463995906e-07,2.6455115660210294e-06,6.230711746619992e-07,2.670214131908087e-06,2.2670035,2.0735998,2299,10810,2310,10823,4.262932765452925e-09,4.05483699918611e-09
1576,1627,0.82309994361283,0.8459108901047541,1.5489864015175239,1.2898250844786683,151951503.90034556,5929314834.706026,36524999.65533016,61788833.48441824,34942040.40434641,59110963.3545172,2.583799577132687e-06,5.600536411125892e-06,2.6299991395230117e-06,5.700676659477596e-06,3.4242649,2.0802696,4277,16041,4474,15963,5.025692046427182e-09,4.380886679108764e-09
1577,1628,1.5757397587848991,1.143539879477057,2.1263549108493502,1.507152356012402,152845452.88007036,9770424111.983757,106239208.29968314,70343830.71052165,99537421.5077745,65906397.835285924,3.872532858485898e-07,2.19164847015554e-06,3.974792733502018e-07,2.2495221427174825e-06,2.2670035,2.4847221,1630,8596,1669,8618,4.1110601255735365e-09,3.868749324118569e-09
1578,1629,0.7647281347280739,0.7564929464649168,1.4992655163585638,1.2000759146483875,152315404.97329,7667064314.449212,69882393.43108115,77469597.73494741,67974806.7838474,75354902.41685563,1.0704639963607242e-06,3.33960676699233e-06,1.082380552636976e-06,3.3767837408230356e-06,1.6667986,1.4873645,4771,16958,4924,17215,5.11797139733122e-09,4.547483516992062e-09
1579,1630,1.135176500615323,0.9523757279032611,1.7317122058422658,1.3094690710771797,153659856.64750868,8340153058.072299,114362881.29389252,60363616.44691137,111726173.90119149,58971895.70732346,3.9757974074475975e-07,2.91932827153985e-06,4.013066080421147e-07,2.946693722920911e-06,1.5252419,2.4243398,2154,10031,2174,10043,4.343014475958375e-09,4.045834813577074e-09
1580,1631,0.08561022114525033,0.15461206147017842,0.901883601021047,0.6050647943066694,142663394.0005908,217569168.94549993,5124031.495440502,7418867.20428886,5091547.140536555,7371834.488845207,0.001991125653402282,0.004225888570464739,0.001996197357596234,0.004236652560547122,2.3835616,2.9731603,176242,305763,181748,309241,1.5598514925038174e-08,1.0475226290556682e-08
1581,1632,0.8654446744181427,0.7499500166344577,1.4682129184373742,1.1114810839146478,154025513.59121338,5499197932.548477,32845825.095616523,53654955.81492525,31276020.65439851,51090618.1042289,2.532793174357562e-06,6.666608275765462e-06,2.5828976729520514e-06,6.7984891843074034e-06,4.0583715,2.1528568,3243,16692,3432,17029,4.617911637466405e-09,4.3784091878376e-09
1582,1633,0.6154248450470539,0.8056981101599149,1.3099004454454655,1.1827018611393516,153436206.96858335,4595029715.308883,43433982.82908201,48346526.32987596,41993059.21429121,46742628.94482705,2.7683117589251365e-06,8.762830807546435e-06,2.8059236777111993e-06,8.88188780306251e-06,2.1740685,2.5570247,5570,15402,5851,15747,5.3191554387734e-09,4.299800850387615e-09
1583,1634,0.8474212484138016,0.9072436270588766,1.4707933258285815,1.2670812439514798,153676791.15188792,6192274287.136324,66291852.2892935,49912241.31474614,62441152.24037594,47012985.019514844,1.4063552059202058e-06,6.291522487163094e-06,1.440425241925353e-06,6.443939456050115e-06,1.9644794,2.7933486,4278,14017,4433,13947,4.736762609824477e-09,4.117492608457397e-09
1584,1635,0.8713377714659598,0.9653684355667763,1.4860569636850787,1.3116958807252566,153783330.84155247,7667736559.642058,54995071.79943732,67392853.33128758,54016999.65117652,66194290.06591819,1.1986062309930263e-06,3.463574786721645e-06,1.2072406688308264e-06,3.488525450600427e-06,2.4365315,2.2028682,3685,12241,3772,12056,4.680693561299341e-09,4.014416890516807e-09
1585,1636,0.38495508833212716,0.6045009919488621,1.104728660884328,0.9855198697083163,154057937.97997636,3326159084.408686,20527498.80241653,48852454.37191708,20327599.35854758,48376722.839567415,1.131599749537876e-05,1.5142617241398135e-05,1.1360378986435135e-05,1.5202006785443516e-05,2.8890703,1.9063152,12716,25648,13028,26421,6.4681294914340835e-09,4.82331166810272e-09
1586,1637,0.5934421256083466,0.6937749389168544,1.2653283596743408,1.07525898799168,153762879.1529712,4582161660.460358,33735708.47332926,49480546.48592911,31393543.992151316,46045267.26005369,3.437291956569166e-06,8.70436199232501e-06,3.5376610302861327e-06,8.958529738767717e-06,2.7048304,2.1559348,5553,18103,5823,18500,5.3807594777863324e-09,4.570715990797841e-09
1587,1638,1.1722012479337989,0.8501793134213121,1.664298452068484,1.1807830415177707,154314107.63042885,9169608935.275545,66552479.274987705,74376329.99243818,64750713.57984688,72362750.31260177,6.159398475405408e-07,2.708335204804863e-06,6.227391552087083e-07,2.7382322871247174e-06,2.7179632,1.7639303,2075,14173,2078,14079,4.0373269425433225e-09,4.101155592174222e-09
1588,1639,0.7858724098715197,0.8425753167469036,1.4251432711672827,1.2068911490525664,153669198.75356567,6091525114.232567,51006339.13114058,57557542.7353451,49097485.14954605,55403517.44176971,1.5760846313459777e-06,5.427821019230172e-06,1.600315076940524e-06,5.5112673769242225e-06,2.3676348,2.2495379,3873,14428,4055,14698,4.840311733378287e-09,4.2151725277629685e-09
1589,1640,0.7170593540251523,0.7081183421322009,1.3369669164186753,1.078375047248296,153745222.0915107,5197154557.370015,45246470.08971246,49421845.47318246,43267646.009570345,47260414.145755395,2.1411022584887423e-06,7.3849203876711785e-06,2.1797464736501977e-06,7.518208954940645e-06,2.4365315,2.2028682,4353,17074,4567,17423,4.976429478880407e-09,4.509670890305116e-09
1590,1641,0.892585498902859,0.8862414282903801,1.410985199428932,1.1831022554759032,154497177.7719779,7493637617.118722,62174707.43275074,59744596.29641189,60822509.71530049,58445249.50287249,9.326363599347877e-07,4.223829755016901e-06,9.408753887740353e-07,4.26114360708041e-06,2.2179749,2.2917855,2965,13412,3151,13811,4.370864807466483e-09,3.953760775679624e-09
1591,1642,1.2903669542817693,0.7859633418413422,1.800050049368769,1.1387548431465337,154069660.7455923,7580333017.010864,105276791.67522255,63695411.836621374,98674179.35520218,59700646.18856993,5.36107273028817e-07,3.903911893473688e-06,5.501781597033468e-07,4.006375532010196e-06,1.8884162,1.9011276,2053,15276,2152,15566,4.069795310922521e-09,4.297238096990542e-09
1592,1643,0.903160188674647,0.6737556224209755,1.4450399322733507,1.021326548338176,154444558.16635844,5301133643.369559,63686365.270529866,48436814.81912997,59386691.61629135,45166687.91381239,1.3349319815679777e-06,6.953807397745349e-06,1.3727835627082876e-06,7.150980443701355e-06,2.1902361,2.1483223,3179,17451,3231,17159,4.472907694358125e-09,4.54264691688893e-09
1593,1644,0.7652078033415557,0.7445248475309798,1.3934889310882794,1.1203732167824378,153757232.82711518,4652067228.545507,61560318.00354898,42813949.82472843,58413718.148431815,40625553.5869488,1.671690204148546e-06,1.0022594183355726e-05,1.7071441693132042e-06,1.0235157913258773e-05,1.911235,2.6738033,3986,17550,4069,17438,4.889534697965092e-09,4.4425053189840845e-09
1594,1645,1.3342064347151714,1.0154148261907896,1.795450493536431,1.316440893479843,154352195.45085144,9668005495.01384,84520841.36114793,71148835.73873965,83016548.259543,69882536.19574663,4.899270318415577e-07,2.589075003061339e-06,4.934589818005949e-07,2.607739993471511e-06,2.4365315,2.2028682,1891,11312,1944,11363,3.875810670774805e-09,3.816564381826911e-09
1595,1646,0.6668997934880224,0.6172014031884326,1.287645262148472,0.9980867967224202,153965556.0479975,4718350733.966768,43306433.66775386,44884737.18334628,41537955.07712588,43051806.36840788,2.4723310278786413e-06,9.92133140968187e-06,2.513908941178069e-06,1.0088181338965244e-05,2.371001,2.1171508,4733,21837,4920,22111,5.093421815872503e-09,4.783433666924993e-09
1596,1647,1.2028441045086908,0.6868249773896062,1.6863047868121972,1.0265417022352556,154557430.72491032,5681598717.739893,100112932.54348186,49256076.78293696,90820506.64464127,44684155.53415875,8.331214746688312e-07,7.325425373609675e-06,8.662252403002912e-07,7.616498370875914e-06,1.8569878,2.1551433,2560,19582,2549,19312,4.0480202476353205e-09,4.488069223841321e-09
1597,9991,0.027368952188630193,0.044942190668443315,0.8215755686052864,0.7248794264384953,70653071.91175887,71439470.19537604,500894.8203891668,778054.25294716,604028.861650791,938255.3094581651,0.2075021299901001,0.240543169136132,0.19252986183603055,0.2231868324512618,3.8604922,4.0810828,3665520,4090259,3839884,4210715,5.647152113835877e-08,4.005396635239961e-08
1598,9992,0.042131733239699994,0.0758524554910249,0.9500999830786004,0.7835677472899228,110213533.14710642,125856395.80761524,1820706.3991600613,3426574.558210737,1976517.2627554704,3719811.0412236894,0.010908775667279415,0.016424550198087137,0.010556300233252876,0.015893853570313764,2.5503767,2.4397447,521360,850763,538328,847275,2.934503446742123e-08,1.9719048071157072e-08
1599,9993,0.042496792320846306,0.09320458617254455,0.9511054891249265,0.6230067864045264,98071712.51205046,104683030.20037934,1665472.37533517,3414023.3314901665,1676578.158112354,3436788.8856220013,0.011802187571391329,0.01995191804197918,0.011770853767984478,0.019898947397873134,2.5024331,2.677408,486725,782889,493715,780093,3.300350376723526e-08,1.9469239035960735e-08
