,id,u_ws,u_wu,u_Ws,u_Wu,u_P,u_As,u_Au,u_barAs,u_barAu,u_Ts,u_Tu,u_barTs,u_barTu,u_wages,u_wageu,u_Ls,u_Lu,u_Lso,u_Luo,u_manualWs,u_manualWu
0,1,0.3547057234185041,0.7850905652305497,1.3955020834623992,1.7434984543758871,152162379.73991942,18619202.302438315,40334156.42271809,18286915.98707431,39614335.66974925,1.0820787657721869e-05,1.1840196461869534e-05,1.0899011607845309e-05,1.1925789763095076e-05,2.8987744,2.9617887,12702,13955,13563,14525,2.529184515298331,4.419142828105066e-09
1,2,3.7982077332785362,3.153480166197132,4.24204349832667,3.674025037180661,150545996.65106845,201162124.63711637,168667646.27442306,171134389.3190185,143490404.54369798,4.334134869880831e-08,1.0864654435882803e-07,4.623661070648278e-08,1.1590428371376146e-07,2.8425081,2.8146703,648,1757,713,1805,1.2606585481181354,2.831123412693255e-09
2,3,0.9882306304871954,1.1982798433918636,1.7998908783151226,2.009844157525377,151283007.50336266,50528972.67159958,60914256.82066259,47626151.29357048,57414814.865351275,9.375287600534572e-07,2.139252386361145e-06,9.599808986847697e-07,2.1904836586084177e-06,2.9587481,2.9759762,2996,7037,3120,7078,1.6861005146599288,3.738433235381662e-09
3,4,4.048567239726297,5.32130120782897,4.483976537267389,5.718370981680773,150967142.59175664,215021595.81254122,285412340.5558381,189605051.38052517,251675285.4113518,1.8159067590979247e-08,2.679692837200028e-08,1.9096176323563328e-08,2.8179798690535034e-08,2.8425081,2.8146703,512,766,514,766,1.2459829090972647,2.5695949312373355e-09
4,5,3.8275654279675964,5.555403041208256,4.238116378836894,5.900586242327168,150929059.3700653,203232789.28229994,297893417.723263,173257346.19660112,253956180.9215553,1.4974682506636533e-08,2.3947774375993185e-08,1.596167527053255e-08,2.552619047997699e-08,2.8425081,2.8146703,399,679,439,709,1.2343752082600845,2.5079393104498125e-09
5,6,2.0979434740210836,3.133648680451042,2.6624809266690934,3.6297631901824414,152503938.4248683,112557161.1848584,169786765.2238614,96897975.07298702,146165677.69832847,8.936300228310956e-08,1.331910322943353e-07,9.488140847899599e-08,1.4141593744603353e-07,2.8425081,2.8146703,1068,1707,1156,1740,1.3995269464266533,2.841480775209709e-09
6,7,0.9662919550077473,1.732539572390784,1.7566133455405333,2.4182948259084402,152271402.1364387,51763662.823754214,93728999.07488653,49873675.66859273,90306779.80650072,5.627613215898895e-07,7.633028776504615e-07,5.711967004366016e-07,7.747442271191433e-07,2.8425081,2.8146703,2828,4004,3010,4123,1.7019457757714165,3.310421137582911e-09
7,8,1.048731807533676,1.3830403212124096,1.8321281085670038,2.1614564097988795,152432967.8960359,62345627.267262615,82717554.54786572,60190756.449939236,79858562.63153695,6.024924696283179e-07,1.1570700705955215e-06,6.110293930761321e-07,1.1734649952035e-06,2.5641141,2.5486844,2910,5880,3078,5947,1.6587867141005663,3.54643295951801e-09
8,9,2.766617247103804,3.9609536017624283,3.2050939331406054,4.328221282628326,152205023.45703128,148141369.58556488,214190996.3196979,122527958.91960722,177157708.69021976,2.983247126990981e-08,6.110047055293662e-08,3.218590266682116e-08,6.592057963690569e-08,2.8425081,2.8146703,544,1173,585,1210,1.2626805460962844,2.5694741076840388e-09
9,10,0.8945012159121724,1.5318010219966929,1.684458289014894,2.2224575172062155,151973683.30337492,58126761.53483866,75363051.29785319,54501755.95860214,70663125.23998778,6.671361868064447e-07,1.1480950568207374e-06,6.845430276575446e-07,1.1780510213317903e-06,2.3386929,3.0889599,3488,4638,3674,4787,1.728118937184757,3.4010605459885707e-09
10,11,2.8755229820667543,3.0695085862605134,3.3403841649910344,3.5444616632629367,152677094.84082568,148816920.96440145,161707903.41534725,128599853.37931468,139739570.84130615,5.6763320887578766e-08,1.3312171632914008e-07,6.01772769815571e-08,1.4112814878581075e-07,2.9501114,2.8980875,687,1791,772,1843,1.3008279560740732,2.8030241280821823e-09
11,12,3.124743383935124,4.011924880484495,3.5968406458381925,4.475375346395299,152023286.58457145,167117820.6877275,216688258.60764825,145509108.54826728,188669976.74527928,2.951303681380464e-08,7.226008296862488e-08,3.119370300794954e-08,7.637504678606123e-08,2.8425081,2.8146703,515,1319,548,1355,1.3536941423721693,2.793510228521295e-09
12,13,2.2077019071625488,3.0759136285056345,2.7436978903114517,3.5554286021644144,151654004.8808287,117785710.37466668,165729755.42833596,98377112.77040981,138420991.7087914,6.833366991801207e-08,1.339698916347597e-07,7.343687008241034e-08,1.4397484488599308e-07,2.8425081,2.8146703,886,1868,946,1873,1.3400989423756897,2.7624938197042235e-09
13,14,1.8110091685188248,2.164469588452424,2.4466556259288637,2.772436156755122,150488086.42978293,112551670.22890547,137436779.9754917,100502482.38385653,122723523.60732396,9.233572214724471e-08,1.9884116843312752e-07,9.66139441957484e-08,2.0805414312112834e-07,2.4214239,2.3700125,1177,2583,1159,2550,1.4395034721707352,3.1257651672724508e-09
14,15,2.0576490505500944,2.9719076860674267,2.5455664020074793,3.3807178232879544,151995735.61178064,66934416.935321696,145077001.85401225,56604381.621580176,122687166.83368441,1.2872178329846356e-07,1.457581817827636e-07,1.3764860726397757e-07,1.5586647578682633e-07,4.6725421,3.1136382,831,1385,838,1424,1.3304689231344398,2.7230432494396153e-09
15,16,1.2304334874376153,1.604044479570919,1.9972621887367608,2.3353046424519066,150749466.73830143,65254762.89343521,85910186.32620393,60941032.32697274,80231008.58815847,4.098089289688246e-07,7.467776939019608e-07,4.21174801937624e-07,7.674892494705032e-07,2.8425081,2.8146703,2250,4195,2279,4194,1.5829652300016879,3.4056119099956894e-09
16,17,1.702672137176853,2.603524397983397,2.3512916505322616,3.185926812881891,151835035.12804118,92093764.3549929,150014697.04396433,86783193.25792551,141364125.31593606,1.3729191534740299e-07,2.0092273536205168e-07,1.405927103775688e-07,2.057533531347895e-07,2.8071964,2.6351166,1467,2390,1499,2337,1.4762510987125486,2.9923360639239255e-09
17,18,0.975148066959591,1.7286289829933743,1.8200789191914015,2.504684238072176,151961640.8969824,69614843.40168375,96744523.57698962,66348246.3420764,92204897.24433792,3.8703175695950506e-07,7.164068075004416e-07,3.9454410813564334e-07,7.303123835317194e-07,2.1286423,2.7152472,2751,4212,3008,4365,1.7108055142700644,3.3384131373156663e-09
18,19,1.2246524802206138,1.666390626141271,1.965576237960475,2.3623143670687567,151077257.49276462,70763522.40937896,104479550.22419468,65607181.702676564,96866416.51496077,2.761964339133295e-07,5.418794272989566e-07,2.8468284096354546e-07,5.585292056000041e-07,2.6145835,2.4095981,1785,4098,1987,4230,1.5884723048578322,3.3693512626516383e-09
19,20,1.6201755210130144,2.4571882994267185,2.3218899809807456,3.084504464793133,150992952.8293148,86063109.55438566,131815835.4064001,76955638.45122215,117866665.80145442,1.4447963088781244e-07,2.3951053435944297e-07,1.5109053487247715e-07,2.504697341873793e-07,2.8425081,2.8146703,1329,2313,1427,2389,1.4729694851053863,3.0152161827429497e-09
20,21,2.727550897626119,2.783906657279231,3.2431434234053755,3.3354874645780987,151450825.71345654,145325825.323402,149795506.05061212,134541233.89360344,138679220.78486022,6.391960905865444e-08,1.6202862944240224e-07,6.59218014417e-08,1.6710394971551593e-07,2.8425081,2.8146703,749,2095,834,2135,1.3449612960402662,2.9454679372902714e-09
21,22,1.3516969166173765,1.6986635802227925,2.0212742804042856,2.341058628964128,152433634.35142002,52855610.950990744,85822142.6498377,49666466.74131629,80643899.80354147,6.270964324734347e-07,8.174717648628612e-07,6.42903015432232e-07,8.380769454996154e-07,3.8982441,3.0170939,2242,4033,2439,4108,1.5225790596112772,3.2735475027750125e-09
22,23,1.737643885424887,2.6530843491750398,2.3145331083859806,3.1551533382820387,151672008.8082421,92718095.92934899,142964748.93598938,84948549.34867871,130984657.40026149,1.122570416109629e-07,2.0389703108048716e-07,1.1625643674977055e-07,2.1116129515887504e-07,2.8425081,2.8146703,1099,2112,1201,2203,1.4569326939010239,2.9650051525951857e-09
23,24,0.9713555747133713,1.4185570451462326,1.7710133745202736,2.1872212184234403,152151500.83999956,51993944.55267859,76682367.89444017,50569746.55330655,74581914.1611843,7.27635407169557e-07,1.2239510260114365e-06,7.357641444517556e-07,1.2376243248073621e-06,2.8425081,2.8146703,2995,5281,3150,5351,1.7190731353862836,3.5524617891550535e-09
24,25,2.603839586695313,2.1831465680346205,3.0219061363545303,2.614867379313812,153347756.34647346,140472056.52847746,118941329.64120619,113567717.75519718,96160728.95880157,7.513292688988215e-08,1.893311337870269e-07,8.180207581837102e-08,2.0613704805516083e-07,2.8425081,2.8146703,723,1916,780,1985,1.256180228686138,2.9086573896044107e-09
25,26,2.1790665470446893,2.5073880001930067,2.7198677752404663,3.0138329222772278,150004389.6209637,114993356.51247558,133628157.62538183,95552826.4277918,111037268.05346759,9.398321841267208e-08,2.3337013439306126e-07,1.0120966754148267e-07,2.5131416134657703e-07,2.8425081,2.8146703,940,2514,1044,2618,1.3781594231364556,2.994939599731167e-09
26,27,2.159769421955791,2.60491161964791,2.7486164005926557,3.1794518332311568,151112954.39932016,105251826.93139772,174220477.9508874,94981430.41141833,157220170.7579092,8.319654626423342e-08,1.430377377650032e-07,8.668454474859002e-08,1.4903456617835544e-07,3.1008406,2.2594123,881,2255,979,2310,1.4005632691043153,3.00282643903149e-09
27,28,0.4710779250110887,0.5802037131808508,1.1698683675530488,1.0566496173882292,151485184.77331802,31672603.029886216,27266613.916803267,29724126.230291158,25589190.54335098,7.600020712419233e-06,2.987263354414275e-05,7.795511922800155e-06,3.064103109327933e-05,2.2530932,3.223439,8503,24006,8677,23839,2.2466851317318333,5.127995442042949e-09
28,29,0.13899412163487296,0.267489636093607,0.9999370592270863,0.8543346352299211,151062525.65311852,8666001.51104451,15971265.714617327,8583766.635431873,15819708.500169111,0.000294762588776619,0.000506227393034816,0.0002958889218889385,0.0005081617656344894,2.422894,2.5300224,68761,115184,71385,117406,4.142073113441591,7.452612968659048e-09
29,30,0.3729323039292188,0.6087925622457298,1.1338949593916212,1.1246655310847475,151913179.61150792,27025348.22354343,39674384.975434914,25564571.09210615,37529900.7010208,9.120074256406387e-06,2.0148919491014772e-05,9.325056879403163e-06,2.060178623877374e-05,2.0963035,2.3310661,13338,27805,13555,26931,2.493804471770298,5.055776616524743e-09
30,31,1.2360822340534985,1.1426094276184757,1.746892025285249,1.5077845737619262,151142477.692203,102474911.19705111,54644513.153108895,96058847.40572585,51223161.73996078,5.473332047040353e-07,3.503189609457736e-06,5.616734140925228e-07,3.5949736855843846e-06,1.8231246,3.1603689,2249,8660,2424,8950,1.5762712030119272,3.896378702271464e-09
31,32,1.1494605991033222,0.965620409553185,1.6712673960077424,1.3749184765602294,152161634.07879832,119881420.0922073,58668967.134343244,109057422.45593855,53371792.96760396,3.826370126202936e-07,3.279243200617906e-06,3.9739796343146267e-07,3.40574624654832e-06,1.4589734,2.5043969,2142,11027,2176,10864,1.5810464119074243,4.109907103924699e-09
32,33,0.9757794408487442,1.1771640024880101,1.532202709013469,1.5626225104287625,152517628.18956906,65388146.79282575,68781005.82664017,61164962.998439856,64338689.544318214,5.86466919594665e-07,1.964852675752554e-06,6.023404718776406e-07,2.0180341777858808e-06,2.2760022,2.6102884,2412,7314,2502,7309,1.6566361102327938,3.832624740217185e-09
33,34,1.4980246316991177,0.9698998459869741,1.963437021652839,1.345248906631345,151580341.25314304,95081864.09248534,56457828.63065413,84025923.12338646,49893018.12192384,5.766931427110548e-07,4.0398549572037276e-06,6.059245450352889e-07,4.244626987317395e-06,2.388164,2.6040277,1873,12253,1861,11956,1.4787290515108853,4.115886896770406e-09
34,35,0.6993071165439003,1.0752343267116258,1.3401545776968693,1.4824888962823264,151887821.5328153,46976360.97480582,56183789.33885537,47911810.46929442,57302588.16117526,1.4235948651967237e-06,3.6735924940755485e-06,1.4124111211164831e-06,3.644732795777075e-06,2.2610571,2.9067993,4100,8593,4277,8585,1.9562516928050109,4.119486608033141e-09
35,37,0.45049095894387187,0.7890084911734419,1.162694199766167,1.2158139947150404,151280093.93666884,27325530.037314497,45435959.43648732,26470979.285996765,44015041.59078509,6.257926115952505e-06,9.494054414861366e-06,6.337965429356121e-06,9.615484035905463e-06,2.4940162,2.6270223,9086,14860,9977,14370,2.262635390808491,4.474982821147819e-09
36,38,1.264697420123337,1.4150011763597978,1.773085686057161,1.7658192425364518,152014376.39665955,98686582.35062204,97981500.09216177,94709440.14981222,94032773.22744295,2.710424819788528e-07,1.0158936632455956e-06,2.7553914180860894e-07,1.0327475829465548e-06,1.9481087,2.1953177,1984,6934,2055,6835,1.602576519520148,3.719837751529512e-09
37,39,1.1321554761379429,1.0709387221288371,1.659005421605037,1.4635297190458232,152458197.21880463,95060664.67053343,62549941.572575994,86959289.44747645,57219234.611752406,4.323319409603021e-07,3.149539852971038e-06,4.4801367282700875e-07,3.263781329943783e-06,1.8157498,2.6102884,1979,10424,2058,10429,1.5907082116999098,3.9717965732874094e-09
38,40,1.214728931412208,1.0640815211290136,1.7294596347823055,1.4575138792816587,152235870.28571385,83086634.57213688,65599812.40047497,78577334.43661153,62039561.77206525,5.285454631246884e-07,2.4398987352464064e-06,5.404753602976776e-07,2.4949701397986564e-06,2.2256927,2.4693878,2213,9257,2203,9166,1.572535422337054,3.997436809972584e-09
39,41,0.361599932497247,0.4324399880708256,1.0966510648029113,0.921070323102439,151897059.56391943,28435765.078607943,23122979.99370051,27639575.357407622,22475546.068725694,1.7095308413055363e-05,7.744084346238311e-05,1.7290611814559903e-05,7.83255575475665e-05,1.9315804,2.8407395,13697,42239,13983,43070,2.4699264509579315,5.842211624794155e-09
40,42,0.8438170284102262,0.7945615254881015,1.423319945220166,1.1783540936773857,151533970.5878397,63405928.714816615,35723199.961768545,56197940.854285486,31662185.528530173,1.8921191617663768e-06,1.215213343323629e-05,1.985693755104354e-06,1.2753116165815543e-05,2.0166402,3.3704445,4333,17554,4147,15936,1.72493207774129,4.490029039481839e-09
41,43,1.0148214002555271,0.6370742801477053,1.5604807860791032,1.0685209874535189,151642138.9846747,65525041.40709482,44159038.28235975,58340526.80682006,39317206.084152944,1.6512111350774544e-06,1.2459658284634218e-05,1.7297263116364883e-06,1.3052115693200201e-05,2.348563,2.1877131,2920,24524,3003,24326,1.6394392986231046,4.89633524081261e-09
42,44,1.5608587975817505,1.0241336218455768,2.020339699318316,1.369953994071979,151085124.597956,133133377.18700181,62846912.939610235,113086312.86372423,53383500.136297084,3.8810332463131915e-07,3.986697663561929e-06,4.142839657612163e-07,4.255631976150633e-06,1.7713255,2.4620359,1694,13262,1798,13288,1.4344450242457756,4.059031165143664e-09
43,45,1.0399876421671859,0.6862340541255305,1.5816850709230823,1.0842664776413653,150704445.26449612,91125231.95874636,56247690.504161134,78080516.11268564,48195747.876941025,6.502190912138195e-07,4.825651759732762e-06,6.916686717995858e-07,5.133273058763664e-06,1.7199491,1.838627,2580,18335,2680,18606,1.6026980479186579,4.7576462628817276e-09
44,46,0.4557349145370605,0.45672033536864043,1.1404020692976635,0.928885102905733,152173659.2651065,25634931.626163322,22533112.98057391,23834016.475041367,20950107.99501578,1.3560978435084544e-05,5.7755804607951844e-05,1.3961915222812923e-05,5.9463382485391026e-05,2.7053261,3.0843854,8825,33839,9106,34016,2.2145542838551093,5.692779914130418e-09
45,47,0.9212674392340153,0.7715373183682506,1.4849467498619453,1.1630988845038723,151581733.33176532,55865826.66739348,32287562.85280711,50447118.035327464,29155829.090403214,2.538307674358344e-06,1.7676348905453057e-05,2.6440411526960085e-06,1.8412659114402084e-05,2.4996912,3.6221676,3654,18469,3790,18214,1.6778797457686938,4.544230132695317e-09
46,48,0.38564429175063564,0.561703714171241,1.0941251647780976,1.0001449201143247,152315706.65340415,29245400.76490012,34245216.99135559,27329233.20017935,32001459.94479749,8.962195651783093e-06,2.565837422702626e-05,9.208448698203994e-06,2.6363385930085396e-05,2.0085101,2.498343,12381,29030,12346,28416,2.3852471265590274,5.178138667831543e-09
47,49,1.4394647474084479,0.8237573485994985,1.9203441667078887,1.2036993395922668,150609868.59188545,77032125.54166937,47153430.84297131,65952454.33042589,40371266.823108956,7.849396093292416e-07,6.729646918766732e-06,8.352425540034762e-07,7.160917111541351e-06,2.814379,2.6311126,1670,15441,1682,15425,1.4632621166011204,4.35483370192454e-09
48,50,0.9531601928233853,0.8558066724075217,1.4976923020768544,1.2102923641210783,150565114.16998494,79779790.11970796,51664842.99402722,75446491.91945785,48858628.90363796,8.15929600666858e-07,4.163846705919161e-06,8.343614388264811e-07,4.257907944219936e-06,1.79886,2.4940486,2975,11314,3104,11425,1.6420117160552143,4.356461858856652e-09
49,51,1.1471006129960686,0.8056118477447782,1.6631292753347415,1.2057041309340295,151950647.13713318,57987911.77767436,24802315.94658764,51251458.08291355,21921031.76553972,2.401895794072964e-06,2.380211688867658e-05,2.52351946688193e-06,2.5007373537933708e-05,3.0058451,4.9355569,2383,14556,2443,14744,1.5784875490769565,4.434016761050005e-09
50,52,0.7805572474194514,0.7671405617302183,1.3764978675211905,1.160008819029307,151562488.0502221,62277014.825174175,40289769.67382949,60127321.68916511,38899037.61060595,1.5808476997473555e-06,1.0259504006763843e-05,1.6032173450861082e-06,1.0404680209392026e-05,1.8996286,2.8858376,3816,17004,3849,16443,1.7786700272726241,4.531023084979007e-09
51,53,0.5893001750449077,0.6281321141163054,1.2247183544005649,1.0298590650585981,151088080.15042657,45214622.43042102,23061683.257341653,41301929.31936054,21066017.157302536,5.107838843312623e-06,3.7866517501944915e-05,5.2961541135811265e-06,3.926257632373835e-05,1.9691911,4.1151929,5890,21692,6207,22019,1.9621505631294933,4.936124678016299e-09
52,54,0.9592173928142268,0.5979198004130373,1.510511581492657,1.0078483189249963,150393952.29572067,72068578.32559098,21587992.99905788,65768181.83778457,19700722.312857088,2.0608155009650044e-06,3.212499083110872e-05,2.1376232278487005e-06,3.332230690367399e-05,2.0017114,4.1654415,2583,19996,2690,20151,1.640766974498656,5.055203023427998e-09
53,55,0.7913245033996695,0.9971970297590621,1.3119984068517065,1.3957877541002426,147769718.99744737,54966942.87594066,78337662.63032526,52833016.47213905,75296438.25158828,9.773849256891096e-07,1.8685584981048989e-06,9.92988244208406e-07,1.8983888266188287e-06,2.1273477,1.8810304,4439,10111,4786,10348,1.86066344818799,4.19416246270878e-09
54,56,0.8691446885352987,0.9502019252565903,1.3846433624835053,1.3773111089789802,147749422.35354546,83442893.39072512,53071955.63525518,80167311.79926461,50988596.419897795,8.44243968966191e-07,3.860370963966975e-06,8.578765181102371e-07,3.9227068512401424e-06,1.5389642,2.6453102,4206,11816,4479,11915,1.8286351106087562,4.3186175303188025e-09
55,57,0.5021365890308778,0.8994003008399108,1.1209241103077734,1.3722602570315783,147593976.52978194,36564837.110619396,36025824.53561462,36585591.37471274,36046272.85524834,4.759795756055231e-06,1.0107602547324952e-05,4.7587155179469965e-06,1.0105308621699967e-05,2.0268745,3.6847475,10162,12707,10952,12793,2.2482027405076486,4.4197536690876295e-09
56,58,0.7382696244789796,0.8918410276005209,1.2858167889203505,1.3306479096206518,147736151.58982763,50485697.071501024,55926843.45024367,49559313.619888745,54900618.09774749,1.492919133433389e-06,4.060131794779427e-06,1.5040196616527812e-06,4.090320708936318e-06,2.1603963,2.3558841,4878,12741,5185,12931,1.927796213255115,4.418556259381286e-09
57,59,0.8671131285154683,1.205483190933559,1.3342116037079967,1.5358450029817483,147167265.78148815,59388733.57125637,66700802.098975085,57034175.515616104,64056345.79462614,5.696543219148441e-07,1.5835434464590504e-06,5.789471965697234e-07,1.6093760789738607e-06,2.1487353,2.6597531,2950,6905,3113,6991,1.7244302338956456,3.795089574610244e-09
58,60,0.52623347004306,0.7012568883137508,1.0982506255421485,1.1376091975308682,147258215.5688385,36064098.62170499,38825347.370941766,35154064.1328401,37845636.06523753,3.840197811396834e-06,1.0065234727805035e-05,3.879657722911489e-06,1.0168659939536237e-05,2.1487353,2.6597531,8137,18166,8685,18390,2.124974506090053,4.7416235928242135e-09
59,61,0.27423370811709663,0.6632956983497089,0.9708964838580999,1.1682717811820484,147512831.6660821,19047716.07348417,37815117.20605296,20456225.58519232,40611407.95637709,2.0149153099902747e-05,2.014133392011269e-05,1.958230265755062e-05,1.9574703452540687e-05,2.1237712,2.5874474,25463,21448,27540,22596,2.932352099371943,4.9568556216593575e-09
60,62,0.8803195189765851,1.624055999937459,1.3885526874207816,1.9734406166930043,147570557.94136748,60458467.165337175,90107179.51181118,61432308.573696196,91558590.81469898,6.199889065664695e-07,9.941228121293467e-07,6.160387588074903e-07,9.877889375117662e-07,2.1487353,2.6597531,3826,5286,4049,5245,1.8600053875228166,3.6984844236822624e-09
61,63,0.892168099891436,0.9046023250149748,1.393765520688539,1.3176726002416954,147890962.96492213,61405236.56847324,50298845.011881776,57728628.55423935,47287226.67097402,1.0719007226839324e-06,4.400145147972606e-06,1.0987027997372643e-06,4.5101674912792815e-06,2.1487353,2.6597531,3477,12150,3699,12267,1.7728517552738687,4.319026560631318e-09
62,64,1.2557279685223386,1.0968009106057715,1.6939277314358656,1.4854096088589483,147817335.36685443,75269608.5518438,72126206.27106781,67830633.129365,64997896.63733893,4.805580448762188e-07,1.5894592648254493e-06,5.009834356151555e-07,1.6570168198260012e-06,2.4660466,2.2478125,2144,8137,2262,8208,1.6212811352575647,4.060340970488237e-09
63,65,0.6482361657041302,1.0455829818677942,1.2037107796575823,1.4548303404768392,147485423.45630804,44493793.81376902,57978407.40912413,43835557.72517353,57120681.49175882,1.5082923428594797e-06,3.151894421792709e-06,1.5173112813158904e-06,3.1707413926374725e-06,2.1487353,2.6597531,5475,9675,5770,9741,2.0114939128504647,4.1362216606735905e-09
64,66,0.5790419726538955,0.8515327973118966,1.1157297478992938,1.2334258975238257,146816986.56831926,39564295.109602414,47004167.140710935,38733482.62593343,46017124.4362527,2.142416427836167e-06,5.30989231536317e-06,2.1606809550857637e-06,5.355160206155216e-06,2.1487353,2.6597531,8974,17491,7917,15852,2.0052526303395224,4.3251831424510764e-09
65,67,0.6530701486253817,0.9762530945757113,1.207568131332959,1.3838526563089542,147691602.2522416,44888254.3296944,54209687.2606694,41704536.22052433,50364842.6437098,1.5237901574912197e-06,3.3776711816925636e-06,1.5692962328162035e-06,3.4785410806491163e-06,2.1487353,2.6597531,4963,9455,5381,9636,1.984182827223145,4.210008093294349e-09
66,68,0.7672948089736781,0.9145382784975121,1.2652780320190138,1.2969930333840074,147158782.16964677,57280218.754395396,43709000.971863404,55772201.408650056,42558273.319907434,1.2542209270929638e-06,5.728696515661367e-06,1.2676775381565264e-06,5.790160041940679e-06,1.9712594,3.0790532,4245,13008,4486,13118,1.825113154511127,4.240728762864194e-09
67,69,0.513262689875997,0.8051280280281443,1.1111584802233825,1.2486091087184343,147626077.71564648,32895572.505612273,58441969.66831014,33528084.115617994,59565683.940816015,3.845416471946426e-06,4.910026174625115e-06,3.8162328620920885e-06,4.872763035690696e-06,2.3033786,2.0337763,10092,15516,10847,15686,2.19874212421532,4.555790366103893e-09
68,70,0.4655955417080299,1.0801845356774435,1.0794402076284273,1.4896443330189801,147484646.12098283,31373896.032807026,52696966.48800707,32719712.62142831,54957458.82837244,3.2637995255691742e-06,4.193694427534163e-06,3.209423763538826e-06,4.123826370861832e-06,2.1887047,3.0231462,9439,9271,9979,9283,2.328284490692775,4.153579887381292e-09
69,71,0.9158301407173306,1.148431708310255,1.3948058769812588,1.5150231134262095,147359128.63981304,47043640.71245907,55340999.26776307,45743513.89901429,53811561.58094323,1.220665129169474e-06,2.885366499573859e-06,1.234426109132316e-06,2.9178942335422296e-06,2.8687391,3.0579841,3580,8339,3798,8422,1.755627300368595,3.95533413165105e-09
70,72,0.5301933822382523,0.575782173409367,1.1401254624708184,1.0624952450476473,148160677.94686058,41005562.629504316,44739371.33282158,40981359.8079085,44712964.695447505,4.37680417859611e-06,1.1300272854340976e-05,4.377837938811392e-06,1.1302941873109458e-05,1.9156867,1.9067831,9677,26245,10313,26751,2.256876282618965,5.493602663357405e-09
71,74,0.48080533763651156,0.5593969114063371,1.0968357162481819,1.0204299634714011,147811244.33906823,29618370.228993595,26595022.471651334,29439436.14209529,26434353.39954464,8.401873884211376e-06,3.129006177501134e-05,8.422263530145568e-06,3.136599641645489e-05,2.3994715,3.1090462,9122,27194,9667,27785,2.332440446986123,5.506356505841942e-09
72,75,0.24565282738193278,0.4343241438094109,0.9591170093675239,0.9276295111256436,148094231.56428757,17184025.037786637,20494671.850953262,17604141.83392932,20995727.6779254,3.85902811117815e-05,8.445190771767374e-05,3.821923213353933e-05,8.3639895128844e-05,2.117069,3.1384206,28123,42497,29118,42985,3.1276814924249146,6.096158615040707e-09
73,76,0.3674559001621795,0.5094344462254193,1.0298537124165321,0.9845529990546632,147674031.79810473,14499985.44620985,27568297.22969447,14380787.176141083,27341669.875431843,2.19548301056881e-05,3.8358946636493356e-05,2.202744084480977e-05,3.8485810358680985e-05,3.7423275,2.7288678,12643,31499,13266,31786,2.5942836388040975,5.715905308386348e-09
74,77,1.8697940352824152,1.1175475390566467,2.2356487318057705,1.464855314139184,147679876.91081277,115400139.07441951,61903382.37209785,110446353.93839909,59246054.071422845,2.5796055168343457e-07,1.988499373118641e-06,2.625277863334166e-07,2.023706086622341e-06,2.392813,2.6660786,1100,8059,1177,8143,1.540993361894261,4.192133353167623e-09
75,78,0.1789097982874207,0.34972485359421196,0.9274027180923493,0.8737106410837963,148132515.47904682,9200474.72452307,17562587.6554144,9569534.418636542,18267077.741200086,0.0001386131777937044,0.00019441760876537083,0.0001364496076478911,0.00019138300454634634,2.8805425,2.9497716,46062,64282,48294,66147,3.67347065533744,6.740020206344032e-09
76,79,0.5832111193000569,0.49054879122025585,1.1474728555405656,0.9513893663247902,146667918.0824923,36418140.66471975,30260207.122568488,35457741.07873296,29462201.24247854,5.2850232164318646e-06,2.325546003686654e-05,5.34182407789823e-06,2.3505398421202056e-05,2.3487844,2.3776364,6867,31142,7343,31919,2.098804893668073,5.724717336111368e-09
77,80,0.39721306918391247,0.4346020709764018,1.0371902875421843,0.9292690346600562,147428405.01128545,35701304.531242676,28481972.86776015,35057445.416694134,27968311.586414438,9.543781645820296e-06,3.780561698376338e-05,9.61351087864668e-06,3.808183418640238e-05,1.6402899,2.2495875,14528,43445,15131,43704,2.5090592908580955,6.1478776511845215e-09
78,81,0.7347659498910006,0.8739312388144065,1.2778566865127303,1.2798765875255353,148121613.1519954,79055729.06700286,49240078.80700388,80174105.163464,49936662.442061394,1.13856604395777e-06,5.39582223546033e-06,1.1321863593949695e-06,5.365588026384919e-06,1.3766835,2.6289175,5702,14498,5696,14136,2.0284743997895696,4.7412497930123854e-09
79,82,0.7726026046854995,0.7369869838698135,1.2929782770580485,1.152643207355901,147773215.1277065,71158713.02134144,48790920.661299996,69627646.02043593,47741124.15154705,1.3121167681135943e-06,6.019660209326889e-06,1.3235825547907772e-06,6.072262341626819e-06,1.6044412,2.2321148,5289,18035,5486,18091,1.9534349970442013,4.920839563564762e-09
80,83,1.592388306572714,0.9935067713958128,1.9829876328555451,1.3563165230133343,148678728.99172238,93708981.08589564,54183197.96549225,89694148.77034128,51861793.425274916,5.145994095340875e-07,3.1528400032570237e-06,5.236922233263188e-07,3.2085497194657346e-06,2.5264843,2.7261832,1785,10446,1826,10368,1.5697124778128546,4.303819949283519e-09
81,84,0.48063963414869865,0.5428851194769347,1.0867004136983698,1.0054480588360555,147422647.89807618,36610171.571423836,33491722.567868948,35378111.594672464,32364609.27784163,4.7126918514722945e-06,1.7989607891778947e-05,4.777667150867102e-06,1.8237636024235423e-05,1.9354503,2.389652,8310,26931,8755,27068,2.320551968357091,5.5824655263690665e-09
82,85,0.760467879719757,0.61533513992683,1.2901566310966692,1.0481915204414236,147347388.69140533,62302373.805379145,34673612.56860307,61045378.41590817,33974047.39198256,1.6125740695056728e-06,1.2474852409239266e-05,1.6257748224147153e-06,1.257697326517094e-05,1.7985343,2.6148999,3777,20936,3999,21278,1.9102444961934262,5.169996947417046e-09
83,86,0.3964840210465425,0.5122460758857403,1.0325478604226688,0.9813651744408033,147218300.89485866,18202819.642739356,24001749.53574268,18148901.48875744,23930654.504714355,1.9445495905498856e-05,4.662489987702404e-05,1.9468583413302468e-05,4.668025731017898e-05,3.2066298,3.1419375,13205,33267,13769,33694,2.505771039285319,5.7136538276046735e-09
84,87,1.392301797531629,0.7793497326415229,1.7692426533858545,1.1494126878735733,149541691.1185991,48587554.57227111,32266021.716547,46064301.03985222,30590379.589872744,2.4265987365258942e-06,1.2950047968735568e-05,2.4789181621403404e-06,1.3229261446104219e-05,4.2851954,3.6120126,2565,16699,2659,16835,1.4786544771779169,4.516515425724701e-09
85,88,0.6582824650170839,0.9071169483991322,1.2183932548824474,1.2992313198512275,148248812.50798368,51806052.140819296,52927615.87792823,51652565.100436896,52770805.95360668,1.6524758926747137e-06,4.515195101901094e-06,1.654438295799439e-06,4.5205571365401435e-06,1.8837489,2.5408099,6137,12907,6284,12730,2.0679872134646073,4.585682212097161e-09
86,89,0.27621607661332004,0.4004462987553727,0.9694215654051818,0.9156148056030062,148014779.81657404,19696682.798091825,26271289.91363097,20368384.37785433,27167200.51534377,2.3953396601828228e-05,5.438560379617698e-05,2.3634243669600666e-05,5.366097483390315e-05,2.0756826,2.25615,22644,48668,23452,48988,2.9453251108732283,6.368472397594315e-09
87,90,0.5492028544018065,0.6649952210058895,1.1204039621562967,1.0871880873914428,147484294.8770079,33850867.46264354,36786744.12173506,33235598.47486647,36118113.019611254,4.408995107124953e-06,1.2358127932273446e-05,4.441463898742662e-06,1.2449135853776817e-05,2.392813,2.6660786,7690,20206,8151,20505,2.1614423639029914,5.049166918293382e-09
88,91,0.8032823387072101,1.024131858667088,1.2807801126368203,1.355665729743934,149923421.66720864,71849883.16276096,61258279.006927215,70933646.9852117,60477107.91896026,7.933863751270878e-07,2.3972277597724e-06,7.974698062936791e-07,2.4095659027687484e-06,1.6761452,2.5064588,3714,8606,4325,8739,1.7518091961815832,3.956536474361691e-09
89,92,0.9142777558239614,1.0568203432156584,1.3903194507753467,1.414280893258872,148425900.7146285,68069599.96504821,74426464.08301121,63152265.23313421,69049910.71709073,6.182504876350121e-07,1.7163503371640499e-06,6.370744290596925e-07,1.7686082469549436e-06,1.9935845,2.1075771,3287,9385,3671,9640,1.7126488049142423,4.004573958469821e-09
90,93,0.9592055952950718,1.6456475834714643,1.4206509143322004,1.9339689234884896,149245396.72054583,74149848.5927501,107139009.65717973,72678856.12371835,105013574.75291155,4.144757985447932e-07,6.249244933223417e-07,4.1781117436231737e-07,6.299533950100253e-07,1.9306448,2.2923987,3197,4556,3684,4678,1.702259426045697,3.4893512918198336e-09
91,94,0.6754673389970409,0.8538945143577621,1.2196744652811475,1.255310124992439,148748706.63079765,53529925.00323332,35544591.559984095,50578075.67492581,33584523.827496774,1.9066246591365028e-06,9.435362006474309e-06,1.9503786706023505e-06,9.651888597294062e-06,1.8769855,3.5734186,4848,13362,5192,13496,1.919107875439386,4.3691341778246426e-09
92,95,0.8788802751606528,0.9151618373047552,1.3090046259599892,1.2436669866798011,147006486.39183778,66921217.828602724,58687315.68468904,62977262.79776123,55228619.901028566,5.984262009069013e-07,2.3660423789699854e-06,6.131441964477764e-07,2.424234017521953e-06,1.9306448,2.2923987,3958,12681,3441,11458,1.6460857876475166,4.115147375888788e-09
93,96,0.5693610734808582,0.7189071475311162,1.1077484983483141,1.1145211799776573,148082702.47674707,43670656.79098882,84536394.73695019,41415632.14894891,80171183.23593216,1.2665714779521561e-06,2.1329402376244866e-06,1.29371875895858e-06,2.178656984771139e-06,1.9306448,1.2593122,5878,16103,6353,16402,2.009835188664327,4.610069428923866e-09
94,97,0.5350080658026232,0.7236267529359073,1.0887064009294771,1.119245646682536,149515165.88449827,41432696.32405908,47196490.73421347,40225139.60844758,45820948.12183705,3.454432435540422e-06,7.814282558573742e-06,3.495545484215227e-06,7.90728451625686e-06,1.9306448,2.2923987,8836,18188,9571,18234,2.0823911011452405,4.597403706439135e-09
95,98,0.9567645978143811,0.8943030158551837,1.4306607271826421,1.2840999542524747,148693975.52162424,111927391.34667747,32176364.95507767,105208217.55568911,30244768.18064921,8.291600589647575e-07,9.004525591905268e-06,8.499493799333297e-07,9.230293790307836e-06,1.2710484,4.1327686,3248,11282,3462,11563,1.7010027620803085,4.283654382423138e-09
96,99,1.0989737698511717,1.333457329604787,1.523953215509209,1.6439544511459245,147352747.63008526,70110886.64700823,51928743.12062586,65879830.00809582,48794943.737413004,6.005453822143822e-07,2.486717324338431e-06,6.156856446672697e-07,2.5494095938182186e-06,2.3097241,3.783812,2514,6818,2752,6956,1.5852842648091818,3.6515657961121435e-09
97,100,0.6772981530597784,0.8388861391783747,1.193098923461095,1.2241615695106098,147368221.7078926,51698906.18018374,53928297.26614169,49109931.90868695,51227679.701022156,1.4199569676225004e-06,3.667188342108314e-06,1.4494391651227386e-06,3.7433292206263672e-06,1.9306448,2.2923987,5651,12977,5901,12835,1.8843633106465785,4.348699147517109e-09
98,101,0.7075858314265957,0.7823238778494419,1.2287643307779195,1.1880910397604076,149065457.27256688,54873955.97154293,71100481.32381389,52768074.384079896,68371879.1695018,1.1515190047942298e-06,2.724665981103506e-06,1.1696855363933547e-06,2.767650708612734e-06,1.9221615,1.6401783,4859,14463,5263,14594,1.8781627114530326,4.490290484068197e-09
99,102,0.3287065502512631,0.6679139724925848,0.9622336484944922,1.0886885762418783,149416874.09340376,22475478.310282346,57786093.55070939,23489354.81142123,60392843.96264052,8.438702528340145e-06,7.751366958293175e-06,8.291074543742883e-06,7.615763329881865e-06,2.1852396,1.7270179,15889,19649,17225,20020,2.603449077350357,4.780094403407737e-09
100,103,0.960717749789094,0.8603296332235489,1.4326720036881169,1.2538807679484412,148887419.0387622,74088608.21567258,55876954.83042244,67159387.52705786,50650999.5755922,7.609444547759015e-07,4.011356980398651e-06,7.914269599132991e-07,4.172047039962785e-06,1.9306448,2.2923987,2824,13620,3141,13945,1.7028674957138255,4.342511859258424e-09
101,104,1.0308431282537818,1.188182579079585,1.477249813075201,1.524638464934134,147720738.10490304,78873601.0767055,76565742.06965989,74174258.07041179,72003902.8787901,3.9974085759584553e-07,1.2301445058243721e-06,4.096848680154923e-07,1.2607457554868632e-06,1.9306448,2.2923987,2667,7399,2878,7459,1.6402291770144142,3.828984813390319e-09
102,105,0.4408206381590732,0.6163087977604162,1.0379145830356742,1.0575296898831636,149260977.5548356,34385044.35144354,46433126.35864605,32912355.730257105,44444426.38386707,4.661290484219001e-06,9.31577019199404e-06,4.743625734723693e-06,9.480320390055875e-06,1.9135447,1.9811471,10537,21805,11370,21948,2.2845241137621883,4.970299063614659e-09
103,106,0.8682919735691794,0.9709918911010533,1.3505805050853068,1.3389598798325004,148368660.64634886,55960726.4926646,52084373.018182576,53806744.629063286,50079595.7057773,1.1713890784591189e-06,3.4980392671280058e-06,1.1899256358622702e-06,3.55339372353022e-06,2.3021023,2.7659883,3839,10111,4112,10220,1.7362554488231456,4.119066678529428e-09
104,107,0.648018936640724,0.8602374266962218,1.1655534855940608,1.2225176700736344,149828157.9256646,53807683.98886334,67177158.42604843,52279894.046080746,65269761.946220905,1.3521264719773286e-06,2.8779642706501893e-06,1.3677954533113615e-06,2.911315269518576e-06,1.8044167,1.9186252,5555,12425,6205,12421,1.908117275065416,4.251568578863332e-09
105,108,1.2217105253756464,1.1100375721335158,1.6524903382928602,1.4668074697799358,148718673.72030702,94109060.87127246,72013352.43620846,84477491.90474927,64643163.38025104,3.0855137010546295e-07,1.6477642961896598e-06,3.221689268647917e-07,1.7204864617781274e-06,1.9306448,2.2923987,1704,8238,1867,8397,1.5886825339789565,3.967518129024684e-09
106,109,1.3941439521591634,1.1027879081653187,1.8694310745302432,1.503413006295228,155918253.81462368,73124226.49717338,63632724.2585278,61251795.67407537,53301331.325792365,3.643741711382977e-07,1.3563784569710964e-06,3.9113309832177606e-07,1.4559882406446834e-06,2.9726467,2.7021437,1349,5623,1377,5639,1.3510551663245927,3.493362104279365e-09
107,110,0.8637298001398945,0.9081891130869265,1.3562507335102643,1.3308569272988204,153126831.45860094,38285272.75081763,58304094.42321918,33079527.31917423,50376339.14339565,1.6992118387829699e-06,2.9678709994765873e-06,1.8015092871086832e-06,3.146545384433669e-06,3.4545975,2.3852205,3941,10369,4093,10354,1.6553119420567306,3.955201636038854e-09
108,111,1.000971541216144,1.0219010592415718,1.4467937400665194,1.396894639135318,155136030.13881534,79817812.34593625,49869907.6182038,71071765.20182219,44405406.02035175,5.857053576927671e-07,2.623993129080907e-06,6.135363298164074e-07,2.7486774582728922e-06,1.945515,3.1789446,2606,7491,2773,7603,1.5442284605435546,3.6994108711904954e-09
109,112,1.1907075920182946,1.082228456368461,1.6270911923596805,1.4697825217057767,154093651.53853422,91903023.61495511,56900285.520955764,77372683.00976065,47904057.79490995,4.334364637827858e-07,2.07746928698357e-06,4.643252504932488e-07,2.2255198343305324e-06,1.9964575,2.9308207,2134,7335,2287,7467,1.462862146101027,3.617460005589707e-09
110,113,0.8742125132122638,1.2442082449124896,1.3675790561737133,1.612625889119459,155283005.8367533,37942493.74640899,57786996.28259887,32508068.968479723,49510284.516125076,1.378984450697391e-06,2.5769121758992674e-06,1.4669430322584752e-06,2.7412806281214496e-06,3.5777919,3.3433888,3476,7076,3528,7055,1.6285537288803826,3.437077341289341e-09
111,114,1.1398337943298333,1.3019238080996454,1.578667026162511,1.6598321242613017,155191921.6960976,68994015.32445489,60438959.37885124,60887361.82005354,53337507.179746225,5.064855342108758e-07,1.6258609162072578e-06,5.324523540775021e-07,1.7092165792769245e-06,2.563889,3.3430102,2148,5535,2286,5628,1.487499360432622,3.3727574960542156e-09
112,115,1.110563736763226,1.345973847312896,1.5377592782198033,1.677097214871007,155475968.0316438,61651914.97061109,71402043.41270295,59316355.62608898,68697119.97618023,4.589511184138614e-07,1.1085925501622978e-06,4.6609589358518997e-07,1.1258506942428553e-06,2.8006587,2.9308207,2140,5111,2203,5085,1.4885905806352617,3.3074168546811644e-09
113,116,0.49566410670205185,0.8845943282958498,1.0660425006917953,1.2681343567406314,137214042.90647516,27403548.880606655,42194420.05880557,26617540.199307244,40984168.765693456,2.9621402098868164e-06,4.998699576546899e-06,2.9968235157775188e-06,5.0572286852941595e-06,2.4818711,2.8766544,8416,12552,8681,12639,2.2311570070538207,4.597527835216121e-09
114,117,0.9937604070420005,0.910362401803751,1.4359135244172898,1.2770230917581378,143800367.3419115,74761532.9487081,48829304.656684734,65198462.719441146,42583337.62978447,5.279599374302325e-07,2.5730741253218357e-06,5.576700299982331e-07,2.717869714963978e-06,1.9114524,2.6809812,2906,10158,2869,9969,1.6524057802997827,4.262845720490724e-09
115,118,1.413487841852236,1.0598089731859117,1.7818688455535499,1.3931275319374032,145587197.52993256,82915560.61791426,53636828.36673474,72697802.50737673,47027114.412158825,2.9690343233129886e-07,1.7111456792994099e-06,3.1294003120104094e-07,1.8035695244909233e-06,2.4818711,2.8766544,1457,7496,1520,7558,1.4614892832874196,3.9342076239096886e-09
116,119,1.7834042189548833,1.4745120031826584,2.125449090502372,1.7712957049200304,142854330.88982952,102651187.8094309,73224098.66255774,90452244.18273737,64522234.89690611,1.5968346291123682e-07,6.798108342122379e-07,1.6797234885359233e-07,7.150986114462214e-07,2.4818711,2.8766544,1349,4979,1318,4841,1.425323653650027,3.6032458272987344e-09
117,120,1.231522238574534,0.9493657199035858,1.6400514377239364,1.3118178632057447,131339417.25913514,55145640.3992768,32732558.614020113,49362561.7732228,29299921.7142357,6.994199458799437e-07,4.388568284480158e-06,7.311111561946881e-07,4.5874174041018484e-06,2.9330952,3.8093307,2192,10892,2193,10595,1.6941670202596117,4.669413778364541e-09
118,121,0.9284056565622154,0.8585883670095142,1.3878223539460457,1.2404268204343536,141210268.02976722,50074954.29519435,54054698.20121148,45063795.26993039,48645273.61837335,8.542561087378004e-07,2.6152456950879722e-06,8.910564365063176e-07,2.7279073404540703e-06,2.6180835,2.2429409,3383,12320,3430,12257,1.729980705729632,4.470470716285525e-09
119,122,0.6004401555370565,0.7191895960297726,1.1449465614485084,1.1414739221500303,137446762.6629196,33252555.1191552,34362932.75797927,30679863.80809276,31704333.495086834,2.471165257011385e-06,7.79059857103978e-06,2.5520573360904825e-06,8.045619037151466e-06,2.4818711,2.8766544,5885,16692,6131,16676,2.0755869205506756,4.99721202143534e-09
120,123,0.8266128679326723,0.9670916311145833,1.3102762815830649,1.337994556699901,136183202.74447334,45357225.75796369,45782919.09954867,39888274.61675918,40262639.94946885,9.351717623869498e-07,2.7477225411876126e-06,9.84491288836501e-07,2.8926332196283684e-06,2.4818711,2.8766544,3982,10282,3989,10112,1.866584559145964,4.4860262604066366e-09
121,124,1.202377209108556,0.8551137893193554,1.9875629893883102,1.2580438831239056,155743570.75283837,86533508.98194681,55430886.40720573,84153009.51219897,53906006.65539149,7.190411311005146e-08,7.675018117861947e-07,7.2710913195717e-08,7.761135657000468e-07,2.1640463,2.4026041,530,6071,552,5307,1.3681902017857919,4.016083544644878e-09
122,125,1.0607177394118579,0.3929507300920503,1.6736728904733338,0.8362600627129044,156898852.8497553,76904730.04718345,25661122.77004626,73662914.40476727,24579412.59244263,8.174512786795853e-08,1.487192324321857e-06,8.316556443774892e-08,1.5130343826667968e-06,2.1640463,2.4026041,588,9129,344,5637,1.42020645689498,5.892699689098803e-09
123,126,2.413605841012326,0.43768441225740945,2.8625620906120255,0.8550364662468203,155961137.77089408,173946700.25995195,28411571.81087414,168108393.77973253,27457972.44067191,1.200479995273133e-07,1.5820056458604293e-06,1.2169861782222015e-07,1.6037576739823891e-06,2.1640463,2.4026041,547,6997,606,7193,1.1046025420562917,5.519860749601011e-09
124,127,0.2657407878034549,0.5220141718691168,1.0270626211543592,0.8686075500514601,156226285.66439447,16867221.149293542,42212723.536776766,16568794.07910896,41465865.5156427,2.5204399000762847e-05,3.169342206235236e-05,2.5385013668667443e-05,3.192053705527002e-05,2.461324,1.9319373,21741,35426,22549,36124,2.7477388774135245,5.0395873616902946e-09
125,128,0.39822193771976777,0.5307265509456636,1.1602760152023552,0.9014080924304833,155888657.7161395,29054232.077589814,44076350.42549943,28121863.362881064,42661912.41572759,6.546420311325798e-06,1.824630265760573e-05,6.63238927918791e-06,1.8485916940248146e-05,2.1366348,1.8770667,8800,28898,9366,29715,2.2166118802087316,5.008651225674357e-09
126,129,1.314806899032515,0.8132437384498045,1.7795167369545604,1.10032078581635,156650749.03470767,122530717.57174617,49726342.97014901,114850614.81494433,46609545.555597864,4.6728123223945543e-07,7.116370283016592e-06,4.795379688980584e-07,7.303031913114642e-06,1.6809294,2.5619266,1419,15071,1547,15458,1.3464995426059232,4.082946931667003e-09
127,130,0.7771011309584469,0.7243209055324654,1.3335005426568949,1.0142521593728915,157269396.78367275,60587391.38024312,41137739.93418398,60516300.525901474,41089470.533389814,1.2702839953120884e-06,9.480560978734557e-06,1.2708806859093715e-06,9.485014283360812e-06,2.0171561,2.7690756,2597,14716,2766,15038,1.6036422547126663,4.25312573638391e-09
128,131,0.8543107643911066,0.552231226706511,1.3952078825780667,0.8686122708130263,157633392.79817447,62229677.93941008,27015607.395114504,58255431.55423122,25290278.201896075,1.978385324363369e-06,3.44628267542758e-05,2.031305917019746e-06,3.538468620904971e-05,2.1640463,3.2222145,2103,25070,2200,25738,1.5274354627646807,4.832596612840785e-09
129,132,4.046383020864716,3.7602661353262814,4.37369260722646,3.903457068585453,156517535.8607761,286145216.0995277,218922962.9357101,282968120.06337124,216492241.6143907,3.6661646746316474e-07,4.952073387134615e-06,3.6825746603875696e-07,4.974239181897592e-06,2.2133164,2.6883776,845,7235,1393,15491,1.0051336576828676,2.5178265612918544e-09
130,133,6.840140363012331,2.968675679252954,7.072077010524652,3.148258702174979,155934026.3323356,616461643.3786063,144399586.43230453,604720897.034956,141649441.4157581,3.05207560559119e-07,4.0548240206406415e-06,3.075641561588656e-07,4.0861324863525775e-06,1.7302141,3.2058094,1204,7900,1321,9472,0.9496286539506668,2.6812698535649265e-09
131,134,1.5915692115547544,0.4414862195038669,2.076665569744002,0.8383012363907464,157049029.01156232,115503258.53904882,28858263.454668943,111383878.85000034,27829044.48855481,7.376757929591289e-08,7.989651341318812e-07,7.484698172883223e-08,8.106559733573383e-07,2.1640463,2.4026041,551,7396,368,3590,1.2387826976030172,5.541773975991185e-09
132,135,0.46964771430854624,0.8946581849985313,1.0485439308411586,1.3181303820556245,126139014.4087001,11063000.121324902,28347669.616931625,11041676.690613925,28293030.77012106,1.2901045406705606e-05,1.2759127155539298e-05,1.2911005319230122e-05,1.2768977503813579e-05,5.3548675,3.9809728,9922,14394,11277,15002,2.541806588146909,5.378704012311653e-09
133,136,0.7771138448889112,1.0615263202628795,1.254222125246554,1.4246670362225204,129758530.74983856,34871239.99261302,40466268.57606551,32282708.968297303,37462412.341827005,1.6515655240891727e-06,4.1325416829648595e-06,1.7033142371677095e-06,4.2620271382602416e-06,2.8916996,3.4038744,4827,10936,5211,11077,2.0600137736787727,4.800157086947785e-09
134,137,0.2720186489041907,0.5465029221836152,0.9240943758605619,1.0385071209142975,127177030.63828236,9295887.881658599,24511967.094984446,9626412.379797544,25383514.356053878,3.347799931554933e-05,2.883514289750187e-05,3.3013385413435417e-05,2.8434963420426667e-05,3.7214868,2.8354566,25074,30156,26843,30345,3.126084461159586,6.357412421769638e-09
135,138,0.33895852532390325,0.4602048245407082,0.9513431102851925,0.9577230888517265,130535998.67772062,16976105.159804076,18548033.39504141,17462056.992571294,19078982.6756744,1.885866866882568e-05,4.704672322770136e-05,1.8646962291768216e-05,4.6518579300795936e-05,2.6063864,3.238796,19069,40173,20308,40770,2.7943283357332005,6.6453555288633716e-09
136,139,0.4768403666323566,0.6348803253732873,1.0481522579995566,1.1020704284765206,127938347.68453947,20679291.673756927,24405867.863492575,20393319.06072974,24068360.664685737,7.318388724001734e-06,1.749246740473406e-05,7.3592672025765315e-06,1.759017544963192e-05,2.9501092,3.3281152,10656,23977,11421,24198,2.500998953995002,5.985623651588592e-09
137,140,0.4205830772606727,0.6459591375326708,1.0000223382510773,1.0864932818126465,125853639.98117737,18304775.222066775,23883463.131773777,18617660.27243993,24291705.160119575,8.765340815320659e-06,1.7397723086391107e-05,8.70611754927634e-06,1.72801748923597e-05,2.8916996,3.4038744,12421,22790,14129,23824,2.5853559160631545,5.915071318832186e-09
138,141,0.2600464973040605,0.3762327820352565,0.8988277230297937,0.8853221886181513,128720097.39980397,12953751.092742255,14862569.723214822,13010661.725668153,14927866.504340049,2.5619253325085447e-05,6.44148534964862e-05,2.5574369346270595e-05,6.430200106932872e-05,2.5840554,3.2584352,22512,47618,23766,47388,3.1238020992146986,7.3155452827899504e-09
139,142,0.8344415427488119,1.071716012954929,1.299946510356536,1.4352990465004445,130786550.42022742,46167889.82367238,23640970.98615756,42462442.99976756,21743540.51685838,1.8172494175302942e-06,1.0932521066802227e-05,1.8790942236418882e-06,1.1304577670130884e-05,2.3638449,5.928946,4441,11332,4800,11513,2.014832174279215,4.765508241774892e-09
140,143,0.3844430775274391,0.6129937486342053,0.99360038141986,1.0952689954400827,127400144.69112755,27282471.354244523,24271475.643816896,28422020.07323967,25285259.49861898,5.937155005202778e-06,1.731506158431996e-05,5.840767164107357e-06,1.7033957014356008e-05,1.7952224,3.2175832,14329,24253,15176,24694,2.722411174554782,6.1118360203163005e-09
141,144,0.42861933228799814,0.6676825484211348,1.0103226372325702,1.1138441062270514,126350816.52392952,18728225.647135008,24784179.807512432,19219911.302504353,25434856.80815572,7.628949058041133e-06,1.5033876167365702e-05,7.550275809942434e-06,1.4878839889026209e-05,2.8916996,3.4038744,11465,20697,12661,21196,2.5815135088675043,5.859287119729361e-09
142,145,0.5078005466707913,0.8299252051854997,1.0680983456127282,1.2529212524034707,125906942.01539494,29346704.603532825,29012886.98094561,30201987.201010548,29858440.77216766,3.1389426656863108e-06,8.313706456593116e-06,3.103079567917335e-06,8.218720565090644e-06,2.1786301,3.6016183,9155,15553,9870,15813,2.4605160771906367,5.484889294461819e-09
143,146,0.5348946482950515,0.9881053100319115,1.0924934638359989,1.3941932579079894,126464002.55366917,23392788.852593597,36711035.06379957,23715378.317239076,37217284.798383884,3.4344568702649175e-06,5.373561324519038e-06,3.4156931155723477e-06,5.3442034987179004e-06,2.8916996,3.4038744,8537,12370,9390,12481,2.4353784216602974,5.218791365981751e-09
144,147,0.5763134802985784,2.2150716706674287,0.9475240080163791,2.5972393481372706,163739652.5283914,31284505.652544916,94911379.16839024,29979542.839262594,90952364.38491668,7.029667701948289e-07,3.66140562903372e-07,7.150501669536557e-07,3.72434205616861e-07,3.0163612,3.8214076,3257,1394,3398,1397,1.7198857456106824,2.209164427722054e-09
145,148,1.4979988969771347,2.554409474566042,1.6889409542765337,2.690625052491315,164919774.8347507,81903202.04098037,110240173.11871822,71964318.64991242,96862622.56715533,6.378506463389585e-08,1.3050632005706552e-07,6.717264742960551e-08,1.374374248085336e-07,3.0163612,3.8214076,576,938,600,969,1.0798777772615331,2.0166664589715173e-09
146,149,1.7844923934291927,6.422466383718407,2.0350386978334507,6.6968134764235,163460624.8045714,96704015.9477389,274720856.22820425,89852920.56853116,255257974.8759531,1.989628065097628e-08,1.1483473859360087e-08,2.0489757719896722e-08,1.1826009156616417e-08,3.0163612,3.8214076,492,243,529,241,1.063355130305976,1.550994639616032e-09
147,150,1.421764675030029,3.8470049979917693,1.7039634583307763,4.266508364762246,163601999.16539472,77113955.44328395,164697874.27824205,73898399.45855652,157830177.86372218,3.2066719275657124e-08,3.0296692004938504e-08,3.261772816376818e-08,3.081728615838398e-08,3.0163612,3.8214076,535,398,531,396,1.1599447076167595,1.8043817734145852e-09
148,151,1.8747177047052854,4.308239543851499,2.087555931709466,4.554840458801933,163358105.66283557,101529728.23454784,184169270.67013204,89784060.33881254,162863283.4730238,2.8775032047100685e-08,2.745865823455723e-08,3.022549407881584e-08,2.8842765857647815e-08,3.0163612,3.8214076,546,409,543,409,1.0284619781373434,1.7199620827818486e-09
149,152,1.8349097482843404,6.155340215475569,2.0831969816786864,6.45552973991107,163514175.98492622,99468775.65505826,263380798.01808262,90615021.48345523,239937171.37428614,1.874671627058553e-08,1.3161507116842298e-08,1.9458969451169895e-08,1.3661558708275591e-08,3.0163612,3.8214076,446,263,480,266,1.0596007941420675,1.5744952049925204e-09
150,153,0.6461317602477175,0.9721327099403914,1.223335990432156,1.4423236939593025,130795287.82258052,29910004.37864836,30509279.97602807,30500947.378052372,31112063.084664498,3.4563593249601367e-06,8.867838655435969e-06,3.4294158021937347e-06,8.798710769635417e-06,2.8255091,4.1675968,7484,13920,8098,14086,2.3450262003613074,5.194279342424389e-09
151,154,0.6837260402229256,1.293262565067454,1.256411630772155,1.7228711971608253,131915767.89696713,33094807.639077093,46949579.43076457,33912427.97925945,48109487.39953834,1.7615539176942238e-06,3.251883662149326e-06,1.7444411841541112e-06,3.2202930204693668e-06,2.7253292,3.6337221,5810,8701,6340,8778,2.3292219931973235,4.8137703185494124e-09
152,155,0.37091282245751345,0.49871109307840567,1.0036696603638149,1.0134150703374776,132088158.58491434,22768553.70497995,19736980.38778842,23323164.389041755,20217746.111251634,1.1254404498698472e-05,3.9914942102937266e-05,1.11465818305727e-05,3.953253754691459e-05,2.151792,3.337584,14724,35472,15861,36267,2.734224670438275,6.430314886725194e-09
153,156,1.4767234463867307,1.2749973503431398,1.8960181510222969,1.6847080527040121,129261029.89496909,70040270.19928344,45355001.31358723,71665923.31716259,46407702.839253254,6.560455092333707e-07,2.8152722548117798e-06,6.50051869939371e-07,2.789551895214372e-06,2.7253292,3.6337221,2709,9462,3016,9707,2.0249208957090588,4.9896217337449966e-09
154,157,0.14953209389508396,0.26480082209076095,0.9154834295117689,0.9215876531762864,133138354.40260375,6927554.817027081,10843255.370055988,7172451.318128521,11226576.09010995,0.0003121194184781618,0.0004527984606807956,0.000307812132593988,0.0004465497869277318,2.8738072,3.2513433,79886,110299,89383,114613,4.254032555425088,8.662116072459416e-09
155,158,0.2983957676154809,0.5372227885351937,0.9847258841513814,1.0845324263388427,133176161.80693406,14186007.42929882,20885075.190026693,15052168.91375338,22160264.690645244,2.5243625730742152e-05,4.299076336100402e-05,2.465222781427199e-05,4.1983592356713743e-05,2.8012958,3.4256649,20504,31245,23383,32564,3.082650632264913,6.317530246603628e-09
156,159,0.4565109798229967,0.5489209665843515,1.063947913380584,1.0614005103299928,131641150.36562817,22050778.50354348,19886107.2785331,22138433.802641768,19965157.670387536,9.530067106750182e-06,3.636148649846789e-05,9.514955735212387e-06,3.630382982868897e-05,2.7253292,3.6337221,10519,31801,11375,32551,2.5516640339004373,6.221573918402971e-09
157,160,0.6653510987338753,0.6044043862302916,1.1904120942828162,1.0695671374939923,133582113.916137,42346064.05432909,28528344.99611784,42133677.9375708,28385261.46411608,2.520060061099798e-06,1.3777129969371124e-05,2.525133613475252e-06,1.380486700292918e-05,2.0988729,2.8300841,5768,24802,6223,25231,2.1700300012008755,5.810196433976323e-09
158,161,0.6731825502716708,1.0585883916759784,1.2464832122705887,1.5130720960720152,130996366.2328194,29169147.742362197,39954175.024583325,30161663.509967837,41313664.4770634,2.798443635162163e-06,5.0418260899868635e-06,2.7612386507425812e-06,4.974795595333598e-06,3.0232103,3.470757,6940,11596,7435,11668,2.3546699019495296,5.127837507406099e-09
159,162,0.47868980531762806,0.7373276257440761,1.0915851636379321,1.217496722287193,132700699.61567423,22284759.9659694,27643743.665614333,22573501.24175758,28001920.725890502,6.946810720608756e-06,1.4247451065845556e-05,6.911130282912393e-06,1.4174272839097737e-05,2.8504894,3.5394588,10548,18909,11479,18960,2.5549224248470765,5.585797555962692e-09
160,163,0.9624232066498408,0.8516574703502557,1.4491254537708493,1.3143832609805342,128612979.43213023,44645974.5195227,32120631.20390809,44282845.031289294,31859377.003583517,1.5257920907984706e-06,7.226428796858389e-06,1.5307845704303206e-06,7.250074088243043e-06,2.772481,3.4100888,4039,16355,4318,16627,2.1199671919170555,5.461800348069162e-09
161,164,0.39096557899070483,0.5424380253605613,1.051954453459429,1.1180247236807934,131971046.60625939,18932074.938479174,19700492.210415855,19479271.545551833,20269898.497377597,1.595613937966858e-05,4.586871269091395e-05,1.57753143665916e-05,4.534889957228907e-05,2.7253292,3.6337221,14757,34699,16932,36506,2.7676580228895205,6.340768975984297e-09
162,165,0.6274716654299349,0.6867313954106044,1.1628312088289876,1.1324371758160008,132896573.77615295,30597710.7195912,25115913.392107185,30477836.977615915,25017515.882926494,3.9945454225052495e-06,1.6607269733467657e-05,4.00082247273569e-06,1.6633366486735282e-05,2.7253292,3.6337221,6434,21099,6906,21534,2.2211200205837156,5.563868656095291e-09
163,166,0.15383120549626406,0.2617525502932257,0.9315248750411352,0.9227527882821439,130437791.48966414,6054924.107696777,9141301.466380069,6319614.815068173,9540913.00706901,0.0002723389900215775,0.0004541832573014123,0.00026771768488804607,0.00044647624693773015,3.3138983,3.7349632,68637,105293,71853,106321,4.198413196462348,8.836648171595713e-09
164,167,0.67945948196793,0.743459938140882,1.2042782737377107,1.1663530276083895,135567670.10763225,36060415.15767498,22654802.908400007,34301294.50603698,21549642.81857023,3.5792767966327208e-06,1.756147291764906e-05,3.6516014416152796e-06,1.7916328763202743e-05,2.5544004,4.4489079,5453,16534,6096,17173,2.1224327975526203,5.210322282397381e-09
165,168,0.49682159312242,0.8025404814399971,1.088099394959349,1.2467949721325244,134161441.38708197,26525107.625904247,20213147.97211954,27515647.001749948,20967976.916022744,8.570953077285847e-06,2.9606780016030886e-05,8.446175236967686e-06,2.9175757930638127e-05,2.5128758,5.3267303,10101,18009,12534,20425,2.4400556760957346,5.234113795004343e-09
166,169,0.5245705050582916,0.8365508864680039,1.1465880246267142,1.3202525061149888,129273179.54008593,24412289.459508896,25740941.607015982,25309608.57679033,26687097.805889152,5.255360424902163e-06,1.3829269540495171e-05,5.180023609385802e-06,1.3631023741184896e-05,2.777818,4.2012291,10243,18380,10346,18001,2.5641989117254798,5.6150829988291094e-09
167,170,0.6805643023405985,1.2084972565182068,1.2556052450422637,1.632690463692967,130265873.58885552,32529759.479254123,43323607.727206066,34161878.91303989,45497288.1738254,1.9806974862714456e-06,3.744755040110474e-06,1.9422887366043405e-06,3.6721385199719098e-06,2.7253292,3.6337221,6721,9978,6938,9838,2.365749379180872,5.007555072605802e-09
168,171,0.32013322036561287,0.41135576693450876,0.9582701915861933,0.9345946749977568,130972914.22289513,19593683.879426975,15853975.99642487,19350230.3357033,15656988.708981063,2.0428118258744795e-05,8.144922758524305e-05,2.0530538773127144e-05,8.185758980831539e-05,2.1399131,3.3982935,20004,52752,21226,53292,2.8760363536999085,6.976232014512027e-09
169,172,0.6223505828920778,0.7664691536304944,1.188984296563945,1.2309343897568243,131913657.75018565,31709848.838172916,29496192.192868114,32667059.236912705,30386579.97220852,3.6255635586725524e-06,1.0761043366288846e-05,3.582689539404992e-06,1.0633788893112753e-05,2.5889919,3.4278238,7964,18968,8384,18795,2.3400637645580398,5.53853530128339e-09
170,173,0.37790002644849263,0.436855122806455,1.02775708519139,0.9938627747304929,132466882.33220413,22570886.709778935,15580396.841260256,22475699.50613273,15514690.32179174,1.778346553188622e-05,7.527296001873159e-05,1.7813553360575867e-05,7.540031426933845e-05,2.2178676,3.7142081,16979,45792,18415,46544,2.761833543156964,6.834009888485217e-09
171,174,0.3912472024128514,0.6258006876128396,1.054536500992882,1.1675749966097593,131394984.5293559,18802366.300272215,18489842.505892895,19401036.25303623,19078561.657665655,1.2816132755500817e-05,3.528032731505274e-05,1.2656453567573926e-05,3.4840761486347935e-05,2.7341197,4.4471483,14822,27050,15330,25945,2.791210664311207,6.0471327861687176e-09
172,175,0.4686462285986213,0.45858359981760277,1.0587133264788937,0.9574840952230574,134947970.60978106,21590095.15609711,15825788.143043369,21163761.533933006,15513280.693037061,1.635721366607289e-05,7.662292879997817e-05,1.6488228806658718e-05,7.723664969363188e-05,2.9292533,3.9103851,11291,42377,12406,43533,2.4250999050640987,6.402915734406319e-09
173,176,0.6701014526455821,0.9862870947175864,1.2357106233693032,1.4510542834651488,132508841.04810503,32581152.718988117,35966360.73565724,33111451.475406468,36551757.96010526,2.784555200124492e-06,6.06947020957996e-06,2.7666302571584797e-06,6.030399370784677e-06,2.7253292,3.6337221,6720,11908,7341,12001,2.337471252464106,5.181440758377556e-09
174,177,0.8703255226754961,1.467277448540305,1.433956895137912,1.9590896115926877,131341849.64305057,41943616.91782204,53035132.77221162,43401719.32352249,54878813.89378286,1.2408424962985993e-06,2.446353729620871e-06,1.223996670364898e-06,2.4131417391995365e-06,2.7253292,3.6337221,4781,7751,5484,8109,2.2197603128185084,4.763865078023128e-09
175,178,0.37619411009170506,0.7414745618345828,1.0282332382109627,1.2305441391722363,133143675.56855726,18359436.089067582,31076712.627585765,19421768.688935664,32874905.380394496,1.2070371117427052e-05,1.6242289161833165e-05,1.180181621597161e-05,1.588091283604902e-05,2.7281811,3.1767404,16671,20938,18692,21601,2.9007494501362068,5.8126913658693895e-09
176,179,0.9811800625823929,1.655507423945978,1.5142368728405997,2.107696951184518,131413323.24149564,47523442.13634382,70836717.74960805,49695531.76536422,74074355.70386939,7.394764130503591e-07,1.3927589719993487e-06,7.263744251805132e-07,1.3680821725305442e-06,2.7131901,3.0712283,3927,6824,4293,7143,2.1670483933764433,4.652965528078453e-09
177,180,0.31862166257305213,0.4693705951181807,1.0087401886198177,1.0423612374452178,128167668.43549979,14230795.108355105,11480363.115235904,14690610.134557685,11851308.197815869,4.0001379201105275e-05,0.00013586055107225412,3.949578031100897e-05,0.0001341433366861035,2.8696215,5.2400899,27050,52060,27507,51162,3.0899908916919068,7.017627844574822e-09
178,182,0.4159126276285012,0.7592870563839704,1.075508911076669,1.2892761090425462,132254695.22025165,20183395.7546345,27635376.471619565,21414578.459677573,29321128.362571795,8.337400123666372e-06,1.5912208518980443e-05,8.14225176206576e-06,1.5539761308115285e-05,2.7253292,3.6337221,12371,19085,13641,19526,2.723281839781629,5.657741659757561e-09
179,183,0.6026580300970146,0.7974728740743356,1.176914451701702,1.2657438211236072,127240456.22200705,31505939.546464,28663355.503182814,32114746.05014999,29217233.200499725,2.782762015550829e-06,9.440096046140551e-06,2.761539400429076e-06,9.368101558656515e-06,2.4339056,3.5400884,6983,17414,7640,17819,2.4319100841329924,5.667486382001698e-09
180,184,0.23216988863489094,0.38461801216722263,0.9694735622117004,0.9954440151221009,128221341.908682,10662177.989034355,14909223.997111488,11127674.617952034,15560141.053417591,5.41831880485535e-05,0.00010619407027307479,5.326490522953719e-05,0.00010439432031879394,2.7920313,3.3077669,34535,60309,36870,60995,3.5065560501911417,7.60272139741881e-09
181,185,0.6745999011607728,0.8566055815737018,1.214127213824053,1.282774021358928,133907529.44656864,33146089.7015078,31567063.738494348,32553141.146191083,31002362.290815607,2.8300629679417467e-06,8.861928219719525e-06,2.850570973717949e-06,8.926146040021409e-06,2.7253292,3.6337221,5876,14922,6507,15282,2.2107671351452547,5.133938758719152e-09
182,186,1.1903345320056409,1.1514270783433327,1.5856332315067294,1.4963610019815556,135503717.26062506,89530668.01012413,75983266.66204463,89952465.27711934,76341239.35372381,2.506363342541899e-07,1.0125117232604371e-06,2.5016556645376035e-07,1.0106099322919135e-06,1.8015587,2.0533817,1950,8101,2436,8634,1.730141223458892,4.3919362290014205e-09
183,187,0.6367223667321958,0.7263296878127143,1.1833803541661974,1.1870852547026856,130338865.87834658,35671396.30504554,36724204.62202457,35409150.13857893,36454218.5021569,2.2256758866614337e-06,6.78679680919401e-06,2.23225478760657e-06,6.806857979919738e-06,2.3265047,2.5778363,6323,18613,6932,19077,2.284946168869478,5.6188872906008114e-09
184,188,0.9694315688588884,1.1289623066719863,1.5174313867042706,1.5907648823272607,145211093.29588935,71633006.8365259,39157153.98369032,66825361.03461411,36529123.48101831,8.673793200964725e-07,4.33719495582292e-06,8.91821238133557e-07,4.4594129533759275e-06,1.9651865,4.1866641,3316,8481,3578,8398,1.8092963825145572,4.084514414361968e-09
185,189,0.09094156301443178,0.2932077735433673,0.9346297741284478,0.9661919209556159,143373705.6782797,3639128.1265927553,10772377.407596556,4074636.786965333,12061549.838632317,0.0008875191221252255,0.0006025723650290772,0.0008482836508750709,0.000575933828331836,3.5828991,3.9024148,129160,82060,129091,80469,5.43009149104026,7.492690971625666e-09
186,190,1.5622642198535677,1.353855599552218,2.0222712688814415,1.7922991546651483,146439805.27435818,68406271.6561754,51221619.79787269,60851163.74365868,45564465.04206462,6.152421258024299e-07,2.2342091417082476e-06,6.447285127500378e-07,2.3412869124125375e-06,3.3443961,3.870599,1850,6166,2011,6310,1.5724419926559705,3.787135569541921e-09
187,191,1.0189750605458745,1.5941183884693513,1.5412015105055004,1.9791297643123105,144215867.60378683,45369442.36722613,63647046.299424864,39419882.12364132,55300636.98675048,7.916073259060546e-07,1.407543706116788e-06,8.373924728147432e-07,1.488953507739323e-06,3.2390165,3.6120634,2909,4857,3097,4938,1.8138548592885573,3.721920789142493e-09
188,192,0.6070047043663928,0.7708636505410215,1.2546144202105014,1.3155004406897264,146630654.78444797,34005114.68700395,37769143.86248544,32431362.883386817,36021193.331462,3.7835405550489997e-06,9.795607132793662e-06,3.855937723980593e-06,9.983043798018253e-06,2.617415,2.9927139,7061,17273,7657,17338,2.064484187743623,4.629101886303976e-09
189,193,0.40110457281566253,0.6656445087965465,1.0577577810652685,1.1730271961341243,142439781.84396672,15722680.95204088,33763844.96500251,14635730.542368168,31429661.295640975,1.2703285198726516e-05,1.7110316512282303e-05,1.3072568526734723e-05,1.7607711833735276e-05,3.6338108,2.8081594,12635,23650,13032,22714,2.5322545750273937,5.145932533690587e-09
190,194,1.215146348066082,1.391832754969999,1.7211170869689822,1.8141655002862098,145678527.01595896,54652617.57545496,56134160.21340977,49706317.457194865,51053774.02845386,6.555013782495402e-07,1.855608703867499e-06,6.808530078047755e-07,1.9273746924998075e-06,3.2390165,3.6120634,2242,5977,2379,6039,1.6751250271690592,3.770908681776643e-09
191,195,0.9274383125349501,1.0817765811502535,1.4795163974894079,1.5505167398229946,145296086.73108873,49814385.22774425,38246525.028488874,46868470.99210263,35984708.847678185,1.447615436474362e-06,5.143790368421299e-06,1.4833471490533752e-06,5.270755330510098e-06,2.7051053,4.1095996,3432,8718,3821,8937,1.8486593334781019,4.160468202720367e-09
192,196,1.3586010523913177,1.2024493235135445,1.846152370298114,1.6604137684454492,146131683.00834894,127924305.17839801,82701647.98900028,117138583.56628796,75728798.29614374,2.2109273517234473e-07,9.982263438289104e-07,2.290212136828662e-07,1.0340231605335142e-06,1.5519698,2.124697,2219,7672,2410,7948,1.632141544597428,3.950973466174837e-09
193,197,0.23176109105184234,0.5898562855499738,0.9948861644836,1.154502770681027,143972016.65622267,9844107.89355742,24271020.675666843,10200409.390708152,25149495.505242422,6.082926101318143e-05,5.070950274163544e-05,5.997027571121092e-05,4.9993421092774725e-05,3.3895516,3.4989381,38557,31951,37994,30683,3.3349435860048064,5.445594154333019e-09
194,198,0.5422038898979933,0.800507943661848,1.2105621561425257,1.342490457066806,147140203.7049948,27369869.108416736,34854596.492873944,26417980.218633875,33642398.399123155,5.502703185664796e-06,1.0771370485439874e-05,5.581171034614233e-06,1.0924968861312988e-05,2.9148839,3.3793793,7816,14121,8675,14647,2.1454387398103503,4.5321359634980846e-09
195,199,1.3759418687168412,1.737455891349171,1.8305368679651195,2.1069968963898784,144842050.26081517,83884819.19737658,73223922.81002077,77941726.70453271,68036136.15073425,3.3744790331677874e-07,9.566934769360537e-07,3.475138149338356e-07,9.852311916137858e-07,2.3758082,3.4368095,2099,4493,2341,4588,1.7155699248555487,3.6667187805824004e-09
196,200,0.4879747041391018,0.7453402044479147,1.1161058802370913,1.2394525932622396,142841695.2821471,23358558.323005136,28618418.95087062,21786003.90053392,26691758.038711384,7.719912434081615e-06,1.5766955692939125e-05,7.938158339029325e-06,1.6212695659921703e-05,2.9840512,3.7201796,10096,17134,10507,17213,2.3553490762632703,4.92157451579199e-09
197,201,1.084190728474234,1.3294618427317997,1.5969656766099138,1.7560692322711622,144432617.12308338,61442686.18863404,53849606.35519242,59134136.57455468,51826347.02717494,7.928480546634233e-07,2.2676834530247074e-06,8.050868602450583e-07,2.3026885674839236e-06,2.5485947,3.5658135,3251,7068,3480,7114,1.8086612436575684,3.9502628904334305e-09
198,202,1.0300953036918434,1.3140368595714684,1.54820478641865,1.680828195880845,150237538.90077952,49113857.5805286,73557486.1638142,47212978.59283331,70710552.79867949,8.812577561375596e-07,1.479178085839818e-06,8.952823255658799e-07,1.5027181178193746e-06,3.1510248,2.6838555,2986,6645,3169,6245,1.6238123079172229,3.7372006384920334e-09
199,203,0.9697935158277162,1.4018884478276035,1.5035955356771489,1.7604589515734357,150331734.36910614,54829836.084969446,94998603.40976156,52195068.30364743,90433584.11722273,5.5951768346212e-07,9.992343787598115e-07,5.706486679041539e-07,1.0191130397077527e-06,2.6589673,2.218436,2774,6273,2875,6154,1.6563110705794697,3.6754026045174715e-09
200,204,1.0506426746946966,1.1208240499625224,1.571739824019829,1.518588341515629,150665994.42451626,70356643.74665904,51674787.858672015,68766939.11367401,50507198.76839012,6.33560067914579e-07,3.1801909538403348e-06,6.393784062098128e-07,3.209396435293405e-06,2.2499101,3.2679393,2292,8327,2345,8104,1.608001490933743,3.931181362354996e-09
201,205,1.0543924831598752,1.0888290267436507,1.582961589586264,1.4963527760376016,150710668.56668022,73000016.89098668,71866356.40226017,70218658.64065972,69128191.5111635,4.773453323396855e-07,1.790732567359626e-06,4.848203635064987e-07,1.818774701314997e-06,2.1768241,2.2833793,2334,8738,2396,8569,1.6053716816702266,3.9706799536113376e-09
202,206,1.663567930054294,1.46949998125638,2.0976748325736763,1.8258235126466333,150592267.1984779,97267173.43663558,101698162.50822967,90656847.1095743,94786703.92164035,2.036981340559056e-07,6.186628146262161e-07,2.0951413323143377e-07,6.363269058387969e-07,2.5755911,2.1760013,1353,5228,1407,5058,1.418887621085047,3.610824234173504e-09
203,207,1.1391490119885592,1.0803714582919837,1.6454790574517388,1.4841006418893972,150488940.8951168,41614581.27815622,97264542.60764302,41006664.692769565,95843676.96860148,7.083109197541408e-07,1.1004025848197646e-06,7.124926196034865e-07,1.1068991009609496e-06,4.1194534,1.6715645,2174,8897,2200,8423,1.5633587637627084,3.967012924514022e-09
204,208,1.2982177077921824,1.8211415507266848,1.7549246536486556,2.1213417922428763,150244031.61303693,73355344.50917579,123337183.81742594,71485307.30132611,120192966.79556829,1.1327469172134947e-07,2.7042780071987724e-07,1.1445081192775323e-07,2.7323562651014623e-07,2.6589673,2.218436,879,2735,931,2664,1.4882808739734013,3.3379902095797007e-09
205,209,0.5257054468164635,0.7007280277173389,1.1797992990743704,1.181941235439018,150263549.14643112,34793963.09183068,58812876.28391061,34304878.01775659,57986166.78037089,3.2090618348300323e-06,5.121834375146084e-06,3.2272848046021726e-06,5.1509192098423715e-06,2.2703469,1.7903202,8496,18583,8836,17884,2.081965109946064,4.705441182602822e-09
206,210,1.1087748171105112,2.043229481224662,1.718434773486119,2.4759806610200155,146867976.53633893,74223952.23418437,108942269.9074226,73053635.82470846,107224536.98805524,2.869702878537496e-07,5.48199475513772e-07,2.8880042599609703e-07,5.516955892656734e-07,2.1939483,2.7545321,2237,3582,2276,3463,1.7369014329155408,3.511086098187978e-09
207,211,1.089299680699623,1.026492679228789,1.672038609669485,1.4976679795779402,148407209.84077457,73684473.91995412,55304824.52766689,70099292.79049242,52613920.96662392,7.621500181141475e-07,3.505871767825535e-06,7.775089636014876e-07,3.5765225479709904e-06,2.1939483,2.7545321,2380,9513,2576,9438,1.6966416206363482,4.253172724933354e-09
208,212,0.9903722131762902,1.059573034204663,1.5640761708093813,1.4994335940446377,149197955.6564956,57768499.30493646,68253645.09985456,56982358.14053471,67324817.09360448,6.832646327377705e-07,2.0187872763494587e-06,6.870197283391447e-07,2.02988215651493e-06,2.5578215,2.3161566,2197,7722,2461,8030,1.706700726183859,4.097928199861896e-09
209,213,1.0163629698078471,1.38008225701661,1.6438564064004626,1.8641844651104245,145101304.4540181,67219265.2478996,72699002.39933874,65367263.000411265,70696024.30463332,5.821365838990014e-07,1.5082944519583412e-06,5.886786388879713e-07,1.5252446755264612e-06,2.1939483,2.7545321,2656,5887,2890,5964,1.7808440377428432,3.937840997838056e-09
210,214,0.7281282529081312,1.4528665258008742,1.4302236345515549,1.963059091773578,146599050.07466796,48653338.91817761,77323060.62713563,48760847.02623357,77493919.52689376,1.0701225569210761e-06,1.600501581143387e-06,1.0691781677659278e-06,1.5990891295262767e-06,2.1939483,2.7545321,4970,6298,5140,6123,1.9784226175806268,3.835098349616803e-09
211,215,1.0577953623879581,1.1316849744454935,1.6975661564152644,1.6739563500467423,145881143.97816628,69003059.48308219,59117293.85372307,64986272.318095684,55675974.16501289,5.665500486837175e-07,2.264071866733977e-06,5.803058779730885e-07,2.319043508109736e-06,2.2363124,2.7926092,2171,7283,2238,7162,1.7537416500734495,4.169851106861036e-09
212,216,1.8541518047970231,1.5827575175246271,2.3486856512946708,2.0186023358696272,146916564.3604283,124162275.36604492,84418437.77763875,115944568.41876031,78831185.28440738,3.199043116812656e-07,1.0419578432111276e-06,3.2878787653317976e-07,1.0708924331342202e-06,2.1939483,2.7545321,1782,5134,2080,5396,1.5225970672892462,3.768573091657416e-09
213,217,1.1165808140355227,0.9776510875402755,1.671851239858486,1.430746850640839,147816864.54604962,75229427.66837609,52463835.28448952,76816149.62048113,53570390.54773681,7.952927364231757e-07,4.2770229245055385e-06,7.886805039537382e-07,4.241462848877115e-06,2.1939483,2.7545321,2610,11613,2706,11591,1.6651018077038369,4.290928675987044e-09
214,218,0.9256525053433662,1.2142977274525537,1.5965153457323369,1.7372933572096825,146871903.82207504,61966977.862447195,64746466.02875884,57864455.34914594,60459927.55774766,7.004054292643723e-07,1.998169237179854e-06,7.198613929825544e-07,2.0536746723992676e-06,2.1939483,2.7545321,2850,6837,3030,6885,1.8080133967374923,4.0487355205872644e-09
215,219,1.1997693397347056,0.8962458247991096,1.7353343295408832,1.3603742040533469,144685860.04124907,35315157.68661631,46211456.67558502,34031700.35168062,44531995.591065496,2.0085235263093575e-06,5.9666109516044836e-06,2.0384868937811425e-06,6.0556214880320095e-06,4.9154434,2.8061028,2213,12009,2342,12187,1.6467675940307172,4.476296043826518e-09
216,220,0.6528958621412684,0.8659446351904174,1.3506205905429278,1.391272488299817,143538616.89771694,55842967.77062218,50103442.64101789,55164438.9264281,49494652.80798113,1.4141056204777245e-06,4.726863825949793e-06,1.4210375779754415e-06,4.750034951687849e-06,1.6782018,2.4807975,5067,12319,5478,12387,2.0241741525692745,4.577280036608617e-09
217,221,0.637446873991842,0.8045840872609784,1.3252517174971465,1.315925428932637,148777557.5780062,32868172.5768459,46794563.839917734,32280676.01386297,45958142.363854185,2.7134456404115184e-06,6.022618807402027e-06,2.7330923126620556e-06,6.066225510273364e-06,2.8853989,2.5580761,4496,11928,4645,11629,2.006485979196129,4.5967851666909785e-09
218,222,0.7516523177603854,0.6850789106841019,1.4532808712151466,1.2762267404032213,147087104.5440204,50392419.47641932,20510333.423135992,47923546.26133476,19505471.712843843,5.099290248254492e-06,4.099401787201547e-05,5.202789290091263e-06,4.182606338506416e-05,2.1939483,4.9129515,5018,19387,5561,19964,1.9186065383796065,4.9522551502810575e-09
219,223,1.0423906455741991,0.996505870046962,1.6802471580266947,1.5354925485076745,145317876.68861747,69043557.35954207,52571584.532620944,66916815.83604624,50952227.47662122,9.148876131336087e-07,3.7259484582720056e-06,9.26409296476851e-07,3.772871378282272e-06,2.1939483,2.7545321,3016,10089,3081,9994,1.7540044692118255,4.362926167206108e-09
220,224,0.9067728640200081,1.1878613726890122,1.5429157613679583,1.647848934682679,145081137.19814703,62859020.25667242,96251682.18357292,61744562.13120636,94545189.32286257,5.697291188686619e-07,1.1565580292030897e-06,5.738203867473924e-07,1.164863359855949e-06,2.0928681,1.7904755,3297,8262,3508,8324,1.8106720528132572,4.111355466125155e-09
221,225,1.3911060506545194,2.7277240737371597,1.9510143475413415,3.103717506488623,146134546.1943538,92658815.80738157,144712315.98970798,87817425.96188134,137151149.45583156,1.6761769198017917e-07,2.599566250550825e-07,1.7125461085195222e-07,2.655970866575311e-07,2.1939483,2.7545321,1912,2546,1917,2368,1.6821871960237076,3.380415907261788e-09
222,226,0.9364384853805243,1.53939414356296,1.585478928315832,2.0391659149157033,145756057.7206192,62212761.31572149,81457036.43967189,61922081.12718332,81076440.14062832,5.924819969539443e-07,1.2273170879891445e-06,5.935929469849732e-07,1.2296184034113745e-06,2.1939483,2.7545321,3243,5682,3322,5481,1.8531930886839019,3.8304711998090155e-09
223,227,1.3499520629372965,1.2055211235893488,1.9122360130362759,1.6719078564932577,147651059.43948075,90850751.71789801,64619494.20543713,87412059.66612934,62173652.6806083,4.879333762348045e-07,2.555512446398123e-06,4.955225180384084e-07,2.595259976042943e-06,2.1939483,2.7545321,1984,8540,2122,8852,1.6230692599863281,4.0961211437224234e-09
224,228,1.56652396050884,1.1595298511604022,2.083886354856457,1.622548064846727,146882485.92628568,113794824.7400584,75803104.3241427,105883701.30857383,70533201.09112781,3.557892050968445e-07,1.592064250576101e-06,3.6619307395508285e-07,1.6386188605519003e-06,2.0220158,2.2468028,1853,7925,2033,8187,1.5585218929306655,4.10924513381207e-09
225,229,0.6490195007266746,0.9185544412804791,1.3511906756985912,1.4854614253157157,146275519.98231655,41260987.509726934,27224018.05575311,41753219.37654702,27548792.862143002,4.8139520926926115e-06,1.894259765157678e-05,4.791170479101709e-06,1.885295343996088e-05,2.3008578,4.9354224,8058,15293,7840,14382,2.0783969508694713,4.444515442327727e-09
226,230,1.0505955049229874,1.2862797498025114,1.6554028019044627,1.7589536280350844,147737182.36987245,70745522.9039698,68988611.88629733,68678547.3537667,66972968.09488751,5.118066579043337e-07,1.6484029560579143e-06,5.17913313654883e-07,1.6680709874040695e-06,2.1939483,2.7545321,2290,6369,2489,6385,1.7233640136530617,3.9176088640836095e-09
227,231,0.9473581540019239,1.1857026097045986,1.5521258191934295,1.6289923363881116,148608800.87888387,61697629.15547251,65480820.47020272,59424944.2653794,63068778.49532354,7.726058379179248e-07,2.1091513155127876e-06,7.8429213976101e-07,2.1410539723348567e-06,2.2818666,2.6909535,2810,7283,3166,7329,1.7605602499703576,4.0165551487336594e-09
228,232,0.762222326955643,0.9881694873133526,1.41298658409942,1.470919489469536,148299226.58598334,51522171.95550614,53201329.802777715,49629424.384265974,51246895.74169204,1.4439577238323781e-06,3.8859996238375315e-06,1.465738339815448e-06,3.944615928262649e-06,2.1939483,2.7545321,4059,9597,4550,9753,1.883720750908542,4.231882675638146e-09
229,233,0.6928458737762313,0.7830610240350545,1.3645833206836628,1.304868893973305,148758634.30348125,46613149.64178144,41427899.697998114,45675970.526884496,40594972.45173007,2.0016919713980623e-06,8.00894386974475e-06,2.018020219342587e-06,8.074274611510995e-06,2.2111101,2.8118029,4043,13683,4285,13482,1.9489834445968153,4.637917159283917e-09
230,234,0.7005667741082481,0.6762033241444463,1.3536215069888793,1.1960657030856505,143779457.79869348,50507456.260162674,46633153.80214872,49914622.21271151,46085794.593014576,1.9375968605963353e-06,7.482957843598828e-06,1.9467693735043246e-06,7.518381893258584e-06,1.9943018,2.0848718,4792,18822,5180,19136,1.9483548937053572,5.00845554422827e-09
231,235,0.5803058703853887,0.8375188777059703,1.2852669544091073,1.3474797346385554,148443863.5461982,55702196.587306544,34916571.48172637,54388381.4314469,34093014.71711213,2.4360286385206144e-06,1.0581301070125535e-05,2.4593982771951828e-06,1.0682811035486956e-05,1.5464892,3.560617,6225,12828,6825,12876,2.077194980388168,4.494532902982983e-09
232,236,1.256555632160498,0.8342431621426675,1.7865423513931245,1.314352340583754,145998867.00803897,83618970.70591995,44217512.10742223,81050682.18165655,42859407.26640043,7.386621663921613e-07,5.866119375278422e-06,7.479371627593339e-07,5.93977718309719e-06,2.1939483,2.7545321,1978,13017,2084,13182,1.6197321991469094,4.565152613781845e-09
233,237,1.1236899409935708,1.6841914514054277,1.7142105711788493,2.109679354663332,147542917.1512546,75568094.2288898,90211517.15079387,74198205.55568033,88576174.39405316,4.538933698648109e-07,8.723107811076452e-07,4.5722699755888217e-07,8.787174827049907e-07,2.1939483,2.7545321,2754,4588,3011,4609,1.6911559613016738,3.620607433395764e-09
234,238,0.7517939650037462,1.406002844592019,1.4483763657546251,1.9116998093115312,147113090.92819166,50410820.4978494,75091310.17996189,50626388.19414053,75412417.04922357,8.16886528205463e-07,1.4819338073809244e-06,8.154934222855307e-07,1.4794065398979541e-06,2.1939483,2.7545321,3714,5912,3922,5667,1.9310690266310326,3.833409013976476e-09
235,239,0.747441507323293,1.3464522394737637,1.4903036143601274,1.931442002991095,146723983.7004324,55338082.64832236,63105218.213027224,54021308.35369273,61603624.279461,8.633939640337478e-07,2.1580207581374786e-06,8.717513165742543e-07,2.1789096466597303e-06,1.9817744,3.1305943,3634,6143,3909,6185,1.956965380298861,3.941087736288466e-09
236,240,0.408667202422227,0.5988341948559713,1.1820814800739778,1.194745539494035,144094111.5668564,27702441.749730334,30865152.423427466,27737120.468209706,30903790.31467853,5.42952324779245e-06,1.4008040216763805e-05,5.426806894034285e-06,1.400103208898706e-05,2.1256804,2.7956603,7860,16656,8404,16486,2.432782286034827,5.25711439746098e-09
237,241,0.9464490779190395,0.87569653281966,1.5425491648348026,1.3589390296202548,148842533.617055,75214300.07131319,66067319.07886787,73343570.6735254,64424093.31040786,6.812916097519486e-07,2.9433024057680746e-06,6.881900483077701e-07,2.973104902242066e-06,1.8729401,1.9728497,2839,12325,3008,12337,1.7469126718514882,4.443606905398885e-09
238,242,0.7278569901136365,1.2765395163855464,1.4176199440533748,1.7769240685256664,145203116.60560682,47169276.42679987,69782422.91741624,46318734.7677832,68524128.06418717,1.1569929248834938e-06,2.0986314979949125e-06,1.1654448142950479e-06,2.113962102837153e-06,2.240592,2.6562207,4674,7605,4926,7537,1.9762512843288644,4.018448096973166e-09
239,243,0.7737199518625736,1.0016878186137959,1.3980084700207362,1.468634328427139,146609187.1561398,49769669.42665184,76910172.70105821,49576562.17431599,76611759.78616302,1.2417192348455977e-06,2.166681785208781e-06,1.243651642914822e-06,2.170053653218621e-06,2.2791884,1.9094566,5264,11595,5364,11172,1.8680330133793566,4.177968909623959e-09
240,244,1.0693418521555382,0.8854188723083625,1.6883687027058487,1.4178872804729015,147801010.80083293,72038984.0727894,47509268.201779015,69044412.4217064,45534366.56273043,9.869141508421724e-07,5.2838753334859645e-06,1.0038180318036192e-06,5.374377632572621e-06,2.1939483,2.7545321,2593,11954,2807,11970,1.7216680373761628,4.516008892943336e-09
241,245,1.7775098746090543,0.9915069785080455,2.2077787345218702,1.418833319729102,148900685.67487136,120637500.49312592,53597512.605232626,119436585.45937702,53063963.26612943,3.4559807489164615e-07,3.542803556492696e-06,3.46983876948966e-07,3.5570097249119124e-06,2.1939483,2.7545321,1289,10529,1273,10394,1.43541740874083,4.171243742658017e-09
242,246,1.287558042753179,1.1364924612362588,1.8569644206904534,1.6199163682929687,145852701.3269229,85596282.57910946,60177369.32853007,81619038.48174024,57381218.84458935,6.030127653748495e-07,2.639692945931356e-06,6.145990403307285e-07,2.690411952272197e-06,2.1939483,2.7545321,2343,8786,2505,8734,1.6460615468521305,4.1594503415665874e-09
243,247,2.0815269076146254,1.67504205853387,2.545828056040804,2.1015681261944836,144824308.9775753,191170260.781569,84768732.011844,180923871.06090635,80225277.07921618,9.15785258290974e-08,7.133746156724103e-07,9.361887818147167e-08,7.292684681016096e-07,1.5768964,2.8617487,931,4143,968,4155,1.510165977975535,3.759525503490371e-09
244,248,1.123539290744274,1.0535224442324946,1.7044175960920647,1.5204691662059897,147684474.1239629,70433717.94125642,41730597.973241754,66940121.63512785,39660710.60688909,1.2073101105687798e-06,6.1884150722119695e-06,1.2321298648295832e-06,6.315635858331116e-06,2.3558221,3.7284131,2884,10063,3070,9943,1.6807789226766854,4.219847504327116e-09
245,249,1.5851471860189892,1.7676460038063486,2.129711358418403,2.216831522292932,146501901.89528516,132906676.07382528,117689557.19504283,125152524.02937026,110823214.98038961,1.4473290903294894e-07,4.7247286202863633e-07,1.4825527843415524e-07,4.839714490689283e-07,1.7472943,2.2003949,1551,4368,1675,4342,1.5891456835083926,3.678191218785667e-09
246,250,0.893940002190149,0.8793396625028331,1.5429301376151503,1.405632580103088,147700652.42603213,60181692.31846237,47151035.87130291,58775727.60510259,46049493.357632585,1.0099473636884474e-06,4.791739369616361e-06,1.0195424023594196e-06,4.837263449588979e-06,2.1939483,2.7545321,2693,10747,2805,10600,1.8100137554543985,4.5019492644346705e-09
247,251,1.608633118684796,2.3305944737825985,2.1509326986969195,2.7564256230722948,146588680.42351955,107480839.97857887,124027877.0082723,105616880.18645227,121876954.33319536,1.3017127604398362e-07,3.091680014060562e-07,1.3108537748041708e-07,3.1133907111339357e-07,2.1939483,2.7545321,1193,2546,1293,2446,1.6103403837960781,3.4741599704853064e-09
248,252,0.21241551500902078,0.6346853771368591,1.1244064887389198,1.3224981357843697,146133875.1462418,14093357.71015628,41572093.98271541,15335932.483087722,45237397.61746466,3.438735384631444e-05,2.542260043595476e-05,3.324455105262425e-05,2.4577725342310634e-05,2.2025342,2.2310407,34508,26701,37428,27317,3.350095519672002,5.1283147432116545e-09
249,253,0.5474054801772902,0.5693957929394641,1.249214902893722,1.1157598025836013,147285458.61922053,44132179.66667536,42766914.18578932,43553880.84692869,42206505.51835782,3.4063331500977595e-06,1.255311157863329e-05,3.424353007891824e-06,1.2619518848724739e-05,1.8268952,1.9609486,7303,26431,7886,27075,2.1177717163398353,5.299123226283678e-09
250,254,0.9319560804682829,0.8993261755813937,1.5399417055917235,1.380517992335168,147565271.71834078,64243923.46968153,51813247.18404204,61630219.215181716,49705273.42885425,1.1593653974606856e-06,4.772068035845361e-06,1.1787879065135114e-06,4.852013094435097e-06,2.1406593,2.5613008,3494,12621,3749,12897,1.7661989843757673,4.443570162695239e-09
251,255,0.5328098297549986,0.6832400955939577,1.2780984989649242,1.2515227235583846,144204954.95411175,33412127.838428628,43902009.909714915,33974715.190789565,44641223.995027475,4.169264856371123e-06,9.19192786891131e-06,4.141510901030345e-06,9.130739058807396e-06,2.2995787,2.2442391,7588,18525,8230,18592,2.1800594224199696,5.010800493681083e-09
252,256,0.5795672399217722,0.5189731709629748,1.2886273342077301,1.102902657966418,148429330.4689146,46934485.39036877,24326443.95745331,45360472.16066074,23510622.833554514,5.296976303108227e-06,3.805591564551077e-05,5.369747044251985e-06,3.857873414194299e-05,1.8328693,3.1665475,6982,30047,7147,29721,2.0773986775697484,5.510976390771999e-09
253,257,0.7475950587372856,0.9471631274295989,1.422961620027285,1.4696149645002592,147889698.56348854,50393898.472544074,50852799.79348016,48833674.38654579,49278367.8586009,1.5305872599090665e-06,4.858024001703615e-06,1.5499636585027084e-06,4.919523931763193e-06,2.1939483,2.7545321,3927,11243,4515,11414,1.9075637167386088,4.317580389851909e-09
254,258,1.3167639720771531,0.8073502863709502,1.8707718149805863,1.2291021432322071,149619191.59584126,140696190.39072973,65591539.25019773,128293969.23093925,59809714.07260835,3.784031262620614e-07,3.570144781036629e-06,3.9263151370738567e-07,3.704386280789229e-06,1.4002736,1.8416262,2297,16522,2326,16686,1.5833301886673,4.490474271352513e-09
255,259,1.0000792680084725,0.7290215842612509,1.5784688109328668,1.1225291092820555,149540838.82879248,86784037.40581258,52796154.31950243,81499401.60987097,49581180.05297664,7.710490102014073e-07,5.4002242741133975e-06,7.906716300979021e-07,5.537655937840029e-06,1.7232742,2.0648947,2562,15648,2723,15916,1.658430051326224,4.650979131164441e-09
256,260,1.3830312547778996,0.9713883371743349,1.9812137589020518,1.3187573712761433,148171011.86745343,93409571.44431596,59036922.847091354,87071062.60603006,55030844.54627648,4.980421868449168e-07,4.054510075809458e-06,5.122395949374025e-07,4.170089710791838e-06,2.1938345,2.4379928,1564,12413,1726,12644,1.4987929441264913,4.150935448071298e-09
257,261,1.1523838428349205,1.0493907583540605,1.7735758134517692,1.3987002079819104,148055434.9397258,77770994.60713045,63727835.92709507,75382551.85417198,61770675.82324523,6.423711423625081e-07,2.9275156298477607e-06,6.504362688014953e-07,2.9642713029310777e-06,2.1938345,2.4379928,2369,10095,2417,9912,1.6119600586029323,4.129236115882893e-09
258,262,0.5031902141368283,0.5442861207230995,1.299195644682668,0.9963494603501725,148424683.05833444,29254794.063948754,34123888.81512767,28389597.930957053,33114691.601811104,7.311319936543477e-06,2.4183946844923557e-05,7.399645429053299e-06,2.4476104626890228e-05,2.5529439,2.3674176,7920,28880,8401,29966,2.166495917103589,5.3609395057375106e-09
259,263,1.1217129772349903,0.7392109819912163,1.7073284125440045,1.167721247301868,149939752.85616806,76664564.52488595,45462444.330569096,67170871.51144964,39832640.09454871,1.2464866522537384e-06,9.224170202637893e-06,1.3141747189187782e-06,9.725071071874581e-06,2.1938345,2.4379928,3061,20762,3100,20643,1.6291034927426555,4.6426527855151526e-09
260,264,1.2156863963551925,0.847035888915377,1.835405978465496,1.231116232775407,148578194.23121566,82332778.30297062,51620768.865305625,77475635.26061535,48575451.27123018,7.980529734010846e-07,6.049228944539562e-06,8.17701454018497e-07,6.19816411755262e-06,2.1938345,2.4379928,2229,15358,2300,15688,1.5777849578841918,4.418005080084833e-09
261,265,0.7579482734410901,0.7740450768944994,1.5005544190567097,1.197145312662075,149486904.10885864,51646257.21373386,47461010.62548755,47963209.39320032,44076425.155506246,2.0430948442247067e-06,8.250063492746179e-06,2.1044604831733485e-06,8.497859339830972e-06,2.1938345,2.4379928,4785,17987,5014,18219,1.8350124169918707,4.542780568948895e-09
262,266,0.907667553449678,0.769955045432571,1.583301277780663,1.159414776610034,147643418.44898733,56823678.9546446,59091332.714817114,53050923.57548795,55168018.570738114,1.3231151149563718e-06,5.421320822748748e-06,1.3599789624829772e-06,5.572366443755965e-06,2.3583679,1.9237812,3235,16570,3391,17033,1.7164265278272277,4.603828956898299e-09
263,267,1.1152464397637565,0.6842120884915726,1.7146683699792595,1.079661644482308,147224449.7407446,74842265.18433525,39562823.379509024,71391486.25035262,37738686.213822864,1.5605780722465541e-06,1.4430230562989776e-05,1.5903243197632678e-06,1.4705285824680089e-05,2.1938345,2.5461466,2949,23948,2992,23838,1.6048623847179204,4.832562060363389e-09
264,268,0.8263509968258177,0.6238724359469285,1.4742652407130619,1.0523490391385046,149344432.44667208,56253523.50995185,38216632.49605037,52818322.39633074,35882879.68701866,2.487311235135581e-06,1.6038077599800776e-05,2.5507986731253113e-06,1.644744191364642e-05,2.1938345,2.4379928,4474,26353,4520,26226,1.797644405329675,5.004941983002775e-09
265,269,0.8114895097362337,0.7257466397902872,1.4660086760844406,1.1641964520997075,149288075.1248898,64347332.86260268,42723828.95969851,59942473.91584487,39799194.29559029,1.589622483984347e-06,1.014335064575692e-05,1.6353561628287352e-06,1.0435176375144144e-05,1.8826842,2.5359459,3988,19824,4152,19669,1.8382103555233649,4.6929769888893195e-09
266,270,0.23284848479519174,0.36221082682968797,1.08575678040002,0.864317933896975,149513310.54880935,14798815.182484582,21005639.947293703,13738729.297772763,19500939.595753383,5.578196918965805e-05,0.00012756767914139897,5.746534170267839e-05,0.00013141738053659897,2.3524821,2.5781333,28710,60944,29745,62070,3.1090628735412325,6.418324902863087e-09
267,271,1.6359247153300145,0.9655157075182974,2.112517010894798,1.3436970605449654,150245321.41618013,112036725.95513976,51456957.45285221,100274287.59324194,46054628.12583919,4.0179272548409816e-07,4.265471264099407e-06,4.2002041435433785e-07,4.4589782097348104e-06,2.1938345,2.8191371,1333,11316,1362,11252,1.4616107815503045,4.1383914038517205e-09
268,272,0.3313204615375149,0.473322019949318,1.1486880423382766,0.9686983625606701,149743590.7722465,18977235.82607718,29746540.329112913,18212516.772469137,28547854.367834274,1.957649845294868e-05,4.318795758457018e-05,1.9901243353642526e-05,4.390438136335167e-05,2.6143489,2.3826952,15566,39623,16215,39250,2.6189759859911037,5.620376447816981e-09
269,273,0.36105332021935066,0.4501417896386374,1.198232858808664,0.9252849811188353,148613530.37240356,26870933.300466154,22311882.84141706,25889267.230404265,21496770.909884885,1.5008024644026987e-05,6.382092461306391e-05,1.5233115367203991e-05,6.477811241197234e-05,1.9968569,2.998275,13636,39593,13851,39228,2.5127800012112553,5.842576406895821e-09
270,274,0.7731301597355484,0.6194199041642174,1.4746679853781837,1.0636993225543019,149416812.2798414,46052243.09789894,39847794.864627786,42449003.859189555,36730006.70983496,2.6370153662123714e-06,1.3586164211643718e-05,2.7243692805084168e-06,1.4036220225485066e-05,2.508426,2.3226316,4040,23192,4188,23303,1.8278039615981156,4.991751248691889e-09
271,275,0.45206088208354583,0.42567020255628824,1.2393446715534322,0.8997375540849866,148192488.58185863,30106735.73515593,25307017.27303874,28141740.56572031,23655288.333315898,1.19248148299635e-05,5.725292396266793e-05,1.2251146414395306e-05,5.881969356508936e-05,2.2251508,2.4926338,9879,43439,10348,44351,2.2636549214072734,6.005592387898011e-09
272,276,1.2143695205060472,0.6489328215562176,1.758155823073142,1.0509261290773222,148571501.87669775,82239887.96550913,39546024.87574629,74451911.96821806,35801084.31053353,1.5312317581033247e-06,1.4609474504951904e-05,1.5933955129160641e-06,1.5202578577057698e-05,2.1938345,2.4379928,2791,24705,2936,25207,1.5588413275217698,4.9045269327193124e-09
273,277,1.3419388949850601,1.0426429990100063,1.8848010520340166,1.414188914859724,149956945.32897753,82340371.13698699,57625171.219937846,74590383.85921273,52201412.03999564,6.308369776879393e-07,3.917123367297389e-06,6.562799458738944e-07,4.075109104880308e-06,2.4439173,2.7132511,2171,12136,2150,12025,1.5549690278565387,4.0942469735053515e-09
274,278,0.797005579772704,0.5876131952131649,1.470516290908688,1.0638007922847366,149790140.12796926,57342385.20311398,39274540.14558561,50813036.219336055,34802504.70653661,2.1510229926711967e-06,1.7535161308292926e-05,2.2575911597013835e-06,1.840390608952971e-05,2.081943,2.2411125,4152,31309,4183,31678,1.825597694131063,5.084261243133462e-09
275,279,0.24683535800845646,0.31550106895079166,1.1127001498511844,0.8318962722650347,148865819.17424458,18451156.80357023,20170005.026129924,17660954.25888495,19306189.848163486,4.9941393325387304e-05,0.00016041965789911252,5.082348343472473e-05,0.00016325307090892072,1.9914929,2.3285728,28352,79417,29174,80146,3.0226394661044416,6.930703955694499e-09
276,280,0.47703497854313026,0.6692076587477698,1.0721944217786334,1.1274858679286435,115082808.05119774,22877832.288975827,24063510.79442151,23635374.11705193,24860313.381610647,4.52093447517709e-06,1.1831573664580466e-05,4.462406905208515e-06,1.167840328370142e-05,2.3996384,3.2004597,10859,23036,12017,23580,2.727030508272582,6.787340024737695e-09
277,281,0.41088849403544775,0.6097871319507916,1.0343900868723603,1.103297584435912,113627236.64228852,16134424.384949924,17485876.784985412,17751030.153574567,19237892.76061793,1.0332623896015036e-05,2.6268197231661314e-05,9.945407608953174e-06,2.5283793473021132e-05,2.8936963,3.9625366,14077,27334,15333,28466,2.9836601424885583,7.33776013583335e-09
278,282,0.236179525886872,0.3833568984513047,0.9369252870983737,0.9475160278424484,117588218.76742779,11306021.733155342,14987772.702856077,12322344.250380678,16335055.703055719,3.454222099176146e-05,7.34201448316393e-05,3.33731230471495e-05,7.09352050115781e-05,2.4563839,3.0076687,32458,58249,34301,59544,3.584704876298094,8.40805612698696e-09
279,283,0.31229362381940035,0.445532281262926,0.9729382164743569,0.9830064230526165,111836570.86022241,11516423.006222215,12001714.441351367,12891523.213499054,13434760.102062423,2.4640664109637455e-05,6.697782613998538e-05,2.355362509340184e-05,6.402305552532759e-05,3.0326993,4.1516404,21405,45099,22475,44626,3.2568376254060953,8.256391389644154e-09
280,284,0.4087250937899488,0.5635799259131465,1.0168702610161706,1.0462004761798787,113516984.35986578,20628185.20092127,22231754.694758702,21296140.6102154,22951634.83262953,7.692571342166937e-06,1.862198610310514e-05,7.595136425424064e-06,1.838611807083911e-05,2.2492158,2.8776808,15385,31022,17951,33965,2.8693505305903706,7.22534407719756e-09
281,285,0.4613562239809027,0.6755092073742631,1.0670747506977953,1.1455974230824366,115551921.73495518,19673692.09440717,17374256.41523974,20571367.434838854,18167012.62324868,7.956229486825244e-06,2.5869851390347484e-05,7.815493113888292e-06,2.5412244045169174e-05,2.7097404,4.4926462,12634,26004,13670,26809,2.8058361062529746,6.86009582023712e-09
282,286,0.3049907868297407,0.4784120165645337,0.9645923878417952,1.0025615266417653,120562313.61120488,10798393.224066434,15244822.06716857,11585979.987108959,16356711.569236463,3.292964903008335e-05,5.750642948024524e-05,3.2015305301942104e-05,5.590967261608847e-05,3.4051728,3.7834787,23685,39783,25834,40604,3.1783913261438768,7.425316197189688e-09
283,287,2.8962929335828997,1.2762111258116868,3.176853357664679,1.6090831093726312,125326545.32723793,131520971.3014694,42851171.05160907,110596740.30300954,36033795.90021094,2.1163698439785505e-07,2.3084834989462477e-06,2.2682589696175635e-07,2.4741603730543576e-06,2.7598822,3.7325265,1212,9974,1209,9751,1.6539925372525495,4.7189923041601055e-09
284,288,0.3253565996230841,0.5393588145145154,0.9818370035391908,1.0522180218900357,114888315.04440252,15271843.04136419,19662958.199847527,16892014.91275133,21748978.315256484,1.17644226273608e-05,2.53311870881844e-05,1.1299380046803249e-05,2.4329856127438552e-05,2.4476202,3.1514091,20893,36374,21275,35579,3.2144645147590434,7.56696892697898e-09
285,289,0.29065508082194236,0.3895479955262317,0.9581238390778152,0.9488579528207587,120254871.44547921,16417090.223601436,17500305.72695279,17283934.437469713,18424345.16108627,1.9757992368373342e-05,5.4682827991067856e-05,1.935549324965372e-05,5.356885903788956e-05,2.1290429,2.6768129,23586,55827,26327,57953,3.2361933173608675,8.088875875278373e-09
286,290,0.16771212794153134,0.31886486890300586,0.9011883779149945,0.90756029589178,117424615.30910602,6431271.058294123,9519393.934735121,7047988.835273683,10432242.952045823,0.00016229290817588294,0.00025466583882059876,0.00015645598649377323,0.00024550669210857075,3.0621524,3.933295,65653,84016,69619,85049,4.177085160356879,9.11065732153451e-09
287,291,0.23049204972510523,0.4046712556867834,0.9172623081844377,0.9319911330027904,102404367.80808383,7783390.30996683,11379859.130304828,8595610.883648233,12567382.220261386,3.9763178933655075e-05,6.387633745844808e-05,3.821535712141751e-05,6.138988665005077e-05,3.0325336,3.6415305,48008,68529,43302,57928,3.7098752741936267,9.22279863008152e-09
288,292,0.17834436928754513,0.3247345485810129,0.8925416141687167,0.885800098099877,105489483.72692524,6341001.539103173,8334251.530586049,7121094.019343456,9359560.688350545,9.000508834518513e-05,0.00019310888589634762,8.592341271630075e-05,0.0001843515161989676,2.9669533,4.1102767,49080,79287,51450,79682,4.059952500432421,9.711639440087436e-09
289,293,0.3378752216095994,0.38328065555630375,0.9828201888653115,0.9220032111208701,112816903.3778943,11885317.80819919,9157108.703910472,11655201.900565466,8979814.63279633,1.9697659269823058e-05,6.935424500023923e-05,1.9852308706797337e-05,6.989875614210343e-05,3.2071533,4.7220731,17215,43857,17899,42803,3.067544892523628,8.53644224694958e-09
290,294,0.3880428118130207,0.6484282404992467,1.0003108880904923,1.1021873426149003,108341005.00838836,13494696.89251282,13720190.902342761,14684717.28354632,14930096.324651206,1.0950673652060596e-05,3.0576767875197814e-05,1.0586681664057196e-05,2.9560419577436476e-05,3.1153681,5.1202908,13285,23882,14606,24814,2.934138423178309,7.081052889965988e-09
291,295,0.5186894233604621,0.6412503374759502,1.104410907132506,1.122785483706701,113915057.66260554,23988445.721910093,22219744.256527364,25122690.29042391,23270359.395536274,4.750577983194109e-06,1.5260467804704177e-05,4.663595104817478e-06,1.4981049296109445e-05,2.4631248,3.2875297,11431,29131,11930,28713,2.750467338583592,7.126993203756086e-09
292,296,0.5261857866450976,0.7302586863358255,1.0992353507898385,1.1824707893845692,119428966.56155598,24706504.65101125,16238718.13868245,25746885.438353248,16922523.905673277,7.060977415804726e-06,2.731878647440901e-05,6.945435226002549e-06,2.6871755953545693e-05,2.5435336,5.3707466,10832,21338,11748,21526,2.660453273273204,6.4700998443675045e-09
293,297,0.2956269558414236,0.48560004649874833,0.9671788691356212,1.0184263006192655,116481448.1597943,15437733.305747313,14842459.260050133,16669665.348245531,16026888.398045596,1.7492206039183654e-05,4.819142842724573e-05,1.696317901674968e-05,4.6733946859134984e-05,2.2305772,3.8109181,23760,40295,25118,40504,3.3388822449706237,7.823058371268636e-09
294,298,0.37961594966909906,0.5319108688264925,1.0141557812118853,1.0467351279056922,117720123.83230786,15232943.3737584,13772814.430872913,16345947.355403716,14779133.231114175,1.838004800981826e-05,5.3872292542613e-05,1.7868830703462285e-05,5.2373904275828054e-05,2.9336705,4.546392,18009,35478,18889,35725,3.03248327135031,7.457717460136172e-09
295,299,0.3591287023806228,0.4536810051216019,0.9965832028600761,0.9612160722422621,119971510.5536021,20386272.608024858,14077576.0908572,20673885.497334234,14276184.851360591,1.2498081696631391e-05,5.441960897091184e-05,1.2428240465014574e-05,5.4115503700447935e-05,2.1134424,3.8663471,16544,41574,17599,41888,2.890334998690965,7.388712874143622e-09
296,300,0.08970661713275441,0.15593557156377463,0.8621327116994265,0.7982078537362737,105067152.5752502,3067147.901889036,4567328.345329649,3349125.7709786966,4987225.1209157435,0.0003118419478427256,0.0005701155196992263,0.00030106192844025077,0.0005504072783720868,3.0729587,3.5871532,104857,173169,105107,164614,5.751858068826757,1.4190763243452602e-08
297,301,0.2936232683953518,0.34268191309177054,0.9736957530689799,0.880778137354766,124326244.885493,12939286.457074428,14566622.47375342,12930914.43782341,14557197.53025463,3.3022800030128953e-05,9.385816066683325e-05,3.3031350510867804e-05,9.388246303956462e-05,2.821259,2.924793,22387,64991,24320,66676,3.0337995810723126,7.976648062951083e-09
298,302,0.3392846701649955,0.49289917639624037,0.9880511544122321,1.0024778656709166,118311169.62265992,20493733.593623936,16849199.775894325,20904195.66475136,17186666.7096406,9.582744738023933e-06,3.3242865708763374e-05,9.507032302560804e-06,3.298021670856646e-05,1.9587044,3.4610236,17726,36624,18742,36795,3.028894579422897,7.378048331149212e-09
299,303,0.2021999871759446,0.3062446125578001,0.9145673849425855,0.8835644847524938,111412499.59887135,8536861.404894456,8485975.733954225,9106692.174595006,9052409.913308118,6.755833401716528e-05,0.00017760298462295257,6.583456358147705e-05,0.00017307139309339752,2.6388628,4.02069,48818,85976,45898,79192,3.833898372094675,9.642239961192117e-09
300,304,0.6702839407266876,0.8080626704186464,1.1902437500950827,1.2202524174586018,155680256.12461513,41015440.97821519,43218016.20446772,39503317.15944086,41624689.63904908,2.7142018870024297e-06,7.640296892499912e-06,2.755292283713931e-06,7.755963612728003e-06,2.5441632,2.9108093,5058,13115,5500,13532,1.8374990686335446,4.165616637698213e-09
301,305,0.6582632333597027,0.7136914466666766,1.191255080135799,1.158818161676538,153376174.57292977,45970114.702624336,42734620.2274561,43865994.08124085,40778593.00739678,2.736031623378767e-06,9.398937794302079e-06,2.7877906513484913e-06,9.576742714400267e-06,2.1962507,2.5614657,5716,17703,6214,18303,1.9094491587408307,4.555205472376107e-09
302,306,0.7237236934390037,0.8008498536502623,1.2286085239217013,1.2143042593935278,154659579.24034154,36943338.67611517,44682713.59887765,34308560.000489734,41495966.94364055,2.729144033492876e-06,7.671315202091133e-06,2.811123444026173e-06,7.901750052932504e-06,3.0297966,2.7719691,4499,14376,4811,14781,1.8111350203244423,4.247101271490549e-09
303,307,0.6569295044438488,0.593043027088762,1.1761411824046908,1.0527518267421474,153305814.17165673,24501764.64575458,46112179.05408455,23312726.451533567,43874416.064080276,5.353001215141977e-06,9.566781039573777e-06,5.4605836000490835e-06,9.759050213212314e-06,4.1103616,1.9716471,5571,21835,5919,22053,1.905535473942426,4.944442851291397e-09
304,308,0.380975501131948,0.5383130155525611,0.9502388968496824,0.9702583733379493,155734773.66872838,30002107.865511555,32141992.273109432,28944411.188462082,31008855.942375224,8.770073159570511e-06,2.394432215681889e-05,8.896886205473194e-06,2.4290551015978145e-05,1.9775655,2.6082408,11536,24992,12404,25677,2.3551316205084776,5.0403900292176804e-09
305,309,0.4808588244202962,0.4629404868921364,1.0040898540456862,0.9055757232450549,153960803.89578065,32719621.35208449,27879239.601161607,29587642.03592558,25210590.08222352,9.377038817696123e-06,3.720799096564798e-05,9.762136573363554e-06,3.873605479180216e-05,2.262661,2.5565507,10047,36963,10720,37647,2.1175043665651985,5.495242121589528e-09
306,310,0.6499411065757006,0.7805223402326822,1.1496164826447124,1.1684008761604179,155919344.31646034,38034138.707908645,46740642.53659073,36718211.43361783,45123482.57395465,2.72621041414539e-06,6.80892310293317e-06,2.764879443237772e-06,6.9055020185550045e-06,2.6644061,2.6036983,5280,14028,5644,14425,1.846629198952253,4.196376989164397e-09
307,311,0.6434430509792435,0.7938355379308757,1.1296051521056758,1.1697012984773252,155455129.28904065,37541770.63328037,47396353.94134544,36525071.65346238,46112775.04012707,2.3521121182525285e-06,5.48161056928317e-06,2.3780856353332425e-06,5.542141997460529e-06,2.6644061,2.6036983,4750,11959,5054,12053,1.8655586109451108,4.200593436677514e-09
308,312,1.4668051044529902,1.1541166162025072,1.7251907039690397,1.3783238546673047,158550672.54508898,87285093.59124763,70279250.74666671,75236652.34425114,60578219.46325574,3.893088739939184e-07,1.756737688328055e-06,4.1314124189098417e-07,1.8642801094841912e-06,2.6644061,2.6036983,1425,7400,1687,7790,1.2164693930331585,3.24317044804139e-09
309,313,0.6526119771944859,0.9558201220724409,1.1476661977386136,1.3144253616959751,155339193.9182863,43468485.06413384,62717972.75257861,42204672.33202458,60894495.98820912,1.513912589910835e-06,2.7037940492459286e-06,1.5318857962908131e-06,2.7358935566943183e-06,2.3321774,2.3673649,4880,9024,5229,9200,1.870940804406884,3.902020732596843e-09
310,314,0.5401882185774867,0.8152279196436402,1.1319597683233407,1.2374959153430636,156814762.79716712,30229049.640194286,39250074.428990215,28809338.255620662,37406689.40116235,4.8428796081127125e-06,9.365793400080287e-06,4.936966237559318e-06,9.547750418303628e-06,2.8022544,3.2570581,6740,11951,7426,12356,1.9594384698778864,4.015055838297911e-09
311,315,0.6033313074335596,0.8649960430742759,1.1551316930525808,1.2925492533631433,151792341.31088972,35214581.19671044,63164788.70302769,33451929.349708606,60003100.34300049,2.7484156541740454e-06,3.6947429678402182e-06,2.805452734538368e-06,3.7714189070352854e-06,2.6006577,2.0786862,7183,12506,7579,12747,2.022840240238482,4.2611289671351885e-09
312,316,0.49959549499324346,0.5695667650640754,1.0234369334565276,0.9896027298230236,154630138.83283064,26451715.484517973,31211086.94186512,24281063.37310561,28649876.429469924,9.161149043685906e-06,2.329114003391169e-05,9.480350737502891e-06,2.4102672660910842e-05,2.9205108,2.8218238,8787,24571,9490,24971,2.0842476463232558,4.938242323971698e-09
313,317,0.5615040357359086,0.669037271559752,1.0287700062302958,1.0277591548087146,155634979.36216933,36591192.39399963,29004895.3439018,33113821.05887422,26248472.69002469,4.760906882291973e-06,1.446482774893239e-05,4.954919384997516e-06,1.5054286333643026e-05,2.3882706,3.589932,6861,14899,7528,15216,1.936591110409508,4.480747419337271e-09
314,318,0.8105452163806677,0.9334117905911756,1.2973550915501557,1.3306883233430613,152615923.91249368,41895972.5043779,67961552.22175968,40331346.37746155,65423493.93415593,1.801297482041359e-06,2.4949382526900145e-06,1.828930759980515e-06,2.5332125093660878e-06,2.9526014,2.0960896,5294,10344,5312,10364,1.7940437298292118,4.098625732709357e-09
315,319,0.5403877607187846,0.6584340050276036,1.0765097884605441,1.0838406412243027,154899565.75505835,48641844.86464075,54631080.66992505,43375930.25502009,48716777.73508204,2.152808874370435e-06,5.651117894207722e-06,2.253771950632415e-06,5.9161457160970135e-06,1.7208605,1.8669069,7276,18313,7635,18474,2.029660293309918,4.627731997036437e-09
316,320,0.573674737269526,0.7136960604799463,1.1222002842895396,1.1491165364826246,154363130.21425316,33236010.14491121,42312259.418560684,31443772.809852954,40030589.304429196,4.1654924716034064e-06,8.841265855519481e-06,4.258886313114827e-06,9.039494465389679e-06,2.6644061,2.6036983,6712,15448,7326,15912,1.990291455431015,4.483950978263183e-09
317,321,0.8055352201791449,0.9429666419614754,1.2870938983499627,1.3193823416135018,155882407.05260465,31810774.346025925,32007997.196046688,29324861.978164397,29506672.4802568,3.5040432587472913e-06,9.893546761222323e-06,3.619968277565171e-06,1.0220857102385261e-05,3.947366,4.5923495,3819,9719,4146,10062,1.6994820715431862,3.860321788244184e-09
318,322,0.5446704185489325,0.6887651324391638,1.1005944390499582,1.136475664694863,152309121.54584083,31135746.529477384,40290847.93472952,27125764.3626265,35101777.50236953,4.842561888644194e-06,1.1180861610220946e-05,5.117125861823445e-06,1.1814795023538482e-05,2.6644061,2.6036983,7612,18979,8216,19412,2.088896213443151,4.665326585903207e-09
319,323,0.7463602632798886,1.0001065311161694,1.2712466181335205,1.4112710421836228,152694072.88892078,42773054.91931332,58651318.994577095,40162991.3952043,55072344.59965946,1.743545272494177e-06,3.2138652769970786e-06,1.7880140022780365e-06,3.2958341875950045e-06,2.6644061,2.6036983,4785,9568,5179,9769,1.8452599281584408,4.0093554373977145e-09
320,324,1.0462114468953603,1.1598353309010494,1.5105451811359079,1.5463497537305784,153252325.44642892,60176388.70643145,68267303.31832771,55385436.29565827,62832191.5005431,1.000897083560441e-06,1.957390732528678e-06,1.0346694826928216e-06,2.0234372643477405e-06,2.6644061,2.6036983,3625,7791,4052,8109,1.6067984004750755,3.679443087453394e-09
321,325,0.5633678862657332,0.9149749138819407,1.104238920730187,1.2803405645917114,156849146.0196949,30749844.806458015,50793279.64074408,28542850.59138499,47147717.36108778,2.4575238400154705e-06,3.9321774156032765e-06,2.5318383458199805e-06,4.051084836405499e-06,2.8736331,2.8254335,5151,8685,5367,8734,1.9212651997053949,3.801845291034819e-09
322,326,0.7686429679096276,0.8768325502442005,1.1745318183492677,1.1844508792040607,156547416.70199913,45161685.74768306,52719576.08182002,40257306.096072055,46994439.566283695,1.8413695524367064e-06,4.625979501486317e-06,1.9280182104018098e-06,4.843662538032369e-06,2.6644061,2.6036983,4961,12911,4970,12777,1.67415002628078,3.885795749630821e-09
323,327,2.7501279282957465,3.3030271010638197,3.064682175807765,3.5186687619462425,156659362.88038543,161699558.14407045,198736589.88420603,141660415.7494479,174107513.16055176,3.859580143654616e-08,7.427617582354648e-08,4.069342009786376e-08,7.831296445598175e-08,2.6644061,2.6036983,701,1500,750,1477,1.1668004489818127,2.427147667081156e-09
324,328,1.039602200784587,1.1737016535507183,1.4372408015601816,1.4835670367396299,155472212.46163157,60662394.608675115,70084154.0847515,58179591.24385664,67215734.94791126,7.726280192990872e-07,1.7968183236890069e-06,7.856516146748881e-07,1.82710590610516e-06,2.6644061,2.6036983,3042,7529,3270,7782,1.55565927498495,3.5456475523710393e-09
325,329,1.018713993744122,0.8817457537123626,1.4743181166550097,1.2950746035491527,153495582.85886616,64989894.89240933,55552823.99627821,58025167.05549972,49599432.31367357,1.0310736753751505e-06,3.7304291696099448e-06,1.0789006952343861e-06,3.903467541396026e-06,2.4060371,2.4363132,3242,12080,3450,12327,1.635140162675502,4.145466295643451e-09
326,330,0.45879746246851605,0.4722377777950114,1.0577470346663504,0.9949403507137249,152494495.68249813,27237841.904601183,34477686.85926105,26491883.789750982,33533452.349639885,1.0062847450181103e-05,2.4174991640455764e-05,1.0175243954604029e-05,2.4445013080042607e-05,2.5686355,2.0887034,11205,34717,11977,35385,2.2397684790543084,5.572966672605167e-09
327,331,0.5074517225529135,0.5367224273611908,1.105477792340266,1.0611287691860123,152569853.90191215,37738369.61052687,37992252.92621611,37041381.933740325,37290576.29375386,5.079732878871797e-06,1.5703934007981754e-05,5.117752231452154e-06,1.5821470386012862e-05,2.0515416,2.1553779,8622,26943,9435,27763,2.136711195639198,5.226112606660882e-09
328,332,0.18087762293999138,0.4532811871910699,0.898263410649664,0.9810179635624018,152013895.05059028,8717125.760983512,23914536.881682288,9033345.763638604,24782053.89630061,0.00014560656615890784,0.00010338826346913847,0.00014354591274839148,0.0001019250919697671,3.1542406,2.8813035,50569,40448,53344,41465,3.566496770309264,5.692839252416457e-09
329,333,0.70775035073724,0.7220542867354925,1.253106952524183,1.15316339135894,143205104.866428,38347199.91449932,40722838.591989495,35924391.634123236,38149935.465787955,2.0385846277227686e-06,6.903000539002572e-06,2.092504685562777e-06,7.085583191334455e-06,2.6430473,2.5391614,4594,16850,4795,16901,1.952510947507339,4.949270905780943e-09
330,334,1.1644771329097088,0.8446020797388161,1.5861545297491897,1.211558772372608,139349749.76837817,65783170.75344655,43221652.58860792,61090321.048669025,40138299.85161906,6.637294925027414e-07,4.464119397435224e-06,6.8367244111689e-07,4.59825190888168e-06,2.4667342,2.7230585,2142,14000,2330,14196,1.6508113626389822,4.664081052730151e-09
331,335,0.26201345227913514,0.5446966778706721,0.9778577402344751,1.0461628424063216,143021575.70146963,14779710.762575557,23363672.745822523,15873626.45403435,25092927.711452827,3.161372166814026e-05,5.436897660945609e-05,3.0723560009476485e-05,5.2838085090053e-05,2.5354743,3.3343806,24052,31672,25535,33393,2.9939569974126585,5.628344462919043e-09
332,336,0.6178520847876373,0.6106979742562135,1.1544814340109157,1.0305515666252087,141098622.8535297,23340984.05720972,36855710.230168566,22364892.90373705,35314449.903592594,4.604091113687557e-06,1.1978200657692062e-05,4.6834387538478344e-06,1.2184634877190581e-05,3.7349787,2.3379998,5710,24944,6007,24966,2.027895182144527,5.3116612498492325e-09
333,337,0.4401255946983239,0.4359335819855645,1.0625712035382748,0.9347345672701698,142172505.62619454,28790405.64035351,20587765.530026916,26934956.71466892,19260950.34332482,9.431506665618823e-06,5.437814285478722e-05,9.686205457564443e-06,5.5846630105487996e-05,2.173424,3.0104175,9728,42208,10199,42454,2.3408906036697226,6.192093699456891e-09
334,338,0.7432913736439093,0.617320721636563,1.2633888442846484,1.0622547092727053,143486356.11637393,55753086.934047095,40796714.75878939,54841999.65932883,40130036.558333635,1.4186589227047119e-06,7.867536565652123e-06,1.4280395928896518e-06,7.919559475816908e-06,1.9129375,2.1711822,4372,21882,4435,21670,1.9218194755421434,5.27670511182043e-09
335,339,0.7801643119645811,0.6760638068726074,1.2764907790384377,1.083469260545052,141763616.1233523,44836170.03992005,34178359.42247902,43422333.145562224,33100599.53582726,2.1183588107439823e-06,1.3182839011451422e-05,2.14568351431919e-06,1.3352884410012153e-05,2.4667342,2.8041501,4283,24999,4440,24306,1.8678711259191483,5.075083829151307e-09
336,340,1.7695734178008744,1.4096790229714193,2.14385244267969,1.737152451945758,142719044.7876821,177271773.71582583,67696856.3290813,164351901.15238324,62762992.70046161,1.0976922186984134e-07,1.0521761946726216e-06,1.1314269749449236e-07,1.0845121326077103e-06,1.424659,2.9718964,1209,5887,1279,5877,1.5336531080108309,3.964593219621552e-09
337,341,1.532164817060607,1.8406773651676471,1.9345767878809568,2.12970410479827,142800291.45861152,88697672.59029566,96527219.01758964,84659241.55861734,92132306.44211702,1.8732699030195193e-07,5.414116249573637e-07,1.9085146406430868e-07,5.51598043175696e-07,2.4667342,2.7230585,1548,4339,1676,4388,1.6048410187837923,3.732180633398781e-09
338,342,0.9280936450200739,0.6345926572444418,1.3948674528684224,1.0490984283299263,138702503.3131415,72370947.99564138,39048276.1933292,68768346.17521757,37104465.938045934,8.163553770866279e-07,6.027493529934556e-06,8.332005160644997e-07,6.1518682435088335e-06,1.7787374,2.2541223,3205,19177,3264,19017,1.7756425721385947,5.28083722054744e-09
339,343,0.6924512470502485,1.0040932630655808,1.2368425611765241,1.3856697762253354,143099508.25213474,40170291.9355754,52766127.5672065,40585625.06381956,53311692.95326259,1.1806574287951794e-06,2.8636338498836937e-06,1.1758096053288106e-06,2.851875662421374e-06,2.4667342,2.7230585,4198,9502,4205,9239,2.005287599639676,4.46349780535183e-09
340,344,0.6290700585979494,0.6633862839305479,1.1833761615688112,1.1044545247213973,142895627.9500607,31318688.82419683,40235162.147221476,31076037.146158226,39923427.20627351,2.574123351682136e-06,7.637234388294975e-06,2.5821444291591663e-06,7.661032334379696e-06,2.8702147,2.3560238,4955,18583,5151,18618,2.0482202606058193,5.153163951829716e-09
341,345,0.4895581793116547,0.6746417485108834,1.1359765673036648,1.1477467336002325,146323591.71697685,31139162.133762117,36925759.59696546,30958644.887662593,36711696.79065283,5.269433719827803e-06,1.36525909378321e-05,5.2817025367691005e-06,1.3684378250833195e-05,2.3004444,2.6733642,9174,21143,9591,21383,2.3529792822474245,5.213071504981664e-09
342,346,1.2987221266196705,0.9557583698082268,1.746482098645243,1.3471885989944787,146101831.93321195,78391524.59526771,53892364.71240518,77150671.6828675,53039306.96088444,5.946292517281078e-07,3.7135732831808674e-06,5.984364383392311e-07,3.7373498909445503e-06,2.4204872,2.5910544,2118,12866,2248,13115,1.6810272963572872,4.461488284539758e-09
343,348,0.5731786808292372,0.703371805984144,1.1807071535478049,1.1535524446760699,146544087.14968884,41047140.887516916,35722401.80419199,41259642.68318968,35907337.32868898,3.1978646061698594e-06,1.2609054013142865e-05,3.191266344034605e-06,1.2583037325789755e-05,2.0463288,2.8854437,6686,19407,6991,19549,2.191281537299016,5.065242671993427e-09
344,349,1.255544459680883,1.6551778345503951,1.7497240792162956,2.0219157470498104,145382936.71495205,75412396.6136216,92871309.21389821,73706185.2053823,90770088.53408428,3.638036913675739e-07,1.0552364431117796e-06,3.671492326767269e-07,1.064940404877762e-06,2.4204872,2.5910544,2286,6375,2390,6476,1.8042124268822648,4.0361643731988916e-09
345,351,0.48064182856303583,0.513068442353288,1.1133565127206466,1.008132283621826,146940184.5021843,29849747.879447397,32799944.894989543,29515372.331459947,32432521.37126284,6.495575533278011e-06,2.2705226227963385e-05,6.5249110825503285e-06,2.2807768378283577e-05,2.3660367,2.2984908,8182,31425,8955,32222,2.3323731474743825,5.7379333073267854e-09
346,352,0.5758378872278999,0.5820959212736424,1.1934137903205688,1.078724807881169,146142491.15580413,23858470.85441403,29297918.89440986,23374486.697454333,28703592.096883304,9.083475599951638e-06,2.7484949127262525e-05,9.158245115542143e-06,2.7711188115815107e-05,3.5272329,2.9035833,7588,29206,8061,29630,2.2187744038746016,5.522104620446515e-09
347,353,1.391125796476436,1.2656575562928694,1.846049097580621,1.6443591172694172,144710594.05077076,83169471.17400855,70687075.05175807,82306794.89432576,69953872.56692171,3.6110907872485604e-07,1.5676874168388474e-06,3.6261829137817236e-07,1.5742393808445507e-06,2.4204872,2.5910544,1925,8099,1963,7961,1.6850871191978927,4.1729597110571705e-09
348,354,0.43493568411105155,0.5144526479542626,1.136150189785448,1.0885010701344475,145268952.0772016,36017924.89351742,24889439.60281111,35820737.57081325,24753177.395218782,6.895789438972883e-06,3.43370325776523e-05,6.910948515395176e-06,3.4412515987574535e-05,1.7542002,3.0026388,10606,32288,11031,32090,2.4513500581172716,5.820372620521425e-09
349,355,0.7348213416584484,1.2864782990462653,1.367553352506081,1.741413327437153,145211843.2148099,50832068.323541656,43110357.74690379,54868587.179525785,46533704.02559549,1.495359630921405e-06,5.158014050009809e-06,1.4503447712906219e-06,5.002742185213158e-06,2.0991623,4.3333411,4885,8377,4996,8348,2.1270789193452884,4.387316417060887e-09
350,356,0.5281542859861569,0.9975138175930784,1.231418812031518,1.5110546563908933,145133159.72289568,32220452.068484705,64141722.618802585,32974401.26338993,65642620.24821796,2.097481334767903e-06,3.3192913069433077e-06,2.0781648225143713e-06,3.2887226767768296e-06,2.3790076,2.2570696,6956,11912,6958,11606,2.334862239796402,4.6676707988937825e-09
351,357,0.8426774449941006,0.6807296727060487,1.3426035228491764,1.099164997166865,148360988.8126232,51650948.20142806,38977849.078260474,48433223.01923776,36549626.346750885,1.7866306102193464e-06,9.748844792944423e-06,1.8331953280036637e-06,1.0002927648074077e-05,2.4204872,2.5910544,3630,18905,3739,19059,1.8012010667600211,4.908011005435225e-09
352,358,1.2479503699692183,1.0484049039300682,1.6886062538703333,1.4098931746004302,141610920.2547534,73011499.63676775,57299292.22834276,66096605.73609256,51872496.0617942,4.2711878735324045e-07,2.262080780857536e-06,4.444608569528945e-07,2.353926804734794e-06,2.4204872,2.5910544,1961,10101,2019,9989,1.6606160247462387,4.3470721119984465e-09
353,359,1.8883685352940387,2.1632954390470385,2.307195349114811,2.4888859381757857,145075001.86236897,113181787.85437146,121124469.57833207,114930435.51145501,122995830.89854872,1.5228125913229958e-07,4.4399805155944544e-07,1.513502205338125e-07,4.412834737708827e-07,2.4204872,2.5910544,1490,4208,1531,4170,1.6640811650611216,3.816096354442334e-09
354,360,1.5462621188027559,0.9315699115246584,1.9398020139111767,1.3039437746566584,147536043.821217,85129766.87889567,45447657.91506807,77980210.89116201,41630772.39208305,4.925992720350833e-07,4.337497098564758e-06,5.10190750962507e-07,4.492395802519255e-06,2.6797841,3.0241413,1359,10999,1424,11111,1.5309274588198845,4.3670893547090895e-09
355,361,0.520890010971509,0.66914308797633,1.1576606762151442,1.1412009452100131,146706259.48305836,31571257.683874264,37887077.74562758,30215657.2879157,36260289.92146311,5.066259422409587e-06,1.3628702601457477e-05,5.155981604969779e-06,1.3870063503241884e-05,2.4204872,2.5910544,8737,22336,9035,22705,2.2516413570079887,5.177588977551274e-09
356,362,0.27952551770775924,0.49997338744648506,1.0044591026435057,1.0106536091706106,146642775.90643147,19435859.08856719,26246949.31021688,19776218.101624493,26706583.521510653,2.486147079628121e-05,4.96595111208068e-05,2.468942736682914e-05,4.931586320600142e-05,2.1090088,2.7933717,23465,37171,25547,38527,2.965322306714163,5.847468390962399e-09
357,363,0.7287643208334916,0.6736415729231914,1.2908687309317506,1.1295017133677223,146848548.80901372,35916856.09228072,39411724.81410414,33170612.01702618,36398259.06175067,3.6674563751605185e-06,1.175592352494935e-05,3.7860198668847997e-06,1.2135975309887245e-05,2.9796033,2.5099964,5690,22426,5965,22698,1.975360919294411,5.10531469645442e-09
358,364,0.4845610799008395,0.4290930422421092,1.1409878845588175,0.9779203062049326,144416849.25614697,29798250.853780847,26039972.497094505,28716429.294880524,25094594.737213206,8.917156508660313e-06,3.970082098251155e-05,9.050040507306073e-06,4.029244498692955e-05,2.3484192,2.3797362,9656,44203,10084,44305,2.3141108623391187,6.279815201204642e-09
359,365,1.0949639327699598,0.8567552964712559,1.5734267397154955,1.264360570321646,143387389.41751269,71090253.7966736,49230291.33994976,65975870.232678,45688559.816527694,6.930408222874573e-07,4.046089214366118e-06,7.140502764252656e-07,4.168745951246543e-06,2.2085168,2.4953723,2591,13820,2664,13765,1.7380574407523255,4.678016345038064e-09
360,366,0.7944804911616932,1.1523943591857755,1.4009023144086552,1.6130287008446034,145320079.3672219,63208158.48925741,60317502.87312372,63619900.721694864,60710415.17877574,7.754480989948882e-07,2.680560138850449e-06,7.734367359393749e-07,2.673607281994711e-06,1.8265675,2.7764087,4208,9437,4063,9240,2.050407828790235,4.462387157501983e-09
361,367,0.8838121576422899,1.0720843234388773,1.4549590382494288,1.5239886670888558,145479580.84048343,53120141.36473169,60194173.46063484,53945338.40039542,61129262.340818495,1.2961548994896223e-06,3.4322028045087584e-06,1.2881873378408017e-06,3.4111047957391688e-06,2.4204872,2.5910544,4495,11571,4710,11651,2.029480181471815,4.599998609715416e-09
362,368,0.8336170422554899,0.679253014176855,1.4070963703937414,1.1855357140209812,145336786.32073486,63958508.920129776,45292251.68316777,62169237.45790397,44025178.15745687,1.3560131022746226e-06,7.477587902185176e-06,1.3714911256176234e-06,7.562939791414875e-06,1.8942784,2.1796322,4381,21429,4428,21221,1.959486041315018,5.2077435184562535e-09
363,369,0.31471058105957245,0.561496527909047,1.0334236004744624,1.0652492114157135,146286154.74116498,19305195.614107337,30723885.477643885,19687979.966695778,31333080.165262964,1.533008476043076e-05,2.7526620178502273e-05,1.5210159742767491e-05,2.7311283442749987e-05,2.3847363,2.6734629,16784,28249,17905,28678,2.8238620486037083,5.618932902028589e-09
364,370,0.18317508217969142,0.4355050557369282,1.0336394744118431,1.084492025329186,145372451.22551697,9064851.58872187,27687262.947142333,9693988.818822827,29608870.570736982,0.00011425508953722432,9.410812986827416e-05,0.00011122920379789817,9.161580808833027e-05,2.9375672,2.2866268,51019,53725,53111,56199,3.701011602290956,6.3477837598390004e-09
365,371,0.8053948262618329,0.7250913558973824,1.3591897526823862,1.1837599133528685,146434574.9942919,50559396.42274339,46806069.15518085,49153243.799832106,45504303.676012315,1.8171346823688942e-06,7.028251028277761e-06,1.837752390358521e-06,7.107995490141159e-06,2.3326554,2.268476,4569,19066,4779,19007,1.9590343527741805,5.0277813160639494e-09
366,372,0.9539433062412366,0.8399449034577351,1.5098824358028808,1.3225418697873195,144849017.65869987,73298262.69528508,55893123.34597089,72083839.46814339,54967072.649366744,7.90218519672897e-07,3.82193704348143e-06,7.955170860010438e-07,3.847563862421678e-06,1.8851436,2.1767471,3527,15253,3626,15188,1.8822750749977273,4.837754601622025e-09
367,373,0.8141119258371574,0.711141007846636,1.3695846432276002,1.1737791237889648,144635893.5645457,55345441.12857433,43179406.27702312,53560632.68126755,41786934.4220444,1.7299282106980693e-06,8.079351383905425e-06,1.7527603606048857e-06,8.185985266633273e-06,2.127543,2.3820734,4718,20405,4962,20698,1.927469081355099,5.058147080376101e-09
368,374,0.3451566630985062,0.5561060957887892,1.0675474891281131,1.089632375898524,145798503.73374605,18734847.36296334,28998380.358110573,18832232.542660292,29149116.17289377,1.5660255856023775e-05,3.020132482713763e-05,1.5627812558266093e-05,3.013875684721115e-05,2.6860814,2.7959988,15669,29787,15949,29549,2.7151153112098023,5.639501126439625e-09
369,375,1.7171763319448394,1.1990828093361334,2.1000135891991234,1.5416219453303084,147726474.22372216,77390565.44477205,70826689.56653933,71138522.74000874,65104913.46551032,4.557559826338886e-07,1.661719239772051e-06,4.7137402730375577e-07,1.7186637589982213e-06,3.2778208,2.500982,1719,8499,1775,8482,1.5147597571488383,4.0388952276869696e-09
370,376,0.691507173312536,0.6074825784479045,1.2488817427394951,1.0586396319201954,142353809.406981,42948168.820368886,36213872.142361544,40532956.05722409,34177366.079275474,2.6017638961058975e-06,1.1748571998291155e-05,2.662701189529086e-06,1.2023741540091186e-05,2.2920344,2.387965,5492,24533,5676,24601,1.984110368504038,5.3487648757993645e-09
371,377,1.2414263520874491,0.8849964893461373,1.70850358407294,1.3074107017509116,146954310.1254097,75370344.09540154,50193484.380440295,72663820.36408703,48391053.22182609,9.408389787179752e-07,4.615626354474793e-06,9.547028301417006e-07,4.6836404987155706e-06,2.4204872,2.5910544,2947,13605,2973,13625,1.7236241105251044,4.662118555694516e-09
372,378,0.7955735551595708,0.8933227340430481,1.396258327179201,1.3729106586212374,145120235.75416538,47698588.07125128,50033378.60018791,47439402.62921822,49761506.33156802,1.4183963750612067e-06,4.780524405261255e-06,1.4214910757521424e-06,4.790954699951876e-06,2.4204872,2.5910544,4326,13889,4377,13781,1.9939280153868117,4.7541807908981194e-09
373,379,0.6388240111505714,0.8214438341843292,1.242281900890243,1.2607590216142504,146876066.4135102,38764079.35075893,46564224.64330582,39518535.20149369,47470492.82522723,2.435202727593946e-06,6.63358880177821e-06,2.416498754601379e-06,6.582638437610852e-06,2.4204872,2.5910544,5831,15415,6049,15393,2.0943661308184924,4.809254088767616e-09
374,380,0.5406137300822357,0.5700268129751622,1.1626556114974926,1.0558086548300378,143970816.8551648,33614086.43720901,29901724.278120704,32336482.12507023,28765219.439606823,4.83506889567977e-06,2.16016798251446e-05,4.910594615037079e-06,2.1939106745695428e-05,2.3154757,2.744565,7231,28155,7622,28729,2.1973621142032105,5.50964883473166e-09
375,381,2.1286098652815917,1.12177485708676,2.47387900363122,1.4737323542558387,145129338.9229845,127628744.56566451,62832506.88577859,118510801.69190994,58343681.03115644,1.8188512448573532e-07,1.5181159346977643e-06,1.8735850232500593e-07,1.5637998362147902e-06,2.4204872,2.5910544,951,7552,971,7571,1.4666630515932888,4.164370125693917e-09
376,382,0.691747620673282,0.7289021971811382,1.284067129987352,1.192302023883487,146768436.719829,41944744.38488204,41288147.40513522,41830375.623722196,41175568.95606945,2.78638964574031e-06,1.0174176968317555e-05,2.789434465867365e-06,1.0185294774061885e-05,2.4204872,2.5910544,5888,20407,6046,20623,2.0453753777390147,5.028124696512893e-09
377,383,0.6829209643652782,0.5408762709970518,1.238285928313672,1.0070237988596649,146077722.31762928,41214652.569713525,30493367.38082463,39219146.524845116,29016958.01806455,3.097062621114189e-06,1.9472190690879973e-05,3.159158302657373e-06,1.986260544834911e-05,2.4204872,2.5910544,4588,27583,4748,27887,1.978648878315398,5.525805302459695e-09
378,384,0.8882999774564142,1.1970131975626799,1.4283738995974715,1.5692088371330202,150061153.30959195,47962233.021433555,66453284.21254248,46002343.1038689,63737790.92725241,8.697409028856885e-07,1.863496593319524e-06,8.843774731193021e-07,1.8948567359524914e-06,2.7792559,2.7030294,2848,6580,2990,6587,1.6818475813300235,3.7231122074059104e-09
379,385,2.153282720761692,2.686867157896512,2.53779864314076,2.957273509788975,150344732.71595487,156272203.2205134,189788190.25110915,147453503.19631967,179078127.4026483,4.579232561183556e-08,1.2393667500081518e-07,4.6868748415762046e-08,1.268500073426699e-07,2.0716078,2.1284587,841,2283,842,2218,1.3233069919261577,2.9857498769480884e-09
380,386,0.8470891356977545,1.362502502633982,1.4201582244401378,1.7446668980307665,150347395.77952474,59685753.359944895,74127055.84978144,59321084.0917234,73674152.80859616,5.769703557161215e-07,1.1335193969797868e-06,5.783864902922874e-07,1.1363015434018945e-06,2.1338031,2.7634809,2962,4850,3155,4786,1.710697796312078,3.5741626115405993e-09
381,387,0.4191235280838538,0.8358033595643256,1.0956373669778001,1.2683010776458035,150177313.41645068,19915299.396017686,45260801.50662265,19831883.97954228,45071226.219171,6.89802221933782e-06,7.757108097076192e-06,6.909613189874751e-06,7.770142617485962e-06,3.1605272,2.773232,9205,12146,9418,12070,2.278948594217701,4.25883619665611e-09
382,388,1.251294094649405,1.5996677197843154,1.749399184570955,1.9600655845399244,150247093.06453982,67645192.47396336,88917059.04744293,65827254.34543286,86527447.8125963,3.464104760219957e-07,8.631458712412964e-07,3.502059299720569e-07,8.726029478404283e-07,2.7792559,2.7030294,1852,4678,1824,4673,1.5114582879651572,3.4020975661791156e-09
383,389,0.7542318877733579,0.9465856101863869,1.2907785638481135,1.3518994005415568,147925760.74658564,51841237.09465372,69582325.59997205,49991345.252976336,67099364.47353701,1.183273034328701e-06,2.4168181304372695e-06,1.2005967977220332e-06,2.452201667661342e-06,2.152154,2.0123558,4462,10578,4903,10710,1.9192322918900553,4.339121503491287e-09
384,390,0.6545974178002553,0.8342865246956216,1.2182156626124305,1.2625631025640975,147895511.31335008,41779695.83236589,60484900.93675357,41689478.0025979,60354291.64466728,2.1801145686473703e-06,4.134799430223121e-06,2.182000489709781e-06,4.138376263040278e-06,2.3172026,2.0399675,5936,13802,6589,14195,2.0205884170757917,4.550650703507704e-09
385,391,0.7058437003259048,0.9298100984976745,1.2514698190696734,1.3368714965748256,147992445.31721452,45080018.13176881,57979852.10660016,43802142.452929676,56336307.00745787,2.0501905979354373e-06,3.960638774117751e-06,2.073909156481864e-06,4.006459217709561e-06,2.3172026,2.3733222,6103,12167,6553,12360,1.9532665633856932,4.34536610297684e-09
386,392,0.603780323556636,0.6880337929847125,1.1792891488331434,1.143308204521265,147927532.5867766,44893169.804301664,40951183.28011991,42685938.20701693,38937764.62253565,3.3430678636142643e-06,9.828283982366585e-06,3.411170039893087e-06,1.0028497545354754e-05,1.9895172,2.4853773,7451,18745,8057,18961,2.0667932033795133,4.867776994993692e-09
387,393,0.7720646713842024,0.9549998540231528,1.3007202524897976,1.3568670081071572,147813992.2962852,60643720.750465624,54793047.13751516,60376275.822857864,54551404.270887636,1.1288423316091196e-06,3.5272503431456342e-06,1.1308398241693254e-06,3.533491831545855e-06,1.881843,2.576282,4527,10976,4837,11040,1.9298300390906187,4.366854726389571e-09
388,394,0.7331127180211364,0.7434187678993963,1.2521641694542434,1.1627932166025308,147981305.55603418,39934086.90792469,34924892.21809667,36140997.16869349,31607594.62665157,3.1376842511218404e-06,1.05323570527477e-05,3.2654774493376787e-06,1.0961324241540051e-05,2.716651,3.1499619,4989,15109,5294,15326,1.8862052575604857,4.644203775600249e-09
389,395,0.7700483306921003,0.7719282216030477,1.300682856278752,1.2052685934649132,147888043.5956807,28762913.015505724,53212902.68515894,27281618.94340595,50472430.70082776,3.2612029002283873e-06,6.218248673058515e-06,3.3309101013797946e-06,6.351161811039597e-06,3.9592979,2.1453247,4533,16540,4771,16789,1.9020801053922949,4.670291639816228e-09
390,396,0.537226751097702,0.7575686009181956,1.126010662589785,1.192583513033485,147865586.50791484,22313635.08011612,54620161.1259106,21992776.68466496,53834751.79232513,6.011437039425412e-06,6.192870688012912e-06,6.046365654799471e-06,6.228853498263481e-06,3.5600362,2.0508604,7835,14970,8539,15270,2.151503400969785,4.671965288469057e-09
391,397,0.5514962446947249,0.6670583431509766,1.126999855983195,1.1064596116320613,147810738.79362813,38026202.71766461,44977240.28621655,37292519.87542937,44109443.15869113,3.385693375861141e-06,8.706488311855057e-06,3.4121814333146406e-06,8.774603742586874e-06,2.1437078,2.192184,7325,19460,7898,19861,2.1338551557948757,4.914133227480797e-09
392,398,0.5539613431343849,0.713196120317931,1.1484839266207156,1.1694627974411949,147847234.34146032,35345054.64239489,44428891.252972506,35158159.58237525,44193963.32935371,3.142199515693963e-06,7.511855498388033e-06,3.148870259373244e-06,7.527802818835149e-06,2.3172026,2.3733222,6506,16057,6893,16089,2.160847805705906,4.853776804046504e-09
393,399,0.6269514939460138,0.6945287841303559,1.1895646024050122,1.1378958972227216,147895785.267542,40015268.20391291,43280208.61215985,39145000.60459648,42338933.82037586,2.677784768536846e-06,8.213748372983139e-06,2.7014406966267513e-06,8.286309783871303e-06,2.3172026,2.3733222,5694,17846,6003,17978,2.02758535101878,4.840655047274691e-09
394,400,0.5246236032104308,0.6997170833132326,1.126052842771171,1.1512629160246601,147882456.72676212,36313860.43920709,52483026.42831755,36099227.76187388,52172826.07119171,2.8991385624391877e-06,6.513899574597675e-06,2.9060211858712774e-06,6.529363726062269e-06,2.1364467,1.9716066,7276,18426,7610,18528,2.189495598675085,4.864168370184437e-09
395,401,0.6510684033252792,0.8882139166306586,1.2110281030274925,1.2958734590681238,147889416.41824177,41552743.90600632,55347494.65751804,40983350.87546528,54589073.55812722,1.7842695603615388e-06,4.012774104958178e-06,1.7941442754485583e-06,4.034982072787323e-06,2.3172026,2.3733222,5060,11656,5373,11798,2.012430303242349,4.437915076751713e-09
396,402,0.2079586384065119,0.4082091335278566,0.9301204327059936,0.9329094930491146,147757445.6595171,15431851.775663408,23375175.932117216,16237954.974476524,24596209.179819535,6.258171181854568e-05,9.292456829269832e-05,6.131999666021291e-05,9.105110825158641e-05,1.9911698,2.5803416,43674,52216,46861,53694,3.3516083340652236,6.1327641648646626e-09
397,403,0.8696424013780539,0.9970448583535321,1.3712038935929527,1.3873755305318973,147825246.38199693,71284116.87000582,56332785.646902665,69924959.12856019,55258701.474003255,8.457605724173975e-07,3.2426955553604498e-06,8.522983669822989e-07,3.2677618425212126e-06,1.8034186,2.6163876,3847,10580,4011,10600,1.8225794598874976,4.23715086071096e-09
398,404,0.7756067297046234,0.8701227240261296,1.3080507862532997,1.293545168793684,147851818.62620476,69298834.28289221,59431249.53844095,67272948.80362462,57693833.5097217,1.1100511723938357e-06,3.347684583444997e-06,1.1233036902479695e-06,3.387651434357319e-06,1.6547878,2.1646731,5064,12484,5435,12530,1.916051092895392,4.499628180003968e-09
399,405,0.5752389448724781,0.6381856216575186,1.15367779899718,1.1033521367031387,148034568.75916347,36749160.01633759,39806450.759348825,33739329.23174037,36546221.6583904,4.294861156003098e-06,1.1685872416396179e-05,4.444199207472187e-06,1.2092205788533651e-05,2.3172026,2.3733222,7365,20927,8013,21287,2.0941061599552775,4.9990769055395735e-09
400,406,1.315583676703191,1.7274404774320036,1.6820112523059843,2.0010369843003724,149955477.19559038,74575164.70497192,88615647.68443647,69095485.1292506,82104292.91067559,2.9208197525999906e-07,6.998434483317565e-07,3.0113593059884003e-07,7.215371913973318e-07,2.645371,2.9231763,1890,4283,1990,4315,1.4495662848342097,3.3357729133402057e-09
401,407,1.322596420676326,1.4548886264223184,1.712936026643847,1.7819844445666855,150369792.0187327,83357992.20358151,55097249.8749178,78532175.00895837,51907522.66587639,3.7470236167309947e-07,1.910250262479548e-06,3.837481353809794e-07,1.9563660422751488e-06,2.3858366,3.9706392,1523,5049,1723,5278,1.4628617798125179,3.5401876042971243e-09
402,408,0.7102640117463815,1.1909373127618466,1.1963411406140663,1.5230140842646716,150052628.23348075,40288103.90005802,61133252.15493637,39744552.68011167,60308466.409979634,1.1964719531158103e-06,2.140590462215266e-06,1.202990530210247e-06,2.152252753102427e-06,2.645371,2.9231763,4204,6966,4229,6847,1.8207159067815735,3.803964757443329e-09
403,409,0.854291304734273,0.9312160496881641,1.301496498425744,1.3034079938500778,149610257.05518225,48314864.6073846,60614996.7985822,44121130.04024429,55353609.65764711,8.397606314374514e-07,2.7603408752439122e-06,8.708215474997341e-07,2.8624398699091857e-06,2.645371,2.2984324,2866,11302,2897,10960,1.679957729288382,4.1508721974259835e-09
404,410,1.5790030898537024,2.1527620850047957,1.9338765854595494,2.4130164164393153,150430263.6932857,89790751.91313633,110783796.41904558,80584756.08062975,99425442.17417169,1.5014435300777828e-07,3.616657424165029e-07,1.5678354787152504e-07,3.77658147667471e-07,2.645371,2.9231763,1264,2911,1351,2945,1.3894004899534609,3.1598003605078138e-09
405,411,0.8925661325749357,1.116339724424304,1.3224410326456681,1.448354096258198,149584018.81362584,29402220.754817013,72489353.0155641,27594634.312185526,68032860.66967236,1.0195291201219604e-06,1.6335259497150423e-06,1.0457354510366218e-06,1.6755146685765475e-06,4.5409369,2.3036015,2262,7459,2273,7179,1.6438103445599441,3.8578321157613855e-09
406,412,1.0440233950773619,1.8955235210610104,1.4614144084873508,2.167487695227622,150010542.53854036,59203233.08847187,97273815.40036656,54747385.40516541,89952639.13368556,3.22255530609024e-07,4.92430916955389e-07,3.3250118385096704e-07,5.080870529763969e-07,2.645371,2.9231763,2163,3080,2228,3081,1.5680848569712924,3.2690240925124025e-09
407,413,0.6121440805423444,0.7705809683686426,1.1157755882632403,1.1544917146270166,149174976.84602037,34438283.10857827,33296147.954630837,32703576.213526916,31618972.084584024,2.916287096779048e-06,1.034177546772067e-05,2.9772052388083043e-06,1.0557804180213725e-05,2.6516008,3.4523933,5019,14102,5182,14114,1.9300003272901196,4.502246244525736e-09
408,414,1.2976850429774118,1.4096196922386297,1.6842380309691543,1.7255316735896147,149902510.220837,73534579.99590561,72286276.51479463,66575703.473613635,65445532.03035317,4.0858256056196337e-07,1.1904095599101751e-06,4.2515781520508165e-07,1.238701737525331e-06,2.645371,2.9231763,2077,5717,2097,5529,1.4866765080400954,3.600371292375118e-09
409,415,0.9097091650893392,1.1370197770215504,1.3600032283580776,1.4939973351971452,149972907.80113044,51573759.877834454,58334545.948294275,47735018.750569254,53992585.594763786,8.555163375013563e-07,2.341004824925185e-06,8.823989569919992e-07,2.414565479673199e-06,2.645371,2.9231763,2995,7677,3103,7684,1.6511050284568602,3.858568737892298e-09
410,416,0.279221848843263,0.655508937096122,0.9033926362118936,1.0717727548826275,149750607.00846654,19858278.73699092,34204794.200748615,19466430.38354965,33529856.938316382,1.2743419803203025e-05,1.6857174266307122e-05,1.2845413906712088e-05,1.6992093495488908e-05,2.1056025,2.8698568,19166,19021,19011,18451,2.781639940094742,4.8174437301960035e-09
411,417,0.42671102310260367,0.7254575311386013,1.0412951656292488,1.2161518667393385,127646573.72092059,21492854.570719197,29429902.499325376,22028956.964855943,30163980.940938883,5.032405015314056e-06,1.0195843042472643e-05,4.983054679314003e-06,1.0095857393778106e-05,2.5342469,3.1465333,11112,18964,11746,19167,2.7570237685726036,5.8784748894024025e-09
412,418,0.47558934920985096,1.0772039422941642,1.07260222304873,1.4990081221046134,127011899.31668968,16389207.805416944,46419562.23343212,16600297.587492649,47017437.09060894,4.599948220893551e-06,4.010647119371159e-06,4.576461133895508e-06,3.990168971946965e-06,3.685688,2.9474151,9810,11379,10290,11219,2.7110745297627,5.308042238316105e-09
413,419,0.0825704020384912,0.2072372291453835,0.849932066046938,0.8296779656568658,118282148.2868871,2579749.85213441,6962922.337060878,2952523.8291292167,7969064.947727039,0.0007965475734724784,0.000827477286967483,0.0007546844348881131,0.0007839886147357407,3.7858727,3.5204277,155221,179271,158571,177149,6.026035553861088,1.0914517814208424e-08
414,420,0.44201172699871355,0.6722939447455708,1.0384267262333304,1.1424707969168422,121848116.95925437,17550010.92061688,17986652.757885344,18873619.71602428,19343192.756519087,1.0346438686162278e-05,2.9696158036442983e-05,1.0049854282439595e-05,2.8844906935339722e-05,3.0688469,4.5543633,17093,31078,15652,30271,2.9961291802806738,6.700845775678228e-09
415,421,0.26017310600024485,0.44446560837405896,0.9226385478875093,0.965971419194689,117307921.19570678,11462998.401929587,15696446.420005938,13687759.729746478,18742843.684922315,2.6882486810346416e-05,5.69078529707073e-05,2.504123736374059e-05,5.3010090329584655e-05,2.6625116,3.3217287,22668,41429,26982,45783,3.4168530087764517,7.649450409287998e-09
416,422,0.0695911875379616,0.15586853353340863,0.8596442996483974,0.8369478158385986,122554080.05253087,2827198.9897678173,4416138.939403488,3168443.0633987784,4949168.714405678,0.0008035367404898169,0.00161023075404402,0.0007677325019941306,0.0015384815943033754,3.016655,4.3255715,146340,213668,153715,214823,6.772789954523385,1.268003176180613e-08
417,423,0.9238603302724756,1.5117039693762024,1.3994652193238768,1.8633879158345543,127429819.65080792,37196751.91068756,49470713.73352488,36757708.28518741,48886797.11720855,9.550827059014322e-07,1.9713171423242775e-06,9.596295608663658e-07,1.9807019768319616e-06,3.1649902,3.8939435,3860,7017,4132,6932,2.221537286714778,4.782467793352122e-09
418,424,0.2447648732177956,0.3624278034610492,0.9271551516861251,0.9368273561854515,122182155.43640797,10601703.37708222,8116353.933257469,12475503.893428102,9550880.78710814,5.2370572442049974e-05,0.00019877012929937673,4.906980613883908e-05,0.00018624222069951854,2.820858,5.455924,27570,56504,29297,57491,3.8202730070777697,8.663581167255277e-09
419,425,0.1921901822194504,0.28210120758155427,0.898964364870548,0.8859169487063436,122676124.17544864,7868749.218162976,10312877.46870042,8294848.830208428,10871328.75068338,7.193655294635422e-05,0.00013427535655688859,7.043499935232971e-05,0.0001314725861158685,2.9963017,3.3557155,57657,96302,52577,87628,4.027795615989373,9.291502909305148e-09
420,426,0.09281444602702361,0.25805834062260824,0.8575433614431978,0.8668417667787128,121184327.72441497,2673545.197403505,7926916.099291422,2966018.558289928,8794083.70703415,0.00042750733877090476,0.00034969204259673373,0.00041011819844874843,0.00033546809028812854,4.2070193,3.9451189,105360,93552,100831,87953,5.696910032828035,9.736841961419481e-09
421,427,0.29653396964788187,0.6681311801128785,0.9601713785040119,1.164052520760261,125534073.57806325,11761526.833218116,21539405.67552876,11923770.31180889,21836529.352848083,1.5713613192405496e-05,2.061379772487603e-05,1.5627737191151678e-05,2.0501141870516388e-05,3.1649902,3.8939435,18642,20807,19528,20822,3.261883184733434,6.311291430981297e-09
422,428,0.33688455179637344,0.5269459257658384,0.9687752944595123,1.0310137369487697,118376776.9733895,14053806.94702158,17601621.77046185,16108387.84568026,20174871.567568954,1.3140991746607093e-05,2.986553946204597e-05,1.2442994376465457e-05,2.8279200439517348e-05,2.837616,3.5438871,16990,32584,17999,32754,3.16516241518637,7.2181161992616755e-09
423,429,0.935170797371695,1.1669671031726745,1.4007953945320208,1.547122640239604,128792467.03601323,37209381.54314007,46631379.12500986,36125242.199606106,45272718.73733158,1.108977614071353e-06,2.3606495919300683e-06,1.1221720647315499e-06,2.3887362495609507e-06,3.2368975,3.223078,3955,8849,4180,8936,2.121363408894771,4.9080629007106385e-09
424,430,0.5933450033804225,0.8269144541307811,1.145226137725458,1.273650277315363,127107267.09151329,23828971.673305724,26992388.662812933,22907684.684974603,25948796.14862635,4.2213742660342154e-06,9.178880593043487e-06,4.28848109658849e-06,9.324796483418676e-06,3.1649902,3.8939435,7620,14688,8394,14835,2.438858576486611,5.584863509788895e-09
425,431,0.5045196279078985,1.186932094737861,1.092664563149121,1.5924911768588443,127619736.88802421,20343400.168648195,38900400.48973419,21640236.490182895,41380195.01076414,3.3888533515881396e-06,4.256907160816333e-06,3.3061107025575603e-06,4.152970006085775e-06,3.1649902,3.8939435,8594,9574,8954,9142,2.637521796466897,5.121222606001307e-09
426,432,0.3347303033279609,0.46331584909840356,0.9713388011817037,0.9935936474088221,124792936.9841779,15756328.561457967,18489656.264201116,16344081.457080275,19179369.541374598,1.4672651106281495e-05,3.490279534815686e-05,1.4459270914844447e-05,3.4395213923427866e-05,2.6511238,3.1270752,17706,37456,19151,38622,3.0360963307545066,7.138965944774462e-09
427,433,0.44398137209361677,0.8386425959172987,1.035062837704613,1.2670791901457619,119836726.00625749,18688257.25231487,30241283.47267454,21291239.967322316,34453422.52321451,4.225784328555424e-06,7.438646297787155e-06,4.011016677659231e-06,7.060590896230602e-06,2.8469896,3.3232777,10690,16645,11041,16650,2.874811677397046,6.125553249320938e-09
428,434,0.3246412614720557,0.42142276865017714,0.9633173230942566,0.9642187700754645,121152243.89592424,15752329.83209564,17548114.916212156,18837256.244613536,20984726.755346064,1.1552906619242256e-05,3.5983273573936905e-05,1.0755289963208105e-05,3.3498975960607106e-05,2.4968381,2.9095042,15757,43940,16716,44680,3.1744091434965327,7.732607135977666e-09
429,435,0.17360152240666787,0.29398935508658597,0.8952511423385173,0.9006866638040374,122672355.14320521,7436073.212432992,7786034.623603335,7737484.8380111065,8101631.48308341,0.00010463859759682092,0.0002888795084269441,0.00010298866980203066,0.00028432449391752333,2.8638916,4.6319299,46810,82382,47735,81481,4.520744150007703,9.715452095144577e-09
430,436,0.42852346081551995,0.700479102807538,1.0450290491925782,1.20766623960101,127717556.29862536,19631172.365085904,23295478.80589205,20007520.642082952,23742075.328370314,8.071158528945123e-06,1.8290813525370475e-05,8.010083854973022e-06,1.815240644679058e-05,2.7879114,3.8403795,14323,23960,14383,23662,2.773104510627717,5.973552991329611e-09
431,437,0.20866900518874687,0.3225137964891352,0.905045619507956,0.9056146599636171,123050699.60245748,9094383.261765642,10811808.715669319,9663045.123092676,11487859.31652894,4.979204000088909e-05,0.00013495899215866378,4.859858426021239e-05,0.00013172418627513657,2.8233764,3.6705744,37134,81052,36873,76875,3.7991069613376935,8.612559906143374e-09
432,438,0.8798095490193326,1.2497036261388477,1.35565793020044,1.6163957013537078,126571892.84994988,35184677.65455883,40621378.677384526,34895882.10776113,40287958.73299883,1.103686253907134e-06,3.007040953218093e-06,1.1073308305272083e-06,3.0169707599135263e-06,3.1649902,3.8939435,3571,8319,3930,8703,2.2040821559497075,4.970126733846427e-09
433,439,0.3509314458510209,0.6351491021008457,0.9882149288710925,1.134506125227291,124931574.22071955,13852307.65445063,20377845.027883735,14324764.747015463,21072866.944431867,1.2396844093357776e-05,2.3369943313343317e-05,1.2231648476761776e-05,2.3058524361359416e-05,3.1649902,3.8939435,22882,39890,20528,31454,3.091651113658113,6.486345621844321e-09
434,440,1.5592876677497127,1.6359245229187218,2.038327288742077,1.987719328350891,143297557.57404396,89977966.93995827,110955601.7637939,88575002.26511192,109225547.22883427,2.527551457024183e-07,7.312370312630069e-07,2.543489841762793e-07,7.358481093508533e-07,2.4832981,2.1127729,1643,5971,1848,6284,1.6092122050281377,3.87312971891302e-09
435,441,1.5664758922671502,1.3781997196906504,2.0334304948534974,1.7454651460910322,145547265.65895185,102917242.59815499,66399506.31416097,97689322.46979843,63026589.329510204,3.4649790427982803e-07,1.7888120181476439e-06,3.537993494054482e-07,1.8265060781382837e-06,2.2153361,3.0210044,1609,6605,1811,6856,1.5531524156144425,3.879361734280456e-09
436,442,1.1603163464488335,1.0044272737621804,1.686828434952032,1.4202310643416203,145551012.2826924,70241554.68678942,61242789.48659938,67290528.87108876,58669824.6140769,7.036137375674724e-07,2.70882569988218e-06,7.157978336541488e-07,2.7557329599984e-06,2.4043491,2.3871448,2388,9808,2574,9981,1.6736998649190102,4.302259279472549e-09
437,443,1.3203041605712629,0.9110299939980955,1.7973488517235074,1.3202502868448396,139806490.33988234,76772167.09945022,53355752.049577296,75590948.95965058,52534819.35267986,6.764154063523855e-07,4.060204397049496e-06,6.806237377964616e-07,4.085465036699353e-06,2.4043491,2.3871448,2148,13610,2293,13863,1.706230599358064,4.707866555140763e-09
438,444,0.40923761306693623,0.5321129636644825,1.1240627421718388,1.0470653931519402,142397365.8241267,23458402.891220096,31329206.553746272,22961706.426371396,30665857.637201548,1.0841983115330816e-05,2.589063301378137e-05,1.0935192658823141e-05,2.6113217208782514e-05,2.4841571,2.4185574,11590,30406,12587,30873,2.4461484990014046,5.632457022988176e-09
439,445,0.8764775451760791,0.6768556788121064,1.4223130683661453,1.1229208491144431,145178222.43045858,79930748.92158738,42369750.2106326,75294255.76153211,39912034.504283294,1.1790482510762676e-06,9.15368493786629e-06,1.207570217258348e-06,9.375118701922104e-06,1.5919462,2.3192184,3709,20994,3984,21231,1.8328471469743013,5.0231745998629915e-09
440,446,0.8952063688841705,0.8097639360254334,1.479024917381109,1.2672793759651353,144508742.52949956,38596042.65834252,46122373.32652673,37526583.37097214,44844366.64210422,2.3743800354419494e-06,8.261482517992488e-06,2.4012187879753246e-06,8.354866004018108e-06,3.3517723,2.5371194,3754,17998,3999,18382,1.8242077054323498,4.709620966089004e-09
441,447,0.5459510409811438,0.5126100634387897,1.184780811469451,1.0044522522575743,143987665.69768503,33531214.004951086,30200156.369030673,32440866.164346006,29218125.856265873,6.2603287130477586e-06,2.666188586148766e-05,6.343659617089388e-06,2.701678081255659e-05,2.3443892,2.4440114,7986,33583,8327,34018,2.179543505879267,5.7063739979867525e-09
442,448,0.5782632001800108,0.5035370924015103,1.1932595045345296,0.9893271557907938,148111693.84086567,36911707.70592087,37133444.910305925,37812311.22604368,38039458.5650235,6.8304956106861204e-06,2.1524213405573553e-05,6.764949863716585e-06,2.1317666073430802e-05,2.3203354,2.0084248,8646,34437,9838,35816,2.0640032098538814,5.555682514542354e-09
443,449,0.6255930544176072,0.5485851001540978,1.262823915502797,1.0509143913701682,139856967.30866796,37615802.27857351,29832335.74017747,37571915.7795591,29797530.241058696,5.194384547229241e-06,2.4592689205404062e-05,5.196810652093998e-06,2.4604175540767994e-05,2.3259785,2.5718217,6686,30226,7233,30971,2.110726605137868,5.714255538543616e-09
444,450,0.4427775822896869,0.5141483618756101,1.113280965091208,1.0055189423375808,148403273.2861115,33139619.85381174,41207373.76759119,33933011.562425405,42193914.61583181,6.4830059198770615e-06,1.6964616933263897e-05,6.421943273991597e-06,1.6804829265447283e-05,1.9828122,1.8516419,10743,31285,11413,31981,2.314572119856739,5.5314438249931795e-09
445,451,1.5517853286379597,1.410842113411353,2.0184962146617234,1.7723053365682329,146432324.3624404,94508543.94812712,86543928.95447405,89244509.07848182,81723515.4686573,2.99642832752577e-07,1.0824415218107636e-06,3.0659122527667864e-07,1.1075421674989506e-06,2.4043491,2.3871448,1689,6547,1809,6582,1.536233570704363,3.792895915458952e-09
446,452,1.0563384861405591,0.8216041509634697,1.5831478346909111,1.2547943637264065,147726252.3414268,64902773.795020446,50844214.448152974,63412404.55692394,49676673.390693225,1.1124927835154847e-06,5.758309845154619e-06,1.1228786308886981e-06,5.812067431779553e-06,2.4043491,2.3871448,2756,15327,3042,15859,1.7128458963933226,4.617419312631905e-09
447,454,0.632807593822379,0.712136535012842,1.2525432826973673,1.1667511912075421,146664688.54355916,38601103.58182109,43753224.81826317,39160002.61076698,44386720.5630764,3.457713157165918e-06,1.035057888523989e-05,3.437888332588181e-06,1.029123376279888e-05,2.4043491,2.3871448,6296,20376,6977,21036,2.0460261109067686,4.913731524021278e-09
448,455,0.7712679570388483,0.8976058002558442,1.354055015829868,1.313532502951833,146882533.01513654,47117031.03483415,55230253.97984114,45866751.73360624,53764685.3343655,1.513661773063028e-06,4.6806559720305015e-06,1.5300330636582896e-06,4.731280477754454e-06,2.4043491,2.3871448,3907,13146,4382,13648,1.9042546319354734,4.499164598523314e-09
449,457,0.5959061456896397,0.7794290118626425,1.2223573991107173,1.2158443946272952,145688145.59250644,36108093.168625794,47568780.64509035,36577825.84659276,48187606.19801255,3.083418805066232e-06,7.867548809459508e-06,3.0675184488195788e-06,7.826977989610839e-06,2.4043491,2.3871448,7089,18602,7276,18699,2.1178828242318417,4.8072283004285156e-09
450,458,0.2623845386774635,0.4678901380790679,1.0195837358019513,0.9839497386551554,144857236.22350278,12135783.785955466,26367857.408017334,13049660.464299578,28353470.399159864,2.98523371458692e-05,4.340264285668546e-05,2.8997849073481195e-05,4.2160293205804406e-05,3.1319196,2.5704505,23689,42669,22520,39894,2.999702018124262,5.9087724832689755e-09
451,459,0.5547513273150795,0.6956802509497276,1.1959024659946254,1.1510168918088661,143578254.6180935,32035492.941561278,32454714.1908033,35425891.30008931,35889479.80904177,4.857594242573528e-06,1.530304358864428e-05,4.666008066497078e-06,1.4699483172299933e-05,2.4863119,3.0776594,8414,21865,8207,20887,2.165519701076247,5.0228898215506525e-09
452,460,0.5171015243800706,0.48364931153685053,1.146601055785558,0.9738861581915398,148969261.2994363,32038705.237817407,30182031.968745906,32690489.184111502,30796044.418928925,8.38687438926917e-06,3.046931401040062e-05,8.319582899469497e-06,3.0224845637825823e-05,2.4043491,2.3871448,8203,33241,9324,34118,2.1460150608701536,5.625881001036364e-09
453,461,0.5935730004200365,0.5527085907354444,1.2599944209767353,1.0735624292657602,144482960.43268806,49688817.264076285,45612067.31424016,49604012.97320071,45534220.84421057,2.9254003961646396e-06,1.0921280250920516e-05,2.9273999068222454e-06,1.0928744944056212e-05,1.7259655,1.7507861,7022,27893,7780,28633,2.0914016815856287,5.474893669652539e-09
454,462,0.3304326394036723,0.3989190699374552,1.0587739650623536,0.9430917106018907,146046246.59467697,20959871.732088037,26468841.34628204,21407710.531962685,27034387.46670243,2.2097556797522763e-05,6.161520945728214e-05,2.1911475197886443e-05,6.109635314919367e-05,2.3024209,2.2011025,17541,53935,18746,54676,2.687117720946544,6.338268527994146e-09
455,464,0.7951745555640125,0.673770412406568,1.3977686872133035,1.1571716303019282,141899292.9646747,59101399.33370722,35574209.550612375,59053695.801239565,35545495.92488709,2.081861357314643e-06,1.3334361972646015e-05,2.0825338848005893e-06,1.333866952410839e-05,1.9091715,2.6875522,4592,21874,4893,22263,1.9272797395158017,5.17551545226712e-09
456,465,1.0391233035695184,1.310411561277192,1.5855361977048712,1.6827713240606774,147388501.79351068,87497434.51315351,80908203.28517169,84760620.50148055,78377492.46328063,3.345413357218208e-07,1.2555837964737025e-06,3.388209559088617e-07,1.2716458527523875e-06,1.7503922,2.3871448,2315,6683,2468,6792,1.6935059182950638,3.849938497728673e-09
457,468,0.8917085934318422,0.8050701406379017,1.4120378928875852,1.209076895806267,148383833.8769512,55031584.13827687,50042793.38551567,57404311.1530335,52200425.036847875,1.6256950928457475e-06,5.3839557921300545e-06,1.5984759142332446e-06,5.293811671628787e-06,2.4043491,2.3871448,4327,15332,4594,15324,1.7545085680139483,4.5263899395587544e-09
458,469,1.1757520587420252,1.156664280536714,1.6982442586126323,1.5475501614165643,146394414.95873356,72690382.4414798,81048518.41893543,69785480.4944174,77809603.0211353,4.6112967567165434e-07,1.4597587980517215e-06,4.6871389042357206e-07,1.4837674984119834e-06,2.3678997,2.0892324,2131,8194,2305,8270,1.6490400546686745,4.049801371321581e-09
459,471,0.656999262765045,0.6425362833905741,1.2486945286427515,1.0930008578658366,148590528.1389354,48851408.10089053,54552913.86143598,49227040.059601955,54972386.27141986,2.017328971136017e-06,7.1726611408135675e-06,2.011157444215434e-06,7.150718130052252e-06,1.9983839,1.7501321,5403,23159,5813,23600,1.9694594635296856,5.007165219808228e-09
460,473,0.856200875426058,0.984373533944537,1.455699910161628,1.4165754072667318,144061419.28628346,46792465.00785914,47366250.50102708,45555079.48493474,46113691.72611882,1.688815461493697e-06,5.285883572116158e-06,1.7070169856953313e-06,5.342853170013963e-06,2.6360123,2.9939091,4008,11606,4197,11566,1.855745610185439,4.419658202268645e-09
461,475,0.942154005138691,0.9709568701074389,1.5058813926271575,1.3890989883523523,147325487.09229818,57616535.172094494,36056612.946791396,54650693.71033572,34200579.82489732,1.6880791711378683e-06,8.601528059377723e-06,1.7241434428659605e-06,8.785291860574979e-06,2.4090879,3.9672804,3424,11391,3749,11600,1.7371635623819288,4.223252234601443e-09
462,476,1.7431969655531163,1.5346870592984483,2.1667242455842084,1.8804291078195192,149334532.3666748,108270260.61809458,96006649.58804388,105871115.38359301,93879251.95803279,1.7862850438714893e-07,8.117354939550744e-07,1.8023678809885706e-07,8.190439634382753e-07,2.4043491,2.3871448,1066,5353,1227,5616,1.4546763251960109,3.67031627094847e-09
463,477,0.7026184548322256,0.5686606848968985,1.3020276378554434,1.0494561331717625,141619447.6137619,54339122.63464004,36688940.02419384,54207283.359654404,36599924.17303069,2.159282217689917e-06,1.5023369451750988e-05,2.161381350802262e-06,1.5037974329250004e-05,1.8311749,2.1950324,4625,28210,4930,28615,2.0206313594597813,5.567582978887755e-09
464,478,1.039964646760452,0.9646533683691473,1.575903104960085,1.3878468822366272,148895426.3706456,64402452.82592089,60169150.435785726,63273076.607493356,59114010.38127813,7.648690114098566e-07,3.2199991432528097e-06,7.703009762345489e-07,3.2428670092805475e-06,2.4043491,2.3871448,2476,11064,2656,11262,1.688768510583934,4.2862492908942415e-09
465,479,1.3008594895117045,1.1895483280829158,1.8213124767449533,1.6031876284398714,142960814.00533423,97063187.45639357,77991979.54703337,95988153.77704558,77128171.06382497,3.576693003618505e-07,1.4936960112849184e-06,3.5926625702081646e-07,1.500365210428594e-06,1.9159883,2.1804652,2204,8480,2349,8620,1.677577797353118,4.230670294855685e-09
466,480,1.0174898079363155,1.181443746979467,1.566981814790916,1.5717063647915483,147649655.8923466,62483447.18983062,73074646.62289563,60877968.86390903,71197033.16519043,6.306832004514025e-07,1.84282730106875e-06,6.37284262262299e-07,1.8621153000394787e-06,2.4043491,2.3871448,2591,8044,2755,8108,1.6995350644766534,3.96002532017042e-09
467,481,0.5307914903221034,0.6046246850267545,1.186668959343546,1.0841647116232143,132782256.48390427,28384839.130163312,30549763.032066997,28760155.170173552,30953704.588045817,5.8256299563207735e-06,1.9233421163636007e-05,5.795100603344504e-06,1.9132627960489142e-05,2.4830048,2.6279559,8059,27295,8818,27507,2.354540757155482,5.879578248560771e-09
468,482,0.9750295954790686,0.6560875096699061,1.5013711134950538,1.1222990617686381,148478453.48426732,69678831.71215145,61528979.69950138,69041885.87233531,60966533.0182822,9.441688969931336e-07,4.999902600151827e-06,9.476434728253947e-07,5.018302423312146e-06,2.0776882,1.5832354,3012,22021,3201,22245,1.704255823284439,4.9470316441675625e-09
469,483,0.6833319109566934,0.6053637643438814,1.2736585295560199,1.0693910598983172,148301263.63367945,53580137.461389855,39170130.28489709,53433506.33944899,39062934.588462315,2.2507097193765694e-06,1.2969390905290297e-05,2.253178228873733e-06,1.2983615336076068e-05,1.8913536,2.2919559,4964,24825,5265,25036,1.9531470308592473,5.1594394767895084e-09
470,484,1.2557643630301802,0.9518675581247166,1.7204006379392773,1.3381632321987003,148210895.28432873,77408875.65406281,59098695.220236346,78558707.85649623,59976547.82191613,6.324118842717966e-07,3.3054325530985256e-06,6.286929550176619e-07,3.2859947940604556e-06,2.4043491,2.3871448,2209,12247,2330,12266,1.6104221059129447,4.320232610174336e-09
471,485,1.248867104878938,1.2977538646447815,1.7412464397047713,1.6537130998610399,148214040.37129423,103498640.81635831,68720877.08128269,102867992.8940295,68302140.39053887,3.778991383534056e-07,1.7382289019887363e-06,3.788241468335055e-07,1.7424836787572154e-06,1.7884258,2.7989361,2202,7116,2478,7283,1.5874955431415252,3.789181450929067e-09
472,486,0.6535997993476459,0.7018223822539555,1.2800874383498855,1.1667210545085351,137355752.9022515,37966416.64756121,38341423.68809143,37178341.72966194,37545564.68971333,3.2222666632320243e-06,1.0551951851863108e-05,3.249416010580181e-06,1.0640857779263888e-05,2.364608,2.5142348,5973,19671,6490,19988,2.110573909092065,5.273961485099092e-09
473,487,0.9725576303148588,0.836124224403924,1.515991186349004,1.2663355637126512,147505693.0910616,68512845.86988764,48761847.81114163,67454385.22918151,48008521.97828669,1.0193604302862374e-06,5.8230542827716506e-06,1.0257286795876432e-06,5.859432643424611e-06,2.0938816,2.5292947,3073,15027,3237,15308,1.757580911843908,4.5936086592787345e-09
474,488,1.0813571356957703,0.8426502031748957,1.5973732268165792,1.2653305682896874,147806681.32825917,95343054.57472,80609397.41181582,92921375.59575324,78561947.97682434,4.703235631406976e-07,2.2801882657417276e-06,4.751887058011001e-07,2.3037750942036703e-06,1.6763865,1.5450969,2782,15448,2976,15654,1.695876629026517,4.5586097447330194e-09
475,489,1.480339641236581,1.0967856462088208,1.9352823725516575,1.4782299431791466,147208003.58037376,90634859.64135733,67635455.2660612,86907455.72509442,64853913.353440374,4.5984895592537534e-07,2.5849952328126827e-06,4.676387565377975e-07,2.628784823260161e-06,2.4043491,2.3871448,1825,10870,1964,11120,1.584202299482455,4.2215515018937405e-09
476,491,0.26437124489328445,0.34718357008569795,1.0218120736995064,0.8977344061751235,142435793.43012187,18468363.732747134,20255422.321275502,18768589.035914164,20584698.395495243,3.664478514686208e-05,0.00012631569175436763,3.640917995997765e-05,0.00012550355349123,2.0389423,2.4413891,22404,68299,24243,69791,3.005709368410536,6.907772689394083e-09
477,492,0.694726605056546,0.5725921156292164,1.314802985454249,1.0685339686008013,147046359.170898,41660189.85657461,41220545.93392359,39970012.775057465,39548205.45095895,3.5256188894175762e-06,1.4690955734772747e-05,3.5845128981889952e-06,1.4936362088392316e-05,2.4521496,2.0426121,5473,28781,5909,29559,1.9623444073856202,5.346678082140296e-09
478,493,1.4885216131455348,1.533116982120048,1.9545041858704806,1.883311881142745,149177649.95513335,92355205.88772862,95807673.04060271,90076132.97017936,93443402.71256414,1.5400699590808644e-07,6.658954394929951e-07,1.5555397321696137e-07,6.725842598865425e-07,2.4043491,2.3871448,1011,4550,1048,4564,1.5316882046644933,3.7032532917911885e-09
479,494,0.4507880213487997,0.49685459814244004,1.1185635354658339,0.9084883581466907,149209835.52596188,32707848.760874964,26070614.304056916,31556546.953111243,25152940.213131208,1.1904119939334767e-05,4.7877002544381524e-05,1.2075977533211206e-05,4.856819403952983e-05,2.0564485,2.8436458,12143,36352,12571,36563,2.215470904508885,5.573580249097584e-09
480,495,0.8623751102235273,0.4473117202989678,1.4289966341582485,0.8786489161848137,148584542.42764422,57827824.753373556,23156953.985157676,52738694.475679986,21119029.22890705,3.961270974423936e-06,4.6555091143631736e-05,4.109959518859837e-06,4.830256279677557e-05,2.2158124,2.870136,3941,36442,4027,36538,1.7038798654720702,5.833014223752059e-09
481,496,0.7088503225163247,0.7139778733087748,1.3061470187094457,1.0603534763498932,143259739.14514002,48448432.6621113,26320509.309246525,45199516.101641364,24555475.150738258,3.310749512198511e-06,2.192379324832584e-05,3.4039619933146757e-06,2.2541046579218045e-05,2.0960371,3.8861058,4632,17267,4924,17587,1.8402926575726728,4.841821955326418e-09
482,497,0.4432882004920484,0.47461748602582576,1.1296902870404542,0.8815824148232254,144066168.60026124,26430773.289148465,21470890.608322307,25706218.56128108,20882302.63431209,1.3578811062069195e-05,6.365783464316817e-05,1.3730628441149374e-05,6.43695586350014e-05,2.4162302,3.1846058,9252,34532,9770,34751,2.235347348198333,5.805298207795033e-09
483,498,0.6350076533051643,0.5538292277815003,1.2294024682604823,0.92790052353703,147496032.95997936,40371676.12701748,26042445.24026542,37880009.75594847,24435152.91924755,5.85434951917821e-06,3.174818700850028e-05,6.005446836080056e-06,3.2567589037328206e-05,2.3199708,3.1367106,6362,26201,6478,25983,1.888838475579985,5.2874027330870316e-09
484,499,0.6362735474069628,0.7222326471066421,1.2528796203591945,1.0784769313693063,146758927.47390497,48511700.35987984,42877361.10722725,46899038.88267466,41452000.462498605,2.3546816971532677e-06,9.298899220922815e-06,2.386740649714201e-06,9.425503580804185e-06,1.9248722,2.4720292,5317,16746,5612,17257,1.9210837369780758,4.761440221026022e-09
485,500,0.41488456334351165,0.339968751135521,1.0970562949252605,0.8045667638210027,149857027.65904468,26624866.057146832,16261640.485901348,24974877.58027546,15253878.818324437,1.7841987481766324e-05,0.00010163654436649366,1.83044572371581e-05,0.00010427099458455785,2.3351617,3.1329377,10344,45664,10418,44234,2.294850607630109,6.679871609435938e-09
486,501,0.7716929545564261,0.7254049043598191,1.3501635057053092,1.088575911272752,148626074.55036402,56905643.6155845,48845309.711563155,54324613.289992206,46629866.43356171,1.782027397772939e-06,7.97197931127185e-06,1.8154230918457084e-06,8.12137644319384e-06,2.0155065,2.2072556,4411,18419,4522,18472,1.7895274819724765,4.737172281723945e-09
487,502,0.3875991855229185,0.5001711429143184,1.0916869443343364,0.9128294293913535,147851266.87170723,29079309.092387985,33178754.063415673,28192012.45404851,32166371.105786625,8.489582007500343e-06,2.761954424125129e-05,8.595467645798066e-06,2.7964026816352553e-05,1.970715,2.2288642,11287,33994,11445,32922,2.384191611474378,5.5970156446486274e-09
488,503,0.6677773420236367,0.6076755062857506,1.257712394050209,0.9833000830184471,148954163.35622507,40642526.80735704,23853769.243401274,37002548.770312175,21717406.10440964,6.115008493036043e-06,3.711396218981123e-05,6.348873720530542e-06,3.853336581298315e-05,2.4473925,3.7946119,5667,22710,5813,22755,1.8655657721726195,5.063944018968339e-09
489,504,0.5937023918712386,0.47326208010932447,1.2057868349649787,0.8568827621169962,143829513.03950217,42547983.198448926,22498018.224006828,39490294.439090475,20881209.805367257,7.108556296325663e-06,6.0430820141519485e-05,7.323806308436414e-06,6.226069026213009e-05,2.0069559,3.0255578,6853,40009,6988,39406,1.9409340241126558,5.776031812397855e-09
490,505,0.7851496357767744,0.8383055812510743,1.3882729511087692,1.184544959871094,145658514.59358782,65790112.95956311,40429484.40933217,62855904.31860046,38626348.08432783,4.079656928121903e-06,2.9956098755070713e-05,4.1547937014752816e-06,3.0507812941426908e-05,1.7383118,3.0202301,6147,27030,6437,27204,1.7787792117635353,4.5075077946804064e-09
491,506,0.9300415558013071,1.0236909781039363,1.507525787101566,1.3334153366561114,143557091.1687654,68673868.97403128,38140320.529811986,65029794.77881857,36116462.54836658,1.2215003856131999e-06,6.991371848881685e-06,1.2484330613067337e-06,7.145523540421517e-06,1.9441756,3.8530903,3473,10389,3446,9952,1.6631717381486224,4.137772032474228e-09
492,508,0.4875925868750425,0.6378594375069322,1.182418987705381,1.0220500156963976,146599099.60845357,22019888.579871155,34593050.27017386,19972660.852459464,31376873.61097022,1.3734030385526202e-05,3.9328052437777956e-05,1.4280706046819106e-05,4.0893484322684954e-05,3.2461851,2.7031331,9006,31668,9375,32239,2.141950368764681,5.002718744629274e-09
493,509,0.7387023476265608,0.6136176279306887,1.3499218241044875,1.0049953962032008,145854023.0699705,53126434.35796749,36927261.95926379,50462118.34108617,35075342.16290193,3.1473799998435564e-06,1.7877083179552925e-05,3.212826380535152e-06,1.8248817889528364e-05,2.0280433,2.4236457,5149,25307,5321,25290,1.8131426792208618,5.117874433999608e-09
494,512,0.8236130877290153,0.34894344039790703,1.4113704633985595,0.8126732312361514,147693883.59854043,54302409.39631279,17643710.861670844,50388967.67833524,16372171.81002271,8.3218695774479e-07,6.721038333021149e-06,8.574609693625097e-07,6.925160254581003e-06,2.2400961,2.9209735,2001,13082,2116,13106,1.7306245702682408,6.644607263067938e-09
495,513,0.33541351507307965,0.41591038704822175,1.10378569631809,0.8569101733489234,144967380.9672038,24495784.13186655,20441754.554281678,24005381.743510336,20032513.306822687,2.3631188928335746e-05,8.886008882079406e-05,2.382312141424068e-05,8.958181034724073e-05,1.9849954,2.9495237,18345,48036,18723,47381,2.546890258470583,6.126388636882627e-09
496,515,2.519172366601136,1.0515551074336433,2.9063903838222895,1.3653444346629002,146079822.0427354,165326928.3904287,42409489.3288088,143135028.62841335,36716846.603840165,3.3082216934694123e-07,6.3680199245969775e-06,3.5045613926285963e-07,6.745955635103683e-06,2.2258942,3.6220899,987,11586,966,11427,1.276419552687451,4.02297791180146e-09
497,516,0.4676292318660219,0.6123346049529061,1.2367749864709638,0.975077777229452,145531649.78858876,26127893.386921197,42107890.35977908,25871619.794588268,41694878.0985815,8.613491440159047e-06,1.8517036048019556e-05,8.647519230233665e-06,1.8590188011984883e-05,2.604682,2.116327,9228,25526,10069,26641,2.228633269638408,5.1716633836005655e-09
498,518,0.206272935023248,0.3764022619888961,1.0503970017791335,0.7895969783589306,143887298.52960745,14655030.643556796,21576602.175175566,14790194.940465495,21775604.574666865,5.93415114426495e-05,0.00012759580021857485,5.912399026015928e-05,0.00012712808733648633,2.0252469,2.5101035,33537,59305,34657,60125,3.315170273719106,6.531140374036274e-09
499,519,1.6173770937750622,0.652807792983485,2.0130777889613083,0.9344874266874713,150822304.78863668,106442507.77090712,33838454.974959135,97852939.09032194,31107800.285031367,7.13437262664397e-07,1.638913296229568e-05,7.378571295960412e-07,1.6950107930956028e-05,2.2917211,2.9096475,1147,21201,1177,21296,1.287718485964986,4.654343306051935e-09
500,520,0.5461670615878736,0.6058381894237928,1.2462644188587617,0.9684902386799589,145189223.32315087,44461221.68972892,39588444.19132162,44688205.49320636,39790551.450069666,3.4566486106289304e-06,1.3725047418030894e-05,3.4496149689327934e-06,1.3697119480691797e-05,1.7835221,2.2218902,6975,22931,7162,22827,2.10211680030489,5.217302083021681e-09
501,521,1.0804701371484469,0.49565389224783296,1.5248073803145752,0.7855536047729872,153405775.1285046,53712027.38580261,44487241.47406171,49019506.94129241,40600639.15615933,1.7458956778844163e-06,1.685839450064231e-05,1.8109202809399596e-06,1.7486273029951893e-05,3.0859077,1.709168,1882,34521,2014,35112,1.433367648881014,5.2313901937397045e-09
502,522,0.9023385398752445,0.650069555523373,1.5130337976796924,0.9905539616547011,147054434.4084842,78453374.39516509,42351032.734228164,78660278.25507231,42462724.45190538,1.4585593060650728e-06,1.3235083448922856e-05,1.4570234863158006e-06,1.3221147298051515e-05,1.6913598,2.2572203,3319,22925,3463,23546,1.70951571050713,4.94359633610672e-09
503,523,0.6977351466778077,0.6180616101114295,1.3938528691445071,0.9789841741419707,145774282.2672201,37921762.53687377,39689330.748263896,37523763.81414761,39272780.93921149,3.795995679102788e-06,1.5280090569546047e-05,3.812049730797037e-06,1.5344713236333242e-05,2.6821496,2.2700682,5006,24466,5185,24660,1.8985816828103899,5.127285918438426e-09
504,524,0.7282320614031523,0.7114930188931144,1.3465776408068884,1.032211256475102,146499541.42723048,43585295.526840374,39607723.81139841,39734404.17219097,36108262.82670167,2.3724760500845033e-06,1.1274790675185102e-05,2.461904221090232e-06,1.1699782914208267e-05,2.4477444,2.6316433,3711,17087,3943,17429,1.829617103177784,4.751059241540882e-09
505,525,0.5413242713762102,0.3769745103441881,1.1608367885512259,0.7338748195658256,148722517.3046984,41936390.205691904,26155561.668223023,38987061.38174728,24316076.878135365,7.750481335499445e-06,7.163665821600575e-05,7.979889762291658e-06,7.375704949889454e-05,1.9197434,2.1435058,6530,54879,6903,57143,1.9574696973576742,6.233813262969731e-09
506,526,0.6282253938310156,0.5896903555619327,1.331019365616497,0.9520285529615603,146224281.87380433,39029371.07093713,39296575.32499487,38548336.943474516,38812247.924756445,3.7467196461446304e-06,1.5705356900138925e-05,3.7653518111526067e-06,1.5783458500714688e-05,2.3536584,2.1942637,5223,24783,5612,25233,1.9683078293145877,5.2195000870705475e-09
507,527,0.5959878366616933,0.9386564807210238,1.2855751115638048,1.2404787680684313,145838561.3705384,35509430.10760469,52017806.0489758,35452717.43053186,51934727.581437655,2.5350457465405663e-06,5.348167275605526e-06,2.5366670642275966e-06,5.351587757547112e-06,2.4477444,2.6316433,5230,10872,5539,10869,2.022181648946532,4.358384554523627e-09
508,528,0.47122923115717535,0.45303103089110763,1.1769581077608666,0.8368065266895119,137961855.37406787,24765655.691787727,19517227.585015014,24031748.304094285,18938852.5284367,1.3302789018691006e-05,7.69533443858579e-05,1.346382595253668e-05,7.78849032199984e-05,2.6250732,3.2023504,8377,40637,8576,40667,2.2216168049498344,6.129627194413555e-09
509,529,0.78808321403372,0.5763565278112832,1.3675064601528522,0.901741529459422,146676250.8629546,66608523.55543981,47371391.19865059,63218173.64831636,44960204.413869545,1.3648194866006914e-06,1.0343427012728229e-05,1.3936392189341162e-06,1.056184036397631e-05,1.7354099,1.7845753,3352,25185,3518,25927,1.69672459666392,5.097118351572757e-09
510,530,1.8241994932600687,0.941059839488354,2.107542803529149,1.1253719962408193,157143273.46401513,191868132.85246035,74320826.04930465,183062565.77794802,70909957.29751691,1.9275863024242876e-07,2.5984705883972523e-06,1.9641522697952343e-07,2.6477631106724934e-06,1.4940505,1.9897683,1104,12192,1254,12693,1.1210740609385779,3.627244827480868e-09
511,531,0.8404855806422465,0.8093490434882844,1.445612236776168,1.1227566700507488,146518995.96805832,50310442.29999361,45061201.58442894,50625994.06499284,45343829.62431311,1.8505126367115676e-06,8.427977974215429e-06,1.8458902834779258e-06,8.406925920601029e-06,2.4477444,2.6316433,3598,15759,3752,15894,1.7579484923824944,4.538602587248628e-09
512,532,0.7129064800183629,0.6255697282186492,1.2695933139216404,0.992996369240448,152303291.6455755,40558863.278390594,37249608.13158389,35658896.013485335,32749436.14149373,4.507041078951285e-06,1.996248772455956e-05,4.745245313617647e-06,2.1017536708397935e-05,2.6770475,2.5577807,5114,24663,5394,25005,1.7679904388543113,4.881059878972986e-09
513,533,0.7421892877587479,0.7004500270249212,1.3085004353411531,1.0271981198971665,145176582.29786453,52790970.82786863,45497739.89622206,48503552.85589804,41802641.57436796,1.9042273112667027e-06,8.992288026658877e-06,1.969850325619407e-06,9.302178050158513e-06,2.0410404,2.2350328,4152,19029,4411,19022,1.763636707644744,4.772633565104178e-09
514,534,1.8792541133127734,1.474538419144893,2.27018573365052,1.744588876309975,151852339.4310223,150648668.88608864,70643314.2599569,130163016.88885109,61037027.2442035,1.5910187576726678e-07,1.6851457883712728e-06,1.6868108154109304e-07,1.7866050463961e-06,1.8942692,3.169615,920,6206,973,6159,1.3162391547817112,3.5182435589500768e-09
515,535,1.0726282598767387,0.6808522945602397,1.5577048845956305,1.027354694150662,150645710.37666696,79168862.20342305,53773799.08289799,71297792.49892105,48427539.08777739,9.200516863406254e-07,6.7374302191037875e-06,9.59408481834453e-07,7.025635400642939e-06,2.0410404,1.9073876,2239,18573,2433,19065,1.5255754992051658,4.724328638462361e-09
516,536,0.8977770487960564,0.7686572241033002,1.427221132245865,1.1246960090455385,152148295.0987857,91483578.63068785,47334391.66148222,84864816.66373071,43909787.202983506,1.1015077033524073e-06,8.339768040150031e-06,1.1350989599285297e-06,8.594095165751984e-06,1.4931122,2.470717,3771,17826,3922,17945,1.6301840649180714,4.469241343872892e-09
517,537,0.8416182513720152,0.6280069272365874,1.3560071575605206,0.9412472906478379,149066757.61447677,59065206.34834766,44218853.45728098,55490007.01380359,41542299.43794172,1.8532272514038947e-06,1.2632803043462874e-05,1.9000956169201266e-06,1.2952288325198861e-05,2.1240475,2.1170824,3513,24575,3598,24607,1.6326872004633843,4.848213301712837e-09
518,538,0.5101479726212049,0.5344483777445097,1.1423962336774072,0.8922079192550006,145741889.68917483,38158214.19127442,41817746.73992679,36127126.5432933,39591869.28025023,4.413509560587904e-06,1.7251960327502833e-05,4.5111359992671785e-06,1.7633572154528283e-05,1.9484646,1.8626426,6890,29446,7438,30414,2.0550340928063267,5.393258369338937e-09
519,539,0.872411333688691,0.6619536421549226,1.3837633844588457,1.0030078138610055,151964960.61337188,54493523.985100575,41226977.50865365,49980440.61732139,37812612.408151366,1.804759537731542e-06,1.3020080831081053e-05,1.8682598082473187e-06,1.3478190976851568e-05,2.4328754,2.4399984,2665,19974,2841,20436,1.6231773391796398,4.746751840785157e-09
520,540,0.29808723608836873,0.4081117332540316,1.0015971984725374,0.7991635607824484,148303788.92161718,22241151.336126678,26235994.557148796,20858391.993283153,24604870.96806722,2.833405060432818e-05,8.643123275670368e-05,2.9070951148160126e-05,8.867910134816979e-05,1.9876429,2.3069267,19984,53313,21041,55301,2.6549503413977042,6.085861508007614e-09
521,541,0.7975707892346008,0.7127950862253597,1.3378165378172304,1.0279358496758213,147366266.0971726,70727520.63660958,48561721.06009019,66503968.04506354,45661817.58564102,1.0591846519617454e-06,6.54183757951987e-06,1.0855954867949188e-06,6.7049587043380435e-06,1.6618005,2.1630607,3258,15790,3365,15967,1.6996726670662203,4.671586490089317e-09
522,542,1.5650444645300197,0.8362770268484961,1.9687655629477985,1.1391125637649004,150923556.54388577,130320048.07133919,63780528.16483039,119158500.40247251,58317904.29388499,3.7016210036557605e-07,3.1619392473913673e-06,3.836599198687437e-07,3.277238153462842e-06,1.8124769,1.9788783,1509,12316,1600,12518,1.345043661877554,4.289603947543338e-09
523,543,1.2146233041059755,0.7575009711660261,1.7059183663149589,1.2180656788091828,152661437.38096002,40750275.927994415,45075345.71339137,40274465.33301761,44549034.502626285,2.053354885906524e-06,8.416904709526747e-06,2.0630242074869358e-06,8.456540214770724e-06,4.5503039,2.5655086,2393,17397,2371,17238,1.4967798282319227,4.479860577123202e-09
524,544,1.7453366396890841,1.2974605162847461,2.1679180291955036,1.674388921509089,152959657.85020006,79217497.37362432,64778165.50430111,70763893.91195086,57865438.61562834,4.513065283669879e-07,2.0854369566060463e-06,4.721449772967861e-07,2.181729096836756e-06,3.3700395,3.063673,1375,7116,1398,7106,1.3542713054202908,3.6659562232774175e-09
525,545,1.5977179217385837,1.6202794653699604,2.0436115427688963,1.9624478675821857,152800047.2309219,91729312.65525088,86709006.71601407,93724724.26553562,88595210.30469307,3.348139333382134e-07,1.1070515982017852e-06,3.319442193946763e-07,1.0975629805212135e-06,2.6614325,2.8552833,1774,5531,1793,5526,1.3943432810897063,3.449901229714782e-09
526,546,1.4262537402529483,1.0528562863322792,1.8868459522461116,1.4628450967908317,152740988.44609392,55196101.79918474,50263806.76451131,50456352.886798315,45947599.35712493,8.197019506176172e-07,3.5700848138268767e-06,8.496752914977287e-07,3.70062905495637e-06,3.9467897,3.1994057,1513,8214,1505,8086,1.4240899997901735,3.934435177351778e-09
527,547,1.3466385320094003,1.7222809122519527,1.810061294479516,2.045278405770858,153073983.80842906,61167035.23641596,86052395.43372345,54808239.18817618,77106569.79560658,3.0485323586034874e-07,8.412600280624697e-07,3.1853667437706397e-07,8.79020263206689e-07,3.3700395,3.063673,1241,3847,1239,3761,1.4386434883399517,3.340983802563915e-09
528,548,0.770544415937165,0.8206661666917479,1.3682583166524016,1.2829095337018053,152772063.42388958,57545090.16895359,35095299.9504906,59372971.13345843,36210078.475204766,2.3608491878861427e-06,1.0662821193157706e-05,2.3315033405983207e-06,1.053028010413036e-05,2.0456595,3.5724118,5201,13455,5117,13234,1.74886012098142,4.3449403967596285e-09
529,549,2.2041249980360313,2.042120789686533,2.577423146566659,2.3430622593883266,153030068.9483282,100087076.25539334,102003668.55292474,91293164.21466029,93041359.7050012,1.488210998622069e-07,5.259736873129721e-07,1.5439755085269683e-07,5.456823609641128e-07,3.3700395,3.063673,830,3350,837,3254,1.2780372964912927,3.2053030575514503e-09
530,550,1.5312347473952657,1.3360075024521971,2.0416865697374322,1.7075064674008866,153462668.50003645,72118393.22732507,80409434.47504239,65634663.70175527,73180307.46444967,3.5721299030580965e-07,1.3305144672713689e-06,3.709303378431934e-07,1.3816075961507347e-06,3.2583556,2.5497913,1366,6639,1407,6697,1.4049743503931398,3.6653155182227204e-09
531,551,1.3229746397375752,1.6869348409502898,1.8561422343586667,2.0812416702318313,152713800.76263815,68792492.5215829,139300460.10261607,61129306.6825578,123782991.92986253,2.747534068291146e-07,4.536378906093351e-07,2.8804458566699857e-07,4.755825951402571e-07,2.9368973,1.849371,1788,5016,1910,5008,1.4988292579675915,3.453724087740282e-09
532,552,1.8037508428602345,1.8803218848871301,2.2652557140408676,2.2321263681894288,153296001.94011012,116448976.82624447,124161008.25870635,103266603.85688026,110105610.23180243,1.2575524585931894e-07,3.828729714628845e-07,1.3194605914339234e-07,4.0172145020147096e-07,2.3744974,2.3215487,1155,3802,1219,3796,1.3815421292498906,3.350389958504855e-09
533,553,0.3170838404823591,0.6279915021878509,1.1169109646008157,1.1468624652903001,153094611.60692433,20559553.291242253,36908946.82514335,18903746.600278623,33936407.4784093,1.21435918369955e-05,1.8358487055698994e-05,1.2558375845828792e-05,1.8985550856861873e-05,2.3611324,2.6048458,15003,21212,15394,21095,2.614358695008684,4.895196948827468e-09
534,554,0.9694254728616153,1.1475240216999842,1.5830931152076901,1.5555242866791585,153488844.637614,108109621.01385137,61484767.48795545,97087102.23431718,55215972.92614258,3.962737479996528e-07,2.363499252443372e-06,4.1369133546751117e-07,2.4673831336428057e-06,1.3763437,2.8646467,2713,8006,2820,8081,1.6357279865704286,3.90553688731331e-09
535,555,0.7318927991219588,0.7710710915520286,1.410888047111315,1.253242675236244,153503064.86317542,68397781.21174219,65623992.572685555,63408431.65373692,60836980.003908545,9.637284472224577e-07,3.7712585319236215e-06,9.933737499293983e-07,3.887266418883091e-06,1.6425648,1.8036357,4319,15681,4456,15880,1.8021219297661855,4.516039954943302e-09
536,556,1.5736820774453166,1.613275474999912,2.0606001173934425,1.9951468345007477,153362381.78414214,101639880.32500292,106573585.69300303,92981128.61473098,97494529.18055552,1.9025788278581664e-07,6.037874960322107e-07,1.971561787809694e-07,6.256793872107285e-07,2.3744974,2.3215487,1404,4917,1464,4752,1.418061022167582,3.476542442753281e-09
537,557,1.2977564884397346,1.676431894124339,1.8338858475697113,2.066173020850233,152974510.90144926,83606604.11262219,110465634.02407235,79641944.78891444,105227308.52896106,2.327770834468617e-07,6.068531624461273e-07,2.3734479572309327e-07,6.18761253220913e-07,2.3744974,2.3215487,1716,4648,1727,4605,1.5024594312341304,3.456346192355497e-09
538,558,0.47696386560676696,0.6936797454232471,1.135044280549941,1.1628600650278178,154043115.7237465,30015913.03221171,49931653.365441635,28774990.717914708,47867371.56983457,4.448184307516234e-06,7.967919148366087e-06,4.523945039345512e-06,8.103627415853275e-06,2.4478016,2.1400571,8283,17585,8534,17485,2.1248704537232204,4.641763057633835e-09
539,559,1.8436918991647482,1.9491821136605088,2.2907511374890634,2.289814721275208,153594861.97779766,99560794.0340763,193097504.96299273,94156014.9270793,182614971.44603398,1.0130493285282042e-07,1.7177666110588608e-07,1.0359211644460218e-07,1.7565490029590892e-07,2.8443084,1.550431,1014,3281,1075,3344,1.359927405779946,3.296432849326239e-09
540,560,3.210274517400258,2.1548762436516418,3.5920519244499522,2.4526812608493245,152894696.86677775,206710670.30734742,141917828.4127912,180686032.38062376,124050535.47480051,4.1438760827548186e-08,2.448044233599982e-07,4.373026261510802e-08,2.5834174355319906e-07,2.3744974,2.3215487,498,3271,543,3281,1.2036211521382538,3.1944873796790826e-09
541,561,1.3833133106206503,1.8980989661274852,1.9034582783026344,2.262572710957048,152614290.50497177,92936510.973519,160485798.6359933,83522522.38097383,144229416.0604173,1.6742814699401358e-07,3.039187999601015e-07,1.747356724911989e-07,3.1718356111081657e-07,2.2715871,1.805001,1861,4416,1916,4377,1.4812866053477352,3.3481750691321122e-09
542,562,0.913122078897827,1.0631968955830442,1.5261934665641255,1.5236330052734977,153429602.8554566,59001942.02101147,70265972.64423564,52888224.24482052,62985088.12922377,6.402350914495857e-07,2.0365193886995716e-06,6.688710551514502e-07,2.1276073282264484e-06,2.3744974,2.3215487,2382,7918,2470,8036,1.666864670772316,3.977603485531447e-09
543,563,8.387903824929557,3.0157744169183807,8.610343666364772,3.272947788668489,152690179.89592528,539377530.5789822,198349980.01325437,448727118.05413526,165014317.15537465,1.2433443725360638e-08,1.0193899915585079e-07,1.3383066835022972e-08,1.0972474472341173e-07,2.3744974,2.3215487,250,2169,267,2239,1.093377283022553,2.9738160785974287e-09
544,564,1.1459729362039364,1.5594801081539744,1.7055927290715687,1.938088153048043,153305006.32327548,73987610.27535638,102981302.02548297,66185014.849768244,92121085.92829165,3.13164995155609e-07,7.340364898094262e-07,3.274409137274683e-07,7.674982282520827e-07,2.3744974,2.3215487,2085,5136,2144,5140,1.554855688204086,3.518919048093156e-09
545,565,1.8024938781921116,3.0034226885223987,2.227735726179023,3.261175140107591,153785420.14080766,116739348.02329437,198954525.49190596,111775161.75986245,190494247.62314948,6.718974505835681e-08,1.213209610325438e-07,6.836782688692575e-08,1.2344816094218511e-07,2.3744974,2.3215487,1035,1941,1025,1893,1.352296825267675,2.9563082027617658e-09
546,566,0.7385069028306652,0.7764784447631106,1.4232587684734253,1.2489603591105196,153449080.78769085,47725133.49339953,51323456.449720435,45249903.0033044,48661601.46970268,1.4883115495748472e-06,5.67266091791401e-06,1.5203572578184313e-06,5.794802304770937e-06,2.3744974,2.3215487,3727,14637,3760,14658,1.7841338342584938,4.481828323926642e-09
547,567,1.4032328940043828,1.515233408089936,1.922035108334449,1.9252695238058983,153049578.4246374,49678450.25397245,95171481.77780423,45346092.79002982,86871768.77696277,6.261890237166018e-07,9.991302601834537e-07,6.494664443392287e-07,1.0362710825904758e-06,4.3230858,2.4367156,1863,5604,1956,5537,1.4705908794484812,3.5558869738019514e-09
548,568,0.9327959931972118,1.2030473513627997,1.5135574013923452,1.6303741859069358,153546666.6482286,60319171.29842113,79569259.35765988,56430974.072485894,74440193.97356245,7.0041768444642e-07,1.587816964442656e-06,7.193367204717455e-07,1.6307056107732464e-06,2.3744974,2.3215487,3174,7540,3226,7480,1.6441379884042449,3.787311302923745e-09
549,569,1.105193242927495,1.399750497293023,1.6786116060768557,1.780131170305072,153238911.4716417,71323981.8717102,92393600.24498817,65792187.15944969,85227673.49960186,3.304793384407142e-07,8.580657995600152e-07,3.413255630715359e-07,8.862272406170123e-07,2.3744974,2.3215487,1969,5385,1966,5221,1.5707674406521752,3.635984046267925e-09
550,570,1.3109608265075632,1.3642783586707692,1.8441007944562902,1.7293961831909446,153640194.73252878,77719364.3453062,70895025.95502941,73388944.52937426,66944849.21551506,3.3260885383485455e-07,1.460198117852119e-06,3.403245233545157e-07,1.4940709567157895e-06,2.5915842,2.9565966,1460,5774,1508,5803,1.4679494521305498,3.645991097387525e-09
551,571,0.9562898048398136,1.2780345262754316,1.5702934518377158,1.6796576635339282,153351878.91594824,76616792.1412287,78716832.31617896,70640705.45551829,72576943.13002135,3.8418417727646277e-07,1.3070586162766932e-06,3.9686888326677224e-07,1.3502141006516774e-06,1.9140561,2.4897978,2316,6272,2408,6298,1.646379956250174,3.754980423451881e-09
552,572,0.8882076250705682,1.1580487118822334,1.5274862256687936,1.5815167491039304,153228400.51402315,57316817.324761994,76434300.87813339,52033470.006408215,69388742.91760318,6.020620015721985e-07,1.4982891841064204e-06,6.258077386337302e-07,1.5573827341312037e-06,2.3744974,2.3215487,2642,6946,2734,6959,1.6895049705440992,3.880476958175123e-09
553,573,0.42088194706120363,0.6846564344584285,1.0298273653078989,1.1122134646430126,147864322.41824493,23872134.914629117,49783648.89491956,23656582.013438705,49334128.5654844,6.860107983591953e-06,7.796753388488843e-06,6.885043007536932e-06,7.825092917968564e-06,2.6069484,2.0335243,11204,17637,12227,17815,2.3516025214494753,4.786612509345214e-09
554,574,0.6025657828572234,0.8606220408626363,1.1595477924539863,1.2522612159092419,148051863.5849809,35749912.98435011,61699095.845131196,34860634.62219498,60164332.08434585,2.7351792941891075e-06,4.084971845792708e-06,2.762877821117256e-06,4.12633940912276e-06,2.4954183,2.0651307,7172,13929,7700,13896,2.0187432991421237,4.366905280479247e-09
555,575,0.5111408784667781,0.6094694136256696,1.0880917085314121,1.0426498759363674,148329118.99461502,32062394.839096263,43003909.259853095,31291110.373240106,41969418.6252743,3.0554886130527755e-06,5.845439677771937e-06,3.0853942298065247e-06,5.9026519606172495e-06,2.3646729,2.1021824,6863,16585,7317,15746,2.134103681743063,4.9815396773184545e-09
556,576,1.0286244039395005,0.9811811551779547,1.4889097930178028,1.349372636799867,147864609.30958995,60950561.12028356,70253165.17367178,57886524.768920764,66721479.03438225,9.468111379708209e-07,2.1929005306431646e-06,9.665480533648636e-07,2.23861301807082e-06,2.4954183,2.0651307,3542,10867,3904,10926,1.670947147300606,4.147715568837911e-09
557,577,1.378638828490169,1.394376614633452,1.783150137505832,1.7058955463785337,148114560.4326299,81828559.1947359,100006977.4537623,75762779.30384126,92593669.45032369,5.757575119720982e-07,1.393266674296932e-06,5.937713182909312e-07,1.4368580048473632e-06,2.4954183,2.0651307,2585,8123,3043,8898,1.534573263717324,3.6848094555682946e-09
558,578,1.4533812672207795,1.0915774105280462,1.8864699186248413,1.5245225800581914,147862938.0895343,76863561.20890744,44040491.477137946,67922769.77419654,38917688.906111315,6.712100038699961e-07,3.500834282945516e-06,7.052457320338771e-07,3.678354646638139e-06,2.7958791,3.6648965,2102,8460,2139,8511,1.5165716903913242,3.933133037278203e-09
559,579,0.7466110139334874,0.9299460714572918,1.294495609143039,1.3751505377017517,147778541.08417022,36016673.94992815,51737153.34332496,32063093.22638383,46057922.317339726,2.010224781543648e-06,3.861419006856106e-06,2.105929834183158e-06,4.045257805734401e-06,3.0633891,2.6562357,5044,11828,5350,11852,1.8573593529475054,4.200928919607642e-09
560,580,1.7098100814850146,1.3900393548618366,2.147098964237247,1.8030679681280237,145289471.28357852,59347562.91381425,59640129.68669169,53682710.341134734,53947350.986052684,6.461118331024664e-07,1.6923751714089167e-06,6.725662604170256e-07,1.7616678443909663e-06,4.1858063,3.3862784,1924,6471,2023,6550,1.5097027434453787,3.725770121256815e-09
561,581,0.7814020133351008,1.0564762013964997,1.3749404573249069,1.5514384170604434,147566960.36887205,52265107.51617853,57771145.344517566,48651066.47236166,53776371.386408575,1.2442459507828862e-06,2.4053967603925273e-06,1.2804246590196525e-06,2.47533803489147e-06,2.2062352,2.698596,4881,8151,5323,8413,1.8391420629442157,4.001215812467772e-09
562,582,1.2437184058252182,1.7403225543478325,1.7473417118009662,2.142594477947996,147038171.4835286,43689092.88347845,75567870.07909602,41099424.26540051,71088588.66666755,6.252060591444677e-07,8.25583574460677e-07,6.406754668831187e-07,8.460109019775301e-07,4.1858063,3.3862784,2006,3453,2181,3560,1.6130970540721425,3.4323714960080692e-09
563,583,1.5037299836066402,1.7348678939787585,1.9688195505554946,2.1366622335930794,147094045.28030372,80834321.41240399,55353566.349363066,71099514.18857697,48687384.359497555,4.0476696379423853e-07,1.4008999892033951e-06,4.260854700144944e-07,1.474683419683583e-06,2.7363343,4.6101589,1825,4006,1972,4051,1.5351112422251494,3.4289337472771324e-09
564,584,0.8484775568584777,1.4528104353550955,1.4193472788777106,1.8700002311303703,146203288.57646605,29635917.241568223,62725398.87066648,27945400.97487343,59147365.2885964,1.8235691152245286e-06,1.878467868047216e-06,1.8669188439926374e-06,1.9231226452638327e-06,4.1858063,3.3862784,4066,5423,4438,5651,1.812324891075112,3.6456017573573712e-09
565,585,0.6769510081005378,1.454777869974047,1.2916456894672392,1.8767278310611268,146768787.22569525,33443969.758336898,55131105.163417675,30042584.20216872,49524051.15178402,1.775098862734488e-06,2.290411383638364e-06,1.8529118541028858e-06,2.390813544310465e-06,2.970798,3.8728769,5255,5368,5567,5510,1.9493675454908468,3.6215084620303024e-09
566,586,0.6304537275138588,1.180716042265825,1.2393452372731264,1.6109148257604362,145616137.30112696,21932270.623145018,50772939.792612314,20486077.748129614,47425020.872891605,3.5080887718814894e-06,3.5423718691088137e-06,3.605126318503229e-06,3.6403577234450556e-06,4.1858063,3.3862784,5913,7821,6209,7750,2.010044602401345,3.917766340749985e-09
567,587,1.250648121758417,1.2006464212124448,1.7266455785346022,1.636655437269174,147719269.37661466,67415808.99681182,53201587.817397825,60592301.33862491,47816776.04547523,7.482545469207856e-07,2.255880880144606e-06,7.808850093127263e-07,2.3542570764847127e-06,2.7403784,3.333709,2720,7007,2900,7187,1.5806153597367438,3.800378316733852e-09
568,588,1.9532265881680841,1.6124961388229289,2.3622352320509292,1.9991577689304039,145333881.4974224,15362808.770965833,57323955.77036495,13470033.813461646,50261357.415806174,3.771928178142347e-06,2.8872900350282035e-06,3.975613806835777e-06,3.043204850536337e-06,18.477741,4.0881743,1817,6412,1864,6449,1.4695173442662044,3.56089294933299e-09
569,589,9.929479866606213,5.038109957143551,10.141329852836877,5.2717990177267415,156176560.14880377,636386908.4716402,232810908.55012357,530335180.37960005,194013757.2546726,7.929446566938459e-09,3.562298984767426e-08,8.529256923831008e-09,3.831763418050856e-08,2.4368069,3.3797157,225,863,276,894,1.0201266850200688,2.2561458252331808e-09
570,590,0.4682163122198537,0.7840797274456786,1.2185772312925542,1.3088408552337585,155313908.26134378,32499150.4840892,41873003.927156694,33084320.596543584,42626956.87829162,3.88231369518792e-06,7.4965995611691134e-06,3.8546996040469125e-06,7.443277805179548e-06,2.2376125,2.9082816,7930,12183,8234,12233,2.211054163729285,4.302947832931138e-09
571,591,0.5809868123993809,0.789273060910334,1.2646325913987375,1.3392202677325409,153903207.88998863,43699298.2072237,36443956.03072819,43191131.998328805,36020160.04925849,2.6118350044869233e-06,9.064802787482501e-06,2.6240837294558136e-06,9.107314001265286e-06,2.0461595,3.3331084,5931,13016,6179,13165,2.0072344042580457,4.316483317811337e-09
572,592,0.7924540574023979,1.200540596978136,1.561334483229973,1.6703256263803155,156642515.72670382,48956172.11303846,50984086.220083125,45375961.03459349,47255571.868755385,1.1663910499519102e-06,2.6654025427441236e-06,1.2023663827615277e-06,2.7476123158307518e-06,2.535574,3.6885176,3513,5646,3647,5729,1.6963593858943784,3.4477498304380158e-09
573,593,0.9180101233831892,1.064187849269758,1.5430331280192215,1.5752191780675964,153962958.07589027,58001950.88896409,48479080.4214661,55429632.893591836,46329090.480507694,1.0896436382764091e-06,3.5673989882027056e-06,1.1095956033230823e-06,3.632719995383314e-06,2.4368069,3.3797157,3308,8016,3445,8132,1.6978119063158839,3.8103584833808455e-09
574,594,0.35274733381928913,0.6308743058205649,1.1378447260124167,1.2223004677400016,154435068.6300696,26846909.139331196,26079043.026781697,26565375.362975523,25805561.5832022,1.241697649881027e-05,2.774730654504446e-05,1.2469446999615584e-05,2.7864558524264726e-05,2.0291557,3.7359161,14901,18924,15772,19143,2.514039051621978,4.778276782806875e-09
575,595,1.2221766111284356,1.4910077985515713,1.7780316759717998,1.8606260052218286,156627587.8327701,96869458.14055607,88319015.35319328,86793440.76992261,79132384.70677446,2.4224832585339586e-07,6.398785347353265e-07,2.5312833957737884e-07,6.686171739604979e-07,1.9761293,2.6441979,2035,4193,2158,4260,1.4525102089461062,3.14392357507204e-09
576,596,6.165842436703677,7.243455576674654,6.429373807690345,7.417611550721225,155080700.23257536,392400055.4199575,332371200.019652,315202930.7476571,266983592.1154198,7.885365660047297e-09,1.9080187913715642e-08,8.607506562480995e-09,2.0827549382116145e-08,2.4368069,3.3797157,335,594,372,649,1.1014247665742949,2.2162300189449853e-09
577,597,0.9797794486020872,1.5099243754849636,1.5600020866369804,1.9313048232511412,154278530.34752318,59355174.82336317,74604749.45937227,58410999.44035581,73417995.85103743,6.057461994510311e-07,1.1981922733452964e-06,6.09643964270437e-07,1.2059022213303796e-06,2.546685,3.1224408,2853,4721,2961,4777,1.679143443269889,3.387725663032246e-09
578,598,0.5451383149760377,0.6862425399937939,1.2866605631670665,1.2790804791221082,154217120.69799775,40641582.34979424,30477561.518098224,40218927.83013413,30160608.32929335,3.958209598406422e-06,1.423423925025123e-05,3.974795921098428e-06,1.4293885835306994e-05,2.0685627,3.4724021,6905,15399,7296,15630,2.0523659267806775,4.569257283028273e-09
579,599,7.226127095735005,4.8712506564775575,7.5119107398271705,5.109047750498484,156318833.44792494,463549146.2010132,225305406.62133512,393902172.08837706,191453893.89394787,9.359561058969456e-09,3.421171913558336e-08,9.989377966863627e-09,3.651386974114706e-08,2.4368069,3.3797157,282,783,310,817,1.0584996365910933,2.295492509572366e-09
580,600,0.20446586650103854,0.452022402117928,1.0682325936733226,1.0793344425165556,155130634.14141625,11557399.740816943,22413204.817259498,11939630.415202532,23154462.763213165,7.253234532495153e-05,7.685221998184504e-05,7.159446052459274e-05,7.585847672603434e-05,2.7444685,3.1286254,33758,32394,35241,32755,3.3266664647574715,5.609228199180386e-09
581,601,1.013749805105782,1.1068704069267439,1.6175065207156376,1.6008495011717636,154421872.23891404,64241915.46990001,50573780.6773145,61721922.092239834,48589942.06574968,8.495408069851637e-07,3.1500494262984527e-06,8.632485559093493e-07,3.200876986645684e-06,2.4368069,3.3797157,2698,7555,2894,7737,1.6550223860509243,3.763397822054445e-09
582,602,2.2216298704379893,2.111496895036683,2.6513349370122143,2.495913334095535,153486437.75399202,139933145.63471967,95891538.08049452,114962053.60135767,78779677.90063912,1.2761394986861005e-07,4.858846109638118e-07,1.3805259818160124e-07,5.256293142644136e-07,2.4368069,3.3797157,1181,3319,1201,3297,1.3393604770801704,3.011876435218406e-09
583,603,0.7507178785500035,0.9515156688823675,1.5145767980029607,1.4566260570133291,156737781.41867843,51022590.72819371,50995958.210691504,47236549.90757227,47211893.60877986,1.2805487118669467e-06,3.8126058763473558e-06,1.3206563939044806e-06,3.932019361212007e-06,2.3061521,2.9245152,3722,9209,3988,9363,1.724764639793214,3.781649761987565e-09
584,605,0.573241887693607,0.9325623819314968,1.2524730757353437,1.41894138433761,154834338.60192317,44236634.17620235,43314393.30809013,43399862.83086465,42495066.886994675,2.0955381820698513e-06,4.762878557360764e-06,2.1116068676701435e-06,4.799400534743685e-06,2.0064259,3.3335958,6199,8878,6405,8762,2.022027465193547,3.999041123384994e-09
585,606,0.5544810041361885,0.8315007478712773,1.2530050415248677,1.296475184739285,156396124.58922306,42216026.671101645,41054489.42332571,40079536.95700496,38976783.365060665,2.5491383068351344e-06,6.733822837139126e-06,2.6026469707690337e-06,6.875171724414782e-06,2.0541649,3.1675828,6208,11241,6709,11493,1.9639967711743729,4.029540796737718e-09
586,607,0.7184413700113713,0.9884920263606699,1.4531803305192441,1.528783310847548,155077153.82254928,29004034.82158734,40515016.15018262,27380970.998760022,38247798.592379846,3.1438623354016405e-06,5.495905002741089e-06,3.2171206607542088e-06,5.6239706601535905e-06,3.8413222,3.7835979,4309,7973,4565,8102,1.8155727800474122,3.835076519344091e-09
587,608,0.8150927945736148,1.1353927384133677,1.4417988919260036,1.6256946040543898,154071568.16515806,40036824.00937485,62461846.25022183,38901201.396990076,60690150.14874177,1.2915497242633472e-06,2.3266143295926186e-06,1.3065010799437045e-06,2.353547894533447e-06,3.136678,2.8006175,3329,6917,3528,7118,1.7822841673227146,3.748010436655064e-09
588,609,0.42259698844106747,0.7684764784194826,1.1869554589590188,1.3101658004444034,155022362.00998628,26884355.640342753,35248834.34239881,27690644.094732214,36305981.79801104,5.7778430381591715e-06,1.0923793642246155e-05,5.709950840173926e-06,1.0795434260412614e-05,2.4368069,3.3797157,8964,12540,9274,12642,2.3487361689046593,4.411570030482435e-09
589,610,0.6126201721769446,0.9216481293353568,1.3144801912036543,1.4384858490455337,154793797.1666076,38915600.03056876,42212252.820946015,37780262.43173372,40980737.49748949,2.8266645716637773e-06,5.749425144149454e-06,2.860340793651744e-06,5.817922453451212e-06,2.4368069,3.3797157,6049,9336,6364,9333,1.9912626992033096,4.057839773258626e-09
590,611,0.6583962345671831,0.9369291730232061,1.3759138248517653,1.472425811814266,154591270.60192373,41768722.20004919,42855992.68650528,39347282.82715039,40371521.47001102,2.0494736307848924e-06,5.3407036963784715e-06,2.0990216200750092e-06,5.469820326900088e-06,2.4368069,3.3797157,4706,9379,5069,9524,1.8988483846648654,3.974778720344842e-09
591,612,0.5554333764418122,0.7628631983053178,1.4770684906315728,1.369443708790207,155977107.77290413,33474994.133776717,25025676.84577569,30225653.980335534,22596492.353104718,5.484659333329074e-06,2.0753821616976734e-05,5.7133072332599174e-06,2.1619019879961786e-05,2.588048,4.7546844,6214,13238,6619,13633,1.9737310485175923,4.21424953009297e-09
592,613,2.1181127471522467,2.1289101496231484,2.641922176079392,2.5922882717009808,147824736.17367446,121236772.11012664,121194198.49597846,108290016.22300427,108251989.00332053,1.0615625602516882e-07,2.8257140631458257e-07,1.1106161172234841e-07,2.956286985527023e-07,2.5826278,2.596705,1015,2879,1160,3071,1.4653738069732296,3.305129282657667e-09
593,614,1.5177344384594895,2.228013250491601,2.144089923451071,2.762622611325544,150031219.9167086,88168937.58817197,128729118.61834367,86211477.30739872,125871171.7771178,2.0357313225649748e-07,3.23821803658425e-07,2.0540956701218875e-07,3.2674300258235607e-07,2.5826278,2.596705,1766,2989,1974,3123,1.5809530368764082,3.270116028106463e-09
594,615,0.5164047567286546,0.8088553014006522,1.2887173302740118,1.5219704263578895,152233438.60379794,25004496.450334486,42721327.60774992,24961286.926797215,42647502.15741633,5.8153532757468944e-06,8.304847286678515e-06,5.819377880274454e-06,8.310594783761805e-06,3.1439974,2.8822799,8219,13141,8353,13012,2.1845354203153473,4.418985571260977e-09
595,616,1.0791945274957362,1.5270118250294225,1.788002389122835,2.1693573674564015,150536424.4347518,41792452.06937834,100558562.28701398,40383374.84526916,97168122.79874054,7.400053324108087e-07,7.697217891182458e-07,7.502274429361728e-07,7.803543898003443e-07,3.887259,2.2859406,2505,4567,2647,4682,1.7035059165914617,3.563235587266259e-09
596,617,0.5541588823579722,0.7659296083758562,1.2303108788246053,1.356726380161997,153306238.2592364,32895182.82589672,45219532.84315032,32893946.210438356,45217832.923328325,4.072146408135976e-06,7.736574535239476e-06,4.072207642776205e-06,7.736690873482453e-06,2.5826278,2.596705,7304,14533,7915,14956,2.0707689512828047,4.423392067077507e-09
597,618,0.3789273948402535,0.6021336887397617,1.2690625723081979,1.3905661622811933,149948544.94670767,26802216.82393663,34050906.53124948,27268666.700764433,34643508.30227878,9.426337779413712e-06,1.7622359121877728e-05,9.361506065982088e-06,1.7501157467182747e-05,2.1199594,2.6515908,14027,22006,15259,22807,2.499387455472464,5.10344109163339e-09
598,619,0.6325339780147279,1.2317046397623752,1.3483659574378573,1.8234784223582565,151962090.61564705,29912590.05588867,59908677.6776662,30867989.85223391,61822144.159358814,2.4340435643535816e-06,2.774925407715691e-06,2.403624461064635e-06,2.740246183468181e-06,3.2134023,3.1242955,5214,6409,5569,6530,2.0304972788817093,3.7871389552657e-09
599,620,1.2902477726250086,1.272033722112326,1.9002256454612474,1.8281792250217304,148110145.82641938,73375274.7772533,78027190.94151832,66037211.949189335,70223902.55637276,4.808752822279028e-07,1.187047020634847e-06,5.015761282341091e-07,1.2381473339269786e-06,2.604403,2.414557,2575,7127,2706,7205,1.6088448671920785,3.781799785813235e-09
600,621,1.3515798421394727,1.7324711659047978,2.003207507919619,2.3169657528862277,149769899.86970782,83713965.58620763,130856851.2532407,81717220.87070012,127735654.87461749,2.4004159803805904e-07,3.9385259323264007e-07,2.423707686376891e-07,3.9767422201799786e-07,2.418067,1.9828693,2125,4385,2268,4538,1.6249048626938016,3.4959125224175125e-09
601,622,2.5756642358309483,2.8605633540795523,3.0819403719370664,3.3209874324592814,149612958.331868,149209555.47379234,164815543.50593257,135420540.60627466,149584320.7294497,5.585585945921539e-08,1.1021461724621903e-07,5.806488577849825e-08,1.1457346146818214e-07,2.5826278,2.596705,877,1784,880,1727,1.4043392750528063,3.043534802705202e-09
602,623,2.4268197134165637,3.15436560935233,2.926685422205236,3.601425412165659,150299962.62785077,141232473.46405897,182577933.65061986,131177297.35577247,169579129.40032667,5.954910441149676e-08,1.1169233972000161e-07,6.133460727084722e-08,1.1504129003434259e-07,2.5826278,2.596705,1004,1777,944,1761,1.4372419915441275,3.0069729435158057e-09
603,624,0.6292403629218942,0.8599179400512301,1.3009097943421002,1.4751514302778457,152838975.7246591,41916572.13280004,55524278.72783344,41219367.04547943,54600734.4676729,2.025108247450009e-06,4.214878608335075e-06,2.038740821137826e-06,4.243252224059411e-06,2.2943778,2.3670542,5521,11822,6032,12169,1.990504173480201,4.2476592646852095e-09
604,625,2.304304921370679,2.816498001508253,2.779191002580995,3.261600989955283,151226418.27978662,134929152.34761012,164026681.83727846,126386272.28596129,153641526.0316886,7.482564250717286e-08,1.4692825881035458e-07,7.680912357219e-08,1.5082303885502095e-07,2.5826278,2.596705,1019,2040,1063,2076,1.4445828925539326,3.036613208880581e-09
605,626,0.43940319591891613,0.7190158883166626,1.2974626313896378,1.5082027140922882,151384909.1091775,25756329.609890837,41917797.709355704,25566415.461371567,41608717.06858311,6.508223200758721e-06,1.0031057630273132e-05,6.527518203139549e-06,1.0060796819432437e-05,2.5826278,2.596705,10263,16469,10855,16640,2.3353337009365207,4.6631925696362126e-09
606,627,2.119621476942813,1.9092775370358275,2.650585512609608,2.4323893162479995,149186879.13821843,81923644.43588918,122899261.51023522,71910052.62175837,107877187.63283722,2.2807047978060004e-07,3.52205488588487e-07,2.40279621490106e-07,3.710598652056593e-07,3.8599322,2.3176637,1353,3751,1474,3791,1.438957147174513,3.322097075281327e-09
607,628,1.28225586346272,1.5099393464087336,1.9650368020038202,2.1268840357107193,149485540.6000957,29346687.473033443,151319724.216592,27781657.4656145,143249992.00811234,8.162504863818433e-07,4.821397067773464e-07,8.34341463681379e-07,4.928256158653484e-07,6.531528,1.491637,1777,4963,1990,5147,1.6288455957234678,3.6045784595943177e-09
608,629,2.165836862730694,1.917924723361234,2.711374819194602,2.485541136827878,149875322.89211106,125688068.22779481,110697821.73813649,112554155.36984207,99130331.16585037,1.2622447043039072e-07,3.6844876872454216e-07,1.319217988314295e-07,3.850792495435506e-07,2.5826278,2.596705,1143,3430,1198,3478,1.4391381383555055,3.3221588348082268e-09
609,630,1.2817006556212795,2.2056434984991493,1.8977400362232917,2.6988952244974356,150701744.9603112,74789919.52262796,128006193.997465,74423898.90629023,127379733.82313864,2.3745481855081158e-07,3.4007029148438463e-07,2.379212572204514e-07,3.4073830039366713e-07,2.5826278,2.596705,1977,2961,2149,3061,1.633256312738825,3.2286051597468724e-09
610,631,1.5505535867224645,2.60782456263016,2.067667636286643,3.042945468434347,152408747.837099,91502898.9491608,153061389.7879401,91446742.78104575,152967454.60954067,1.9638357952094602e-07,2.3510088691929075e-07,1.9643180920290806e-07,2.351586251529698e-07,2.5826278,2.596705,2023,2514,2056,2448,1.593370480466578,3.1282047700771805e-09
611,632,0.5941630271556717,0.9364296205493869,1.2937327280010786,1.5389518877198958,152800949.94307658,37521787.96695631,43448228.97111077,37244172.69540118,43126765.29525857,2.612790403202465e-06,5.613109572392815e-06,2.620563269339906e-06,5.629808175261044e-06,2.4196255,3.2932835,5889,9828,6288,9925,2.027171012969242,4.087765616874999e-09
612,633,0.8306413736376077,1.7207397092176615,1.4813056071558346,2.2495116716410615,152515059.19923192,49052874.85624954,101066050.4823616,50799824.1572666,104665376.04205859,6.568214957407497e-07,7.236335233576772e-07,6.476915930155912e-07,7.135749249108214e-07,2.5826278,2.596705,3486,3952,3645,3994,1.8517365672459862,3.4138745517115977e-09
613,634,0.7583186153655103,1.617426409142467,1.4287096530720624,2.1594620220584306,152386464.63495713,31257190.577712547,83462010.72119062,32787293.975043118,87547646.8193879,1.6958423500680706e-06,1.3376708032170115e-06,1.663731437679795e-06,1.3123418981069748e-06,3.6969891,2.9531267,4279,4387,4554,4497,1.9136453049007487,3.483355232450014e-09
614,635,0.5296568407514455,0.7575556109976048,1.3633010017691316,1.4572809287944979,148876090.49395144,40236705.468422055,49781050.8315475,39524098.67621202,48899410.18694367,2.658471136602003e-06,5.848932456205038e-06,2.677540971726096e-06,5.890888216437345e-06,1.959734,2.2655592,7472,15141,8299,15794,2.169989610310931,4.638013765087153e-09
615,636,0.713062731547489,0.9825156243141548,1.476808985816711,1.6465542721703965,149630048.3976669,50473166.86501498,50114152.486667015,50708978.96603319,50348287.262086056,1.5551451089219412e-06,4.131439599070334e-06,1.5522483050321685e-06,4.123743873293822e-06,2.1139076,2.9335797,4970,10068,5475,10481,1.9505534411572114,4.1881242804660925e-09
616,637,0.5082990266188346,0.9307160294433542,1.3463143258806438,1.658803712759096,150884981.30378756,40526126.381004244,73303588.28413486,40764959.06036908,73735588.42726137,1.8225250568312912e-06,2.3122559669449754e-06,1.818246421337821e-06,2.306827618833614e-06,1.8924752,1.9157462,7546,10071,8109,10163,2.2000757209470607,4.215424695862131e-09
617,638,0.7890873352961523,1.374140137418568,1.4944818003369786,1.9825256190747258,151769560.98580503,46371156.71772594,80314338.89833072,44974516.821060225,77895373.79330754,1.002466909671632e-06,1.1973122365642833e-06,1.0148050394023063e-06,1.2120484772923617e-06,2.5826278,2.596705,4284,5247,4476,5317,1.8792075406448285,3.659384347684575e-09
618,639,0.8457767650971635,1.1655729084814024,1.5823119330870958,1.8329174672437905,150275114.72552243,50686331.70746197,66176205.1362374,49224764.83133807,64267979.66091728,1.0048242383385406e-06,1.9269773637055993e-06,1.0166535632156037e-06,1.9496627651880626e-06,2.5075636,2.6468215,3828,7338,4029,7320,1.841483169214038,3.920112030224194e-09
619,640,0.5798789191432554,0.9431596198791674,1.32902665490546,1.6472235757589728,152475878.71395984,34235497.55952799,55381374.39894035,34392312.31638468,55635047.26423633,3.058137989790045e-06,4.146497060434743e-06,3.052552802715038e-06,4.1389241641606655e-06,2.5826278,2.596705,7037,10052,7563,10199,2.0963836127746602,4.172820179454357e-09
620,641,5.208891679157024,4.469668824427045,5.530021593920194,4.793213077642056,148711266.71185344,299935158.9773309,255974441.71094784,258634582.15196607,220727183.1659371,1.623691196003058e-08,4.143611673388676e-08,1.7228193828801813e-08,4.396583860044007e-08,2.5826278,2.596705,377,1163,472,1198,1.2967713989785854,2.8315018196288232e-09
621,642,0.5948341085120754,0.8776399624260525,1.2459441635003514,1.422179038617154,153500330.36141413,42595384.60601613,51191282.219746955,41946296.292709954,50411205.61428058,1.8438060113112549e-06,4.24283156478236e-06,1.8551660844155853e-06,4.268972534303883e-06,2.1435945,2.6316595,5326,10440,5683,10652,2.003029406927434,4.1583564016788435e-09
622,643,3.951734453696497,3.308522478290159,4.30276800904016,3.6524632779476907,147471455.29687524,225649251.8331231,187896824.9207646,192354217.73780668,160172242.8921694,2.466861529392836e-08,9.573889952883278e-08,2.6295270695081098e-08,1.0205194937631755e-07,2.5826278,2.596705,468,1917,507,1957,1.3443209131294735,3.0170558418956353e-09
623,644,1.6278452452237415,1.602632585313891,2.2226570680948883,2.14730769569928,148538983.85750285,93624980.96040091,91675186.71525958,84838163.37101848,83071359.67170307,2.768823200127407e-07,6.970991129693928e-07,2.880152071323684e-07,7.251280811444779e-07,2.5826278,2.596705,1760,4751,1988,4978,1.5511688237014112,3.5763827493559556e-09
624,645,0.4997905121031577,0.7631488571761899,1.3276577069365558,1.4373643851528561,148446641.59151873,28727415.93698444,43627167.84625553,29194966.648983248,44337218.25363476,4.638003988254865e-06,7.506997460587963e-06,4.608149384404017e-06,7.458675286682393e-06,2.5826278,2.596705,8442,14486,9216,14836,2.2217599944093522,4.632987847252338e-09
625,646,0.3195150142658517,0.7222429390066853,1.1687231738423765,1.4723369164187359,152190110.51171738,20448145.528751012,38998557.1166628,22030214.983331576,42015868.6816767,1.2639198790482675e-05,1.3250710250149352e-05,1.2267995877114202e-05,1.2861547746212732e-05,2.3780653,2.8185205,16277,15049,17540,15515,2.706744113401404,4.6582946675087996e-09
626,647,0.5704504900857351,0.645799317234137,1.1729947803261775,1.1237177837515107,147725149.3537833,40444722.58844187,50324333.700591065,39307749.071339086,48909626.63817282,3.3196485404790906e-06,7.78835173107957e-06,3.357728528839531e-06,7.877692617516821e-06,2.0835817,1.8957191,7368,20458,8107,20905,2.1538937122504076,5.042636180334345e-09
627,648,0.6268528970504894,0.8747424153110048,1.2125373305334606,1.3350831252583526,148345070.13066065,40242154.75070961,55802595.96131468,39108945.00321548,54231207.79707321,3.166500833053049e-06,6.187825521165773e-06,3.2028872975470036e-06,6.258930221745813e-06,2.3107743,2.3254066,7340,15634,8307,16131,2.179887211256495,4.604233184310181e-09
628,649,0.8902406549303918,1.043064624814889,1.4247566194033412,1.4740660453334924,147837603.35527328,56955387.13336823,66312779.140344955,54815328.79532682,63821123.42416686,1.4618068329981328e-06,3.1445890546474252e-06,1.484373189117e-06,3.193133031083166e-06,2.3107743,2.3254066,4821,11105,5384,11509,1.9245637582010147,4.337861402878312e-09
629,650,0.7254475837223485,1.109952380248001,1.292502152162648,1.5362042352152165,148145387.92724878,63873539.25050652,59571925.9287941,62998750.216795355,58756050.24488718,1.46866439609113e-06,3.13262632822075e-06,1.4767881049271513e-06,3.149954006518291e-06,1.6825702,2.7602654,6595,9342,7192,9351,2.0687444545303806,4.266780719451043e-09
630,651,0.768377780555614,0.9173269680538424,1.306053635762526,1.3239863508263663,147948832.97660115,49195888.979011945,58362892.055750534,49218193.709501214,58389352.97768719,1.6829554761786762e-06,3.5835343326049786e-06,1.6826503615846124e-06,3.582884648974792e-06,2.3107743,2.3254066,5378,12012,5763,12194,1.9008823068237035,4.359612774895135e-09
631,652,0.7084586056925561,0.9100589519131029,1.290511035273583,1.3664404741063172,147812218.01517138,49199848.92178333,86090475.94799796,49530250.72187123,86668616.91483025,1.3836681279933453e-06,2.058710670318636e-06,1.3799686951040647e-06,2.0532064154982732e-06,2.1284382,1.562517,5526,12171,6094,12351,2.053513060652015,4.530125783389177e-09
632,653,0.41426201560310444,0.7133608779157805,1.0846628445878832,1.222579940884762,147905250.87583223,31202375.40869285,51851146.90851073,31301045.611474562,52015114.01399276,5.943941925453674e-06,7.742540828544131e-06,5.9364399968089066e-06,7.73276886415528e-06,1.9636815,2.0348599,13095,17771,14119,17748,2.549270074801285,4.99963807391475e-09
633,654,0.5923904359314893,0.7618138143902251,1.2004896503409852,1.2361009922177522,147791885.1081184,37887949.180642545,48417296.02476298,36213551.06162726,46277570.03945974,3.6281808566388283e-06,7.461923838081472e-06,3.6943745301718205e-06,7.59806152525388e-06,2.3107743,2.3254066,7798,16871,8418,17204,2.16008205046362,4.783789760294757e-09
634,655,1.0686779215482525,1.1752210195387118,1.5471528160694505,1.5442853071835103,147946255.39734182,68421609.4660903,74769525.94225831,67436572.85729268,73693101.09855351,7.279360270449536e-07,1.7064605529193856e-06,7.321706773337138e-07,1.7163876116233115e-06,2.3107743,2.3254066,2978,8002,3560,8293,1.724161516122148,4.0192412272832235e-09
635,656,1.3394007774153942,1.5649895280792632,1.7791693407693099,1.9074594213726301,148039420.1341374,85808516.39893511,99629949.55499458,83991322.67307273,97520055.02660522,3.8469556681252875e-07,7.768155927872425e-07,3.8800343522622027e-07,7.834951700538456e-07,2.3107743,2.3254066,2422,5328,2730,5478,1.6840820540807284,3.772248973947633e-09
636,657,0.4163507885078232,0.7394096012012259,1.081688796540339,1.2492936342870824,148189077.23501956,26700417.758258395,47119685.00507545,26678207.062118914,47080488.576940455,1.0028784329479432e-05,1.0344237996601882e-05,1.0032123244601429e-05,1.034768193671842e-05,2.3107743,2.3254066,15609,17841,17625,18065,2.5549379560979015,4.9233973755295356e-09
637,658,0.4976815268043201,0.6448195839318671,1.1166269573376362,1.1311703070023273,148150712.21525794,41157765.185331956,37451806.71415128,40571294.691915244,36918143.63832365,4.882909445398321e-06,1.3855821822036955e-05,4.911021523781638e-06,1.3935593104605682e-05,1.791445,2.5507576,9973,21419,11003,21928,2.2862904165354614,5.056566829901412e-09
638,659,0.6614232027703879,0.5635109877984299,1.213945550549281,1.0298857189357604,148002479.03250164,32626378.35235731,41290852.64179566,32589711.91508697,41244448.82578278,5.205482411455797e-06,1.2938131304028396e-05,5.207824280702072e-06,1.294395197719761e-05,3.0004027,2.0198426,7011,27319,7512,27735,1.9740078079762955,5.2408784301540955e-09
639,660,0.7786222848133416,0.7623769039912838,1.3226487011317336,1.2057785760775392,147803488.26248637,44708277.47738765,43066148.41199078,43970603.94483922,42355569.52984986,2.8707044768930764e-06,8.573259910676849e-06,2.88987254699527e-06,8.63050469093721e-06,2.5740891,2.6164858,5476,17260,5991,17602,1.9103944695687238,4.69916179298428e-09
640,661,0.5096963024042125,0.7780219291115288,1.1470150293224626,1.274289163272767,147978503.36492276,31269892.0668589,49154607.19358138,30966012.62153428,48676924.86780943,5.679232054287371e-06,7.953205107279791e-06,5.701459618112001e-06,7.98433262107789e-06,2.4120357,2.3422122,10436,15854,11132,16054,2.346890601715931,4.826902489129456e-09
641,662,0.6249579006017754,0.8570229326974474,1.221425124864492,1.3203792972313586,148033340.8510331,31477454.512674145,71192963.30047113,30962420.83725063,70028105.0195015,3.208553292299327e-06,3.612433568825783e-06,3.2297963202136126e-06,3.6363505869177828e-06,2.9390752,1.7820296,6702,13380,7372,13689,2.1587682241912125,4.64718417174884e-09
642,663,0.4004827459404703,0.5999731830265146,1.07021687116925,1.1266178783375436,147846181.6502251,25623378.6242541,38145477.097640395,25669232.180301063,38213739.20302798,1.2889258342617679e-05,1.7115919638644237e-05,1.2880043647721271e-05,1.7103683249773042e-05,2.3107743,2.3254066,16588,23846,18134,23929,2.5638624283569578,5.300059929105341e-09
643,664,0.5491433874435689,0.7464872403823811,1.1523732374914,1.1904811178395949,147975598.47612098,41812863.512431554,52935186.10829878,43802197.775400124,55453688.08581935,2.6474336315899987e-06,5.834253207165986e-06,2.5986673217910345e-06,5.72678497984148e-06,1.9434168,2.0867386,7807,16819,8419,17279,2.141432908738647,4.7066375534344355e-09
644,665,0.5179004903316167,0.9746369809106915,1.1232067580865972,1.3866371223798786,148710138.80010983,33329544.04151875,62328197.01765229,34083688.55363128,63738491.37007959,3.89325075089522e-06,4.0412292546979196e-06,3.858562060094128e-06,4.0052220820183e-06,2.3107743,2.3254066,9581,10933,10579,10912,2.2703337669782857,4.347667126272803e-09
645,666,0.7978574403442108,0.9018773767604074,1.3195470364706725,1.3221902524662692,148810938.7262894,65752999.296656966,51575129.234176,63086380.406296514,49483495.158776075,1.6924020273825067e-06,5.352072663871442e-06,1.7206618108066888e-06,5.441441745156116e-06,1.8056958,2.6022081,5496,13109,6172,13544,1.9461396286531345,4.43858338096718e-09
646,667,0.10774683902314272,0.23700132008138675,0.9096355333111993,0.8756692954254767,146870001.499654,6504903.947803159,13355398.799659278,7368487.094314904,15128445.321310692,0.0008728381880257511,0.0007454860696707585,0.0008303836001911638,0.0007092258506994905,2.4327459,2.6063156,148090,125846,160870,128248,4.916407569268957,8.138880671309284e-09
647,668,0.4541254680556073,0.6386934693823461,1.1034015661519074,1.1624270397236658,148203626.8145163,29694767.204287134,44914706.562663876,28912523.811544303,43731527.31078025,8.729142857686776e-06,1.3361464233358599e-05,8.822855564696303e-06,1.3504907753911867e-05,2.266495,2.1074765,13600,24019,15010,24709,2.4285617958042423,5.152355374035765e-09
648,669,0.4018781587267495,0.571075610826098,1.0471046185012074,1.066622339785484,148234383.75920734,22893782.584418144,36101040.58128031,21598164.106368855,34057989.150987245,1.4671659955431296e-05,2.0067628796657446e-05,1.5017565671766803e-05,2.0540752324271182e-05,2.6021109,2.344892,15369,25245,16977,25768,2.4820033124202605,5.293363855940264e-09
649,670,0.5739508331164281,1.1396401946841153,1.1840353414600917,1.572262505112706,147986243.40755853,34896941.380250126,61395454.01588367,35740936.2277314,62880324.74663216,3.1129280070995407e-06,3.7853927605249154e-06,3.0833132737671937e-06,3.7493805569321977e-06,2.4339333,2.7469635,8407,9802,8883,9571,2.27703466721677,4.269338747494814e-09
650,671,0.8517407881777153,0.9648264072885997,1.3846598552058362,1.3842410389397706,147844384.4872866,51584866.83242796,80807209.12642905,49124452.00886763,76952992.42696437,1.24298274516913e-06,2.0746249404398166e-06,1.2675203419202034e-06,2.115579901718306e-06,2.4411247,1.7652406,4703,11613,5079,11723,1.882178554683383,4.347449118378235e-09
651,672,0.5258849451206211,0.6816016900773816,1.1372681846511146,1.172631113400976,148466715.2537314,46859475.7891965,33716402.86002749,45830977.16619642,32976375.932068367,4.653610389906562e-06,1.564907502592935e-05,4.6951053766426e-06,1.5788613600546734e-05,1.6661819,3.001363,9473,18980,10407,19428,2.291739330025024,5.000735925018905e-09
652,673,0.6014120828862687,0.8978280568785384,1.183890296624299,1.3308502312755326,148393542.52762982,43535156.74656643,57301949.44765007,41910133.31559876,55163057.17181371,2.6572507265791276e-06,5.029662906090192e-06,2.6979938944479673e-06,5.1067818614287885e-06,2.0499678,2.3250847,7392,13623,8437,14080,2.1470818742983333,4.46631612261956e-09
653,674,0.3792153186657719,0.5864269606433151,1.016962687671084,1.0545826441422483,148985690.5164173,21759530.99518561,44699005.35716887,21420996.753384117,44003579.34402464,1.4061725759021136e-05,1.3311023018474195e-05,1.4150199593245331e-05,1.3394773566882906e-05,2.5964556,1.9546123,16471,23031,18473,23229,2.5238268131214654,5.177471110006636e-09
654,675,0.7834862244622837,1.3441567632815625,1.341758625327194,1.7501409019710712,148074945.5264442,50205976.41577202,85591887.24325411,50131671.46216044,85465211.06513402,1.34928642442019e-06,1.7603563016085497e-06,1.3500860316670078e-06,1.7613995149917662e-06,2.3107743,2.3254066,5345,7798,6109,7920,2.05071574873288,4.081807549929512e-09
655,676,0.6564525421162423,1.4286488422192176,1.2496268198140765,1.8294707640979393,148036847.06235752,42955541.99369442,69177405.09845021,43054894.557419136,69337406.63095011,2.0703538035348517e-06,2.382611355695383e-06,2.068441477115037e-06,2.3804106059318078e-06,2.2623196,3.0572507,7023,6521,7695,6553,2.179861381388068,4.034585474937991e-09
656,677,0.30015402320142304,0.5518888463171119,0.9987817340386306,1.0799237211535624,148200232.5053754,23005666.341433547,39614711.87464079,23638167.400291894,40703849.951982714,1.5313712919018796e-05,1.8060439607756847e-05,1.514847471715265e-05,1.786556364387538e-05,1.9335626,2.0646384,24132,28122,25141,27768,2.9207484069872804,5.4870601146452525e-09
657,678,0.38784608967858125,0.515201926277497,1.0698312084159387,1.0687207541931185,148008051.52946332,22907158.099485163,41354481.657292865,22305332.525520768,40268000.97944921,1.4205714366889336e-05,1.9080054065197435e-05,1.435780605438494e-05,1.9284332255321194e-05,2.5059566,1.8439122,16090,31546,17717,32340,2.5702093614254045,5.632627607721015e-09
658,679,0.4074692611213528,0.9363942210743718,1.0760491741596918,1.407400469055162,148061548.66451058,22185378.42131857,60535616.784201205,23298843.30870293,63573846.849305384,7.927221739791187e-06,5.278547059777445e-06,7.773453384739101e-06,5.176156395672169e-06,2.7193825,2.2902877,15121,12510,14921,11797,2.6035076658322125,4.573399282258438e-09
659,680,0.35952278876221344,0.6097874033981904,1.0585332124782099,1.1676153824992175,147981856.36535382,22073874.515368037,33693976.2463034,22415887.205003288,34216030.8331627,1.802497917686241e-05,2.373375440032933e-05,1.7914464319885114e-05,2.3588237867558318e-05,2.410218,2.6781485,18623,24118,20861,24720,2.7100796172740047,5.313058023133287e-09
660,681,0.8979298147443293,0.8453581517207484,1.4158267614886646,1.2742474326809399,147856890.4553629,57454815.14800325,53750611.88633537,55619542.50508564,52033662.188020974,1.3784946186883976e-06,4.800754153178536e-06,1.3965120352457217e-06,4.863501723023546e-06,2.3107743,2.3254066,3955,14620,4274,14791,1.8289633907800322,4.527890137454796e-09
661,682,0.7164641847668276,0.8674262098880201,1.2875739832106263,1.3219112179451276,147946951.25234574,45871503.68504162,55187365.16414374,44915670.57710867,54037415.70694564,2.3704968489312763e-06,4.696576245935487e-06,2.390547722040108e-06,4.736302286657989e-06,2.3107743,2.3254066,6295,13254,6858,13502,2.0313520144372608,4.570221392035679e-09
662,683,0.47765295197029173,0.6127528446740996,1.0532447896117627,1.036164929702636,149663241.6181971,45812984.25804255,42195814.40395411,44314438.749347165,40815586.741756156,3.6538697024966144e-06,1.0465052094721837e-05,3.702801133864391e-06,1.060519665925932e-05,1.5604111,2.1733572,9186,20821,10187,20948,2.216812599887958,4.968326391974679e-09
663,684,0.6636304693968872,1.2156855359552927,1.2427994963849287,1.6309216248008522,148158522.24148843,42549594.59271644,77454915.84890488,43395551.42332204,78994848.62038136,1.9304346678655896e-06,2.2535803612418852e-06,1.9152928808134114e-06,2.235903910179895e-06,2.3107743,2.3254066,6839,8551,7254,8415,2.19539288517321,4.228253389405546e-09
664,685,1.2605650475926717,1.5256744241738986,1.7198181067785285,1.8752368917763602,147879114.0871571,86531675.4080852,101586895.35199584,82246243.15450224,96555861.8509142,3.814768549157209e-07,8.197488686236093e-07,3.893066396472162e-07,8.36574154594439e-07,2.1542544,2.2209103,2597,5829,2844,5928,1.7085407679519007,3.805747701234106e-09
665,686,0.37678652047936323,0.7417140239155496,1.0609475717337873,1.2609654483707458,148126189.23683897,21751916.022852182,44106999.51188113,22174623.902934395,44964136.70572037,1.2349988006752398e-05,1.2291729673126179e-05,1.2255274350692696e-05,1.2197462807765436e-05,2.5658407,2.490926,16090,18052,17370,17808,2.677586587495333,4.943231800977219e-09
666,687,0.5407894877061095,0.6763372022245642,1.154935462189795,1.1475326788803453,147856641.61219397,28698644.77834512,44653464.630978264,27623818.210920703,42981095.41342075,5.592878209096383e-06,9.829391554009114e-06,5.67892894465135e-06,9.980624307818161e-06,2.7861705,2.2394891,8309,19325,9024,19731,2.1846541326074123,4.941143222042241e-09
667,688,0.39953605987804475,0.654683499213935,1.0479490469926354,1.1376325129911098,148476243.6905388,30642760.069793686,50444091.31486361,30959227.470352326,50965059.73988789,7.936346677777819e-06,9.409163752502546e-06,7.903796261112595e-06,9.370572671108275e-06,1.9359096,1.9269838,15547,20826,17873,21288,2.5453915906850755,5.063529739345133e-09
668,689,1.0053627463426937,1.0847004588420177,1.4827007218918171,1.4693748184408857,148730391.08480638,64709043.391058944,69376221.54054359,62240270.18127633,66729386.59816669,8.32589640698935e-07,2.1879974267847513e-06,8.456456264811661e-07,2.2223078023878865e-06,2.3107743,2.3254066,3284,9201,3577,9341,1.795021702176162,4.13360023331096e-09
669,690,0.7017888610076833,1.3599778122883537,1.2776037920838275,1.764113478008474,147978501.63797906,44941500.39583742,86542920.6760346,45092236.95127536,86833190.95284656,1.5967822725156558e-06,1.7799970372419086e-06,1.5946450064343095e-06,1.777614541294856e-06,2.3107743,2.3254066,6927,7609,6925,7671,2.1282445483309824,4.062882615312691e-09
670,691,0.3961370367371637,0.5601989259741397,1.0925411202052313,1.1058824628606774,147222514.2628265,27185909.928695567,29132801.352800205,26770466.87910231,28687606.76968909,9.809765807488773e-06,2.6764561511700685e-05,9.870378586989714e-06,2.6929934926029253e-05,2.1452396,2.8309634,12720,27695,13795,28521,2.499446785000734,5.43219942754905e-09
671,692,0.5643443228142102,0.7379869881704356,1.2181339654035472,1.2384796476626796,147058664.6017427,35606171.43465805,43570612.5421219,34160768.6629866,41801899.939943455,3.59518376945743e-06,8.582340067001746e-06,3.6552758080256417e-06,8.725790400387515e-06,2.3308241,2.490839,7495,17559,7989,17846,2.142042587375841,4.803388500809612e-09
672,693,0.6186662350894008,0.8361016363001591,1.247093018201566,1.3347358854297622,148091925.51061377,35353858.189539984,43471499.07390939,35253524.62519144,43348127.802059054,3.8764355189393275e-06,7.830372240795586e-06,3.88084478035708e-06,7.839278917571013e-06,2.5914986,2.8483007,7098,14134,8191,15054,2.0966598851591334,4.588665128023618e-09
673,694,1.0586163685975483,0.878126262414027,1.5587766732243622,1.3211121427768189,148707879.28606102,64881167.17394487,52944358.04299026,59292304.52119087,48383731.92867874,1.0346172526643855e-06,3.938486169967499e-06,1.0725754335373954e-06,4.082981895338869e-06,2.4263527,2.466444,3280,12881,3531,13223,1.7043548101253094,4.39234750147999e-09
674,695,0.8011575881523234,1.033140157587756,1.3779769169892049,1.4886789224233763,148851225.5388091,46056275.64281484,68755276.989679,44904138.9139813,67035305.52400338,1.286676995619009e-06,2.475361622415629e-06,1.299781985440795e-06,2.500573535722115e-06,2.5892951,2.2366891,4151,9970,4689,10443,1.912897170503718,4.227619070042017e-09
675,696,0.50532069143941,0.6899247937839941,1.1531693172150574,1.1988723310111042,151169750.6305718,32682728.011304233,41808621.941878624,30477392.001242578,38987496.98965346,4.967672093274152e-06,1.0752450560636086e-05,5.1084496900590565e-06,1.1057161524051785e-05,2.3372958,2.4945993,8733,18779,9608,19485,2.1773400280977686,4.761449536350236e-09
676,697,0.5778812236561134,0.7951937421802137,1.2207927770200302,1.3048911027281598,147869703.08287108,43465742.786801435,45099975.70181191,43784664.217919365,45430887.99899168,2.89177610573798e-06,7.20148594368108e-06,2.883332304533683e-06,7.180458065498076e-06,1.9659419,2.607209,7884,15688,8577,16106,2.170761270955168,4.729111970096896e-09
677,698,0.2718547008991977,0.39954081610578995,1.032383377227799,1.0156826096681504,148109617.01881215,15453307.430226762,23678852.659603592,15296086.365418022,23437945.36869509,4.1535396910157134e-05,7.282721507938276e-05,4.170564209514013e-05,7.312571909343622e-05,2.6055455,2.4991007,26373,49919,27998,51182,2.9641833455693147,6.340896206266764e-09
678,699,0.5532234475330879,0.7073113509639637,1.1848086312556418,1.2102439042846203,145759331.35366628,38112814.05313707,35400840.157431774,37228882.092564985,34579805.68848308,3.2787570974576053e-06,1.0342970580628726e-05,3.3096773050254288e-06,1.0440509613779097e-05,2.1157577,2.912282,7390,17659,7849,17988,2.17733901086496,4.908963344850334e-09
679,700,0.7751713304986034,0.8855200948026112,1.3401701227087195,1.3427433832177553,150202683.0802026,46828266.475290924,42929320.875361376,43835476.95927377,40185712.55679784,1.8365172493055692e-06,5.8798068481979e-06,1.8856798037135604e-06,6.037206036358159e-06,2.4863789,3.0982902,4241,11489,4611,11847,1.8731175831419975,4.336816975037429e-09
680,701,3.905073645260641,3.317674590691142,4.150856233992896,3.527424498185393,146921494.6865753,245471393.40379873,195397196.5549796,193432165.17994002,153973553.80447814,2.6182679113683568e-08,9.980290194016955e-08,2.8800694541616808e-08,1.0978222972008797e-07,2.3372958,2.4945993,685,2513,707,2525,1.247484342523288,2.850639548410366e-09
681,702,5.588101417091039,3.0054261203216117,5.791971011792785,3.234242347293652,151081125.641316,361210871.2521313,182018475.38801214,295305004.4290119,148807721.35758847,2.2910130236008972e-08,9.251159933286442e-08,2.4832678180804928e-08,1.0027488934191191e-07,2.3372958,2.4945993,565,2180,554,2096,1.145817504329247,2.7651823742184877e-09
682,703,0.38024844157177223,0.5468853845663532,1.0798177284039319,1.094607697788226,146530876.992517,26825455.829437956,25076304.032414872,25020569.685561582,23389105.35159808,1.2429987373772039e-05,3.7380016106074636e-05,1.2781171259186347e-05,3.8436112053579776e-05,2.0770621,3.1956701,15252,31114,16253,31768,2.5437386382609968,5.498014721836424e-09
683,704,0.6594887111964575,0.9293782816315906,1.2663374634132851,1.3892218076106964,149123511.066947,42076519.4215604,55556879.40194192,40832213.21443777,53913925.78223789,1.9864174159284886e-06,4.038526338428754e-06,2.0104129317065244e-06,4.0873109099376e-06,2.3372958,2.4945993,5873,11594,6181,11774,2.0694879603082343,4.49008990989277e-09
684,705,0.2779555931640467,0.3641437573113548,1.0325166328611919,0.9920866774600744,149219941.97242624,15997816.848592969,22052704.212211452,14750913.235273233,20333869.8971345,4.455769649776407e-05,0.00010150210725142968,4.60277192882153e-05,0.0001048508084336354,2.5926361,2.463984,24035,60232,25959,62222,2.9148252172850455,6.596173727400196e-09
685,706,0.5352501037415454,0.6618687215163839,1.1592211997095105,1.1553496898464464,145404376.51732934,33643951.0995322,43083612.10651408,31437604.92434156,40258219.7349883,4.205630189604249e-06,8.257575941884492e-06,4.321296819972306e-06,8.48468244938652e-06,2.3132749,2.2337637,8871,18998,9716,19756,2.1800487005805045,5.022596790629743e-09
686,707,0.9234514286980726,1.275207711753863,1.4739099932435664,1.6952902281419864,148160571.1902942,58650023.33345065,74649553.00263003,57822810.5496018,73596679.34559332,8.809152048081595e-07,1.5612320930718384e-06,8.859346807036605e-07,1.5701280308598158e-06,2.3328054,2.5309663,4271,7360,4546,7426,1.8674366771394668,4.024974666441686e-09
687,708,2.6552913265060614,3.0175514884268617,2.9783696979004293,3.246619600248465,151583679.33198678,172207056.10736158,183360733.4009341,145481781.24699792,154904489.44956708,3.376864853250399e-08,8.52397909819011e-08,3.612522934980446e-08,9.118833985868834e-08,2.3372958,2.4945993,644,1588,704,1665,1.2641576329069262,2.7465797679856174e-09
688,709,0.7284830712163584,0.863419557989895,1.31634320775184,1.3450042021240218,149294469.0978627,57642097.802879594,52455312.86556659,55651827.66294242,50644132.37670895,1.3075550990757242e-06,4.491318397465226e-06,1.3260629381342343e-06,4.554890936870694e-06,1.8867893,2.4574015,4742,13147,5189,13685,1.9396803752964675,4.43057402593228e-09
689,710,0.7376358219333015,0.8737031447124841,1.3236670801993686,1.34413363992433,148704764.3095514,73644316.0531801,56969459.53699285,72048232.0690793,55734767.61746695,9.83277986307675e-07,3.7117580733672612e-06,9.919337750794333e-07,3.744432651973034e-06,1.4894559,2.2805872,5156,13200,5503,13567,1.955375095034561,4.4882954612520635e-09
690,711,1.5547318117962092,1.1410122588312703,1.9518132044533452,1.493187409335321,149913442.32200018,99720025.93505274,68569359.1964837,84979437.80687723,58433454.4707209,2.913902986571211e-07,1.401883541126409e-06,3.1064366416422644e-07,1.494511800681001e-06,2.3372958,2.4945993,1547,7163,1635,7370,1.4316756648642193,3.765840308686031e-09
691,712,0.9286960013834329,0.9802205482483566,1.453809137606762,1.422667261022642,150609671.74171716,57983956.9630483,59853527.59988364,53216640.50855126,54932499.06144742,1.066147936705497e-06,2.9227614172926693e-06,1.103371161202358e-06,3.0248059841309593e-06,2.4122293,2.4665329,3855,10911,4051,10861,1.74081029688936,4.095781377459843e-09
692,713,0.9637431114625977,0.9839909293164155,1.4930790401857796,1.4329747721668868,149595069.708224,61682914.90536542,59007549.4943614,58482852.187008195,55946282.69903847,9.734665247599071e-07,3.4048541363115614e-06,9.94433072007943e-07,3.4781879729725124e-06,2.3372958,2.4945993,3308,11342,3634,11909,1.7699165381001607,4.211079878414942e-09
693,714,0.5235844372890521,0.6635435199437261,1.1701100387138017,1.1856347990106408,146733236.6214734,46220486.15619048,41128617.95010334,46141798.006968,41058598.46100416,3.103377857080629e-06,1.0037192036394738e-05,3.1054937194884843e-06,1.0044035327250146e-05,1.6621902,2.3673027,9098,21642,9733,22103,2.251007021001997,5.077210230372593e-09
694,715,0.8615901617019042,1.04815772644158,1.422324314602133,1.4965181829781844,148601955.91229105,67904547.31711401,65244167.44151204,68445913.34751824,65764323.70983809,8.761566691233495e-07,2.4637981875611787e-06,8.733781148680892e-07,2.4559847482763983e-06,1.8854994,2.3873136,4458,10197,4657,10343,1.8820566804201577,4.240173287644602e-09
695,716,0.44459887766544504,0.6085703969686277,1.131114538370263,1.162024432234089,148944107.83476236,29190750.922307502,37925183.49581455,28993330.722486027,37668691.385558896,7.558516580357122e-06,1.5354192045671008e-05,7.5790615352341215e-06,1.5395926581726786e-05,2.2685399,2.3900471,11986,24170,13130,25316,2.3582725235369417,5.169384847245641e-09
696,717,0.7459709346446752,1.0290593852022136,1.3004906860729322,1.4364940551652658,144987567.74416408,25678693.77036359,66426912.53131667,23309403.19511977,60297914.7244019,2.534604022540254e-06,2.5292263291176935e-06,2.6346736585218086e-06,2.6290836464023514e-06,4.2119164,2.2460899,4551,9246,5157,9650,1.9228778613861426,4.207299076247799e-09
697,718,1.7521485584481078,1.2959975520648892,2.1596225410571104,1.6854479798618784,146857312.7366518,110091255.37687074,76295506.78120074,95516951.20096804,66195213.89892448,3.3554215055049975e-07,1.430198671754312e-06,3.551534457151421e-07,1.5137889099697997e-06,2.3372958,2.4945993,2105,8632,2180,8706,1.5647242657857823,3.941996145198121e-09
698,719,0.7995204969684326,1.0838760502739468,1.3621635622830865,1.5106555407833708,146243648.10138392,53882167.686990365,85507747.90655752,52973875.981607385,84066343.79266442,7.89539979530875e-07,1.421373790218483e-06,7.949273684571553e-07,1.4310724674432614e-06,2.1700091,1.85375,4503,9911,4656,9812,1.939014501006628,4.22357174039692e-09
699,720,0.7548204963887674,0.8389990566912906,1.3462482735007935,1.3398425278501058,148424829.26976675,44353523.1951259,57340487.3768387,43617499.56819455,56388951.84033932,1.790026521550009e-06,4.311582996915452e-06,1.8020482242504794e-06,4.340539310318249e-06,2.5259347,2.1717341,4749,14312,5285,14806,1.9608472300460296,4.583306325654529e-09
700,721,0.7368912096909433,0.6354903058739485,1.30015930784406,1.1187500668166768,149026169.34228978,34890385.15102332,33919384.717245445,30978088.435614865,30115967.333242647,4.435923086154152e-06,1.689852404410568e-05,4.65205099465594e-06,1.77218572235784e-05,3.1474595,2.792052,5414,24598,5846,25105,1.8790121058420228,4.964528197285782e-09
701,722,0.39441765016817176,0.5742734790132409,1.0963453240206025,1.1302294220979823,147480787.1391686,25806821.858776778,35254990.52672649,26146706.675438967,35719311.009782344,9.481525836203449e-06,1.836649498488918e-05,9.4320315423477e-06,1.8270620468953014e-05,2.2540174,2.4023352,13231,25430,14558,26459,2.513900529612685,5.383301564554916e-09
702,723,1.0334467851115368,1.0419495882654015,1.532292892211177,1.4636826942486991,151312488.36973342,66903557.80082598,63200524.81224424,58134660.94744696,54916976.05377822,8.397553414493569e-07,2.5524106197045675e-06,8.882974240401198e-07,2.699952791801262e-06,2.3372958,2.4945993,3246,9788,3535,10067,1.6855031202769462,4.016276231185684e-09
703,724,1.0031753866462347,1.0419434155794591,1.5032512187969433,1.4605650531165602,151473553.27961794,65012969.42302286,63267423.940238535,61485621.06364621,59834782.02250823,8.014322992073829e-07,2.591155994938389e-06,8.195159616076293e-07,2.6496233043857154e-06,2.3372958,2.4945993,3175,10089,3381,10242,1.688590289681545,3.978216284745117e-09
704,725,0.21526630545241957,0.3856572623776609,0.9942006202228191,0.9960862916744093,146356400.1524636,14424213.17894971,23692139.249253277,14250110.130417472,23406170.536896404,4.2168512944719584e-05,6.592121241715019e-05,4.237384276038934e-05,6.624220050634566e-05,2.1842163,2.3823686,33571,49555,35074,50270,3.3373682382446415,6.489676995978977e-09
705,726,0.8521733316100885,0.9510084365859178,1.3963622252111298,1.3966021331782947,150939032.92391068,52406693.66654608,59973530.262437835,51616031.31259795,59068706.67418411,9.080505372163489e-07,2.6730207291025856e-06,9.135890390597885e-07,2.689324370396682e-06,2.4543853,2.3934608,3096,9656,3222,9726,1.804827160781609,4.1936492100379336e-09
706,727,0.48620942366450404,0.5760876095779344,1.1344460886074452,1.1040429916372656,150563845.48182252,33906881.42377907,47452599.399626076,32298699.90128315,45201953.20792525,4.2791395474264225e-06,9.98251643862377e-06,4.363124162718676e-06,1.0178438491049155e-05,2.1590178,1.8278865,8974,25782,9609,26477,2.217785015042639,5.174236460726071e-09
707,728,1.0152062750334143,1.374032973591198,1.5186809104247416,1.7885560644904075,151167620.0366897,58720511.985024504,81315155.44092749,50489190.6682723,69916563.1989759,4.6623462614184166e-07,8.99503380172598e-07,4.952689416333849e-07,9.555190929946128e-07,2.6135044,2.5543737,2335,4788,2534,5002,1.615957337241301,3.456702556148522e-09
708,729,1.3570712843097894,1.549690813971625,1.8189336633356006,1.9600115365462045,150322190.59643605,88442110.75699213,64753282.217395,77873791.78991774,57015640.78413337,2.6332351917786835e-07,1.0827430243676636e-06,2.7707462968678595e-07,1.139285330301158e-06,2.3065701,3.5975461,1517,4131,1614,4255,1.5013733687494308,3.364062320599335e-09
709,730,1.3017669420990519,1.5576110727422348,1.7815472377744543,1.98219568894089,150663271.0719705,85636366.47726336,68248529.30781342,75904832.41964565,60492911.98467952,3.034337973132977e-07,9.22183180172597e-07,3.1843403104316325e-07,9.677712569353745e-07,2.2902474,3.4385324,1887,3935,1980,4008,1.5091030440825615,3.335290726370088e-09
710,731,0.7083607145208934,0.8168680531598844,1.241812678686685,1.2723208055584436,151917054.2372812,50781026.0558743,50416027.61200927,45517268.002637245,45190103.83758729,1.4003292754540217e-06,4.315965551237957e-06,1.4629863770063915e-06,4.509081482312645e-06,2.1191394,2.4614432,4538,12490,4756,12620,1.8215171490317277,4.220235506159462e-09
711,732,0.9910312834583614,1.2217237600202222,1.4555616244179197,1.5997405295725085,151240867.5450602,60544461.145196475,74256949.0506587,55121375.26941066,67605608.79659611,5.313411489354533e-07,1.3242974940009059e-06,5.51664706124762e-07,1.374951270597936e-06,2.4756093,2.4883134,2673,6854,2800,6943,1.6375037653518336,3.6323674870467346e-09
712,733,0.2726390045680557,0.4834661096758799,0.964722765026574,1.0371196472486823,150693158.32825607,14389880.985316357,30873280.1144997,13317043.709469203,28571523.361382414,3.3319460173027603e-05,3.516873248941207e-05,3.436827282726785e-05,3.627575557672921e-05,2.8551197,2.3598087,26062,34366,27454,35060,2.8377959578041425,5.4685654050654204e-09
713,734,0.8880107153455646,1.704145077578728,1.4046659610036845,2.063790365336843,150202585.4874339,51035500.60426511,100207341.11771059,44612265.54000384,87595427.8506175,3.142841160304959e-07,4.083034636559302e-07,3.3165738525029176e-07,4.308740156999326e-07,2.6135044,2.5543737,2024,2751,2111,2806,1.7129347232342305,3.2764764144295127e-09
714,735,1.1408465273465989,1.2279112278065616,1.6394316454313138,1.6819724074830695,149600455.6130637,62098483.03305482,71914332.32038759,56806994.3431472,65786422.94918714,4.6018506760798595e-07,9.63234865329257e-07,4.76874603506605e-07,9.981685126709146e-07,2.748395,2.5543737,2096,4924,2225,5011,1.5851244574789947,3.6704455079801155e-09
715,736,0.3701240105893968,0.6504707344849955,1.0456081949462421,1.183050620262712,143978076.63645884,21561778.29717197,28837526.916409962,22877868.748046834,30597715.398011778,1.1989264554334314e-05,2.154494913685543e-05,1.1708470020502572e-05,2.1040355721479933e-05,2.4714911,3.2476268,15262,21890,16411,22443,2.6304939536524574,5.221021222678331e-09
716,737,0.4898191774179253,0.6970934815676046,1.1299201821011238,1.2311386819401153,144228974.30912614,26649728.6881846,32964736.35430559,26532836.444314174,32820144.938530307,5.7409973331116204e-06,1.414523932984336e-05,5.751100937308631e-06,1.417013359318615e-05,2.6509132,3.0499585,8497,19297,9270,19852,2.3598697492218865,5.079750369870165e-09
717,738,0.4124749928458032,0.7842995392877176,1.1179878171286457,1.3263766360587277,146957632.297516,21052588.042525902,30602897.764405526,21031092.438393306,30571650.88044403,8.667739672937744e-06,1.471510121463782e-05,8.67128226022564e-06,1.4721115415856373e-05,2.8792825,3.7662709,10822,14797,11485,14906,2.47236309790983,4.711487820217788e-09
718,739,1.557766961203421,1.433877032504037,2.019213403386658,1.8700249780474594,146011564.9050967,85801372.81098777,68644419.0625514,81003865.61361468,64806227.62431473,2.952768111772375e-07,1.319620078219552e-06,3.021514890809145e-07,1.3503436658823133e-06,2.6509132,3.0499585,1477,6007,1600,6215,1.6464451133206863,3.847025828520125e-09
719,740,0.4842326324476064,0.7945572775155917,1.158308265031212,1.328030209417402,147469370.72828653,26937691.356001463,38417854.44713587,27176565.374850236,38758530.53426054,5.06264600862494e-06,9.917976439395063e-06,5.04479918324313e-06,9.883013616919775e-06,2.6509132,3.0499585,8335,15120,9177,15626,2.289648134711786,4.630762838009094e-09
720,741,0.5492350919362541,0.8005410876702072,1.2341253143012156,1.366687420040668,147792052.46782535,37487925.00686683,37195001.62708791,38252861.921312414,37953961.47275052,3.2021296179071642e-06,8.579361862903842e-06,3.176361295663173e-06,8.510321634208914e-06,2.1652994,3.1809008,7018,13699,7680,14007,2.1683956347295394,4.597530505064821e-09
721,742,0.2919095868192939,0.5535954837937871,1.0211192285673782,1.1287538102127554,145532417.61917186,15273454.731057052,23704032.77910659,15651997.47702439,24291521.976325154,2.2201026755074294e-05,3.733313934412197e-05,2.1984675785425322e-05,3.696932459869382e-05,2.7814472,3.3988347,18022,26257,19429,26737,2.9119061560701907,5.514872055583494e-09
722,743,2.07857628562453,2.2015672500348664,2.4728907489029366,2.5486787310998755,145395511.83673465,97417277.83494882,103973500.70859367,91296729.9711655,97441037.45571722,1.6790815752632196e-07,4.5750719009206057e-07,1.7232333977079727e-07,4.695374431314199e-07,3.1022799,3.0786498,1220,3515,1325,3638,1.5735497146363426,3.4682468585043747e-09
723,744,0.7127348107457285,1.1425535511428948,1.2908453489645033,1.5873460073261774,144574195.98182517,45905893.048160076,69692414.02927369,45255094.59072594,68704398.92852117,1.0276242072811814e-06,1.799943058545526e-06,1.033510067818675e-06,1.8102524826939297e-06,2.2446587,2.3701828,4733,8355,5082,8430,2.0640762768379384,4.230078555918251e-09
724,745,0.506690711825706,0.7968704639195693,1.1849713871119691,1.3430019347628055,147824830.70945266,33080281.662558086,34911727.54957332,33635503.88206691,35497688.910322584,4.163809522573765e-06,1.0198926704346847e-05,4.136179314478055e-06,1.0131248664401395e-05,2.2642331,3.3741453,8001,13950,8706,14310,2.2375670333454245,4.604972236454236e-09
725,746,0.39460096942337697,0.6961714480313463,1.1035255582569992,1.2546568052461258,145482484.79298362,19310933.480586138,58251971.900033586,19398576.200665794,58516348.62073719,7.139665966425542e-06,6.313024422982955e-06,7.126745638332633e-06,6.301600030415144e-06,2.9727993,1.7386665,11396,18468,12531,18945,2.5535786761022714,5.014074491012847e-09
726,747,0.9496726687093204,1.4959321602142939,1.4671714823994142,1.888365539658242,143425067.5999499,51381111.500542186,70346587.07771735,49468396.212778725,67727862.24643156,6.798720269710078e-07,1.673789178812841e-06,6.902675199021835e-07,1.6993820299471168e-06,2.6509132,3.0499585,3104,7196,3469,7423,1.912429126667542,3.9543787557405914e-09
727,748,0.4389435444069829,0.6707174917761498,1.0839757760006523,1.192387471386924,142736670.29540783,23634625.221345317,31389273.488480326,24070545.096688148,31968221.03082775,6.447449915767663e-06,1.6400610386241644e-05,6.400488108876532e-06,1.628115194795711e-05,2.6509132,3.0499585,9582,22444,10217,22589,2.4629825313207645,5.194402103800955e-09
728,749,0.20816366752251628,0.4666629988634084,0.9869741344321737,1.076167007149847,146001318.3590936,12231062.06885271,22163036.198647052,12644228.640763288,22911705.90842182,6.208625833602369e-05,7.16769237677456e-05,6.126666203458582e-05,7.073072177083122e-05,2.4848349,3.0741913,37359,36733,40283,37590,3.4177432415124573,5.924330591525463e-09
729,750,1.166645844668734,1.2378191394552294,1.6852630987986,1.6999645543975437,146502634.45018053,64474645.8368858,59457781.11506977,59595798.92892778,54958564.286780566,6.824596998270143e-07,2.1186863932575105e-06,7.042815938205207e-07,2.1864321515650982e-06,2.6509132,3.0499585,2564,7370,2834,7647,1.7562204106517485,4.0183430770159746e-09
730,751,0.48684066590005504,0.8439886264735705,1.1592897745731943,1.367131411428355,146716979.61792088,26944598.584379677,40599720.32671261,27264846.562460028,41082265.2161657,4.56063739062668e-06,7.727566459219992e-06,4.539134039162708e-06,7.691131074579387e-06,2.6509132,3.0499585,8511,13252,9071,13359,2.323000552685852,4.598085424082089e-09
731,752,0.5648471267840952,0.8495141307982085,1.1731110343568756,1.3400272894890728,143398218.47304317,31980821.03610156,38389847.2216484,32152676.92809146,38596143.40867202,3.4669100290155046e-06,7.941477121194727e-06,3.4594858630158397e-06,7.924470956068766e-06,2.5327077,3.1732039,7380,14228,7903,14449,2.2471540156709002,4.746150170234528e-09
732,753,1.6597908668283017,1.4185911019869133,2.115451398271227,1.8638215342886395,147174163.96983987,92148748.28426336,68453377.13610786,85868763.64941983,63788244.24366987,3.051729064658617e-07,1.1597878874498805e-06,3.1391181797402093e-07,1.192999497989079e-06,2.6509132,3.0499585,1553,5379,1659,5480,1.5822550003690663,3.777114346626038e-09
733,754,0.9325866413377609,1.254992642735909,1.5198578855836375,1.7389944891227158,147991438.37887463,29994280.936936874,85405304.82558867,28757102.78663062,81882580.70119251,1.6469491920493073e-06,1.3673469463882565e-06,1.6749333561016435e-06,1.3905802443241678e-06,4.6013718,2.1746678,3563,6654,3929,6902,1.7962705068186617,3.873065970240712e-09
734,755,0.6662280033159145,0.9963313975294447,1.2562783227258774,1.4739893397252288,143659029.86471012,34635096.09673569,44161163.745574184,34541485.42953294,44041806.31716898,2.2125331111683825e-06,5.27420727357558e-06,2.214929632909412e-06,5.2799200705204105e-06,2.7633724,3.2411284,5174,11222,5647,11477,2.1288128517556553,4.484428378759773e-09
735,756,0.5266428424105628,0.7763027112334231,1.126908577850285,1.251186075076985,128929809.73742853,24976505.508121695,29176202.737085827,25327496.578118253,29586211.519691393,4.467578805865292e-06,1.092008882370146e-05,4.442710211881081e-06,1.0859302597642812e-05,2.7185533,3.4304862,8909,18236,9687,18764,2.5492311461537747,5.704040597141089e-09
736,757,0.4459051743898938,0.656835386423406,1.0840007150836506,1.1770991029124227,126317303.81498417,17328641.94990125,21593760.8864272,18127140.69447999,22588795.06212289,9.109039415653906e-06,2.0900234491802433e-05,8.946366185626183e-06,2.052698891694241e-05,3.2504301,3.8422985,11791,23376,12189,23659,2.7609742744510104,6.238389413891564e-09
737,758,0.14327023501040712,0.26182780575401726,0.8934496683274316,0.8798874439735607,121633597.8791488,6036998.300605583,5088904.50958443,6787755.966641296,5721757.77242384,0.0002602999531578246,0.0008585781570798904,0.000248377369531447,0.0008192524877765248,2.8866124,6.2581363,70736,112764,70634,107464,4.568207154333224,9.608220206977933e-09
738,759,0.1893245639475108,0.34795196286478663,0.9217453725863682,0.9375176200197073,124002521.02674417,8471145.740851104,12223170.56756348,9216897.624875916,13299229.551599003,7.524981516231232e-05,0.00014187594416163884,7.275257904450491e-05,0.00013716765708818545,2.7713752,3.5299287,61188,95399,57192,84658,3.9199366042105037,8.183858877888776e-09
739,760,0.10916510274829622,0.20697446260256108,0.8822577500022697,0.852593155182783,124824040.29989782,4269135.677259941,6286961.328177505,4619597.9008169,6803071.054609033,0.0004366231523191503,0.0008828518584505318,0.00042305913162112344,0.0008554254134310489,3.1918473,4.1093602,94879,153237,97576,153247,5.11737747509207,1.0368139756024703e-08
740,761,0.5415607743692716,0.6441450037428779,1.159553157430303,1.1851286465745885,126834197.50153203,25750379.35366635,25103625.034125656,26014807.153128363,25361411.384964336,4.721560005230179e-06,1.6151426246505684e-05,4.702304207645573e-06,1.6085556365754217e-05,2.6674724,3.2544947,10618,34924,9188,25761,2.5652558548560807,6.228921213469856e-09
741,762,0.8190899260929092,1.1600089622394565,1.3702321522515213,1.6030741314405326,127908850.13429593,41639687.12426872,34547885.56596888,39987512.96198605,33177098.995857384,1.1893961115156554e-06,4.065073680302813e-06,1.2088147199041921e-06,4.131441875981338e-06,2.5160816,4.2947755,4032,8580,4374,8758,2.1889955915787724,4.980497273717087e-09
742,763,1.4826141150348766,1.8492284303695243,1.94183735374384,2.2379615069223298,123386359.94717585,56280047.0191489,59383612.37007617,55182265.299077876,58225293.43495744,4.632589590933057e-07,1.226165265569201e-06,4.6692357035686243e-07,1.2358648492577311e-06,3.2504301,3.8422985,2680,6341,2823,6321,1.9891466057197773,4.686054295690909e-09
743,764,0.9976422885352925,1.127733615234627,1.5088450996276985,1.5698126012383729,127151062.19757237,49654633.35715743,42369799.317128465,49008328.70409714,41818314.05590573,7.833964511478794e-07,2.7171886902101013e-06,7.875126789930142e-07,2.731465711417869e-06,2.5546715,3.3843098,3368,9340,3604,9436,2.0536273708103963,4.985149218342278e-09
744,767,0.6007776991272976,0.9215545913835443,1.2094427259794622,1.4167529288885736,129054136.56426112,32603302.365722302,41500353.984497145,33505153.939195633,42648310.07559448,2.083296734919039e-06,4.580770896268568e-06,2.0606826892271503e-06,4.531046936826795e-06,2.3780673,2.8657691,7046,14078,7720,14086,2.4255846491186133,5.387257329885433e-09
745,768,0.2432804187026974,0.5201153817050492,0.9646770058695443,1.0734477939075189,125771714.33420135,10857314.643655552,15891838.39034053,11591862.823779242,16966995.67845189,3.475758019923451e-05,6.243287743613527e-05,3.385924031426341e-05,6.081924542801211e-05,2.8181734,4.1163144,28697,36384,30100,37016,3.4652889241962637,6.8090810476704304e-09
746,769,0.7968002058706143,1.3308372303357672,1.3536980024682406,1.7494497948019805,128418311.074326,31480060.65461292,44479591.9511597,30741423.135138087,43435937.81635602,1.5427185324856937e-06,2.7253682644482514e-06,1.557440031586915e-06,2.751375281030159e-06,3.2504301,3.8422985,4748,7640,5157,7707,2.2136370794862845,4.81317675882089e-09
747,770,0.5817520788650414,1.0091548479635157,1.2063589860824544,1.4882210397770341,125925251.20855357,46508812.28874946,37408526.552503206,44898126.64883605,36113000.53144823,1.1644666126465058e-06,4.11078449801159e-06,1.1809998769092956e-06,4.169150006901999e-06,1.5751268,3.3970351,6758,11631,7237,11846,2.460683671533702,5.340606937101131e-09
748,771,1.2778239028356484,1.312615814653435,1.754759582503511,1.7465715702236684,122205869.3557384,48042128.618478216,41748280.816759504,46578927.85808471,40476769.37476422,7.057121642890958e-07,2.331530344725663e-06,7.144974857529302e-07,2.3605552710590974e-06,3.2504301,3.8422985,2834,8384,3047,8516,2.024150885833736,5.01981366323368e-09
749,772,1.123233084927711,1.141664592873581,1.615368540234324,1.5974376118530995,127056271.28411022,61204481.824826665,36216330.54183637,62206774.083937265,36809413.70622564,7.210143692702738e-07,4.122075188636234e-06,7.163448418167898e-07,4.09537926678083e-06,2.3317542,4.0052552,3066,10656,3189,10614,2.1123213757476442,5.162972227352905e-09
750,773,0.7402010777673588,1.1106410796358153,1.3080668899265229,1.5651121443769829,129007354.89216477,29378076.19093132,37290405.18803905,28943623.098137446,36738941.853265576,2.123304946248243e-06,4.825030539904658e-06,2.1359965893276906e-06,4.853871223183858e-06,3.2504301,3.8422985,5087,10656,5565,10698,2.2766225658823247,5.0790117708258816e-09
751,774,0.41091113219103637,0.6236948956419059,1.084309384748983,1.1883214512152476,128435989.83920203,19778654.725358434,25177274.88364579,20087502.950503193,25570423.799473017,7.873688028714906e-06,1.706958486425256e-05,7.825039191666507e-06,1.6964117712199247e-05,2.6683199,3.1816339,12633,24457,13391,24347,2.7614557065321668,6.183936048387413e-09
752,775,0.7523918075375806,1.045966360610879,1.3224232708477004,1.499864896628591,127093309.91330695,41670569.836276114,54178153.775595784,40744936.69786026,52974688.24320885,1.0720305684151846e-06,2.0165170043587103e-06,1.0817066160935245e-06,2.034717898300758e-06,2.2947602,2.4536703,4911,9566,5868,10323,2.1890349271447374,5.075845788616663e-09
753,776,0.4956858665651619,0.8346173542694892,1.1539531644306606,1.358745245129301,126248056.725693,18399684.703136407,35021814.20683187,18968331.69671697,36104172.39284238,4.755470938281228e-06,6.842403475201537e-06,4.697924469443971e-06,6.759602809722138e-06,3.4011114,3.0086625,8897,15196,9385,15265,2.609642091025825,5.705267267324683e-09
754,777,0.9335132337267857,1.2580823757091737,1.4655359941126498,1.6890827628631662,123390960.46699093,51579928.50193838,43752579.11549265,52216198.84995217,44292294.26339692,7.641036291222714e-07,2.2835660435298003e-06,7.603655907517112e-07,2.2723947086910585e-06,2.2331767,3.5480421,4262,8495,4623,8696,2.1776951169281142,5.07308069118073e-09
755,779,0.8457230052284701,1.068781894811576,1.4179918378903849,1.5603281864324188,124233606.90547112,51991033.861407764,42017997.92259263,52582497.60531414,42496005.773503914,7.532537417909892e-07,2.4108865948006756e-06,7.498531062583615e-07,2.4000024183743873e-06,2.0208719,3.1600418,4362,9577,4698,9616,2.189668019311315,5.2396945178701894e-09
756,780,0.5015047774775206,0.7469535381902976,1.1414044454425436,1.270421311449379,125496050.807713,21790564.062175695,30779035.408188425,22998322.789533775,32484987.05440714,4.780881504835442e-06,9.373925893573913e-06,4.67882608661333e-06,9.173824735140223e-06,2.8882625,3.0455704,9694,19235,10522,19565,2.633149879869383,5.981645660846323e-09
757,781,0.9299629915936379,1.6608110008888066,1.4408159878738875,2.022386240724796,129301212.98905842,45020435.70686429,63763776.44741655,45496392.55737954,64437888.231062464,7.266847013681629e-07,1.2719029136876291e-06,7.236342428215014e-07,1.2665637520040582e-06,2.6709058,3.3678193,4095,5823,4383,6084,2.1686705309536642,4.6196770854821694e-09
758,783,0.1524488629235507,0.2703630816098353,0.9256596323270823,0.921395987435925,129249691.48803551,7117310.139586317,11775211.889660835,7471160.162635743,12360637.972949449,0.0001613623717208717,0.00025721627287466833,0.0001582608180275355,0.00025227230686442276,2.7684572,2.9676192,60870,94633,64174,95430,4.221237848917073,8.76161569187535e-09
759,784,0.08647494178235904,0.16382631339765386,0.869046522759828,0.8236011315022181,120124534.83450152,1781359.5449860569,6936635.305727387,2111626.4604009227,8222698.611829003,0.0007450461053438416,0.0003965981833526964,0.0006960444016134438,0.0003705139094516954,5.8313675,2.8370469,101566,128090,92196,100875,5.861659206606723,1.2171468147370977e-08
760,785,0.26748475750953976,0.44426000393121395,1.0142848016919104,1.071751508428609,125539171.12979376,13772274.04778288,15411800.958095362,14989029.458072184,16773405.594555762,2.8002328436836844e-05,6.570464452090794e-05,2.7069921865303757e-05,6.351684637156016e-05,2.4382186,3.6187875,26117,42901,27933,44160,3.286857594834131,7.225285458847777e-09
761,786,0.870413821967098,0.9310401112530421,1.408671600542574,1.4016062479620393,121823738.01265256,32622472.14912001,29519514.580286123,31105838.459138967,28147138.810611162,1.5823245832702207e-06,5.638597060074095e-06,1.6127444578065503e-06,5.746997963998545e-06,3.2504301,3.8422985,3855,12393,4187,12622,2.1564654039102806,5.466055814420771e-09
762,787,0.1193109656013969,0.24125556487668215,0.8873981881960548,0.8701399052048882,121881003.70872957,5383257.917247593,6280862.278594878,6020800.090783997,7024708.226593883,0.00020373517820660269,0.0004914867237953216,0.0001948150102266449,0.00046996788657356533,2.7012899,4.6815977,77425,110114,76722,106793,4.955330218272153,9.913495987313415e-09
763,788,0.6502376537761827,0.9559650916412439,1.3072916633866436,1.5152302239461832,123596193.44753031,24725004.498016834,30750772.32952547,25755255.866335195,32032107.799934834,3.2208280842080054e-06,7.501569619594564e-06,3.168660781548448e-06,7.380067744134061e-06,3.2504301,3.8422985,7001,14305,7477,14732,2.3564228667971614,5.468587303385698e-09
764,789,0.6145783884557423,0.8620860636006069,1.2119170517179882,1.352063152741995,125801856.02343257,23786114.317493707,28225820.261723883,24835645.334939893,29471247.466105606,3.6463904789628307e-06,9.295357201008745e-06,3.583953735938391e-06,9.136193822257044e-06,3.2504301,3.8422985,6665,15310,7290,15721,2.489264760063036,5.718942960906239e-09
765,791,0.8997990613060682,1.2779791919327133,1.6703657131123393,1.7214027496180968,150930037.60918257,49281561.181500115,86992141.1180128,48032295.640597425,84786929.23708576,1.2308208408629698e-06,2.6419795006291833e-06,1.2435271932211439e-06,2.669253918922694e-06,2.7557306,2.2172744,3423,9488,4148,11066,1.79065572902962,3.819412497436223e-09
766,792,0.5420382454202667,0.7709963296037341,1.5073158256588046,1.3629751395884642,150589441.9852189,29022771.854042925,32786461.80091421,29267765.84948689,33063226.76028724,5.531868120444111e-06,2.2563011106436535e-05,5.5132989796580735e-06,2.2487272545670067e-05,2.8124549,3.5412149,5890,19726,6200,20084,2.1783672978912305,4.618411144891359e-09
767,793,0.8073296543274364,1.0797738915371553,1.591086652538648,1.5256567737300033,151638098.3517758,44453298.07622838,85440424.44288127,43645828.04947587,83888445.51676573,1.0880709272160145e-06,2.0591705579451036e-06,1.096078619714769e-06,2.0743250889761857e-06,2.7539449,1.9163629,3358,9315,3517,9565,1.8566303300114175,4.074141032903233e-09
768,794,0.11996215557698424,0.252555333057942,1.2188650479734275,0.9620140036100994,149829165.6225088,7301447.8795325,17321172.93046189,7290104.471679593,17294263.044603262,0.00037173439266286655,0.0004458807302466577,0.00037196565234395347,0.0004461581171054334,2.4616802,2.1846185,82405,115681,87081,117697,4.539332387685733,7.668341958058285e-09
769,795,0.5921185038184068,0.683763449847944,1.4472416898508926,1.198538956367581,151884283.23122603,39211746.995915994,45232390.37589186,37759367.151543245,43557009.472776584,4.084975638564789e-06,1.4600383058508679e-05,4.147114868986878e-06,1.4822479013881915e-05,2.2935345,2.2959857,6747,25051,7157,25553,2.0560354862361576,4.7969357444895205e-09
770,796,1.0161921036241055,1.3188929560493508,1.774959177151893,1.772808954920487,150792192.38185534,77747774.52330051,62741779.329107255,76499991.28328368,61734829.08293356,7.321698836867736e-07,3.969476829319736e-06,7.369236481692412e-07,3.995249479063509e-06,1.9709096,3.1697979,3026,10725,3205,10804,1.7416471960350886,3.810111415029208e-09
771,797,0.6708339499397917,0.9799905485351632,1.5152830166268354,1.4639752983627619,151315856.8289995,55779595.52911871,47207896.82904612,54935464.40650671,46493484.06630654,1.6113140097920516e-06,6.29928862770974e-06,1.621172422249316e-06,6.337829213282711e-06,1.8198019,3.1411717,4634,11154,4942,11193,1.9756497588755013,4.1791235715183305e-09
772,798,0.46232738863546674,0.5591621767952301,1.3746073823021958,1.1168308308468586,151819914.0056372,38635747.053921536,41901973.94588246,38467849.46653945,41719882.46665619,5.194644468547218e-06,1.643811275429784e-05,5.203701683143622e-06,1.6466773717656744e-05,1.8167244,2.0259655,9667,28365,10087,28623,2.2724473124491276,5.220183094591137e-09
773,799,0.9225655759771714,1.3940635298613855,1.71237972145758,1.8402550142753364,150586081.42283848,60572681.57161194,91431999.86668742,61606010.59305955,92991768.00803252,6.83873302159076e-07,1.5083817287288651e-06,6.792617118482985e-07,1.4982101976233245e-06,2.2935345,2.2959857,3108,7303,3404,7500,1.8204301611694158,3.7908196215200535e-09
774,800,2.3628131797268774,1.523640559111585,2.906066603088959,1.9350814229987683,151354179.16012618,155925995.1512782,100440244.97165188,145953500.5268972,94016429.60924534,1.6039906987160187e-07,1.1213896214308161e-06,1.6469615079275505e-07,1.1514315783529284e-06,2.2935345,2.2959857,1077,7638,1110,7752,1.4196701586251868,3.6311195397084265e-09
775,801,0.7710312311341064,1.2185490734585323,1.5807612901099695,1.6658273759972355,151147921.6024285,50812302.18097084,80218774.8050095,47811549.864283115,75481404.83738518,9.572980705136396e-07,2.090926700847966e-06,9.80892928516269e-07,2.1424624973987137e-06,2.2935345,2.2959857,3681,8353,3948,8614,1.8804578909867598,3.879807922974233e-09
776,802,2.0971514255692982,1.8337965627784514,2.6895763805876105,2.244777815628853,150730953.37546515,137824669.19454503,120388338.74455184,130813951.9706229,114264554.04818192,1.3395290780483725e-07,6.336039264935667e-07,1.367795915790568e-07,6.469742815508123e-07,2.2935345,2.2959857,1060,5195,1120,5292,1.5005162099203309,3.5378082619603634e-09
777,803,1.892134645660248,1.1588841401693015,2.516882115559579,1.65049520891738,151082628.10013434,124641105.23982382,76257993.05298048,115819397.6047949,70860690.78858659,2.4659471643370707e-07,2.5261194308860666e-06,2.5394271761959837e-07,2.6013924490686925e-06,2.2935345,2.2959857,1183,12309,1167,11942,1.4808208915359444,3.940215803313701e-09
778,804,1.739872253606479,1.2732752106976204,2.3630270530232957,1.6826009565795588,151702214.6194403,115081100.3832815,84128864.25331981,100394569.13129671,73392425.42943572,1.6599299224836535e-07,1.2467319887767005e-06,1.7531023343455477e-07,1.316711464877653e-06,2.2935345,2.2959857,924,6962,915,6865,1.4396215343136443,3.7197252863651912e-09
779,805,0.9552612170462274,1.2735044714645385,1.7806499263650648,1.7630395923060553,150834348.39149287,62822775.59671859,83662636.54299162,60506887.29003073,80578511.08313674,5.035922136259072e-07,1.793995377850939e-06,5.112154021368756e-07,1.8211522015331314e-06,2.2935345,2.2959857,2191,8222,2304,8199,1.779924646003724,3.878594979688563e-09
780,806,1.2537151755056382,1.5404853703058867,2.0142992392507453,1.9918592663225683,150661387.7837207,104700373.7484612,101085848.98886947,101120416.98146726,97629481.4881723,2.1068636374403382e-07,1.131159267206903e-06,2.1363882452278868e-07,1.1470108074376269e-06,1.8040668,2.2959857,1686,7259,1729,7294,1.6646987550704966,3.686994198091953e-09
781,807,1.8859615026480698,1.2185314826011784,2.5081408420435123,1.707198159193663,150913897.37881064,124095713.6991043,80093414.8318625,117657136.4356911,75937851.15997015,8.629406395568997e-08,2.0158773329930106e-06,8.815284336414883e-08,2.0592994538757448e-06,2.2935345,2.2959857,442,10293,438,10221,1.5043462465795645,3.914567803345843e-09
782,808,1.5394023076428043,1.137825339181529,2.178655358280087,1.576711701768912,151726361.6695929,101837539.95608875,75191277.94632338,100402542.92152724,74131754.504139,4.469926966904515e-07,3.001876722678339e-06,4.4953726838852907e-07,3.018965347629487e-06,2.2935345,2.2959857,1834,12762,1942,13028,1.5287123701309397,3.957156216055822e-09
783,809,1.3892105156400216,1.2094743251192668,2.0479232373149614,1.6236005640862048,151840135.58524427,99147150.77027251,91131570.22402748,95656817.51535812,87923413.9870168,3.063273650163895e-07,1.468241691048771e-06,3.1075027334465314e-07,1.489440901909009e-06,2.1275237,2.0151825,1695,8947,1776,8987,1.548207264917821,3.845807832276683e-09
784,810,0.6543798717980676,0.641181793699303,1.453405165039601,1.1255109200622337,152149092.76538366,59537898.03989161,46987923.96033667,58047764.61865884,45811895.27620798,1.6329204584293925e-06,1.114937924095659e-05,1.6495604273928814e-06,1.1262994894171034e-05,1.6722677,2.0761766,4267,24193,4446,24451,1.9318678875888962,4.818545992662971e-09
785,811,3.9871480938666943,1.869669666576213,4.402142486607503,2.266637072454293,150525455.87574416,302091538.9641503,131599711.51440342,295632855.5998983,128786124.37981205,2.6287523617580556e-08,5.104324635428948e-07,2.6515756441692076e-08,5.148641264247755e-07,1.9867067,2.1385524,305,5606,311,5610,1.3735279905096014,3.5072186673610567e-09
786,812,3.16204147424956,2.3346658689231923,3.644908378737634,2.6769254805368323,151259615.02460283,208538034.23790488,153807865.8523012,186294268.52026412,137401908.320133,5.0795228415293285e-08,4.288336345913907e-07,5.3139471433567596e-08,4.486246717666344e-07,2.2935345,2.2959857,613,5188,623,5254,1.3523156358211053,3.260628175542108e-09
787,813,0.5539726620016223,0.6667803181193701,1.426610318075302,1.2099695213419541,151576244.350378,38322926.31074412,49546657.46893551,37789577.263783835,48857105.154301435,3.792072924496504e-06,1.0238440771068853e-05,3.813390960279456e-06,1.0295998589988769e-05,2.191093,2.0398562,6964,20974,7340,21287,2.1210309809459815,4.8450741216899505e-09
788,814,0.7509655237965644,1.535571489549581,1.691832251850473,2.078822790900105,151151548.2371924,49875813.83834593,92534130.81983618,53103621.87598896,98522652.8755293,1.0476725646107628e-06,1.3666965474833933e-06,1.0217200412175279e-06,1.332841290298918e-06,2.2758446,2.508307,4219,4921,4466,5286,1.9601687556789464,3.7107982800861933e-09
789,815,1.0860942945836924,0.8377359087148795,1.9334617251682527,1.3449289721532398,151581251.0353171,55556486.84041504,55476399.60718507,54956969.18966734,54877746.18872871,7.233811516916264e-07,4.264428374634307e-06,7.265273854770839e-07,4.28297584244787e-06,2.9633179,2.2889924,1827,12475,1597,12188,1.6323338484093592,4.321922045731378e-09
790,816,0.5810586232876679,1.3088114077769986,1.565759259733036,1.8823118683957394,150925741.12430844,39216297.16909027,78751656.67946267,39760920.00447623,79845333.38145165,1.542546465009317e-06,2.7797929499073953e-06,1.5340599041735722e-06,2.7644994838658255e-06,2.2362311,2.508307,4739,7745,5084,8168,2.1522524256274145,3.877065072165711e-09
791,817,0.7335800610259571,1.3551124877570992,1.728759118026466,1.943167931782101,151065172.74093458,37384415.52632483,81612937.35034181,37291617.01765577,81410351.3591584,1.6180523722837582e-06,1.8510948873720263e-06,1.6196617516890655e-06,1.852936060154834e-06,2.964294,2.508307,4233,5881,4375,5915,1.9660450021546862,3.821402278358561e-09
792,818,0.9781697957658818,1.417077672896561,1.947676216324833,1.98394330547718,151200602.79682878,49893790.142763235,85421361.2416213,48706128.47255615,83388008.46819401,1.0729028941759455e-06,1.991650746412842e-06,1.083292088045247e-06,2.0109364113474255e-06,2.964294,2.508307,3076,6903,3184,6985,1.7773190447414902,3.7574505586073965e-09
793,819,0.8486518922644082,1.8185668280010185,1.7076914746728717,2.3078462316082624,150494376.9736216,43085246.53553836,109111078.41460738,42425771.765720576,107440993.89361732,6.742139573147426e-07,1.1639992360630783e-06,6.783866163490954e-07,1.171203139031333e-06,2.964294,2.508307,2563,5306,2605,5315,1.9040269417850522,3.5635691027758685e-09
794,820,0.6569264952714551,1.2584535896471527,1.543117650494469,1.7851108397146418,150340650.68944803,33317463.367078014,75428060.25339983,30624304.623819664,69330965.23387954,1.282203638711907e-06,2.255536335734962e-06,1.3261702529866163e-06,2.3328784154653505e-06,2.964294,2.508307,3093,6718,3270,6798,2.036135585711918,3.884414828324299e-09
795,821,3.399982497097591,2.1547891572958946,3.8354174527454177,2.4712229222400452,149690285.94936466,171691590.71717355,128593112.85110354,150397280.76746276,112644156.98779441,4.296760766897649e-08,4.183253415839146e-07,4.530485971853451e-08,4.410804311744622e-07,2.964294,2.508307,327,3959,350,4027,1.3031825798922803,3.259664816229894e-09
796,822,1.226535293530019,1.2957699104350744,2.0390257114352788,1.8169537930323891,150819957.99775827,62404741.72027659,77912298.40150225,59696027.51139785,74530469.65085177,5.112540107139776e-07,1.6664895950069602e-06,5.204099497832821e-07,1.6963344018383141e-06,2.964294,2.508307,1648,6445,1698,6541,1.6444091619448484,3.797784212815571e-09
797,823,2.8543081722243455,1.668621215946824,3.445114742273418,2.1304390174753483,151572233.59046468,145948365.78947997,100831614.59801263,138098840.35526448,95408598.59451886,8.659896275477723e-08,9.746284319872773e-07,8.853528143427814e-08,9.964207396361993e-07,2.964294,2.508307,415,5674,426,5666,1.3753403372110462,3.529195446567703e-09
798,825,0.591843604630125,1.4539613052250746,1.5289415099468053,1.9761879282563892,150499860.47104228,30048429.71632116,87238513.2946917,31881799.49741388,92561269.11028329,1.2691302580969706e-06,2.079012242752568e-06,1.2394179471657706e-06,2.0303393364119204e-06,2.964294,2.508307,3398,6687,3481,6739,2.192159058503275,3.8470177244564695e-09
799,826,0.66551758029126,1.240464164677287,1.7077610843570104,1.8459638248358472,151244517.8357044,19258762.486173354,74796826.89522697,19161884.185857702,74420572.73747328,4.164186532004428e-06,3.0380101988314724e-06,4.172595080433527e-06,3.0441447117041883e-06,5.2264981,2.508307,4393,6725,4514,6862,2.0192253840280627,3.915943866950384e-09
800,827,1.5790729359998967,1.31215772014464,2.2387330197256206,1.8253084644351523,150424574.868724,91945526.7749848,78690832.98554426,83831950.4780818,71746894.55058856,4.1752413314640626e-07,1.3418258408325584e-06,4.332414461511004e-07,1.3923376437772684e-06,2.5833924,2.508307,1721,5732,1755,5809,1.6313988448826666,3.877798291388057e-09
801,828,4.107970254748304,1.8190852300180416,4.580855266378464,2.1803261123337965,151330772.8843479,209716820.81364813,109748756.35284357,190875987.78565502,99888994.1008151,5.754052441637605e-08,8.402019556358122e-07,5.974844443777022e-08,8.724418202995217e-07,2.964294,2.508307,358,6627,390,6730,1.2586801266544356,3.367606321955487e-09
802,830,0.5399894915600263,1.1149819543043056,1.4762946685129492,1.6279177697707912,150351930.51970544,29847448.495321937,66833800.37781912,26135802.997129045,58522759.17313007,2.3541108916642075e-06,4.327784997427271e-06,2.482535468577499e-06,4.563880059573378e-06,2.720114,2.508307,5519,11099,5654,11272,2.1513108197128856,3.979853419855362e-09
803,831,3.646116825839649,2.65166882004291,4.174290790708702,3.0715056499007316,151036305.55769202,185776449.63912463,159668757.50927043,182822282.608373,157129747.9620903,2.517690841473243e-08,1.9992522959918168e-07,2.5338856547942662e-08,2.012112301351438e-07,2.964294,2.508307,334,3113,333,3125,1.383470819097272,3.2353580331146435e-09
804,832,1.0453377526071757,2.130511447999882,1.9518936297325313,2.6206346979166972,150942270.9998645,38333848.38668619,128207686.04174523,38156281.422275856,127613812.72657834,1.135111035592587e-06,1.373053159052437e-06,1.1372210684750219e-06,1.3756054973031342e-06,4.1160922,2.508307,2824,5709,2927,5810,1.768138661117604,3.408758352800629e-09
805,833,0.8898223599679411,1.7810978005162417,1.797226886364446,2.297475240061821,150785872.46931115,45262933.05942914,107069982.18480138,45629495.08634433,107937088.82236513,7.032578691963241e-07,1.0584942044879452e-06,7.009925661756848e-07,1.0550846299580564e-06,2.964294,2.508307,2598,4707,2748,4888,1.857128285831256,3.552928884001463e-09
806,834,1.0158306843211633,1.331969543401037,1.879000728836667,1.9153833977029027,151204457.49693835,62171122.00026251,80293094.98893018,64726999.38743584,83593973.26208569,6.853240014251799e-07,2.0145722046884e-06,6.743684350629178e-07,1.9823673214008823e-06,2.4705703,2.508307,2677,7831,2762,7997,1.7899037737807717,3.849621800345189e-09
807,835,0.8001548571699045,1.6209904078729793,1.704695529199725,2.1128163063846075,151304669.2758052,36696591.148340285,97780462.10550532,36244032.01529891,96574588.75939608,7.512634311727832e-07,1.4155633764728868e-06,7.550017123427661e-07,1.4226072091627397e-06,3.2991393,2.508307,2221,5637,2283,5658,1.88542534780243,3.59383420310022e-09
808,836,0.8692845125027802,1.2637507131104233,1.687797182645053,1.7846892282418414,150350928.87982103,41950805.301118724,75750732.90019459,37579403.398607746,67857275.41970895,1.2032717930872106e-06,2.4551458328267963e-06,1.2574186704514008e-06,2.5656266743831313e-06,3.1155,2.508307,3338,8540,3395,8604,1.8514205247191051,3.86741552133392e-09
809,837,0.6944806571928455,0.8278300635019965,1.7185788492394167,1.4259731955583765,151549486.31098852,31451884.601150043,43850261.59274437,31123275.54051667,43392114.37984278,3.8742704323086645e-06,1.2145307024595114e-05,3.890581187528286e-06,1.2196439007611405e-05,3.3463237,2.861037,4171,16409,4706,17255,1.9307001417722451,4.415460060033503e-09
810,838,0.6658608011583674,1.2504946373613646,1.5893263294760045,1.809132297686579,150743857.24013177,33979649.044874996,69151389.52135839,33218619.43034601,67602631.46202461,2.0506361710821113e-06,4.271988727415224e-06,2.0693003801698038e-06,4.310870949407177e-06,2.9539571,2.7259667,4603,10567,4742,10705,2.054440733837119,3.93416603989786e-09
811,839,0.21109780870571565,0.49509000536127934,1.340422645581957,1.2668066371351079,150461183.3403179,12031208.121551255,31294687.758024618,13060593.190159345,33972247.98135399,0.00010581615891310044,0.00010082183289267082,0.00010239777680708541,9.756479206832018e-05,2.6399698,2.3803346,47834,50677,50856,53741,3.3798212329743675,5.57642947510139e-09
812,840,2.105593383873739,1.1407298827099235,2.814736035917966,1.6879139420401557,151357981.7792716,107512400.93962212,68834705.16259742,97960881.73399483,62719354.722758636,2.6077799902457627e-07,2.127657254068855e-06,2.7066574684218003e-07,2.208330234340268e-06,2.964294,2.508307,815,8040,841,8109,1.4497373966888611,3.960193130330572e-09
813,841,0.5936347480833211,1.3010316133348625,1.5853256402233393,1.8946443191521236,150711749.17498717,38683141.47704522,78172548.32747853,40115474.828129366,81067068.8817393,1.4503422973725915e-06,2.4365778538883183e-06,1.429402154608211e-06,2.4013983736998274e-06,2.3128352,2.508307,4874,7654,4890,7575,2.12803771480172,3.872277757854065e-09
814,842,1.307774553497283,1.5452012482411452,2.049448725226508,2.082586476228023,150518154.3019288,66404955.7956937,92724231.88640532,64832164.218279734,90528072.13920501,6.91380746810489e-08,1.231820405621732e-06,6.98041543887711e-08,1.2436878257014477e-06,2.964294,2.508307,272,5957,287,6043,1.6990238896335819,3.70459187635132e-09
815,843,1.729257328807299,1.9347159694971419,2.50174657609251,2.4169641698388404,151347747.20746216,88290568.02630858,116738064.14832534,85176005.72046892,112619980.16290206,1.44142519511228e-07,7.180040507582517e-07,1.462281296829479e-07,7.283929114266741e-07,2.964294,2.508307,796,4796,830,4886,1.5466161559379648,3.4652780841922593e-09
816,844,1.211152597160038,0.9859535078981535,1.9700888232322253,1.5758503180013486,150860291.09411186,61638566.67623149,59299453.06008242,65068201.726596184,62598937.35455967,5.972615352601196e-07,3.132980679782618e-06,5.844643647183718e-07,3.0658521511628776e-06,2.964294,2.508307,1408,8871,1451,8995,1.701036983947176,4.215226351101592e-09
817,845,1.5092792228336198,1.4168121386040038,2.2739906315095078,1.8781127591126405,151671060.0638076,77223777.28371572,85671091.68588199,71892205.28221607,79756312.45807703,1.3249439980781878e-07,1.485397120022836e-06,1.3634060478893041e-07,1.5285169938457865e-06,2.964294,2.508307,513,7084,542,7181,1.5294922586771507,3.6662544429326735e-09
818,846,0.7584950790252101,1.634629083042943,1.6636195947832417,2.1505024602119795,150611334.4389789,38537997.923750356,98151329.76540038,38965350.78426175,99239742.59943582,8.987746484644534e-07,1.616752696341303e-06,8.948186709546375e-07,1.6096365217622941e-06,2.964294,2.508307,3135,6614,3075,6537,1.9580048419102296,3.631779087351399e-09
819,847,1.6152872186281844,2.103626466272096,2.3486499758618136,2.531805446101483,151450508.05009663,82527600.13280262,127016069.8289876,81324669.02397192,125164670.0370049,2.247980261647271e-07,5.879226099127565e-07,2.2612222922129144e-07,5.913858472478534e-07,2.964294,2.508307,1374,4343,1421,4392,1.5451114635729084,3.347434344577809e-09
820,848,0.7269673439251524,1.176280070786767,1.625933166303161,1.7336421488732046,150590054.60186258,43655578.97029035,70619776.64092235,44563590.98725841,72088629.12983786,9.835874947873863e-07,2.587033314988041e-06,9.755214599576144e-07,2.5658180179910164e-06,2.5076761,2.508307,2808,7539,2891,7602,1.9979902428808536,4.017916209433135e-09
821,849,1.1162901750128116,1.8049373056535698,2.00982369547811,2.3216013683016725,150909352.46619907,56829257.64973495,108591938.7213233,50927521.98704981,97314632.91201994,2.803712079149021e-07,6.297618517349905e-07,2.929416935101582e-07,6.579973197937481e-07,2.964294,2.508307,1327,3547,1343,3565,1.7173090103889346,3.5157959686148487e-09
822,850,1.576949065224206,1.8951431414929925,2.2144690469581128,2.3071871045337318,150288501.7615177,79950677.08087382,113549985.45177996,71986123.82109654,102238325.06567942,6.079057132195931e-08,7.008242478162177e-07,6.339654171859324e-08,7.3086718380673e-07,2.964294,2.508307,345,4694,346,4714,1.5831270569273939,3.4534987031489493e-09
823,851,0.7093172973554066,1.445474559932864,1.642439393999904,2.0353627416699682,150687566.36575812,36057589.87456137,86837473.91363916,38376516.3227384,92422143.20661615,1.3218508248147423e-06,2.194706480221874e-06,1.2893027376097032e-06,2.1406659662949433e-06,2.964294,2.508307,3708,7430,3832,7519,2.0317697684089593,3.790843915296458e-09
824,852,0.5841655075665458,1.8125611946039961,1.560704593323174,2.3339449762859013,150664714.8696589,22363570.146303568,108873840.23120749,23223878.70223121,113062129.29484291,1.7846740993953444e-06,2.4882588523577873e-06,1.7579295782206865e-06,2.450970648540934e-06,3.9355581,2.508307,3442,7576,3492,7639,2.1679809007344084,3.5866506321586117e-09
825,853,3.935394172069751,1.5823810777413825,4.458723696606102,2.0968236546099495,151360523.2057211,200946100.7933839,95486727.83585443,188860974.21914127,89744047.64698584,1.0224031032671089e-07,9.916866211473152e-07,1.0480864399374158e-07,1.0165983426405073e-06,2.964294,2.508307,515,5971,525,6018,1.34993698411622,3.629396507300742e-09
826,854,0.6322940268718358,1.4041324211263748,1.6049143542080475,1.963945110405891,151025476.37555942,32214249.537238803,84542987.67853312,32503114.361544304,85301083.72710912,1.3018285942896702e-06,2.3896336744151757e-06,1.297188301781486e-06,2.3811159638000204e-06,2.964294,2.508307,3379,7525,3491,7573,2.0855432015639486,3.800981143124584e-09
827,855,0.697446947395775,0.7224780719851418,1.5275811607020724,1.2081470039994413,149381401.81060433,28881241.054416224,40560921.22219728,28218648.08446514,39630373.2168006,4.6534494900547174e-06,1.3359883039251948e-05,4.696851868919684e-06,1.348448967922956e-05,3.6073797,2.6608071,4664,18595,4921,19154,1.8920666545682874,4.634606992907085e-09
828,856,0.5821287544318262,0.5856230544407613,1.2658193691720168,1.1270140673426272,151121835.34978113,35585102.44675063,39374355.13583803,34016241.23081061,37638434.92125661,5.031488079106658e-06,1.5788979039595948e-05,5.123057226902541e-06,1.6076326109188837e-05,2.4721684,2.2476668,6814,24563,7294,25175,2.060364325594498,5.187889924408982e-09
829,857,0.6093228445331237,0.7170725741153559,1.3295176691271946,1.2842308618905944,151179604.99180847,52577621.82476446,50688755.35067108,50999416.49209255,49167247.50713352,2.0247750535821265e-06,8.121726454013458e-06,2.0496092570306802e-06,8.221340782407933e-06,1.7520227,2.1386745,5898,19759,6154,20222,2.087882103437644,4.87590913201536e-09
830,858,0.7666332227974906,0.7209559863008561,1.3982855946495663,1.2310937823234989,150487678.0540416,49365300.05448384,48140306.2102518,47251589.60143273,46079047.221906036,1.9437046014329416e-06,7.759781622559073e-06,1.9780278677137196e-06,7.89680915787253e-06,2.3370435,2.2537246,4313,18752,4569,18915,1.8995022108875792,4.824870604204229e-09
831,859,1.1503103234775554,0.989469072848535,1.7061490785443867,1.4497524783336724,151374235.7496189,74507533.16800128,66458929.675937764,70193946.78997788,62611314.25292093,6.22342390618365e-07,2.7886975087960267e-06,6.373670278227129e-07,2.856022455600145e-06,2.3370435,2.2537246,2435,11550,2462,11440,1.6453445130089843,4.231344882675913e-09
832,860,0.7189080727619972,0.9745166569832814,1.3866310583948527,1.4651973583969515,150987225.60897344,42691186.14605879,59710319.42462575,41690221.846066415,58310313.8618684,1.748567100115415e-06,4.1917239831081164e-06,1.7652406055418562e-06,4.231694272251658e-06,2.5425842,2.4642234,4520,11749,4786,11838,1.9358453695898565,4.3155366139148065e-09
833,861,0.8144984842154205,0.7645474514293088,1.4012513332147634,1.2324766563544367,150076626.03225905,57489955.56674673,48212623.491914295,57903320.43557735,48559282.39239956,1.6759351187554444e-06,7.216880025998306e-06,1.6711391101186426e-06,7.196227544557884e-06,2.1262355,2.3798892,3975,16243,4333,16670,1.8103684762070702,4.627307697832455e-09
834,862,0.3274060346697666,0.40417206139705536,1.1150667915354249,1.0095706860895879,150561094.15061274,22782080.64702706,24766578.42883653,21990022.50496032,23905525.81473939,1.88257181369067e-05,5.9962261463970964e-05,1.9094075543618623e-05,6.081701329176485e-05,2.1637449,2.4570446,14964,44166,15834,44413,2.6651766060648643,6.1709044255201486e-09
835,863,0.5213241568840461,0.6308655395826595,1.2657790753708336,1.204234093854084,151031899.61285836,41039824.50009365,41034804.10634776,39525526.42215782,39520691.272201166,3.286823850170855e-06,1.2426112880086649e-05,3.336626252761608e-06,1.2614395034684026e-05,1.9185408,2.3219514,6558,21214,6820,21304,2.1938042645213103,5.102569481748317e-09
836,864,1.0522358986495115,0.8341575072654546,1.6069419746742604,1.298463536913762,150162752.12802082,61188844.82410082,69595183.07369201,59414597.617213964,67577183.55864573,8.482018137533174e-07,3.0309120282549612e-06,8.582441155561873e-07,3.066796569919637e-06,2.5822785,1.7998284,2597,13835,2713,13909,1.6741480214434215,4.500845233069697e-09
837,865,1.0265472200971764,0.8946995684683895,1.6076492721053148,1.3813111131806812,150480967.26739427,66098820.422417365,59559618.640819445,62438697.868981875,56261594.529827185,9.197385400216114e-07,3.9115080737977345e-06,9.409365396433428e-07,4.001659940943386e-06,2.3370435,2.2605124,2822,12882,2966,13041,1.7306988580113702,4.459905398091017e-09
838,866,0.5353047320922365,0.7071067343944817,1.2594236180077143,1.2574136718190767,150756546.92710844,34562075.058317736,52428035.10375004,33955427.56356875,51507797.06547729,3.387762686261825e-06,7.5131987555377865e-06,3.4118444465122815e-06,7.566605994444634e-06,2.3349493,2.0332818,7116,18692,7396,18836,2.1598883746347757,4.858847157583617e-09
839,867,0.807143272585169,0.866235845824382,1.4933464482030403,1.4139690042025992,151091660.25539204,52182433.54001056,58073205.62518583,49983297.78951435,55625813.77370497,1.2932914632613732e-06,4.52200385508453e-06,1.3157584861821296e-06,4.600559978855526e-06,2.3370435,2.2537246,3557,13360,3725,13506,1.8957067941539247,4.5668120444596056e-09
840,868,0.583297668044608,0.7338382829611062,1.318468379347785,1.3213241683674166,151542738.08373576,36349171.42333168,59467667.629931964,36692670.70425858,60029636.45258772,2.665257363807373e-06,5.85663380144648e-06,2.6552488463788795e-06,5.834641095499935e-06,2.4318168,1.8700559,5924,17461,6119,17485,2.104065704931526,4.809857175585292e-09
841,869,0.5603192988374154,0.5862642705282644,1.2254551388005408,1.1039562790359316,149908737.0680391,37883462.38422373,37287997.71493624,37069287.85098767,36486620.64367075,4.616772456273714e-06,1.66605305681071e-05,4.657068641246817e-06,1.6805947269467415e-05,2.2172408,2.3569551,7080,25457,7551,25634,2.080810501064895,5.16811207009233e-09
842,870,0.9769939165565162,1.0749488533689038,1.5316428031645715,1.4882386052592387,149908381.56352764,62668742.292729914,71501124.34860149,59539455.1907335,67930803.0366278,7.045935450886638e-07,2.010347714795736e-06,7.191791849516742e-07,2.051963491681326e-06,2.3370435,2.2537246,2786,8796,2977,8808,1.7144223154059803,4.1059921094647375e-09
843,871,1.1494662984424573,1.0980441032870107,1.6711758079081396,1.5088909104218107,150183919.74556816,61753078.3793331,73006656.57958819,56843609.71318943,67202510.41709739,7.287517188296511e-07,2.0218935111650943e-06,7.533041800310156e-07,2.0900133669451883e-06,2.7955101,2.2588155,2363,8692,2548,8749,1.630547617026222,4.061550339468241e-09
844,872,0.5049222082189908,0.7321263792598495,1.1878522050890608,1.2086909906737318,149488059.85523427,29601966.944431156,54348028.414037965,29249238.8173232,53700433.66769967,4.749680509196223e-06,7.296594185174096e-06,4.772509458741197e-06,7.331664666268767e-06,2.5498252,2.0137649,8774,18174,9502,18483,2.1922054478695805,4.750778704266338e-09
845,873,0.6776750934375317,0.7488450533217712,1.3694134338155863,1.317163761635123,150909356.86026102,50559881.377846494,50554339.822356306,48192724.55814094,48187442.45205042,1.856012240810665e-06,7.203330464595077e-06,1.8919543914118165e-06,7.342824796957484e-06,2.0227008,2.2353714,4647,16956,4984,17503,1.9979600137556015,4.7815560517764425e-09
846,874,1.3119619451596518,0.9561431906303393,1.8486669869694636,1.4383512769242306,150975173.3997706,79264168.3775337,72739260.12453139,74451652.20258646,68322903.11141445,6.27381654128709e-07,2.333004977803342e-06,6.432989491273489e-07,2.392195628694407e-06,2.4989057,1.9845388,2298,11162,2406,11266,1.6175040394301552,4.354291682358512e-09
847,875,1.5730276918209078,1.5503390228255434,2.0865645441819054,1.9631709806910993,151267476.63246047,111678111.92967866,101087930.76607245,106712821.18221307,96593487.23868476,2.1899155348320233e-07,8.24559402897236e-07,2.2301185439585615e-07,8.396968676408674e-07,2.1306586,2.3199196,1660,5877,1670,5775,1.564893912851177,3.785993386787224e-09
848,876,0.7717727025188894,0.6496018843583665,1.4126282177850575,1.1843884825271556,150226132.10173884,49609871.60107147,43300400.80902451,48210840.326383054,42079300.79438427,2.2211140900248124e-06,1.054308378005691e-05,2.246674871138774e-06,1.06644145383365e-05,2.3370435,2.2537246,4374,22116,4501,22155,1.890332734733059,5.035812663211015e-09
849,877,1.1628663420395762,1.2033932534369987,1.736215864387689,1.6485319249715442,151008064.8650724,90439424.0132012,87837921.11373492,84508085.32818642,82077198.2299058,3.8007379851749864e-07,1.5119292228230695e-06,3.9052760816287247e-07,1.5535143580108158e-06,1.9416554,2.0688341,2154,8398,2341,8740,1.6749666912224537,4.063405976322984e-09
850,878,1.4109070702235207,0.8639200436584547,1.9122077305773686,1.3311378215297613,150278554.78547642,110794627.9131994,59433974.50689536,103666511.8692986,55610212.694478825,1.007583128806903e-06,6.601227853575026e-06,1.0347441361867615e-06,6.779174459984948e-06,1.9137126,2.1844182,2437,17018,3403,19532,1.5611623567174726,4.468395566390869e-09
851,879,1.2100558761202294,1.2014624602198434,1.7721346222670322,1.648553459232999,151307103.4356041,77154320.52952236,94292164.18383543,75001919.32342185,91661662.52790475,3.8070791473125797e-07,1.2252963850710682e-06,3.85041069647703e-07,1.239242507149515e-06,2.3730369,1.9279418,1996,8273,2078,8232,1.6419224982565546,4.025659064000177e-09
852,880,1.0988279349142516,0.8375877876841592,1.6341276392989257,1.2990174036181423,151001508.730956,69921464.04465167,53380016.18950541,65697357.27485635,50155214.03699498,7.794580256806091e-07,4.189580491655266e-06,7.991306322402313e-07,4.295320590476155e-06,2.3730149,2.3693702,2250,12341,2270,12220,1.6479251981244698,4.4622881179202605e-09
853,881,1.491142015522095,1.1419242386521327,1.9797496745335459,1.5627230612768428,150032557.65623212,103582929.25952967,50564201.481241494,100587443.08680555,49101949.279506624,4.532851268777484e-07,3.575675833509212e-06,4.5863715757672975e-07,3.6178945733173424e-06,2.1598139,3.3882828,1471,8043,1624,8166,1.5675899135482239,4.11205770748829e-09
854,882,0.878925124327806,0.783867700990439,1.4417601460963279,1.2385959165486518,149973761.90686986,45967185.26906495,43789207.03071243,44624914.53645972,42510534.63306028,2.0314498915979625e-06,7.245960516570559e-06,2.0556743638947145e-06,7.332366570947293e-06,2.8676045,2.6846704,3422,13885,3662,13952,1.751927327359154,4.5477215778536074e-09
855,883,1.656956104956424,1.4752927484283858,2.153528911767921,1.8928375974494056,151386490.9302025,107332520.92001256,99097907.6500063,104701025.23641849,96668301.84182319,2.2149853350776525e-07,9.206179923362247e-07,2.2370877175355497e-07,9.298044418544214e-07,2.3370435,2.2537246,1434,6403,1484,6396,1.532429814089395,3.8081343949570685e-09
856,884,0.9703030432931052,0.8613533711895919,1.5352237932811252,1.3207807318009477,149815024.40693983,78279746.2459116,58359234.32720834,75848130.32133159,56546412.36058441,8.07470353305388e-07,4.015490679586381e-06,8.177271130270889e-07,4.066496791323675e-06,1.8570062,2.2111955,3027,13486,3283,13711,1.7631555361819695,4.5144746482888965e-09
857,885,0.23028085011534738,0.32570201686029165,1.058272109763232,0.953977626447891,150080100.1845753,16877345.80395193,25804419.219242584,16590079.733749097,25365207.14235058,4.535220668486568e-05,0.00010946384452538394,4.5664708894208304e-05,0.00011021811197470599,2.0477493,1.8943031,30576,81279,31639,82551,3.176454148525849,6.86927906367831e-09
858,886,0.3815267271606489,0.7043000021013324,1.171751350177031,1.2550276678833934,151535064.6811589,20389392.589102935,44203941.385008715,20781295.04414992,45053580.876515515,1.1444916647554982e-05,1.4330704498346264e-05,1.1358090009037779e-05,1.4221984886181977e-05,2.8355272,2.4144034,14500,21413,14243,20945,2.5288118781457505,4.902653463174972e-09
859,887,0.5097784245712693,0.6077401248907208,1.1896744415639608,1.1117999627678745,149496939.7796326,29000926.739260536,49050584.35224362,28735261.97689832,48601253.475584924,5.923620330328521e-06,1.0167894601418009e-05,5.945466016836678e-06,1.0205392723431889e-05,2.6278579,1.8522774,8492,22930,9464,23047,2.180593438081188,5.121076482732126e-09
860,888,1.6110338020347452,1.3849451322765554,2.1277309410129353,1.8334876432403266,151162341.3931629,113273038.0995162,74648772.33219539,107439992.04432395,70804700.21862932,3.1748601973951427e-07,1.8896596453705574e-06,3.2427154350436965e-07,1.930046716403387e-06,2.1499171,2.8044875,1630,7693,1713,7816,1.5962338066681028,3.974736347392124e-09
861,889,1.2086620940857287,0.820626298001508,1.7371808683904613,1.2870100698873947,150008873.6330562,77580943.33150887,61752445.00970518,74946547.99940836,59655533.7594228,6.252884716972816e-07,3.5822726431680255e-06,6.339890988758772e-07,3.63211846654565e-06,2.3370435,1.9934632,1958,13796,2091,14044,1.6183883099131324,4.55098216982263e-09
862,890,1.4203864671979887,1.3558605975490465,1.9429615226855115,1.7900474801309265,151153642.99661273,70413335.1332359,86433985.53179675,65979359.00861805,80991178.03690429,4.6076775081836036e-07,1.438411918101744e-06,4.7291251198589417e-07,1.4763250949133877e-06,3.0490899,2.3710959,1791,7488,1873,7519,1.6049537585102414,3.913394181643519e-09
863,891,1.3432940060866376,1.343166780371756,1.890288717578871,1.7858213418913151,151293803.29893553,86961179.42584759,90167543.39338045,84029925.70616688,87128210.80024685,3.6650735625795706e-07,1.3211915126945152e-06,3.71568827983816e-07,1.3394371859989317e-06,2.3370435,2.2537246,1969,7686,2077,7764,1.6666019190010422,3.988804077296816e-09
864,892,1.1313722225216818,0.7757002585953954,1.666942647987987,1.2456109463204668,149829672.10908583,114736539.7109305,78462521.11152664,111235668.76320165,76068452.39255571,4.203487948867853e-07,2.295591776361009e-06,4.2559143360570754e-07,2.3242226621301262e-06,1.4774119,1.4812539,2584,14877,2745,14952,1.6486015127981923,4.645306291527277e-09
865,893,2.172229515553261,1.9710026621890275,2.6128896473337946,2.3417640687110928,151350032.11403233,140676460.21053308,132363695.28874668,139218570.99520957,130991954.7461354,1.0911658525211214e-07,4.405677266091868e-07,1.0957222245996353e-07,4.424074015619709e-07,2.3370435,2.2537246,1051,4425,1065,4459,1.490867044563596,3.597177418083095e-09
866,894,0.13577222532316988,0.34762698515523427,1.0474753488744541,1.006015002093056,151328917.95303074,7105730.060369355,19564160.902555875,7534766.114010414,20745423.111381605,0.0002254120900321983,0.00022850345071833753,0.00022018755928556344,0.0002232072693829904,2.8915064,2.6888971,62886,69666,63997,69763,4.240022404043632,6.635601121323049e-09
867,895,0.46017294490857275,0.6741634859234134,1.2216229050046203,1.237969290429285,151587712.3189647,29848209.4962167,45344892.87648934,30415114.689357962,46206125.6166768,5.201935803845564e-06,1.0740383091925746e-05,5.162933350321975e-06,1.0659855129227957e-05,2.3370435,2.2537246,8885,19635,9176,19646,2.316315882576721,4.962254227037284e-09
868,896,0.9109249986185056,1.4941881789203784,1.5441978626827666,1.918679989056303,151551896.53566495,59071391.3294222,100476807.28007087,59181212.379721515,100663606.13917822,6.276829085152507e-07,1.1707019572571082e-06,6.272167388876677e-07,1.169832496438562e-06,2.3370435,2.2537246,3373,6704,3443,6659,1.823345813229794,3.868463265543066e-09
869,897,1.3981841432377216,3.000321768867985,1.9257660908233665,3.2907092756597027,150874449.12018195,90263729.52816874,200855017.53907603,88950044.80560084,197931803.86984858,1.269410303872517e-07,1.778920469612953e-07,1.276876400232044e-07,1.78938327395726e-07,2.3370435,2.2537246,1455,2250,1602,2328,1.618453161699743,3.314478557373551e-09
870,898,0.817198429962076,0.7362674692522762,1.4305283094513697,1.2258095096340722,149942375.83112642,59318863.18723518,44458072.19684976,57494853.0060251,43091020.09964307,1.7472267254829935e-06,8.661918996020317e-06,1.7691913388675579e-06,8.770809101203094e-06,2.0656612,2.4831867,4165,18020,4332,17865,1.8325707008092669,4.758674113221045e-09
871,899,1.831008624433782,2.0344355831829257,3.110583895022134,2.3035929728988473,151522121.0334535,156126520.65436494,135208755.1465853,139188585.47176015,120540157.38885055,1.821044694310795e-07,2.134508881305163e-06,1.906644956441143e-07,2.234843881500438e-06,1.7770095,2.2798967,785,8550,1008,9209,1.3715324995326845,3.33348788929385e-09
872,900,2.478696940269246,1.0843144320580935,3.3118781807907736,1.4898287477336478,151005586.21575177,151776258.12227166,71817962.82925116,142223121.64809167,67297579.94003335,1.7802071041455977e-07,2.2892917754407106e-06,1.8271070095634493e-07,2.3496036164012407e-06,2.4661109,2.2798967,656,9294,678,9431,1.3317576428469147,3.988730978250349e-09
873,901,1.1963865238640834,0.8680721572252292,2.2613270569543227,1.3027750550459205,150755068.62985584,61261752.665199265,84907320.53250442,55813366.83014282,77355988.38224608,6.015797831122041e-07,2.6613702975767343e-06,6.244155520534009e-07,2.762395030934655e-06,2.9441099,1.5412838,1783,15781,1920,16225,1.5682137658071271,4.311938386535776e-09
874,903,1.4509646902060442,1.6182697983724428,3.0512385443389016,1.959061606645505,149912761.1854303,35050062.07716539,83476525.17561,36430377.880086124,86763936.38244697,4.165673171249256e-06,9.66972302306617e-06,4.10180716539464e-06,9.521471693253261e-06,6.2059269,2.9061978,2845,14797,3202,15872,1.4657740198365081,3.646470331079833e-09
875,904,0.17732661850724096,0.3755931948551555,2.035404645379427,0.9292398309774573,151433699.78905308,12447491.414062843,28983318.51787697,13385189.25454313,31166697.82541046,0.0001231629668133814,0.0001969320197644585,0.00011963632657461645,0.00019129308134675275,2.1573203,1.9624208,58067,104195,61401,107928,3.602483739482739,6.302435542944743e-09
876,905,1.4827900726287577,0.5694813866819752,2.8530576682993334,1.0509698872496227,151032833.1244739,90810995.40088229,37725563.28636853,84453320.22797209,35084397.68708178,1.6714570437684892e-07,1.9328864990072256e-06,1.720695024441232e-07,1.9898256997097147e-06,2.4661109,2.2798967,637,8500,698,8731,1.4532741128489746,5.204269030249888e-09
877,906,2.9972055330624348,0.8824691844591823,4.675229379612139,1.3427541179938898,151769418.70679763,184454049.28776044,58744694.50832218,181270485.80630228,57730797.19954393,1.2589165868099162e-07,7.836338044710279e-07,1.267714312702546e-07,7.891100969308838e-07,2.4661109,2.2798967,743,5148,783,5272,1.286478777945377,4.364193018113553e-09
878,907,3.5285000068970636,0.6224038142183836,4.310799227462784,1.0435311346567389,152459473.15338606,218138305.1643158,41620902.21210142,189918898.6434288,36236624.75379509,6.075721401925133e-08,1.286163063220789e-06,6.421897240314722e-08,1.3594446617771516e-06,2.4661109,2.2798967,326,7627,333,7625,1.197979389608247,4.8419804314403046e-09
879,908,0.3813915197866585,0.49807379248637,3.4490878593209358,1.0716628699947544,151631744.82040563,20299329.26566437,20459610.543057207,19423346.936122928,19576711.55312197,1.4345628050262524e-05,8.762755824453674e-05,1.4601000458651596e-05,8.918745234689022e-05,2.8489149,3.6913605,7108,34711,7563,35654,2.404087564154258,5.507087324572959e-09
880,909,1.7861878644293214,0.9946500420507409,2.9386820575353907,1.3608068001375884,149424162.06411615,159051155.68582132,54311233.57745925,148913494.6693408,50849524.21092831,2.998284795413201e-07,3.4355267129985844e-06,3.078321614743148e-07,3.5272353563042913e-06,1.6780741,2.7365379,1279,9043,1328,9331,1.3749885331352705,4.115852226053621e-09
881,910,1.3529919598225866,0.9120733344314342,3.049194276108871,1.3315374177945005,150789849.39364234,143663498.6311285,60323522.87490619,145723124.1420504,61188348.441634506,1.0498914626187468e-06,1.5694092093110355e-05,1.0439305093796936e-06,1.560498597840486e-05,1.4201064,2.2798967,2171,20726,2331,21704,1.5036016653534734,4.304839290661094e-09
882,911,3.0448678068963915,0.5368311903975262,4.5261603998441995,1.0668316210270221,151263698.0471143,186762876.12846404,35616995.75536223,179575830.4758339,34246375.53463245,1.262966649645139e-07,2.169158501833196e-06,1.282947694076971e-07,2.2034761557609487e-06,2.4661109,2.2798967,469,9191,507,9419,1.2674779453181604,5.383602646790838e-09
883,912,8.427770466518266,1.287297989043208,9.198286649665443,1.6574621755317742,151287123.97467166,517013713.94053096,85421243.19085391,472696941.22823983,78099205.6564185,1.3428312750525739e-08,6.433957262861202e-07,1.391839495166247e-08,6.668772164478625e-07,2.4661109,2.2798967,98,4248,127,6582,1.1434589230641408,3.9224031901778264e-09
884,913,2.8025201528381904,1.0341610672780104,3.878601961015012,1.4309980325680132,149746888.24471217,170174290.26837933,67925183.52639069,164150185.34964108,65520657.95709227,2.8123747542274027e-07,3.7575461040630912e-06,2.853213163381735e-07,3.812109317938957e-06,2.4661109,2.2798967,675,10387,792,11446,1.2716374418113976,4.090889627630086e-09
885,914,2.0235641358146443,0.6849892419632112,3.85382840028544,1.1855933043774263,151545234.76440203,124350248.00500844,45531385.4721596,119584588.34009321,43786418.407649696,5.822202875157554e-08,1.3821609740009669e-06,5.913926348549049e-08,1.4039356541417905e-06,2.4661109,2.2798967,225,6580,283,7267,1.3601063141822733,4.825563958474599e-09
886,915,2.1054910542934353,2.1394993806032243,3.6621167774358763,2.423984640668839,151359301.9109663,129226003.6471348,142038511.08124715,122483928.15901676,134627971.89484176,2.8526932072499597e-07,1.358973326275021e-06,2.9144955133519893e-07,1.3884148677914703e-06,2.4661109,2.2798967,1430,7733,1576,8121,1.3758291638900968,3.3125803557760883e-09
887,916,3.331850737754986,0.5908597600312596,4.53342198771991,1.0931310894537454,151075704.77400923,204111541.9457159,39152894.36987409,202485048.72303826,38840898.69959617,5.013056949472987e-07,7.941744097131597e-06,5.029125569197668e-07,7.967200194505667e-06,2.4661109,2.2798967,861,15865,1154,19775,1.2526894541436797,5.175848686903311e-09
888,917,11.321513098278785,0.8096897709663687,11.756629086311625,1.2284608548784153,150096638.6276148,689069198.076274,53305798.000942424,674025936.5530876,52142064.28266125,3.700831386359514e-08,1.009091843093211e-06,3.7336516006753225e-08,1.018040808095162e-06,2.4661109,2.2798967,213,6897,237,6990,1.1049318783922517,4.474360541649837e-09
889,918,2.653102115286962,1.1395373990337119,3.4860935904063464,1.5312622655454984,151187297.30175555,68712610.17229562,75566397.16798529,65548447.41249321,72086622.79743195,6.05981141362542e-07,2.494496283888565e-06,6.175167234183512e-07,2.541982029907007e-06,5.8375797,2.2798967,979,10720,1037,10930,1.3165017202493163,3.921375106456662e-09
890,919,1.7985780659730342,1.0581309357525666,2.9947938496227744,1.4431048344034496,150569284.63823935,109812828.27126218,69881244.20279863,99064072.15641019,63041092.0751909,1.4028305614154625e-07,8.500159759784039e-07,1.4618404637748702e-07,8.857717979044754e-07,2.4661109,2.2798967,1000,6843,1061,6954,1.4261183650373885,4.072577751371113e-09
891,920,1.424345175363873,0.9579733583403411,2.5913716849226156,1.340622208667142,149240154.80940828,86196243.02919151,62708144.760243416,82750088.12786506,60201051.958699666,4.519481886385993e-07,5.041294066974795e-06,4.5938477635718457e-07,5.1242461099007165e-06,2.4661109,2.2798967,1215,13583,1249,15070,1.4858987393399723,4.247770906345435e-09
892,921,1.4301040428590444,0.6790237730099067,2.641028158391975,1.126184299314701,149522565.40825254,86708519.59212291,44532445.92776164,80371851.34495702,41278009.830749616,9.482465037377059e-07,5.9705093171131e-06,9.77472099030738e-07,6.1545244316507546e-06,2.4661109,2.2798967,2061,16176,2144,14602,1.4905171169213371,4.866723364705028e-09
893,922,9.232795857460182,2.5030701034010514,9.76254577540715,2.7513533736300135,149507508.45798492,559736508.5041701,164142425.68760327,535479509.83960855,157029074.06552944,1.007609289433076e-08,2.2226294038995767e-07,1.0256247053643412e-08,2.2623686099512002e-07,2.4661109,2.2798967,179,4537,193,4605,1.1223164476745267,3.2056137588590647e-09
894,923,3.3590344039770965,1.063351058873672,4.442540585205844,1.509976963829377,149835378.99711913,204087412.68864688,69883696.44700332,195829409.7536279,67055987.659054965,3.5695228617272107e-08,9.024873748469337e-07,3.628987646785667e-08,9.175219382443722e-07,2.4661109,2.2798967,227,6687,247,6755,1.2528310521605224,4.108692038546551e-09
895,924,0.4234479969230371,0.5368418578574875,1.9619943505225805,1.0427696600320548,151308256.82797486,26523998.963783257,43421205.91932011,26219699.8928107,42923052.05346456,7.5455774582315275e-06,1.8625305041534206e-05,7.580485056827032e-06,1.8711470040264612e-05,2.4155927,1.8707128,9150,30202,9758,31102,2.326027240293217,5.352313574932533e-09
896,925,1.8002788920414903,1.046608678331917,3.110249094364955,1.4338816830930472,150425994.21533564,109812069.76548542,69054510.66817063,101944284.7223593,64106912.03574607,8.668356145499522e-08,1.0675728734779291e-06,8.930003395305877e-08,1.0997966886540501e-06,2.4661109,2.2798967,282,4712,628,8366,1.3965572985072228,4.1152029007772695e-09
897,926,0.7906183751860649,0.6613783851312521,2.705836907808763,1.1487993322729648,151322907.72525936,63752182.345082924,47398432.58428578,65494448.87978853,48693771.815844975,1.2572787085672055e-06,1.4876227192391615e-05,1.2437920787770514e-06,1.4716652256897283e-05,1.8766208,2.1114981,2105,26832,2262,23787,1.7658789244542605,4.917774603646197e-09
898,927,1.6520935155745913,0.7768146807667184,2.759688175758597,1.1486403149818523,152746903.44436464,112267334.76814204,68734471.90440461,101885241.72569531,62378146.763091385,3.795042922588829e-07,3.5936573777193168e-06,3.9452410671975866e-07,3.735885194769884e-06,2.2477791,1.7262959,1361,16578,1346,16596,1.3640765184838537,4.3699437346755145e-09
899,928,0.6368903856284848,0.6138844111555811,2.178632143819007,1.089412547459295,151454620.2794601,55836938.24784938,39236036.35418247,54968100.805679396,38625513.31089634,4.243120364770826e-06,4.340014650615244e-05,4.269821279610264e-06,4.367325297409553e-05,1.7275301,2.3696489,5048,40002,5325,39707,2.021854174187549,5.087235767114882e-09
900,929,1.133823015445362,0.6621261139512754,2.3942850848144923,1.1310078808990427,151341950.21941584,69581212.4106665,43952630.56286242,69462371.87751883,43877562.108773045,2.999880150853517e-07,2.2475738023918196e-06,3.001932050511905e-07,2.249111129113361e-06,2.4661109,2.2798967,1189,9934,1277,10349,1.6509941677501034,4.924485700624153e-09
901,930,2.4902646706446196,1.0315957309019703,3.623518446815075,1.4187124237383901,150548101.49274012,134060027.60765488,68119217.32914795,130930916.12800348,66529238.35679292,2.46516019789437e-07,3.7499587716243308e-06,2.488559255118509e-07,3.78555301006788e-06,2.7965429,2.2798967,862,14623,563,10505,1.305219298483332,4.133177640945595e-09
902,931,5.510183212354819,2.2845045814450566,7.001607653839815,2.5771879686204113,151596852.28255698,338722167.9662414,151903243.4987738,317422076.82435346,142351010.91033942,1.7788305145975625e-07,1.413916518340031e-06,1.8256485118712965e-07,1.4511301478329493e-06,2.4661109,2.2798967,739,6757,813,6990,1.1929444706361818,3.3522124547480543e-09
903,932,32.91137925376804,2.122566458050564,33.132112256996734,2.4290305176966793,151425655.06823835,2020844708.4439936,140976131.21514544,1939481326.4644308,135300140.98881543,5.702297556571102e-08,9.102321936231417e-07,5.796806603907886e-08,9.253182491334267e-07,2.4661109,2.2798967,373,6431,383,6613,1.1070247705833602,3.3771950732110246e-09
904,933,0.807260588075377,1.035696879793174,2.4382952500946775,1.4023485574908618,152168966.05206937,63395264.65792988,86405568.77419816,58299348.662077785,79460010.26248592,1.5233377846711965e-06,6.72762200274623e-06,1.575264409723308e-06,6.956949147877303e-06,1.9376843,1.8239672,4236,20266,4392,20606,1.743210533884876,3.989892667151842e-09
905,934,0.4097701191233082,0.633110026139424,0.9716144386475326,1.0319526883587233,139177749.29045248,19029409.978658106,33905837.09132433,18466000.338938743,32901976.46288494,7.354773327139702e-06,1.1665419589696058e-05,7.443724410711007e-06,1.1806505068019146e-05,2.9969864,2.59881,10175,19552,10750,19663,2.363989064381446,5.18212379846388e-09
906,935,1.2658262871668318,1.0312180783605827,1.6471757655919121,1.3576823755578986,141236954.3941292,84809952.67012644,57731620.767900325,81364459.66894308,55386213.312286474,3.885728284906115e-07,2.0739221629213477e-06,3.9507291712397105e-07,2.1086149589411886e-06,2.1080244,2.5228133,2186,10215,2323,10360,1.5405403556748096,4.1665613971898625e-09
907,936,0.6146550211840599,0.7814716028937034,1.1166260916521515,1.1499303527702236,140093399.4235488,40972928.13020549,52468381.33409898,39700071.697163045,50838409.55126226,1.1693699558363768e-06,3.186195016027211e-06,1.1842249745013645e-06,3.2266706466838258e-06,2.1016099,2.0865712,4716,13799,4999,13719,1.9855155032057348,4.708477168224501e-09
908,937,0.5498710457507471,0.7567218492275012,1.067290775085101,1.1306242155884263,138758362.38663206,39819312.2920253,45382054.262249045,38995603.18830246,44443273.32682478,1.4325605708450456e-06,3.8713404246548376e-06,1.4445887844780723e-06,3.903845374617583e-06,1.9161357,2.3137226,5804,13582,6071,13587,2.0894301609879076,4.826199671931199e-09
909,938,0.40282402929383937,0.5419292071295362,0.9710127240264592,0.9613882130919165,139896522.1744218,25367561.750671268,33934280.436015196,24570079.368876953,32867485.32765704,5.340190789134996e-06,1.1530290932157666e-05,5.408858748913544e-06,1.167855558883908e-05,2.2214859,2.2341423,9231,21355,10087,21656,2.373250471063959,5.531424711588967e-09
910,939,0.8811627016195266,0.8083762774064182,1.3250594007496794,1.169918987375821,141011541.98999318,26263911.020652566,47103922.4493335,24546746.937837504,44024214.94780801,2.490046031377432e-06,3.959838937978522e-06,2.5583122880254684e-06,4.068400537972476e-06,4.7309828,2.4199765,3751,12288,3966,12330,1.7281939335927772,4.602022972398955e-09
911,940,0.719758072381429,0.5606468701823075,1.243165944460005,0.9990871892575668,147811950.4488896,53421428.61269139,32474681.204879593,49945867.86769925,30361901.18134051,3.0660629634321996e-06,2.227508331197588e-05,3.1496873245984426e-06,2.28826180019366e-05,1.9915013,2.5518436,5567,31957,5708,32363,1.836563428927376,5.207157405506332e-09
912,941,1.0105194140948504,1.1111339528095407,1.4805518892261709,1.4551060175936055,148116647.9704931,61788754.02941826,71718860.70969889,56733237.34423477,65850868.99088858,5.235053485902105e-07,2.0136418432326308e-06,5.416888194658332e-07,2.083583817863758e-06,2.4223623,2.2947581,2335,9667,2469,10025,1.641847690909286,3.972126534880021e-09
913,942,0.8865045284873116,0.7953512901005336,1.3719689804946469,1.1777763091794526,148050588.3965435,54935393.73297178,41658780.76954323,51432541.86003475,39002487.10662396,1.3183463650301917e-06,7.320409864213709e-06,1.353552880465751e-06,7.5159018302974165e-06,2.3891249,2.8265884,3032,14980,3274,15366,1.6989172587252945,4.452321388595285e-09
914,943,1.4147282307884852,1.5487592323022459,1.838106058090916,1.8616231073249458,148887067.58722728,86954266.79773033,100485633.10273388,82878555.95232293,95775681.54167798,1.8898137286642777e-07,8.102891134124878e-07,1.9264533126989019e-07,8.259989453461365e-07,2.4223623,2.2947581,1289,5910,1399,6332,1.486376574937626,3.5801087332791444e-09
915,944,0.6582887889573666,0.6153164386324601,1.2425550794701419,1.0679300822255038,149486662.21397647,40623730.741729885,40083353.71669787,39082910.66552845,38563029.63516962,2.4535343455966494e-06,1.061584668640346e-05,2.491777751574399e-06,1.0781316607521256e-05,2.4223623,2.2947581,4366,20365,4558,20818,1.8961648722275102,4.979957750786375e-09
916,945,0.9403792258033019,0.5492053878254519,1.4252877452879824,0.9916962165445673,148556881.35641387,59085064.62726512,46879729.919749364,56231605.829903476,44615716.52480221,1.435332269927222e-06,9.423509135344264e-06,1.464034599646379e-06,9.611950983953892e-06,2.3643844,1.7403735,3137,28989,3288,29327,1.664017879981404,5.223213791875902e-09
917,946,0.8795775345985625,0.6587431665578753,1.3414799970386109,1.0521666416244015,146753384.85173488,53287231.41120673,42127660.183580294,51106221.297142014,40403403.724594004,1.0837730037592887e-06,7.384231603305913e-06,1.1020418393220377e-06,7.5087053745201045e-06,2.4223623,2.2947581,2442,18005,2553,18362,1.6946134625556795,4.848747877742701e-09
918,947,1.0147021640009417,1.0291779828845966,1.5072962787624207,1.3995182265258324,149197143.19352475,85961537.99400865,79266317.94264331,82028302.35333607,75639427.19461344,3.1316816232579846e-07,1.682608701675319e-06,3.1909043445069413e-07,1.7144282408552689e-06,1.7611442,1.9371458,2167,10624,2203,10761,1.6316521761268794,4.064401710701779e-09
919,948,1.8142947815507844,1.1204422486787358,2.2049132430472747,1.4769971866719074,149462102.47841904,111943747.04651083,72976604.45916781,108188397.82889996,70528476.34401932,1.9745574075604623e-07,1.4536209849955162e-06,2.001692790370767e-07,1.4735973917274322e-06,2.4223623,2.2947581,957,7770,1018,7911,1.3850612611773505,3.924754596696896e-09
920,949,0.823010854757628,0.789243645448253,1.325107707798985,1.1773594228937274,147958196.36795014,74763845.1955992,50904067.61755953,69292026.09693626,47178498.81273583,7.641747020055605e-07,4.703850192940592e-06,7.877637712276252e-07,4.8490518693639104e-06,1.6287445,2.2940223,3436,15328,3521,15388,1.7510730769375757,4.494881181818971e-09
921,950,0.31427561379280855,0.6138739312219148,1.0058842671949775,1.069343804818759,148536307.0651261,17975716.333084315,34159139.853484884,17670501.656692553,33579142.337780125,1.6397787253491938e-05,3.224343046953892e-05,1.6510498205220452e-05,3.246505718532888e-05,2.5969112,2.6693461,15858,29931,16615,31784,2.657726334233876,5.0403992058419315e-09
922,951,0.739977709396307,0.6194855021215876,1.2636776096568847,1.0445061680976067,148085240.54979742,40686161.02508847,33052395.61086371,37040842.18435785,30091031.908417877,2.7470748734027465e-06,1.4516727515449073e-05,2.8521794141654997e-06,1.507214520488371e-05,2.6932936,2.775492,4171,21967,4354,22327,1.818749932617278,4.971371567486908e-09
923,952,0.9647957522812545,0.8800406956575941,1.4578417388470097,1.2753618214714406,148592062.27278715,59182307.49524821,56985118.32325165,56195512.71719551,54109210.62316292,1.0563365370473926e-06,4.105756585671112e-06,1.078446000275487e-06,4.1916913906037654e-06,2.4223623,2.2947581,3402,14178,3527,14471,1.699928097665213,4.372058186820051e-09
924,953,1.4508795931932161,1.077486200129682,1.85176281905173,1.426115816802875,148408379.9698075,92776117.40119408,71629792.26026087,88387838.758332,68241727.568902,3.105011826313321e-07,1.994132293399457e-06,3.1657799938157864e-07,2.033159444343115e-06,2.3208849,2.2324228,1609,10758,1646,10990,1.4677064212061448,4.000652234606733e-09
925,954,1.1421173743330595,0.9503310388347395,1.6161293915165256,1.3343242384306557,149374932.6875451,57795694.32523874,53578906.19988227,54728371.673371114,50735376.16589109,8.438522887499097e-07,4.003821166093507e-06,8.62461298820828e-07,4.092115230582406e-06,2.9518411,2.6494687,2031,10872,2121,11212,1.5718018177921087,4.181450598131343e-09
926,955,1.259659189832379,0.9302931487837063,1.7255657934733415,1.3201453526458955,149565698.12887928,61402968.150526516,75682112.51539637,58965787.19488355,72678169.72792102,5.536735049732216e-07,1.8643612145900802e-06,5.627162377252971e-07,1.8948104234928767e-06,3.068285,1.8384786,1829,10701,1959,11009,1.521992855034685,4.205934991206357e-09
927,956,0.8075281702753488,0.6565804521272438,1.3469296051554305,1.091121928802177,149243518.42030677,76987413.64694464,56031074.913336664,72656137.83345361,52878792.89631802,9.231244380920716e-07,6.489639175626316e-06,9.447550388656107e-07,6.6417040418348425e-06,1.5654292,1.7488577,3736,24370,3949,24850,1.7548552054895992,4.832711118589911e-09
928,957,1.06542289579744,1.0703822056336179,1.5435476290594987,1.4442738798546626,148804254.32120892,65448285.562354214,69409244.4637199,63682074.98548791,67536142.04933618,4.5242771746957745e-07,2.0749773753988782e-06,4.574057619593131e-07,2.097808270348689e-06,2.4223623,2.2947581,1926,9583,2017,9765,1.6117884263801907,4.028907780936857e-09
929,958,0.8575480471543002,0.9012717649980266,1.36580140630736,1.2884358376651688,148656464.01086748,44959898.459162414,92286483.25998221,43118714.03367026,88507194.57195152,7.95431118870926e-07,1.5832555269585493e-06,8.088470132062788e-07,1.6099590193812363e-06,2.835417,1.4517822,3090,12273,3225,12537,1.7252718033771666,4.2813767592532325e-09
930,959,1.3248296734727931,0.6940222189184808,1.7106054615009372,1.0754560583321577,145482104.76500228,50669421.14212119,40053428.9333711,47503195.13948879,37550574.04920497,1.343597833337004e-06,8.915245301432655e-06,1.3787278337092504e-06,9.148345238770409e-06,3.8038526,2.5208282,1935,19666,1993,19955,1.4916164428396779,4.768205231460655e-09
931,960,0.8049067738731054,0.6487134697150656,1.3349998442590914,1.087721779341432,148846993.6139107,52101924.52971179,43650447.28764962,49999878.60100696,41889375.199903145,1.5111863090135445e-06,9.629793237244211e-06,1.5362855177424323e-06,9.789733933527648e-06,2.2994919,2.2120976,3362,22689,3453,22873,1.772293596105665,4.8890582538285115e-09
932,978,0.6863274070991547,0.9830459522003332,1.475325542977017,1.4273603617161001,150905179.52607524,50109488.91593947,65143211.03580338,48271064.46810021,62753227.13515182,1.484718208150824e-06,3.4096707301743203e-06,1.5070833558799967e-06,3.461032523388375e-06,2.0668812,2.27724,4953,10865,5298,11043,1.9400093881824112,4.11494723250234e-09
933,979,1.0984809699220275,1.2757164497911566,1.7427065791977587,1.6497121802557633,150736921.53104517,104839931.22502965,79326655.61443587,101512564.78099786,76809018.97613822,3.1113951203998853e-07,1.4088610117028193e-06,3.1517948166874587e-07,1.4271542707656161e-06,1.5793757,2.424123,2273,7005,2367,6983,1.6350403718059505,3.729086868887116e-09
934,980,0.8774608649631188,0.8194320286292296,1.6026549226034281,1.25559555826484,151984657.16097352,58871792.90463425,59706262.50951665,57071046.97224675,57879992.16768697,1.2071721150850002e-06,4.337861060995087e-06,1.2222660924158228e-06,4.392099868950245e-06,2.2652714,2.0858967,3441,14009,3638,14197,1.744938497391128,4.361023954950949e-09
935,981,0.7520772756360501,1.1576631407834876,1.5261549498905107,1.5628306147007454,150892093.968352,54905194.81561738,76707863.65196446,52088246.852920644,72772315.09480393,9.328163777189799e-07,1.8335161941449593e-06,9.52676913689372e-07,1.8725534743599114e-06,2.0668812,2.27724,4211,7796,4338,7739,1.857810226592504,3.872818289963404e-09
936,982,0.5987683136187065,0.8175259365437617,1.4314694701417066,1.2998848929086422,151234132.67672813,40538619.10184659,66428210.38960298,39390571.76782753,64546973.89139264,2.3688304090766706e-06,4.1013858701156725e-06,2.396208674242953e-06,4.148788516362956e-06,2.2337763,1.8612247,6667,14661,6888,14313,2.0646741539390177,4.454212213225214e-09
937,983,7.183101737015442,1.7871033486048735,7.461298745037029,2.117984512872298,151309096.62492397,525849591.54533345,118742422.07794525,488900823.64498574,110398997.90528448,2.6662713210605732e-08,3.7936638000174143e-07,2.7451156779276183e-08,3.905846300020147e-07,2.0668812,2.27724,264,4016,314,4055,1.1934414586835995,3.369286513311453e-09
938,984,4.805275087448106,1.5919877456541838,5.171850679341614,1.9366248937981712,151506194.4660418,352235504.32494074,105915935.50993232,305582209.09369105,91887459.25365904,4.670869988780163e-08,5.646043460478977e-07,4.944015281278897e-08,5.97621539765076e-07,2.0668812,2.27724,438,4843,451,4948,1.2362872374887568,3.477661685244625e-09
939,985,0.6246162268351919,0.9827949141157519,1.4684850895803585,1.4784819395684354,151042876.44115722,37050666.62297389,71951706.84186214,36270871.20827699,70437358.62119856,2.035853337658012e-06,2.886473831679846e-06,2.053249396988046e-06,2.911138314676571e-06,2.5463464,2.0631084,5322,10148,5778,10111,2.028585848384067,4.173832168901866e-09
940,986,1.0082324833729652,0.9829065264331515,1.6916988991166912,1.4101210393953294,150797007.12173817,73559351.6335437,65087282.17778665,70858120.57547332,62697160.67454254,7.215089876526847e-07,2.718863971291014e-06,7.323877148691448e-07,2.7598583039861103e-06,2.0668812,2.27724,2883,10283,2989,10223,1.7081161190925374,4.113940144024933e-09
941,987,0.29333795620955744,0.5684293014956986,1.2417629502418417,1.1006425217900468,150846209.6408667,24692154.599103045,39783110.61458738,24235519.170677222,39047396.050404966,1.1018756980887922e-05,1.7371274145467625e-05,1.1101336543430335e-05,1.7501462352923804e-05,1.7920234,2.1553218,17782,24589,18595,24374,2.782697787156853,5.122369998595164e-09
942,988,0.23080035874777333,0.417348763100578,1.2319529371704667,1.0055241744246304,151328577.55632108,16689127.20436416,24736035.235403754,17092029.11794403,25333202.229739867,4.849839852964055e-05,9.109260397209106e-05,4.8037831923923116e-05,9.022754012071981e-05,2.0927811,2.5532303,30716,49701,32895,50643,3.1552483080170433,5.921406172745791e-09
943,989,1.3003018960763786,2.161322915994229,1.9481933261814615,2.4802798933893495,151006881.5788511,80771770.50781676,175178589.0378404,76149114.55245385,165152928.55303678,2.3844307182430544e-07,2.890294344593425e-07,2.4413081787853236e-07,2.959238517004225e-07,2.4309797,1.8630966,2367,3856,2438,3856,1.604715635664918,3.2978214798619296e-09
944,990,0.6899764738482316,0.8270678874959794,1.4554866662552797,1.287251934801468,150746542.73682377,51462667.59247872,50001118.76974499,51631661.25089516,50165312.97850087,2.1109651002296597e-06,6.654418969879548e-06,2.108198653374141e-06,6.645698268418152e-06,2.0211072,2.4934967,5576,15380,5988,15300,1.9117739710332962,4.360264176237349e-09
945,991,1.0342381925469377,1.0904621528149636,1.75251395887599,1.5104477623961186,151042775.41994628,75579673.88140076,72327216.30200668,72554650.67361861,69432370.41776568,5.054085187857033e-07,2.1447179928469377e-06,5.137341796363237e-07,2.1800482137770644e-06,2.0668812,2.27724,2270,9023,2371,9132,1.6654616553159787,3.936374269797541e-09
946,992,0.9831139273954848,1.1735903667882597,1.7136264293481271,1.6257712312766128,151084094.27508372,63348334.23498388,107715603.24381386,61208784.85454674,104077577.79347073,6.393494011548796e-07,1.0566722809655274e-06,6.481967354014517e-07,1.0712945404716797e-06,2.3447006,1.6461017,3309,8171,3476,8183,1.7563755002093044,3.947941338090267e-09
947,993,0.4463769022039178,0.6190856973035344,1.3287761380132532,1.1192972954879723,151707231.93107355,34655383.04906611,40184607.23348505,34081996.654561594,39519737.73763889,6.132448323791547e-06,1.571085589302013e-05,6.173510154634116e-06,1.5816053111652753e-05,1.9540573,2.3372078,10492,23706,11132,23844,2.286557156044907,4.926277665811506e-09
948,994,0.7092823107873809,0.9517652812497719,1.5091528054254626,1.4152141999091468,151163980.944535,53212152.53161332,61694976.14236237,51201443.457998686,59363729.567584395,1.2746915419687748e-06,3.8021548641584425e-06,1.2944836015226259e-06,3.8611906959865564e-06,2.0149145,2.3319991,4363,11795,4532,11680,1.9329575231869756,4.199571452874924e-09
949,995,0.770196673918837,0.924763995959585,1.4607516282798088,1.3773430124456378,149834132.31094402,49423075.86031744,66370332.74305276,48325367.229749106,64896217.95360401,1.2940230131305866e-06,3.4020418330174288e-06,1.3057013192902497e-06,3.4327445992671888e-06,2.3349771,2.087698,3988,11983,4164,12244,1.9104880678845428,4.285024611753098e-09
950,996,0.4340311298876803,0.601904455968371,1.2110978309478018,1.132090049534079,150139044.02127722,31785086.79026571,47573261.92708515,31521091.183013603,47178135.36177872,5.5822865942069574e-06,1.2866191786234258e-05,5.6009409335614306e-06,1.2909186767543391e-05,2.0501759,1.899583,10364,26643,10838,26960,2.3616669528553205,5.083450310847116e-09
951,997,1.471951678133174,1.9913841899347802,2.0110636205676293,2.3620972615351605,150454765.39834407,92270022.82447511,109548055.30799168,86496170.26079805,102693019.39682569,2.207250409121127e-07,6.865555008489045e-07,2.2650464134831297e-07,7.045326929961334e-07,2.4001527,2.7349937,1561,4407,1646,4493,1.5583349649554228,3.385296059372719e-09
952,998,2.200097957430315,2.3610404770758158,2.6544739870285428,2.7053782591875755,150314014.64204684,137785215.3269739,129761714.93252046,136583577.67333475,128630050.97065285,1.0112430870725072e-07,3.444334373651061e-07,1.014792431903107e-07,3.4564235840103293e-07,2.4001527,2.7349937,958,2910,1004,3001,1.4434110649203769,3.260489084817472e-09
953,999,0.07170765718338507,0.17628075466801574,1.0503579035107324,0.8431466440540848,144981383.2493705,4045755.413328708,8432394.016149675,4224378.592305075,8804690.62621753,0.0015529557825850675,0.0021322411689958824,0.001526348859542688,0.0020957093003313226,2.5696747,3.0308626,174620,209123,177578,206718,6.199067439394323,9.56252697746941e-09
954,1000,0.6598866437331606,0.6558858348094722,1.3402848403527556,1.1331731099449838,150136617.40068838,73835485.54510789,49721903.98906399,66059922.96119637,44485725.56612921,1.3064224088773867e-06,7.82405914993435e-06,1.3658859888608012e-06,8.18018176685798e-06,1.3418094,1.9804648,4908,20511,5067,20560,1.9888207746894944,4.8811542989380006e-09
955,1001,0.4934950901048171,0.7046627024819655,1.2534767076947724,1.189663536129267,149241335.49435842,35750331.80501479,30935372.760092665,34655866.06198537,29988312.858147435,4.491656837056652e-06,1.8724151365495075e-05,4.547868480828213e-06,1.8958478110539048e-05,2.060117,3.3995001,7717,19855,7721,19505,2.3128007256085894,4.828310918577031e-09
956,1002,0.2900615170960324,0.4039674838983243,1.0977001903574681,0.9615941025587855,150673197.13225657,19040298.696257923,26392495.41900325,18172328.67364895,25189368.555765457,2.5474155404209724e-05,6.765271443064127e-05,2.5954045610142225e-05,6.892717768741516e-05,2.2953682,2.3062265,17763,47860,18508,48921,2.802169922476027,6.0442737694595685e-09
957,1003,1.2817697529311016,1.2761796907664087,1.8670153125642528,1.6872539120569399,149980474.17447168,92139894.02359399,74016886.24826764,90683911.69321625,72847281.27238758,4.393534452884649e-07,1.8041424086265339e-06,4.4216159845170955e-07,1.8156736900266425e-06,2.0863974,2.5859239,2203,7454,2293,7597,1.635206011660904,3.836602507630511e-09
958,1004,0.7529827693520283,0.8291029234636379,1.4560695794818104,1.3059434293633174,150129761.92882514,38357298.9078361,49577553.31502306,38062607.858415626,49196659.41398981,2.2543666053939557e-06,6.4497820514442e-06,2.2613320235157724e-06,6.469710233788369e-06,2.9471607,2.510673,3869,13624,4160,13971,1.9019761728455156,4.427213430727619e-09
959,1005,0.4800955438375841,0.6410574964402219,1.231812671991729,1.1419302892419128,149974886.40733486,27503515.14443123,35538242.8279776,27788628.738414396,35906647.960315116,6.140052436641299e-06,1.6723950381262412e-05,6.114775471079663e-06,1.6655102318122266e-05,2.6179299,2.7053258,8028,22160,8530,22483,2.2731002096889203,4.955482691564301e-09
960,1006,1.1658168301931446,1.7312589970997514,1.7752831173305978,2.1514569938897314,150370916.0409835,104450953.64196968,146524342.7694452,101635604.7539732,142574956.65953594,1.6443912555404646e-07,4.1891324871704644e-07,1.6624621723983305e-07,4.2351686507824883e-07,1.678347,1.7767082,2097,5213,2187,5263,1.649448960641668,3.493197766350083e-09
961,1007,0.9349243213041697,1.2019796446542186,1.5621842266806818,1.622679284331064,150224169.5620352,58516372.633819625,66020771.436749615,57697690.23103043,65097097.576579474,8.312040174229186e-07,2.565509082692574e-06,8.359017246240782e-07,2.580008544003855e-06,2.4001527,2.7349937,2912,8049,3027,8199,1.7872471621782116,3.934033829204051e-09
962,1008,0.9205931335735278,1.0227337463045894,1.559014629061842,1.450374835807761,149823308.10030204,57465639.03472024,56025486.70483908,57665019.39903663,56219870.377201356,1.0515495394631005e-06,3.5990725001075573e-06,1.0500937091772394e-06,3.594089721312997e-06,2.4001527,2.7349937,3252,9979,3325,9987,1.8002424175492482,4.123784566417509e-09
963,1009,1.5940367481732465,1.5928970881685967,2.127122413569921,1.9609916715558768,150016582.2276118,80709027.03741106,102939943.90682013,78194459.9369335,99732751.28197148,3.158496297841868e-07,7.607484247677295e-07,3.198739130436928e-07,7.704412243210491e-07,2.9628897,2.321363,1609,5183,1671,5137,1.5569849806263152,3.6076074526226383e-09
964,1010,0.925778448047621,1.2777631944323538,1.590049122574697,1.6721080193762015,150307275.04412064,83237381.88463964,74442549.96082774,86669463.34900025,77511998.92829272,5.275455833440237e-07,1.8840566721077278e-06,5.190879090447521e-07,1.8538512487336014e-06,1.6717397,2.5799372,3189,7943,3425,7926,1.775607285118684,3.797587227694359e-09
965,1011,0.9822495943981582,0.8659619439474933,1.5536026734364037,1.2924311859442679,151009806.18568274,55057516.44737395,48014301.29789589,52702662.20178738,45960691.02711123,1.3965460242542483e-06,6.66004090994659e-06,1.4211793164913397e-06,6.77751554464995e-06,2.6940794,2.7235374,3036,14706,3117,14704,1.7002171425841013,4.3185510521205665e-09
966,1012,0.7758165273150253,0.9259317307976145,1.4828331105414314,1.3915742757183363,150221405.90771356,49911409.60445822,54067425.18939479,47988580.77553283,51984486.54502821,1.494078430766179e-06,4.838586618055474e-06,1.5177427528155722e-06,4.915223740736398e-06,2.3350222,2.5726168,3862,11909,4143,12178,1.8890600372605728,4.2596291640776055e-09
967,1013,0.6097127067207808,0.8872618793639682,1.2943659726714472,1.331166119128862,150702351.79677907,38283038.75132673,48889491.73074149,36867561.61269477,47081851.58196144,2.6547092936104587e-06,6.314301933365168e-06,2.6950185916116893e-06,6.410178750805922e-06,2.4001527,2.7349937,5718,12435,6069,12668,2.025544422498916,4.303333149054596e-09
968,1014,0.9756286343877734,1.2214936171546371,1.6257346314035381,1.6319578416001073,150194753.32696098,61052074.76198969,67079471.70737469,58912221.215669475,64728360.03790398,8.175928712295721e-07,2.4414184740141572e-06,8.293447656887196e-07,2.476510869320979e-06,2.4001527,2.7349937,3069,8196,3070,8045,1.761744874805458,3.892269682035152e-09
969,1015,0.27506704948623484,0.7190518463885458,1.1307177004160538,1.1966784080902992,148646744.26809573,15579082.118581532,33275459.56139731,15135607.601398591,32328239.54864506,8.533935730200946e-06,1.6816247249102803e-05,8.633088052364457e-06,1.7011628374241065e-05,2.6245334,3.2121184,12421,19823,11240,18097,3.0183547136481046,4.872963442413466e-09
970,1016,0.855865559022698,1.0598826706158837,1.5179940137806045,1.5292053574137454,150283933.97666356,56989428.37351832,79892210.61942619,56142666.93470863,78705154.61369817,1.038335806644293e-06,2.5777065229775117e-06,1.0445718922808025e-06,2.5931878330895337e-06,2.2569597,1.993728,4190,12138,4386,12326,1.8219580763124115,4.071986278761771e-09
971,1017,1.4654863142248349,2.0984570103255256,2.0294782189621157,2.4840273040040404,150332883.15642747,91790319.35914147,115344723.66135737,90333208.54439917,113513702.20458664,1.742626345009699e-07,5.056351117102125e-07,1.7538161028143947e-07,5.088818974906467e-07,2.4001527,2.7349937,1411,3700,1446,3682,1.563013606752614,3.3421713428837832e-09
972,1018,0.4205903759196761,0.5879755479080736,1.1983760416477427,1.0921427890659396,149676413.1282141,26228522.403555535,32177796.613563266,26992172.0020131,33114660.72985316,8.163257333093007e-06,2.3915305396959987e-05,8.070080819565644e-06,2.3642332895187024e-05,2.4001527,2.7349937,10454,27963,10626,27319,2.4178967503547772,5.162363982737525e-09
973,1019,0.8724958001965772,1.0635939789284072,1.5267117726265722,1.5508383221001296,150510732.1199922,69120185.32297257,57067076.356925085,67511206.42610207,55738669.595060214,8.558810158187482e-07,3.645228426281263e-06,8.639826144575484e-07,3.679733430026702e-06,1.8998789,2.8051605,3312,9931,3465,9995,1.7895224883906677,4.0348892822958936e-09
974,1020,0.7192527884168536,0.9014677768717418,1.3904785492389133,1.3350827668874115,149835226.08583727,44901061.57216919,49386449.466656744,45183001.583652854,49696553.85266077,2.0805082478224688e-06,6.6038179137496736e-06,2.075305581019166e-06,6.587303937287008e-06,2.4001527,2.7349937,4900,14146,5101,14209,1.9714468935448137,4.3726414175222955e-09
975,1021,1.2745413367214828,2.151487449500117,1.7512140202056268,2.5029954985631977,148616857.8739851,45766093.69245649,62041972.99522925,40073457.34604619,54324854.010834426,4.322416954701284e-07,7.33823412137332e-07,4.558284955141616e-07,7.738670874030597e-07,4.1388354,5.1537256,1446,2023,1508,2056,1.55651129292689,3.12346654606125e-09
976,1022,0.6353107187058505,0.8664793489154404,1.2623718636204364,1.3946120761445673,147065304.14865705,32200020.001038667,31669542.61631383,30642067.669889648,30137256.68158715,3.989835152822927e-06,9.274281417431113e-06,4.069772960871024e-06,9.460095041135866e-06,2.9016182,4.0237098,6305,11341,6817,11427,1.9957335238848661,4.353726484748733e-09
977,1023,0.9662860879461739,1.7382355726934873,1.5401029419136831,2.1758791088194025,148777133.69685924,34734716.557170406,50179176.43796473,31766743.397594158,45891522.36736383,8.620236690684022e-07,1.4364105868941631e-06,8.933787465274941e-07,1.488658299841303e-06,4.1388354,5.1537256,1926,2704,2061,2758,1.7049481090117606,3.34775820357493e-09
978,1024,0.5226991047740308,1.1112875348398994,1.2022018789617614,1.629866204888489,148755490.11046982,21022196.65629957,32080728.15936672,19137641.472087294,29204820.20576463,6.605827352506315e-06,7.408855364396762e-06,6.85872027559845e-06,7.692490856196023e-06,3.6986792,5.1529417,7820,6525,8181,6586,2.1272021314217846,3.871447624688735e-09
979,1025,1.4690442696672095,1.659990446038771,1.8960908444238112,2.0269364346689183,148817465.34352297,81551332.72133033,47933396.1191015,69945592.09243453,41111894.320702225,4.617768722828491e-07,1.901048840355526e-06,4.910214478989802e-07,2.0214432773633674e-06,2.6807587,5.1537256,1818,4035,1959,4195,1.4913686442637968,3.3569885473693952e-09
980,1026,0.9589211266428093,1.0000107344946505,1.4652008844662452,1.4566111681683285,149500072.96477816,34708862.50528827,29008466.76286212,30597089.64132774,25571989.222220603,2.8854511771626354e-06,1.0379165967685797e-05,3.0347144677771028e-06,1.0916076270806533e-05,4.130322,5.1537256,3659,10812,3728,10747,1.6716027295349662,3.972361771138172e-09
981,1027,1.104628158018119,1.888171168292519,1.6322492494906025,2.291929257305633,148137581.04177856,43985090.07675512,40666574.169872835,40093077.52819635,37068199.886681706,8.731842786623867e-07,2.057211912960552e-06,9.061505211669632e-07,2.134879993414143e-06,3.7202821,6.8781085,2168,2841,2220,2829,1.651967207004808,3.30012957516203e-09
982,1028,1.521024614862798,1.7028990014788439,1.9733148886404592,2.1151232051929596,149142638.9803727,42621063.327629045,64393708.19226284,38324306.92968357,57901986.586547315,7.655477169710997e-07,1.0062298300311903e-06,7.987893280440591e-07,1.0499223392221877e-06,5.3224769,3.9440942,1774,3273,1874,3324,1.4835255003700394,3.3187318648868013e-09
983,1029,0.9735124814284165,1.7160642632664598,1.536680521786603,2.153852419385507,148762169.76410013,31906158.969696663,56915847.79788779,29938447.66342763,53405743.13990751,1.2968257614809845e-06,1.536293422142841e-06,1.3302697880599376e-06,1.575913114756396e-06,4.5389929,4.4853139,2804,3570,2917,3497,1.7064076458704065,3.363414774434575e-09
984,1030,0.7346600966850236,1.0903952758711468,1.3552820740701461,1.6126545266444472,148187227.8581503,16243993.06495897,23048943.95275399,15198651.785050921,21565687.18973089,8.873417128124703e-06,1.333581591099452e-05,9.112677269836764e-06,1.3695398826870003e-05,6.7020001,7.0104146,4964,7384,5188,7454,1.8801121632885929,3.938083320731302e-09
985,1031,0.09458103084169232,0.2134957016256651,0.9072535081705182,0.7977178756527301,145345154.81934652,5865832.724070238,12806375.306806682,6443764.110617004,14068123.908557711,0.0009436015785073229,0.0010334475710050632,0.0009087923757178368,0.0009953239742553383,2.3435538,2.4230561,155662,170334,165044,174828,5.279938579822198,8.662514785609557e-09
986,1032,0.26096974610714274,0.32891579832395235,0.981585640541034,0.8629605880677832,146762562.82336503,18657108.637868438,22998381.057336733,18504128.8105076,22809804.765478246,3.8779825159580464e-05,9.810844945632928e-05,3.8907750806515665e-05,9.843208647157791e-05,2.0528684,2.0989532,27261,70274,28524,70578,3.0521922329399067,6.9293879002741524e-09
987,1033,0.3849999577016562,0.5905799350456301,1.0465624394552222,1.0326961695159058,147137564.987093,24419890.835638937,47639020.45005261,23842574.972713392,46512776.177088395,8.02285917356389e-06,1.2782970270206525e-05,8.100006987614231e-06,1.2905891312703007e-05,2.3197465,1.8240613,12547,26309,13194,26735,2.5107314366583093,5.2646165845636655e-09
988,1034,0.30624772444449183,0.3258211112641429,0.9866461718827766,0.8458260194256063,147278004.36904687,24938874.82270965,25103126.467141673,24270095.45029884,24429942.40075563,2.2272898676273778e-05,8.005734178904952e-05,2.2516396607023826e-05,8.093256675865569e-05,1.8085641,1.911566,19408,68505,20409,69405,2.775321473933365,6.893307589756624e-09
989,1035,0.7667689968009763,0.45934166985335173,1.3251898927655097,0.9395360412449218,146399988.08531928,44621978.74221804,31351803.437697448,42745688.043008,30033504.72366133,4.309728894508969e-06,2.9226618041488092e-05,4.384424104492836e-06,2.9733166927778527e-05,2.5156879,2.1449361,4747,39381,5036,40055,1.9223078786484213,5.882464234457404e-09
990,1036,1.1289124823053338,1.0121894872615549,1.5764548606088056,1.3452348658033921,149120998.16838276,79528760.77198073,70795667.60759324,71694006.02648737,63821251.21577665,4.93757005893561e-07,2.054407907680042e-06,5.146711420573247e-07,2.141426757446794e-06,2.1167758,2.1320331,2273,9730,2420,9997,1.6210461784142234,4.089873983396308e-09
991,1037,0.5141708851920577,0.4452719892427561,1.0865689557090676,0.8819865353149006,149663628.61173156,38818325.770379156,35398308.327411905,36815296.51515139,33571752.29341925,6.865810515058225e-06,2.988890788479059e-05,7.012860702520188e-06,3.052906092977373e-05,1.9823802,1.8826047,9550,45152,10022,45941,2.120152843326368,5.745915609709696e-09
992,1038,0.4863767241184179,0.5719864899025783,1.0970533184028306,1.0253049233942362,147402557.3717142,29797042.032015756,46787878.31689719,29497951.707380824,46318241.038816206,5.075283418896138e-06,1.1338773171135607e-05,5.095805190968545e-06,1.138462119564837e-05,2.40605,1.802011,8586,27014,8999,26844,2.311498204404631,5.363713087838114e-09
993,1039,0.5056151475947995,0.4483121232546474,1.117628217997746,0.9263339132493101,146859558.41053796,34482779.465930544,30169548.149201766,34164880.317885466,29891412.981385257,8.457009830670483e-06,3.6993883137789945e-05,8.488398888119906e-06,3.7131189720889566e-05,2.1533768,2.1822972,9803,44355,10418,44968,2.2097531925159615,5.907441016517772e-09
994,1040,0.34378721571377663,0.43955456850023467,1.0129661765566362,0.9173615347861962,147576915.75264728,22196002.698529184,32671159.80372676,21425218.601621214,31536612.70773455,1.4443264511170151e-05,3.6310208316721406e-05,1.4648905176549657e-05,3.6827186690450166e-05,2.2857745,1.9854853,14832,44598,15493,44840,2.631301851098332,5.959122547517661e-09
995,1041,0.36022668369582794,0.47510917574040196,1.0248972556006217,0.9501022913139009,147491641.35765854,33122188.502661355,33420465.69608393,33271819.04956487,33571443.7197575,8.947488635470173e-06,2.715183201686087e-05,8.931371353195562e-06,2.7102922902949984e-05,1.6040735,2.0967581,14627,36055,15812,36708,2.5931272367494014,5.773522681269427e-09
996,1042,0.6269581337051721,0.5488438037577134,1.1684505893424009,0.9490813586549457,150175154.47328395,44479691.50887686,38659204.217335716,41166832.197974555,35779856.3554488,2.6951411520195013e-06,1.3099716748894478e-05,2.7798876380422577e-06,1.3511626515301481e-05,2.1167758,2.1320331,4973,25187,5204,25113,1.925853223882348,5.142743689460413e-09
997,1043,0.5339348498255436,0.6196433783201687,1.1219685706094065,1.0314417492806682,148526819.38338822,34964436.01431291,51878150.62614725,33208634.29061729,49272996.45594291,3.9206836098463855e-06,8.579161977411959e-06,4.002321776413441e-06,8.757800991475413e-06,2.2681231,1.7740351,8135,23601,8459,23665,2.131924856196304,5.0239881203112855e-09
998,1044,0.681147030135713,0.6186499862876276,1.2520610348226473,1.0585824860120696,146645929.25790238,46977375.50136058,37667581.60182773,45323313.80918497,36341315.43434723,3.908141865572708e-06,1.691659485478859e-05,3.964579746821866e-06,1.7160889152282e-05,2.1262882,2.4085035,6876,27564,7361,28129,2.009162572479754,5.176476653428156e-09
999,1045,0.2914364088518146,0.3306102316379887,0.9795296373545778,0.8350764188934552,147949402.52781734,16538059.774683231,24580949.03569626,15841416.405654622,23545509.849754874,4.127937318162713e-05,0.00010561400223441653,4.199613401565327e-05,0.00010744784743340499,2.6071887,1.9898982,21601,74060,22561,75629,2.8090380873249416,6.775486961122056e-09
1000,1046,0.357431022024368,0.6206411710956977,1.033778751430236,1.0718614800221424,147114322.15691772,25880730.08469647,44631651.33826423,25926843.132808257,44711173.881822094,9.00290074729055e-06,1.3926836474514937e-05,8.996492363241181e-06,1.391692316776785e-05,2.0317519,2.0457501,15142,24703,16083,24709,2.6410467229302736,5.220312993371926e-09
1001,1047,0.6524619735695703,0.5462243227570613,1.233413112863152,1.011459111769093,146707961.506103,53685250.929616235,39846938.56413313,52305230.785287835,38822642.74812933,3.014910660541183e-06,1.7121935320287595e-05,3.0464804346255825e-06,1.7301222765525572e-05,1.7830105,2.0110819,6411,33425,6736,33916,2.067895184128867,5.493736434669351e-09
1002,1048,0.5344926689346416,0.5959102398015662,1.1329736488870938,1.0381730292583464,147219610.59233227,43610673.659910776,45646601.60830331,43804269.12983108,45849234.92136648,2.846149918911401e-06,1.0410106674271887e-05,2.8411117431900303e-06,1.0391678991894828e-05,1.8043244,1.9219322,6700,24553,7197,24713,2.2114851117998393,5.258219388129225e-09
1003,1049,0.9253964017543866,0.7431928437028752,1.4417562170770355,1.1558234901716822,146081257.40776005,74023730.8454106,44713497.54060314,71197033.43482673,43006051.47874327,1.1859887120464702e-06,7.749536799225936e-06,1.2046036762881584e-06,7.871171473267913e-06,1.8262126,2.4280486,3536,17987,3689,18130,1.8167845852603952,4.816746699839631e-09
1004,1050,0.580660598900296,0.55161255614372,1.1756220173059004,1.0105596548023021,146522636.6103764,45189294.04019248,31141998.69918876,42778432.090453856,29480564.032032717,5.505777614000382e-06,2.86180196988178e-05,5.6278555672242505e-06,2.9252558453392312e-05,1.8827451,2.5953288,9018,34532,9162,34547,2.2452532024965106,5.549155908216995e-09
1005,1051,0.5342233814471004,0.6859892203444883,1.1485163467083883,1.1173789294108947,146962763.52429858,37089872.47339155,47285790.999072656,36662914.805070154,46741463.674027786,3.675971133970932e-06,9.471124371072034e-06,3.693035076089999e-06,9.515089547124947e-06,2.1167758,2.1320331,7894,21260,8259,21127,2.232777029671856,5.020428701776758e-09
1006,1052,0.6003043250883787,0.9341962493232838,1.1781172459713172,1.315652341694233,147548899.32076228,30763934.12321112,84922578.07333966,32840994.24952239,90656217.34175187,2.104955616782184e-06,2.18528460661745e-06,2.0506577019302166e-06,2.1289145831587997e-06,2.8791585,1.6231211,5207,10468,5711,10517,2.1239659684280134,4.412651454675999e-09
1007,1053,0.32438501231681977,0.34248522251989416,1.0028506711076308,0.8562330336036226,147050189.76573658,24925524.018592082,27747328.661652204,24780626.46789815,27586027.34022867,1.877034878500922e-05,6.184855032011344e-05,1.8814173689211488e-05,6.199295396566491e-05,1.9137362,1.8150402,17541,63978,18478,64196,2.6978427043290334,6.737121889278302e-09
1008,1054,3.38141639312387,1.1041792847585035,3.6661897652679,1.4544068556337257,146066235.6000324,291381933.5338271,77990369.27314633,268052146.23961565,71745991.99116127,1.2296525136658384e-07,1.93644644779348e-06,1.2713927620525928e-07,2.0021786402789687e-06,1.6950631,2.0679901,937,12162,957,12353,1.4085389933138408,4.1983296827653055e-09
1009,1055,0.3515303740821823,0.36729836457064147,1.0485160178395023,0.8789106687384419,145196199.08333457,25124706.629070636,24685842.506113824,24457490.81210146,24030281.236545343,1.6808847015130393e-05,7.210757279579904e-05,1.6990789703857586e-05,7.288808115905858e-05,2.0315013,2.1603608,14666,59781,15097,60901,2.596591407144394,6.5486873628248225e-09
1010,1056,0.672061311686126,1.0431893484771895,1.2384801056408752,1.4140119476170543,147410852.75926062,52574423.983232446,68651129.4046743,54156138.47319118,70716515.53550546,1.1488012747294572e-06,2.5028419301630147e-06,1.135260799777691e-06,2.4733419033010285e-06,1.8843598,2.239984,4981,9643,5304,9721,2.064889903066739,4.317109306844996e-09
1011,1057,0.27388878505494874,0.3942456525649607,0.9708998626183338,0.8990511851539579,147270958.351568,20134013.163119208,26757765.91976453,20341061.58166596,27032929.796565786,2.7039180308804085e-05,5.997693372037014e-05,2.6928751292095973e-05,5.97319856953092e-05,2.0033693,2.1698723,23395,50667,24947,51090,2.9691459076835565,6.307835871030449e-09
1012,1058,0.5185819339590414,0.5462447700322197,1.096776384432983,0.9589769560491117,149617803.3691183,39549636.45962679,34503887.04920796,37584952.201721095,32789857.546273444,5.161528771759438e-06,2.1368613532052056e-05,5.267805725399593e-06,2.180859774024357e-05,1.9618155,2.368659,8030,28599,8508,29173,2.1146838279201545,5.2230020405355075e-09
1013,1059,0.2758502544823664,0.4912201156673465,0.9838380755152275,0.965776361737089,146823947.59683076,17789235.58418319,28948726.120712593,17679747.415661767,28770554.15885476,2.339401710715752e-05,4.166250373217282e-05,2.34518601300174e-05,4.17655166155413e-05,2.2767377,2.4914007,22138,37566,22827,37150,2.9863388480099515,5.760149418097191e-09
1014,1060,0.8471681272780308,0.6583166703151448,1.3725827148614738,1.0824254673573344,146288116.13853928,61665177.94197949,37923229.21866643,60468143.91831665,37187069.89541561,1.5033361455258232e-06,1.1507898177433856e-05,1.5151702691357205e-06,1.159848729147011e-05,2.0097344,2.5394437,3246,20709,3491,21149,1.8353049778155384,5.008984197602178e-09
1015,1061,0.5717127643009667,0.7727807627909855,1.1663505800718885,1.1949278958995182,147487255.54843816,37352674.85549849,49836095.05271421,38493955.05313376,51358795.86681023,3.2121996241385956e-06,6.54595967138087e-06,3.173760830881305e-06,6.467627431818938e-06,2.2574112,2.2870033,7384,15785,7843,15776,2.177240355556279,4.7608067065734455e-09
1016,1062,0.3107194916707222,0.49162938057906536,0.9924697109406803,0.967488584553778,147376577.7930842,30078085.528665863,41349034.21954957,30908425.082911197,42490521.054195814,8.845531131380233e-06,2.0538296292996434e-05,8.749701572161372e-06,2.031579118260437e-05,1.5224631,1.7522696,16924,36089,18246,36809,2.7893545955159422,5.719423181085823e-09
1017,1063,0.8020104944111436,1.0789073878646716,1.371298167345713,1.453175343349792,148388465.2243247,57561790.930228665,75810382.24318063,56251127.87415184,74084204.76212141,7.791200258732769e-07,2.1525442594835663e-06,7.863313530357238e-07,2.172467635049975e-06,2.0675018,2.1118138,3598,10073,3757,10162,1.8217917948511888,4.055238708147906e-09
1018,1064,0.9675403685598357,0.6331702563976835,1.4903597975027219,1.0693812002044942,147119382.6441325,87550605.4231648,53142863.582072765,84382587.46876433,51219889.489974536,8.515329165864078e-07,6.6314868907204985e-06,8.641795137804643e-07,6.729974855038785e-06,1.6258476,1.7528528,3114,23371,3294,23794,1.7047080904449086,5.0231548284434245e-09
1019,1065,0.7105373531268733,0.9096620201919409,1.2990114626851403,1.3130100246249508,149061352.50892457,49488219.895419545,65957228.63712393,51166927.58808047,68194587.49411494,1.4200839733439417e-06,3.2542548775617802e-06,1.4012609623577673e-06,3.211120192246012e-06,2.1401792,2.0558088,5750,14140,5404,12892,1.9546073744409285,4.3356869360225926e-09
1020,1066,0.44772921791074644,0.4881998659571777,1.1070766594708736,0.9643891311569257,147978106.45233634,31685790.000901368,29358956.640795015,30691994.921182595,28438140.50667089,7.668400755079993e-06,3.456717715516166e-05,7.766772246378466e-06,3.501061052221398e-05,2.0909727,2.4606764,9149,35223,9456,36221,2.2728003917905015,5.582396840217901e-09
1021,1067,1.48478451967153,0.9447254552011554,1.8897296684157008,1.280110758999236,150190943.44848156,117523738.3918483,58676859.5792577,110922522.2049679,55381026.40929473,3.6568563370309074e-07,3.319795727666175e-06,3.742400337604244e-07,3.3974549468034013e-06,1.8974991,2.4181459,1656,11998,1666,11868,1.442643523746982,4.091595878719461e-09
1022,1068,0.43873439661867686,0.3911563996244098,1.078693309343927,0.8632968013654965,149882186.57105744,30244488.261862665,27439559.46231824,28407850.14783915,25773254.504397806,1.1831523437706828e-05,5.550351902558341e-05,1.2131760198515038e-05,5.691197642783049e-05,2.1742299,2.1366005,10881,52656,11188,53409,2.262347392071522,6.12937205692677e-09
1023,1069,1.1268378894213171,0.6941236871999844,1.609944480744389,1.1077912775695882,147702478.5235358,99442158.95853902,47971460.09552443,94273909.47069159,45478267.302180536,6.532914696651861e-07,6.97816334640793e-06,6.673883147156446e-07,7.12873945523347e-06,1.6737041,2.137183,2270,19375,2361,19750,1.6203900618838412,4.801595731108945e-09
1024,1070,0.6458880205053589,0.5991205950555951,1.2258596336046108,1.0369764123329943,145606144.28621215,53701277.4446699,48419461.71591201,52551370.49457772,47382654.433176205,1.782319922542225e-06,8.092686603373679e-06,1.797818684653815e-06,8.16305928053617e-06,1.7512668,1.8016648,5299,24165,5487,24217,1.97006150760981,5.1576400504987725e-09
1025,1071,0.8456086547503348,0.9589557036530578,1.3903124324452103,1.3307281740385557,149608473.3834218,61189895.90094025,67935865.7784408,59398385.06108093,65946847.19677275,9.51934985994673e-07,2.638300549888472e-06,9.633172102551093e-07,2.6698465367122307e-06,2.0675018,2.1118138,4012,11345,4162,11293,1.7631584917644882,4.1262036324913314e-09
1026,1072,0.19361866259256,0.4792485086960673,0.9926049395582477,1.000122530706098,148881456.7213537,12442172.70709836,28251623.760120064,13800468.4770534,31335816.686154574,6.294577560796043e-05,7.243326051147825e-05,6.0390350137783584e-05,6.949266923253661e-05,2.3168163,2.5255616,38626,41008,40026,42252,3.4724748118253577,5.649543444314542e-09
1027,1073,0.5937392697599522,0.4251264869175962,1.1982552621062517,0.9203522868886076,144659846.94730902,43144382.59047321,34683666.335772015,41622683.41384191,33460375.99443907,4.473703980476132e-06,2.6898648918373533e-05,4.538422431268613e-06,2.7287775891013037e-05,1.9907628,1.7731324,6605,45292,6808,45958,2.031385814404689,6.064710809715409e-09
1028,1074,1.1501749507925392,0.8237891167100955,1.63059676540093,1.2170660735523209,146532845.68423066,109807932.40757614,69100711.10188219,105367696.48551926,66306528.08662051,3.389498814576532e-07,2.832058142558898e-06,3.4459262447607427e-07,2.879205456028849e-06,1.5348473,1.7469019,1968,14977,2093,15365,1.623745405778642,4.524398957529086e-09
1029,1075,1.0493432961033515,0.6824431778141127,1.5478426481202552,1.107205844020459,145735635.38791966,45745278.185214974,51469883.34639315,44485919.25473464,50052927.10927903,1.5012454779758315e-06,6.576995709752309e-06,1.5181028435048477e-06,6.650848269102933e-06,3.3430054,1.9323201,2508,19707,2658,20146,1.6719462355730532,4.897083210118144e-09
1030,1076,0.7637345511419227,0.47910885187901137,1.3128168679788688,0.9383551058434124,148336142.76256663,69615816.00716563,35213570.85299279,66034064.789968245,33401823.788911965,2.3423276500673443e-06,2.291582951244843e-05,2.3923438448207467e-06,2.340515584209212e-05,1.627352,2.0182321,4726,37590,4891,38583,1.8242646006990137,5.60671117991551e-09
1031,1077,0.7947473256445432,0.6596046063951191,1.3499912436792534,1.091704694741561,147380932.40924862,89306010.45747156,49766022.23019422,88517892.93094936,49326841.550820045,8.518449496200949e-07,6.842728686872914e-06,8.548706392845541e-07,6.867033548307855e-06,1.3115646,1.9534039,3783,20713,3876,20905,1.8170736796028288,4.905659134707633e-09
1032,1078,1.0153629611192045,0.7385079398541077,1.5269923309625275,1.1595990665307452,148541609.05043957,72949705.78253694,51945468.71625443,68691050.42970487,48912997.97451768,9.423575038573786e-07,5.850770800806405e-06,9.65306094008243e-07,5.9932506352904015e-06,2.0675018,2.1118138,2778,17383,2909,17682,1.6809685896282118,4.650258131758258e-09
1033,1079,1.1344609360960247,1.1825393144773049,1.6326577872956245,1.5440903090356337,148516267.51397762,63086112.51010714,80992108.4535326,62038128.33798387,79646670.53781709,6.587801772289574e-07,1.7227873831870373e-06,6.632092188498748e-07,1.7343698461813281e-06,2.6707289,2.1684375,2600,8996,2807,9041,1.6451593430690814,3.930374297564212e-09
1034,1080,0.6321265959848967,0.5037520827888324,1.209314623053094,0.9426291972801357,149863460.97369778,27553378.747030344,32347297.1586729,25592465.832607016,30045211.692948766,7.570529601862009e-06,2.8944042419834168e-05,7.797427652524465e-06,2.9811530845179805e-05,3.4381511,2.333859,5980,34308,6192,34875,1.9469417834391332,5.436598569600208e-09
1035,1081,0.5756398851487687,0.47381289149182104,1.1679463607792562,0.9155509588928387,150280223.73770007,49065216.65884106,32870108.11020798,46956835.48092055,31457646.860160958,3.911406570806473e-06,2.407600318944962e-05,3.980731824774258e-06,2.4502723093254876e-05,1.7631083,2.166245,6622,34139,6817,34152,1.9935151490711793,5.512179204734825e-09
1036,1082,0.38152609146294536,0.7019384516103255,1.0842669479223612,1.1530870212137057,148760719.68464917,37524557.56157898,68577059.6841241,36266764.609173216,66278411.86593591,2.4597260443289905e-06,4.413023818150697e-06,2.4935004235898253e-06,4.4736188346017984e-06,1.5125054,1.5226793,11644,20812,11043,19680,2.4968749222219846,4.799208519915718e-09
1037,1083,0.3544161942070559,0.4861238101795784,1.0324300022330974,0.9404085880183986,149015585.3527784,23506191.28720133,28558035.387522757,22880586.715978276,27797978.717120703,1.3445734226139371e-05,3.803646362244074e-05,1.3591599421282502e-05,3.844909978611381e-05,2.2467926,2.5365899,13122,34315,13870,34754,2.509592116195402,5.535321627865814e-09
1038,1084,1.205869045627753,0.755362081159935,1.6812065787965718,1.1623619341483538,147095348.25500926,92263319.92237568,53537522.50469335,88055216.45089409,51095691.50949321,5.987494219408673e-07,5.020728323090924e-06,6.100349295532173e-07,5.1153613459105766e-06,1.9225162,2.0753715,2159,16915,2196,17058,1.599907271116679,4.67647888000399e-09
1039,1085,0.697404051749656,0.9261901076284426,1.290572101916133,1.3279638207005677,149024144.7856729,50268416.87976071,65358360.99673133,47740030.57998558,62070985.05021676,1.5236825046114083e-06,3.2826826587478673e-06,1.5554622908709307e-06,3.351150304032968e-06,2.0675018,2.1118138,6212,13234,5859,12358,1.966529284118334,4.3155733193763535e-09
1040,1086,1.2629175520118805,0.7171029783012626,1.7159947570271041,1.1287040556905195,144849511.71784422,99073427.4381822,53048173.70043931,96402818.05492742,51618214.587161236,5.377660100575481e-07,4.965398652085285e-06,5.436762130005456e-07,5.019969809759549e-06,1.8464385,1.9580696,2018,18192,2092,18215,1.5884550880996553,4.799301537483121e-09
1041,1087,0.7269437976983337,0.8685525076396134,1.2947522063239647,1.2446363502089997,149928507.79572478,66314641.552964784,73481075.61194669,62708257.030967996,69484959.40682557,5.787686422119878e-07,2.0597460681081604e-06,5.918598389439218e-07,2.106335566966246e-06,1.6435224,1.7721676,3274,11197,3411,11258,1.8389871091221537,4.247832553340281e-09
1042,1088,0.7325344286663126,0.6303514529274854,1.5118091905441289,1.0802094519593608,150309535.40580744,68955695.29632181,37464236.76385185,61969884.12687579,33668784.00951429,2.156273901228208e-06,1.8684921472989322e-05,2.2503999500313022e-06,1.9500558962014627e-05,1.5967776,2.5290208,4791,27062,5045,27602,1.8431131134599097,4.879453855006867e-09
1043,1089,1.126674989921098,0.8473692233326336,1.9443510057930362,1.2156092313408935,150095730.4011895,57089227.83160321,64941226.54603217,54049405.45712874,61483309.86054562,1.2541837078721433e-06,4.621441205037689e-06,1.2819363254057755e-06,4.7237046050583935e-06,2.9621894,1.9584863,3027,16972,3058,17043,1.6250833837296137,4.415561626652781e-09
1044,1090,0.9825644377198597,1.0935982981080197,1.6565514652362947,1.4124412524225782,147467232.4158479,71667459.43260752,68421157.88357979,65185201.68822624,62232525.21707043,9.150349398020662e-07,2.9352652950885714e-06,9.50400980750396e-07,3.0487131079587214e-06,2.0217831,2.3570182,3904,11141,3969,10921,1.6688709636376775,4.004335493024232e-09
1045,1091,0.7959875805765593,0.7460562419234145,1.4682788405549447,1.1106361249808387,145978462.4648587,40080528.43681994,52832835.246835664,36224307.44569922,47749691.47989597,2.3224105331163743e-06,7.652250267915321e-06,2.418312003809095e-06,7.968241796689995e-06,2.8990896,2.0613723,4144,19527,4295,19903,1.7748795007659028,4.6366108828574474e-09
1046,1092,0.8552639654107186,0.6936477438564912,1.5812989593700313,1.103312081208594,149499033.64180797,77474079.24763383,40020704.08274849,70896843.74619877,36623108.41924766,1.2322605776612846e-06,1.0520235073342745e-05,1.2767749804367788e-06,1.0900269937589114e-05,1.6503731,2.5911505,3321,18561,3425,18624,1.7422501689545165,4.708042048904021e-09
1047,1093,0.773766198770028,0.6091928009430722,1.5629570909241028,1.0151250576535118,148651918.7236986,60060206.548425555,38292873.28478515,54465953.16066732,34726118.383140184,2.7847615079921363e-06,2.7381335981984632e-05,2.895827530457924e-06,2.8473399366439804e-05,1.9151088,2.3648703,4886,40489,5155,41047,1.8200144804487064,5.052637509600109e-09
1048,1094,0.3830966133567394,0.5559179517323096,1.3286767814868783,0.9702002500482336,148451692.12709475,30118821.43172792,41653734.14444427,29334709.702432714,40569323.13634298,8.736968155336692e-06,2.340450246124863e-05,8.829644622294574e-06,2.3652763249253296e-05,1.8882326,1.981262,13214,34721,13828,35303,2.428395787796781,5.28310126488316e-09
1049,1095,0.23033042647645258,0.4378138383724182,1.1586241814242368,0.862787411816685,145729690.06097913,18203671.823523194,26208938.99256587,18114775.484581728,26080949.499755487,3.5026755457547206e-05,7.295087322642591e-05,3.509541053235676e-05,7.309386242406521e-05,1.8439127,2.4343784,29112,47100,30110,47500,3.128102695562585,5.989938375562979e-09
1050,1096,0.5771630742621059,0.6824850415164058,1.5580510546663795,1.0948909930744362,150382315.51822123,41829313.95400308,56106988.603679515,39627757.86763838,53153971.43529241,2.7326519396424397e-06,7.457480879067755e-06,2.7923947649655026e-06,7.620520661428959e-06,2.0749831,1.8292495,6447,20489,6755,20911,2.0434499927118814,4.800149559405536e-09
1051,1097,0.3379064544372872,0.4779534228536595,1.3350762501114872,0.900610322277347,148439672.5044351,23298856.140954293,27241668.059816577,22415377.52921444,26208680.391522452,1.7670880334790937e-05,5.345867039226387e-05,1.79462454257779e-05,5.429171613518736e-05,2.1528406,2.6043651,14523,37808,15369,38434,2.566242363320185,5.645859396515265e-09
1052,1098,0.7995877021945654,0.68478997896456,1.495883711308158,1.0535147562901712,145448596.81613666,54581943.361451596,47621581.0318656,50198485.181407444,43797107.2944905,1.912613807477793e-06,9.361879598193595e-06,1.9777465688699012e-06,9.680692035742031e-06,2.1307213,2.0915253,4153,21205,4309,21487,1.8048977261433743,4.885626715327075e-09
1053,1099,0.46849093842138756,0.5233626910921397,1.2824963756679084,0.9191229226322211,145924436.37501636,43423918.11809581,27609273.50747267,41254219.45691279,26229761.792235818,7.217519146905755e-06,4.153395846438429e-05,7.367025916674094e-06,4.239431059360096e-05,1.5743461,2.7661505,10324,35085,10708,35071,2.231572041671376,5.497516316314585e-09
1054,1100,0.4737848822225025,0.521130067470827,1.337331350415802,0.9356563598010434,147488582.23490223,27484113.28447492,32304625.423022725,26118919.199244928,30699986.29580761,8.770462127865533e-06,3.1373718303995514e-05,8.95103156814139e-06,3.201965174181581e-05,2.5424819,2.3792486,8652,34225,8964,34266,2.210847637902962,5.460721283463125e-09
1055,1101,0.2833684658544157,0.40431910671206167,1.419370422629119,0.8891015186483119,150201003.17465526,20460469.05833134,21836220.91682013,20368084.440416206,21737624.402714826,3.566275144784966e-05,0.000121893451450926,3.5727366602382015e-05,0.00012211430272802113,2.0802176,2.7811193,22046,57978,23076,58995,2.809570043650687,6.0750288119814364e-09
1056,1102,0.4675919920846097,0.5854020597999826,1.486740252705066,1.018811493823789,150767496.20284024,35393879.293197006,37445448.163288996,34614563.96497308,36620960.64429939,5.746067891314875e-06,2.0067068321970192e-05,5.797469507285051e-06,2.024657886014052e-05,1.9918041,2.3570182,8784,26846,9260,27328,2.211041631694121,5.065437625635382e-09
1057,1103,0.5867405562262034,0.49160194130289725,1.5575357255802966,0.9330941828210056,149731983.96902072,42748941.05916808,32680886.825493142,40964453.492028326,31316674.40810306,7.213602919764789e-06,5.289768181485674e-05,7.3376925499602245e-06,5.380763677739235e-05,2.0551112,2.252342,8239,57085,8771,58686,2.0119010085922273,5.557600255836347e-09
1058,1104,0.6689399107939913,0.6657515869872095,1.4175195009970525,1.0448287778248844,146160488.05259073,57837460.173543446,50294269.75373566,54218934.539590895,47147674.03880029,1.788076285505667e-06,8.040169565209251e-06,1.8348870566340421e-06,8.250656410989382e-06,1.6904716,1.9347448,5111,20503,5227,20536,1.9204346997734905,4.926016247722916e-09
1059,1105,0.5852130121806475,0.6424851388724151,1.5373783316111842,1.0331235944324964,148912616.43735498,45680467.48600328,48024154.4217698,42034407.066675425,44191028.83778678,2.975932999393877e-06,1.0793532088123055e-05,3.076616712478898e-06,1.1158705930462883e-05,1.9077213,1.9922088,6844,25051,7163,24878,2.014931129235377,4.9370946898406275e-09
1060,1106,0.7045694016881423,1.1181181286140276,1.352252378089314,1.5504349195165124,150293880.9731787,50838784.26972713,55445010.140133284,49963083.48139075,54489966.863892995,1.0999988450887767e-06,3.323542406058391e-06,1.1076705230195575e-06,3.346721654875252e-06,2.0829072,3.0308645,4234,9058,4319,8968,1.8616122766894045,3.9838597783134e-09
1061,1107,2.1504247282761506,1.7608212381933634,2.516082077074735,2.0674065596988265,150504975.33659938,138218677.40411118,114458212.92089723,134930955.29254642,111735666.26846465,1.0686030387039134e-07,4.7114647706362045e-07,1.0789428961892011e-07,4.7570531439711876e-07,2.3415766,2.3153634,1033,4754,1083,4829,1.3151758577027208,3.388406654225893e-09
1062,1108,1.0664277628146537,1.1916604924150256,1.6215486239916144,1.5839792135143866,151091026.70530963,68811614.18794176,77762828.62687604,62847001.04758836,71022321.30216642,5.067060109568103e-07,1.6596130403817586e-06,5.25420400410778e-07,1.7209082374170964e-06,2.3415766,2.3153634,2508,8442,2577,8536,1.6129734519587149,3.886750957370487e-09
1063,1109,1.4176398657095615,1.6338132895326705,1.8805769455524441,1.9761240580243453,149942546.7192066,90778380.59842488,105805475.50169148,88385750.0506093,103016778.33456121,2.1062284159807059e-07,6.119113702282121e-07,2.1288523409733628e-07,6.18484179158696e-07,2.3415766,2.3153634,1701,5144,1762,5177,1.465875453033813,3.4805535935890035e-09
1064,1110,0.3356418270895861,0.5580740401066281,1.1183597157317733,1.0765250779886997,151258225.02452025,22027987.130280722,37363350.888300635,21312444.114827454,36149663.74548849,1.2235309471332335e-05,2.3614660926252717e-05,1.2397998548824258e-05,2.392865767560983e-05,2.3047311,2.2592537,15351,29982,15784,31077,2.5534229566947224,5.219524453237101e-09
1065,1111,0.9863003726078335,0.8436120564418993,1.5844372264595452,1.282079122903959,152619445.7569427,45188742.024059266,43394266.48999909,41919507.12482066,40254855.12155618,1.544722450009648e-06,6.7638818972232555e-06,1.5918278250119205e-06,6.970142376727384e-06,3.3311088,2.9670188,2628,13321,2727,13406,1.6141989304253337,4.360568707331561e-09
1066,1112,1.0806706458728257,0.9743065168247433,1.6385771782756584,1.3881231388015889,153224683.8653503,72295427.43389739,71998197.06634358,69312444.0003086,69027477.66236003,5.375306391331324e-07,2.129567019134774e-06,5.466672677388677e-07,2.165764142662905e-06,2.2903996,2.0734937,2227,9901,2302,10074,1.5530096218357408,4.103277606998145e-09
1067,1113,0.5171201127220885,0.5460748168102688,1.2119669951626053,1.0422681705398056,152380796.28733727,34970455.004907876,37887582.52997565,33811495.18740443,36631945.85815012,3.8609522140596875e-06,1.418489668667512e-05,3.913354481933479e-06,1.4377419337753367e-05,2.2533071,2.1962688,6167,23816,6369,24007,2.0734744640796308,5.263296409792439e-09
1068,1114,1.6315977097578518,1.501571080974605,2.11050119246313,1.8473599388608657,153177289.01104158,106733093.39413966,99339303.47221918,101602137.69770817,94563787.75519504,1.688875315001214e-07,6.794812717822989e-07,1.7224875375036873e-07,6.930043989726526e-07,2.3415766,2.3153634,1204,4965,1235,5025,1.3842372956318112,3.555227507495972e-09
1069,1115,1.3587334332286514,0.7662189667982922,1.908301760688874,1.2272936702936392,152519380.3506023,88501559.71736325,56247900.342302844,81739506.86074315,51950221.562366836,5.773811676361991e-07,4.51251557380701e-06,5.96032826262725e-07,4.658287387553734e-06,2.3415766,2.0776463,1838,16206,1852,16313,1.4640905514573783,4.524387088494033e-09
1070,1116,0.9380074508811946,0.913400357547721,1.5185627846798484,1.3761161963586612,150345037.38081694,63256421.918465406,71955222.46307531,61026119.13728455,69418216.2918009,7.020735823782409e-07,2.267516468918829e-06,7.122265838975187e-07,2.3003080433802037e-06,2.2294142,1.9084815,3054,11574,3095,11677,1.6839582404243003,4.270870187126708e-09
1071,1117,2.9757779098457116,1.4769257079277325,3.3387545478489553,1.827136129989287,151221020.18479308,217726475.54397476,103644849.03566763,195770028.87884477,93192869.80676828,9.213825370113284e-08,7.042772976604983e-07,9.614041485797573e-08,7.348686224482013e-07,2.0668142,2.15488,828,6071,827,6063,1.253045389536632,3.590141577731094e-09
1072,1118,2.187142449403838,1.4912596854091673,2.5814678640557225,1.8217853045899208,153049288.21527007,177771947.52962527,96301777.46715589,161361433.06562647,87411951.29382114,9.882719514995218e-08,6.852089260158423e-07,1.0273108261314812e-07,7.122761571750835e-07,1.8829776,2.3700106,913,5050,930,5123,1.290481173751727,3.552701952206632e-09
1073,1119,0.9747760917105793,0.8234168220325728,1.5498313270775423,1.2646474828656693,151489392.3022253,64452584.38829259,47967208.96328748,58829114.29278737,43782083.29718783,1.181850143014178e-06,5.775289992324036e-06,1.2258056608051014e-06,5.990085297385226e-06,2.2911143,2.6005039,3353,14689,3433,14780,1.6479307869002708,4.4261050168496804e-09
1074,1120,0.9304324756589119,0.7931109339115768,1.4995441574752197,1.2234012486136367,152694529.72823063,60673628.7485154,62736040.285328895,57654035.29572174,59613805.13297016,8.191139805762268e-07,3.555378052516702e-06,8.360118677605719e-07,3.6287236169360275e-06,2.3415766,1.9303689,2609,14252,2742,14437,1.642390939544161,4.463432181992299e-09
1075,1121,1.218823731684811,0.87660299571113,1.7301933665566966,1.2913108006667826,152259541.5232802,79253244.40978049,57645884.10826164,74687013.40394649,54324576.25097254,8.292247610713824e-07,3.7071929789936052e-06,8.491434122319096e-07,3.7962427604279205e-06,2.3415766,2.3153634,2827,12996,2889,13062,1.5230912653018414,4.320711742985299e-09
1076,1122,1.6473306149143674,1.9691008260790446,2.115753200547662,2.2937075818924137,150662796.6951857,109417146.02226233,141331769.15813756,101676437.98680109,131333263.43065533,1.1954499980359847e-07,3.1674396458103945e-07,1.2310549518741132e-07,3.2617777967656155e-07,2.2683048,2.0991051,1366,3995,1403,4017,1.4312138204092668,3.3586632167194194e-09
1077,1123,1.3501129448119351,2.0382136144593326,1.832572128724524,2.3537841427797406,150164865.25639495,86582488.24257933,132190079.8721425,84067781.73246734,128350743.98362707,1.3997358324938326e-07,3.1352762342997233e-07,1.416335922496065e-07,3.1724588700964423e-07,2.3415766,2.3153634,1441,3397,1474,3339,1.4929489981245945,3.3056256569224088e-09
1078,1124,0.8646909302352039,0.9426404756915066,1.4701378946297594,1.392340241013831,150444425.33612627,55555701.2709282,61249566.553561926,51837723.30023507,57150535.59992311,8.847391642182487e-07,2.770002662292642e-06,9.095955736361572e-07,2.847824830731947e-06,2.3415766,2.3153634,3186,10513,3319,10509,1.7195817900578911,4.19705203267646e-09
1079,1125,1.2206486085424828,1.307146191724164,1.7563436905158674,1.70329325548518,150825458.50058526,78624327.75059395,85149019.6718541,74994197.44929074,81217640.60280094,2.8207207588735536e-07,1.1043479855495696e-06,2.874562846309884e-07,1.1254278462947504e-06,2.3415766,2.3153634,1699,6823,1751,6933,1.544977981584222,3.7631488492496535e-09
1080,1126,1.2401454962453493,1.0333049130767475,1.762376984352756,1.4283835797798259,151900766.72692296,80449664.44087669,67790571.69127509,74580756.31664625,62845160.92156903,5.091990784930844e-07,2.5347630119934685e-06,5.248637639316136e-07,2.6127408931821045e-06,2.3415766,2.3153634,2214,11262,2245,11302,1.5137284635785206,4.046927510739141e-09
1081,1127,2.60722504984725,2.2606615269224726,2.9433546428017325,2.534259233576702,149639615.10168862,166616011.17068878,95198141.57404272,162626507.67749,92918688.86306287,9.486020685967555e-08,5.161003790752459e-07,9.578427718775387e-08,5.211279144602245e-07,2.3415766,3.5534782,880,3328,928,3327,1.2724016214861245,3.1716804291581795e-09
1082,1128,3.1525698758622642,1.3322182757546517,3.520009952728129,1.6988421540474437,151791485.2481429,204363702.56078175,87338078.65820052,181141760.81449348,77413812.51201312,8.283592471263622e-08,9.512057294746405e-07,8.693062372010357e-08,9.982251980191008e-07,2.3415766,2.3153634,568,6689,584,6782,1.2314490383900432,3.7013909538981325e-09
1083,1129,1.3981001326870772,1.4778974323189695,1.9022387451584664,1.8582572598687426,150391352.95622703,89795128.0018301,95994863.86326389,82132890.97098298,87803602.07621863,2.5154039208524453e-07,7.883787407074088e-07,2.6067657078962415e-07,8.170133826514975e-07,2.3415766,2.3153634,1767,5740,1821,5772,1.496485176083682,3.6364138872938493e-09
1084,1130,0.5220773899509218,0.610300465713737,1.1360165188491562,1.1221675895386092,133081911.52131958,25873812.36611109,24869396.575840246,25921041.11521295,24914791.915134486,6.383927544224101e-06,2.1284245703485652e-05,6.379272331866089e-06,2.12687250568393e-05,2.6853042,3.2658594,9111,26144,9724,26657,2.434371423348992,5.956334389093388e-09
1085,1131,0.533128588512456,0.5885646617786812,1.135682280240693,1.0897440941381047,134531736.74095204,20172526.205243997,27681666.890739214,19456066.57498304,26698508.08237984,8.289622018150064e-06,1.9773517515437393e-05,8.410403387637779e-06,2.0061621426553573e-05,3.5554652,2.8603995,8720,27481,9418,27924,2.352351507877758,5.878834236371518e-09
1086,1132,0.14746297808132497,0.27685602802850995,0.9199430896231354,0.8923269925922599,131746979.77871132,8053070.721043966,10477292.900818862,8444374.043104693,10986390.56807022,0.00018693198042102487,0.0003935363137628926,0.000183417693327162,0.0003861379029328763,2.4124713,3.481333,67543,101779,71512,104327,4.214452228522143,8.468991790807549e-09
1087,1133,0.44105068027978545,0.5476414611556062,1.057327281323975,1.049073179269828,127307952.14748013,17715282.934840683,16997761.014040522,17885260.495247707,17160853.975082986,1.4029377014203462e-05,4.365830434539977e-05,1.3975891341005405e-05,4.3491861188569974e-05,3.1695378,4.1016645,12259,31123,13224,31800,2.605307073456559,6.422269080753205e-09
1088,1134,0.8962885687512425,0.7492274863396238,1.4061046550713958,1.2130283811434357,137940332.0352159,46702477.35527485,46863430.98973961,41330228.75182182,41472667.673857175,1.366843033031722e-06,4.95644584499447e-06,1.4353158716291106e-06,5.2047420342125105e-06,2.6472759,2.2053163,4014,18328,4256,18526,1.9548560518965132,5.159850140794728e-09
1089,1135,0.554208354109166,0.5699978547968436,1.163285696629734,1.11209478715112,136579313.03572884,27164689.326874144,36744285.426705934,26541764.18542029,35901686.45855181,4.838363037552877e-06,1.1674735809628078e-05,4.883468989105614e-06,1.1783574287380346e-05,2.7864628,2.1186945,8199,27407,8803,27936,2.3375015808682647,5.924155602692729e-09
1090,1136,0.7841726178145496,0.8059421776919968,1.2958506956918483,1.2244440779495653,132587819.34391662,39839223.9574696,34990364.171916865,37023626.02562738,32517454.631760433,1.567665567910875e-06,6.200496216947406e-06,1.6143072136890843e-06,6.3849751990209795e-06,2.6097832,3.0539298,4202,14915,4513,15254,2.0200455244644817,5.120721206622411e-09
1091,1137,0.33006188892919264,0.4408783234671102,1.005445059966682,1.0022476469752164,128160900.61252789,15344040.919580277,18949730.5965088,15495485.731777035,19136763.36098125,2.077513579454489e-05,5.204189174189841e-05,2.0693678264605854e-05,5.1837839937059526e-05,2.7568376,2.9817502,18080,44251,19718,45668,2.9443235359379467,7.08712582053362e-09
1092,1138,0.7040236367203623,0.8674504520380761,1.2632639560770476,1.3145373343441615,133992268.5899805,39389498.24868321,40632858.85586933,38226251.46122991,39432893.26527659,1.8334691028990239e-06,6.109962795949923e-06,1.8555860132038697e-06,6.183666519078008e-06,2.3948953,2.8605335,5638,16692,5981,16687,2.194529042850359,5.183473233126619e-09
1093,1139,0.562483006037799,0.7531832499035573,1.1452743573335524,1.2032678153888825,129312514.58438301,26811278.38713883,32293362.768974837,24096721.938356303,29023762.756188985,3.1957080110693285e-06,8.739827189276816e-06,3.3351157682557706e-06,9.12108846297074e-06,2.7128916,3.0159764,7132,18255,7543,18556,2.350321342102182,5.531704028350162e-09
1094,1140,0.3869472071274386,0.4193350411236123,1.0535958557491045,0.9974235187772047,135332442.2024035,19215459.632151723,23436889.90030141,19117507.562852737,23317418.812561944,1.526294033667622e-05,4.464712352661081e-05,1.5294173379266727e-05,4.4738486362335155e-05,2.7252281,2.4213808,14698,50409,15479,50961,2.6896327635647657,6.840702737565183e-09
1095,1141,0.485259867602993,0.5513699811759749,1.0969777527050295,1.0656677134357249,129617296.52505077,22808701.81574944,25413568.313972313,23162034.600718874,25807253.449624643,7.314628796696194e-06,2.137445432506665e-05,7.26978950302416e-06,2.124342711080883e-05,2.7576349,2.8121626,10219,31021,11003,31529,2.5288734099959864,6.370378519660875e-09
1096,1142,0.8507244318495636,0.8574206835941138,1.3595317915855907,1.283800399707845,132482196.1542458,41544542.75043765,37663748.028871484,39394355.607182756,35714416.02478731,1.428319169464471e-06,5.912224616380854e-06,1.4590066047128932e-06,6.039248753540156e-06,2.7128916,3.0159764,3883,15304,4207,15664,2.029773020850211,5.1193196899858764e-09
1097,1143,0.9367706882369959,1.0445376206833512,1.4411047092899514,1.4649073111125093,133519858.92790668,38859038.135996856,57347162.522733055,38556942.73264119,56901337.94691682,1.2272272240018763e-06,2.6208147466266704e-06,1.2310643736437258e-06,2.6290092017118333e-06,3.218749,2.4319689,4003,11794,4258,12035,2.0508304217946485,4.951016933959307e-09
1098,1144,0.695391767760715,0.814555755157182,1.2591834088939948,1.2757098121173596,134698533.6288584,34527089.624571785,36379417.882255256,33751491.06309496,35562209.58339067,2.5508030638905615e-06,7.675369961761242e-06,2.5740900349737835e-06,7.74544049009123e-06,2.7128916,3.0159764,5819,16660,6241,16892,2.20092437839097,5.28047723346063e-09
1099,1145,0.6882197737082189,0.7462552545922092,1.2537614901295266,1.2202875279766254,137180252.90396073,34800565.79142347,33943065.5212915,33867380.01551611,33032873.827139016,3.044805050334674e-06,1.0474976659328249e-05,3.07809041740605e-06,1.0589487584463346e-05,2.7128916,3.0159764,5881,19180,6335,19604,2.1674250036232707,5.303985070109736e-09
1100,1146,0.37839399374552907,0.5200883493642597,1.0518496787680485,1.0627952922219703,135850902.4595202,24250821.86720875,26733297.39851985,24470838.942679632,26975836.886192594,8.58801005665998e-06,2.4810013245225844e-05,8.557040460386731e-06,2.472054477829703e-05,2.1197288,2.6429389,13424,32755,14334,33212,2.725777417295567,6.259609240470101e-09
1101,1147,1.2290269179828477,1.669746385714544,1.688703617736042,2.0352643266765327,137285791.43891048,62194867.327172294,76006050.33417419,60475680.567189425,73905095.68906288,4.631657437385779e-07,1.042280381863604e-06,4.683881979131391e-07,1.0540326791889413e-06,2.7128916,3.0159764,2677,5714,2893,5856,1.8752337082656712,4.197353565708204e-09
1102,1148,0.6838187851794317,0.8898780656511117,1.2372236696787506,1.318121021127258,131549072.11104572,19224530.050527643,29194414.597291853,18896241.8427275,28695875.38615227,6.467691080995377e-06,1.1669692400844813e-05,6.5124047704914035e-06,1.1750369569248659e-05,4.6792159,4.0097613,7068,15598,7447,15680,2.2231390401117146,5.190614773602068e-09
1103,1149,0.8503176708843465,0.9162272779492465,1.3657860410435374,1.3381760970810757,137496734.10216117,43096415.166737214,41770306.42989596,38806645.93425372,37612536.58613703,1.4379913475858407e-06,4.623346981516485e-06,1.4995822394404576e-06,4.821370470616758e-06,2.7128916,3.0159764,4042,12386,4298,12430,1.9666692086684405,4.771129480981011e-09
1104,1150,0.718594323914593,1.0348140952143754,1.267172054845469,1.4504129345838601,129430315.64194642,25471107.783564027,30305867.560740415,25205401.47893897,29989726.616010215,3.240604127895284e-06,7.996147423777351e-06,3.2542256699765303e-06,8.029758397016335e-06,3.6515055,4.4194846,5325,11523,5761,11745,2.2499168282696567,5.153420901263395e-09
1105,1151,0.7566874889853763,0.7995600751425695,1.3069665971215012,1.2716380441078374,133930636.96099241,33235890.160809617,43977259.568968676,33101251.972200535,43799108.22294758,2.0988839381780437e-06,5.766714818446618e-06,2.1022946351563008e-06,5.776085759091779e-06,3.0492229,2.4350219,4841,17531,5205,17908,2.1717315923819247,5.390903678322711e-09
1106,1152,0.530152985002251,0.6512260696746626,1.1371804005800286,1.1402122315282637,134394462.76393193,26460153.437042475,29165539.157089666,25797536.03141875,28435173.25290585,6.104807190157109e-06,1.725466446059288e-05,6.167051913329211e-06,1.74305933276845e-05,2.692714,3.0008421,9417,25616,10528,26701,2.3723257004388625,5.688179610828968e-09
1107,1153,0.47475327755147523,0.5142430264610094,1.0869951745922997,1.035095783991224,130213826.70404172,22787287.56072068,22202279.94202999,22573929.137423694,21994398.97201954,8.8303760653549e-06,2.9357828679861117e-05,8.863666145368797e-06,2.94685062386144e-05,2.7128916,3.0159764,10805,33981,11519,34448,2.530896008850179,6.494122349643946e-09
1108,1154,0.46805053450269585,0.7531668182439979,1.0869359058692203,1.2186157939028968,128394965.33878477,20557308.531519234,33151531.19180278,21328673.04779337,34395464.20872978,6.069202285666652e-06,1.0040877583888933e-05,5.9804323154305316e-06,9.894016701302871e-06,2.9233074,2.9169943,10762,18946,11587,19211,2.6046409634209455,5.840007388496302e-09
1109,1155,0.27290476071238845,0.39018073183151225,0.989563496714316,0.9696172032190716,136607181.91240588,14519225.198152998,17590709.821078457,14765097.165435042,17888595.029866755,3.513986373813621e-05,9.050836171480642e-05,3.4904620935215764e-05,8.99024561012789e-05,2.5676818,3.0300932,24166,54814,25515,55689,3.0825499778806353,6.960346123031274e-09
1110,1156,0.4610056857894304,0.6248125598304596,1.0939614976389538,1.1390666551418314,129730466.64131416,24694184.626233894,25907453.512542453,25678731.636514764,26940373.055577975,6.295111419853121e-06,1.7827500060696665e-05,6.19743342571356e-06,1.755087994544978e-05,2.4218853,3.1287222,10866,24962,11464,25131,2.580454139798826,6.075165870880777e-09
1111,1157,0.45460819423597015,0.6208425964357387,1.0844485566345248,1.1229129383093759,130407381.77845919,27931156.13446004,23813263.531566042,27621895.167159487,23549596.933631375,6.160514962196944e-06,2.2771670293023037e-05,6.188012646970034e-06,2.287331247964488e-05,2.1225138,3.3998892,11594,28010,12171,28086,2.578719842169159,6.026828534543889e-09
1112,1158,0.5207305920384206,0.6438275805590672,1.1390414809054876,1.15009879330827,134759570.2223295,29759462.16620174,37715798.40972154,30191372.935442045,38263182.613531366,3.6554269690910955e-06,9.360973583220084e-06,3.6344190298549817e-06,9.307175554729844e-06,2.3580208,2.3004134,8414,23033,8882,23315,2.435058071874846,5.8015173390492285e-09
1113,1159,0.3154532416585957,0.4135959427380976,1.0171472261052494,0.9954328726318518,135380284.70027095,15402846.045210348,20896308.352024503,16007285.42833668,21716322.5034899,2.4442364805066923e-05,6.137169510959981e-05,2.4068916260265753e-05,6.0434012916675905e-05,2.7726142,2.6795516,18674,50711,19877,51642,2.942654305219172,6.9291622274588535e-09
1114,1160,1.21571281513957,1.0858279920987979,1.6740844438383724,1.5019590519281432,136646709.522731,61234719.409149416,49196280.92181845,58587030.11903507,47069114.05689291,6.655149234459153e-07,3.0565257836114836e-06,6.773861270538031e-07,3.1110469350262945e-06,2.7128916,3.0159764,2435,10479,2546,10518,1.8884017859584465,4.728595559895999e-09
1115,1161,0.5615323251076143,0.7415983751820412,1.154482791748793,1.21278440276294,132164506.03174257,27356287.427298505,32497927.679366913,27215430.165282074,32330596.160925716,3.8854261196662775e-06,1.05489426225093e-05,3.893457490781148e-06,1.0570747817219353e-05,2.7128916,3.0159764,7668,19564,8282,20226,2.3765713259237944,5.567911499333009e-09
1116,1162,3.193541599313053,2.6480445430575648,3.4737504821744727,2.89223313118439,137579245.55166364,159103827.2263455,124091205.59967744,131667540.00905377,102692587.99678804,5.270439425369427e-08,2.2780710885491177e-07,5.6849622905745123e-08,2.457242591824683e-07,2.7614989,2.9358726,805,3354,838,3407,1.400250875678539,3.325337856288658e-09
1117,1163,4.683479797141143,1.777145755680839,4.944264418075711,2.1339829607176752,144374083.7948718,318543599.87337106,94031804.55804211,280007268.6862085,82656153.73970596,8.531509632350554e-08,7.128855001699293e-07,8.983089296593227e-08,7.506191028595991e-07,2.1227019,2.7285852,996,6707,1043,6780,1.3482684967348424,3.553583059363058e-09
1118,1164,0.5743650091167236,0.7942434050545808,1.2211118610322063,1.284908481209497,142315380.90825728,29600220.030079026,38500666.79467424,27464162.001282904,35722320.60882839,3.968807522306499e-06,8.158753564024598e-06,4.089511860158519e-06,8.406887780941996e-06,2.7614989,2.9358726,7530,15501,8331,16109,2.150472639857755,4.747656423242978e-09
1119,1165,0.5030110282335987,0.8335367341597426,1.1639204952312678,1.3058511632397296,144670524.96231,29652921.334631212,44627036.48593614,28290050.63084219,42575944.118433915,3.3824828679292235e-06,5.942255567415945e-06,3.4467446479501772e-06,6.055148946336545e-06,2.4540877,2.7021332,8056,13583,8638,13782,2.2266241138711513,4.5465311622500125e-09
1120,1166,0.3984638299548089,0.688374000392174,1.1223156123741345,1.2020312887488795,143183228.65408537,25750278.914856907,33884292.23501282,24236846.468493856,31892795.853164762,6.186358885354663e-06,1.1722096190796887e-05,6.33807597980465e-06,1.2009574238528837e-05,2.2156396,2.908829,11961,17788,12518,18067,2.480568432578512,4.990585436606558e-09
1121,1167,0.3092018620172325,0.6806000701646658,1.0840852453782255,1.2081540444997665,144206204.93067768,17665391.209172234,30130347.363897093,17435969.585269928,29739042.51595369,1.3674560047039692e-05,1.7867950341709238e-05,1.3746249597352386e-05,1.7961623945876414e-05,2.5240781,3.2574053,17530,18043,18089,18315,2.797858184688509,5.026230137303545e-09
1122,1168,1.251863015882206,1.1584730125222802,1.7240885594786948,1.568548315007606,145686393.34422234,96524987.41693866,51608065.98694894,87587570.52249351,46829585.16882602,4.450536520164013e-07,2.1663987414146956e-06,4.626912413965827e-07,2.2522536743237867e-06,1.8894528,3.270298,2476,7466,2713,7630,1.6281356303137682,3.966230289372025e-09
1123,1169,0.703606035855926,0.9745922086506642,1.3101755769693317,1.426862040162432,142402119.45684132,19935201.93648338,67463985.30145037,18127578.039999954,61346690.258668356,3.277129300279011e-06,2.863740594499454e-06,3.4041282937904386e-06,2.974719484819187e-06,5.0260334,2.0571568,4839,10855,5237,11181,2.002147113654546,4.3954275042457465e-09
1124,1170,0.9444947961184484,1.2057996667525699,1.4955761904095812,1.6237417901202915,142458452.03997448,48723997.90376359,58509471.42457346,43301025.14579475,51997377.11233498,8.728816971213055e-07,2.026814159314145e-06,9.150678184821526e-07,2.1247695046750263e-06,2.7614989,2.9358726,3256,7567,3515,7677,1.840779771199473,4.117975811178896e-09
1125,1171,0.9279840841831173,0.7797735017828237,1.4478535453802381,1.2333227411344614,143576866.7547223,45354027.1756646,29952356.353969857,41612688.31092484,27481530.235627472,2.2673168493143533e-06,1.0644240259892891e-05,2.346757683340711e-06,1.1017186513116624e-05,2.9377115,3.7378507,4016,15328,4199,15493,1.7735698261681159,4.662490612367754e-09
1126,1172,1.281556040599021,0.9983346600574715,1.7956769687293417,1.4508373529565506,143694706.89113984,66685820.3776384,48862953.50698259,58724157.53503497,43029174.165087365,8.173822558001162e-07,3.2139089089591453e-06,8.600266059366136e-07,3.3815845048604805e-06,2.7614989,2.9358726,2657,10239,2845,10522,1.6614505369924846,4.2824611985799514e-09
1127,1173,1.4751346716126055,1.0925961175465382,1.9167455139851683,1.5030774271388485,143786900.55180445,50630168.85456452,63992639.8333871,46598574.55294983,58897014.67680014,8.560476424458444e-07,1.9188258921523275e-06,8.849375693440814e-07,1.9835824979836813e-06,4.1893015,2.4549856,2296,9290,2497,9551,1.5877190926301459,4.123425257130439e-09
1128,1174,1.3522463664511115,1.3351930916557302,1.8026593029559446,1.7083141375093742,141031868.26873335,69060259.78145654,64139287.31638892,61049528.45753577,56699370.356544055,4.3738099640763093e-07,1.3544072786886768e-06,4.594923308166421e-07,1.4228779084395253e-06,2.7614989,2.9358726,2139,6578,2337,6807,1.6599991886282557,3.96413411153276e-09
1129,1175,0.31990524057381037,0.6043697058150096,1.083004755280222,1.1541045329433803,144354899.77161503,19159342.987892535,30799451.786099877,19702112.372880146,31671976.460586946,1.1862794685283132e-05,1.7021268991402552e-05,1.1730975886857922e-05,1.6832129477009498e-05,2.4103065,2.832639,15671,19706,16934,20675,2.753944366492929,5.274900707320881e-09
1130,1176,0.8524178960585342,1.2410043106416397,1.4340326746936178,1.6597834538556333,145083681.93339717,44784347.69830689,61327414.09934016,42802990.58880754,58614155.69148058,1.1150852574824656e-06,1.940150277447747e-06,1.1354523925533102e-06,1.975587301202979e-06,2.7614989,2.9358726,3970,7011,4375,7160,1.8527246113570883,3.932894938613039e-09
1131,1177,1.0270561036708952,0.9071938797693224,1.4300824191494008,1.247093403160483,139058605.43865484,73821451.67867598,48815972.308969304,65265965.053353414,43158478.60362479,4.986149209230491e-07,3.1709254770109555e-06,5.237977123849661e-07,3.331074625538282e-06,1.9346814,2.584259,2584,13052,2761,13145,1.6451834152698364,4.439620583414039e-09
1132,1178,0.9425397433653715,0.8678558206693059,1.3574684389629583,1.2003544495029481,144250721.1164793,57020914.762389645,52720135.5603997,52115203.66304582,48184435.71666179,7.592002700462612e-07,3.0480946303194605e-06,7.870172479215249e-07,3.1597763357120833e-06,2.384424,2.3745923,2899,12178,3016,12159,1.636618895054792,4.33696744416515e-09
1133,1179,1.2971322439062747,1.692088993909054,1.6534395655636913,1.9523656204085207,137089686.1596086,81155274.25547008,97329692.67013288,73780469.6357266,88485073.83633566,1.3072438918569475e-07,3.8358676643140254e-07,1.3580218418765956e-07,3.984866254212839e-07,2.1911509,2.3833215,1429,4207,1578,4257,1.5446689905239648,3.6637994951423462e-09
1134,1180,0.6271759991910886,0.9174722760411878,1.0928835739213338,1.255963560841087,138494621.76057574,51822349.75664397,63035284.509444274,49623856.36239572,60361097.459853664,6.712643034553353e-07,1.655040579721373e-06,6.830054810493448e-07,1.6839891254309752e-06,1.6761205,2.0157754,4411,9495,4789,9818,1.9440147094824518,4.46679592051865e-09
1135,1181,0.8432711238531725,0.781890628488945,1.2775821040181206,1.1276906267475233,145457228.57253608,51020335.15930947,54010515.522439755,47314556.14878828,50087549.62765446,9.398483565057688e-07,3.652618902862984e-06,9.686284060681214e-07,3.7644694501657576e-06,2.4041371,2.1057315,3093,14194,3269,14505,1.696455242233642,4.4852228118199916e-09
1136,1182,0.4938712071239999,0.7939932768700472,1.0096734248367596,1.1461905207805336,140514686.64585948,31455230.29832233,43336637.671652675,28871344.686173674,39776755.46774921,2.2006224990368025e-06,5.126622861106243e-06,2.2773820425647112e-06,5.305443731487464e-06,2.2061882,2.5744433,7310,15063,7476,14925,2.1368060964749467,4.630850429677608e-09
1137,1183,1.7515362140314703,1.320577488869127,2.0647457201821267,1.6070406819580962,139556438.72197717,138105834.20915157,74599549.59898612,117825245.58478515,63644742.47122321,1.2435045121172003e-07,7.928152506178871e-07,1.325063936560266e-07,8.44814704500034e-07,1.7699336,2.4704585,1355,6692,1483,6774,1.4063403178135139,3.858186997616302e-09
1138,1184,0.8446464675050025,0.7437997068786952,1.2800800203104712,1.0991418300519293,144532060.64558184,42123306.689130925,55824402.02140026,39788609.980020165,52730318.05858854,1.177781506458211e-06,3.4167508737449515e-06,1.2049532745655497e-06,3.4955763281377006e-06,2.8981223,1.9257332,3399,15158,3485,15215,1.7042911537008525,4.625964109955029e-09
1139,1185,0.522456363639677,0.501282746280302,1.0285567062586192,0.9076573160666905,142734989.28610703,36014923.66522213,29623010.609516993,31035407.482655633,25527256.80263414,4.527390241480648e-06,2.1062785533259936e-05,4.8050504197466864e-06,2.2354544465892097e-05,2.0706084,2.4153719,8027,33219,8422,33589,2.0657808212092474,5.60499666718196e-09
1140,1186,0.25500608803892677,0.3708847216937983,0.8643698708303276,0.8150806316355659,145284057.32929963,16264130.895611225,21557745.721357632,15732434.703940708,20852994.181013092,2.9056343997801396e-05,7.135700832074081e-05,2.9445229096727317e-05,7.231203821858236e-05,2.2779157,2.4995024,22304,51375,23259,52056,2.907774477971927,6.412632270822289e-09
1141,1187,0.9046299646101643,0.7725150112880406,1.325551541032003,1.1250277186308528,141473845.5886845,72903116.83603647,43123071.96557227,64084769.49612388,37906913.26810912,7.513226424168881e-07,4.708413353901362e-06,7.910846999842157e-07,4.957595519137796e-06,1.7555008,2.5343897,3584,16007,3676,15957,1.6846905250928816,4.644391732365163e-09
1142,1188,0.764189945371675,0.7847750562363695,1.2286742248169213,1.1574078032352901,138302293.67508104,46813007.852603234,36769768.58471656,44037248.227707416,34589519.040069036,1.5074609331893767e-06,7.013376186979582e-06,1.5447728049068727e-06,7.186967546353304e-06,2.2576892,2.9517779,4104,15921,4636,16497,1.8733191404620377,4.8152196870632535e-09
1143,1189,0.7444225845833763,0.7047970093623646,1.2138198905738597,1.0825892243444324,142515216.07284722,45471013.51539958,30657327.694824155,43169052.66740967,29105306.690639116,2.220539165959156e-06,1.0937118223106915e-05,2.2671658129088072e-06,1.1166774676752545e-05,2.3331687,3.2763553,4548,16475,4790,16801,1.8300064379690288,4.836951649771084e-09
1144,1190,0.5555568031926864,0.5460649435498437,1.068245384153046,0.9518326568707329,143507783.50028127,36983874.09708506,28318601.134023834,34306455.75757681,26268498.38312164,4.742185221777731e-06,2.1666094937837572e-05,4.8868964016784934e-06,2.2327251348999653e-05,2.1557159,2.7672472,7695,28382,8048,28644,2.031205782109919,5.3716763950898496e-09
1145,1191,1.2614281317696308,0.8049481933876236,1.6388644966434227,1.1544028297886157,145026600.66576818,142465190.5609158,50922564.77968669,129178605.44011511,46173425.78755165,3.4008542718889465e-07,4.1258043975375975e-06,3.5366761299386726e-07,4.290579002511199e-06,1.2841076,2.2924788,2331,15912,2405,16343,1.4985062465425978,4.45010803432409e-09
1146,1192,0.250571291454246,0.4115189612800454,0.879095430270651,0.8739950098567986,137961423.37840784,14284563.42890363,21723142.596814267,14246465.85192896,21665205.992637813,3.2686638511044126e-05,5.753409590729984e-05,3.2721574449002364e-05,5.759558915642736e-05,2.420037,2.6135142,27696,46856,29330,47804,3.025361162331095,6.431175313798757e-09
1147,1193,0.6397757566061143,0.677428993809746,1.1373210295456446,1.066230205590901,141664337.46306068,49744316.630307175,27567693.424169023,46257087.24857182,25635113.44302473,2.3787508478603272e-06,1.4168222979614543e-05,2.448922440114244e-06,1.4586176279255977e-05,1.8219852,3.4811592,5641,18415,6007,18726,1.9642800288001485,4.9955940612706446e-09
1148,1194,0.7853952671436901,0.6711557383896147,1.2424408291321931,1.0475515678790193,144257667.25966325,51449985.53893439,30684592.34686693,46796491.75198252,27909264.84491379,2.2305198885249218e-06,1.4856106430267441e-05,2.316727129499177e-06,1.5430279273810298e-05,2.2021248,3.1553087,4654,22488,4914,22842,1.7655935186021243,4.860653248333494e-09
1149,1196,0.4424553729906573,0.42030946136878927,0.9936599123531981,0.8753884752684531,139090816.62876585,31175067.734010886,20660001.27808869,29704935.91907746,19685731.536812466,8.028761729373557e-06,4.6127004162250765e-05,8.185403330470544e-06,4.702694465486096e-05,1.9740608,2.8296797,10233,43562,10972,43976,2.306008897169977,6.322627871456892e-09
1150,1197,0.37269357470948894,0.4837464470422657,0.9556805221726378,0.9215053424954514,141304030.78764275,28634399.291101836,24327781.720831815,28149921.81045213,23916169.719543308,8.685462285870417e-06,3.307212046881803e-05,8.744949227468872e-06,3.3298632223070444e-05,1.8391552,2.8097639,13231,34326,14078,35088,2.4666089338412225,5.8186142604077165e-09
1151,1198,0.8701007832139973,0.7287502431818875,1.3136599425651962,1.105500109543281,140475420.1072755,49993747.31688478,35407978.04905371,48331111.77282988,34230419.5340994,1.3059589125686815e-06,7.359174896721662e-06,1.3237472647912705e-06,7.4594135748842385e-06,2.4448612,2.8911986,3178,15644,3368,16049,1.7664284552747331,4.874558570131824e-09
1152,1199,0.7477706908766242,0.956064369348324,1.2106782168719497,1.300595315239692,136984843.5010791,47458190.72788591,45478856.795450546,43978677.57179786,42144463.34056834,1.1432807239747295e-06,4.062973494877492e-06,1.1786381271251044e-06,4.188626091685244e-06,2.1583893,2.879719,5144,14448,5345,14237,1.8827732639458588,4.4750530710283935e-09
1153,1200,0.5279349036894556,0.6878316911825189,1.0527370990658789,1.0649749258961692,144029344.60924354,35229102.63442114,34401949.524410464,35021285.40044226,34199011.68441398,3.5803782940888693e-06,1.180527747710668e-05,3.5888616366271553e-06,1.1833248882464364e-05,2.1583893,2.879719,7680,19716,8086,19983,2.070393992559165,4.809290784699135e-09
1154,1201,1.331576147163548,1.2846543734388662,1.6991804243108015,1.5829315241295796,138788072.36504832,80282880.03235295,69152045.13645355,70505829.96520713,60730536.001851335,2.537294747910757e-07,1.108899094172527e-06,2.67257613668306e-07,1.168022461527278e-06,2.3019464,2.5782998,1756,7352,1887,7363,1.5606819906595752,3.974662613930232e-09
1155,1202,0.6636865616127668,0.6929325080803055,1.1501825682288316,1.073245491843416,141123907.102936,44725363.63110999,39269500.81697072,42502969.44664924,37318207.3414805,1.839607830686259e-06,7.087621908843401e-06,1.877496311688682e-06,7.233598254217726e-06,2.0941594,2.490211,5110,17461,5541,17953,1.927723416793195,4.9400898263008565e-09
1156,1203,0.540121633327277,0.6378425761932549,1.0614211143930716,1.0334156164633717,140044726.19594672,26697864.83674076,25187987.922346573,25493600.661354195,24051829.967752088,5.305183787836298e-06,1.932706130837055e-05,5.40404024140541e-06,1.968720052602385e-05,2.8332298,3.5463924,6894,21306,7482,21776,2.108554709935343,5.178003946124101e-09
1157,1204,0.6403256931474152,0.8760452157892906,1.0997020103692932,1.2013355179998197,158894962.894166,34817682.329251885,38377181.46941559,30655535.968193363,33789528.4289255,3.4249512657929736e-06,1.1006318092733837e-05,3.6038837555187395e-06,1.1581330040704034e-05,2.9222085,3.6271338,4894,12575,5027,13015,1.7917601335215128,4.135933724747327e-09
1158,1205,1.5780175958759928,1.4243368252380653,1.9107437784800256,1.686387384505429,149309233.68527788,97043434.12177278,76003763.50409263,94773261.02304213,74225779.23477289,1.6698933657492392e-07,9.021150747043568e-07,1.6857799036217756e-07,9.106973504314338e-07,2.4279087,2.7981067,1085,5385,1104,5175,1.3283473939275858,3.4221762201141906e-09
1159,1206,1.4535082331123443,1.3464555110964724,1.7968800882698612,1.612263237796005,152767532.9675904,139042367.29316983,88104903.94660805,125087407.66121946,79262272.72644632,1.4450572659848317e-07,8.805186933082544e-07,1.5075040323472189e-07,9.185694656984139e-07,1.5969871,2.3346565,1482,6491,1577,6573,1.3336559029111317,3.4647168668616217e-09
1160,1207,1.5374609822159893,0.7899683309065317,1.8586466206491103,1.1374433407395548,164049302.13891906,91462850.33555076,74791824.23458663,80783524.81791422,66059030.16433065,5.382030191225546e-07,3.679429292812621e-06,5.656071655212991e-07,3.866777961291765e-06,2.7576158,1.7327262,1462,16682,1553,16897,1.250119549943857,4.336184480179726e-09
1161,1208,0.7318873653747278,0.5570888608579643,1.1702217551960747,0.9536680300284603,162918265.05338863,50750280.594232716,34153605.091293834,45302289.65330456,30487250.36460585,3.9398948434998775e-06,2.3818055054358334e-05,4.122986840768827e-06,2.4924910806653084e-05,2.3495007,2.6574047,5522,29167,5274,28189,1.664491194148775,5.098366336183686e-09
1162,1209,0.45879416221632185,0.5735097566821148,0.9703520661746661,0.9614725972856414,161608176.83674768,25969784.602692284,37364217.6650972,23249968.92362045,33451062.95101271,7.647197106586891e-06,2.2225895073292795e-05,7.993199869212541e-06,2.323152118571027e-05,2.8550444,2.4805515,7542,25870,7671,25661,2.0740105614508,5.018247975721355e-09
1163,1210,1.4632776113051227,1.103162574138988,1.80245123765368,1.4012142173684234,148387147.51288685,116975616.99352829,105329067.29566006,103287152.42712523,93003479.77113609,1.5725550947436106e-07,7.419225389415395e-07,1.6528197209238158e-07,7.79790932514434e-07,1.8562124,1.5541308,1708,9693,1715,9664,1.3684253757558207,3.8566320871681874e-09
1164,1211,2.6069449161337195,1.95394477316527,2.8691982637232236,2.1616236160329474,153960784.7555219,165313994.34516037,107512294.16858019,163598920.56708974,106396892.43094051,7.552794108545562e-08,4.0223557733111834e-07,7.58436665431206e-08,4.039170214419583e-07,2.4279087,2.7981067,696,3368,760,3512,1.1157774296774217,2.94814662418737e-09
1165,1212,0.78599765460963,0.6862874210011579,1.2266500684545958,1.0453406200371407,148305791.48357293,48011691.819841966,36374738.37462909,42374891.96703116,32104171.932490002,1.8900277967268211e-06,9.83645206032139e-06,1.9868430143029627e-06,1.0340316737892027e-05,2.4279087,2.7981067,4192,19314,4325,19531,1.6889638129363616,4.6854431582369215e-09
1166,1213,1.1007148120544321,1.0238677680667534,1.488222122342314,1.3319771502992406,149737531.84873813,77920428.64822249,60719868.69715133,68055115.11677842,53032275.6913449,3.6217544743960214e-07,1.9373856478418673e-06,3.823272291423837e-07,2.045183603019163e-06,2.1152132,2.5248973,2032,9132,2036,9124,1.4814422798612652,3.9320020118553096e-09
1167,1214,0.6372150036590819,1.1253770969108834,1.1239378321696907,1.426272864836206,150745840.77982566,40832094.927816786,73676077.2810039,40893676.44259341,73787192.92299545,1.2828924159052236e-06,1.7786170787336624e-06,1.2821193068613026e-06,1.777545231295644e-06,2.3525002,2.3025916,4988,7651,5297,7503,1.832548411123201,3.7111836861049216e-09
1168,1215,1.2568467810952009,1.0525595913098253,1.6210326226101197,1.3526706973922196,154160936.2414069,79803938.46178596,57990487.655883625,69762521.58170494,50693771.81884813,5.746695568556878e-07,2.8465457107145127e-06,6.064277314968112e-07,3.0038554110916183e-06,2.4279087,2.7981067,2132,9418,2218,9533,1.3938450187391282,3.830136529257695e-09
1169,1216,0.9465558966584839,0.7990045719112784,1.3552673095912946,1.1431947038029788,152553277.91730338,51698817.42602981,35271191.77652438,45997656.8166836,31381610.946387794,2.0585388825875432e-06,1.0939954605569922e-05,2.157034218621653e-06,1.1463400878160642e-05,2.7931046,3.4558165,3637,15929,3698,15884,1.550145288375141,4.35230405714787e-09
1170,1217,2.6159839115670875,1.5154097207827495,2.875916071338587,1.7745303123282552,151070385.48616117,162772882.66483647,81817298.34967545,145548026.65235642,73159276.44620438,9.699049613819493e-08,1.0227875494450409e-06,1.0142837652282953e-07,1.069586039854486e-06,2.4279087,2.7981067,714,6811,733,6707,1.1630575689351397,3.3896286387402616e-09
1171,1218,0.9700498400869868,1.4598174786955083,1.3868078568950404,1.725799552836149,150506897.15723056,76535605.80304568,89995450.97827166,73310837.72313976,86203562.81580913,2.778391555655372e-07,6.858930607856706e-07,2.826647073006984e-07,6.978057533752815e-07,1.9075983,2.4413745,2311,4633,2420,4668,1.5604402393469923,3.384974802803428e-09
1172,1219,0.39036934198016277,0.5226307927719356,0.9235674143518888,0.9199756737700245,159542942.21014026,29146939.594206538,28057442.907539785,26423336.871805277,25435646.967708673,9.696337472505512e-06,3.491106105966412e-05,1.0084394852066552e-05,3.630823756171176e-05,2.1367826,2.9718337,10005,26937,10388,26892,2.2605297841032432,5.239834288569463e-09
1173,1220,0.1486552492648004,0.3147881685125156,0.7895212748687614,0.7707061253274325,157496663.03750214,8941418.55622752,16918860.389343366,8150620.015889248,15422519.510550564,0.00018799695674165843,0.00026791055122673776,0.00019509095308534925,0.00027802005780481695,2.6184554,2.9303443,57915,74371,57666,73432,3.871981364949256,6.786075799674311e-09
1174,1221,0.6922016489903768,0.6192014865782793,1.1422259098196224,1.0018357297384166,160541547.7016717,51142518.85451801,34961744.94733183,45319503.78569439,30981049.975310594,3.6228061500608936e-06,2.238109318506534e-05,3.802278146846072e-06,2.3489841298483252e-05,2.1728911,2.8433239,5152,24971,5390,25447,1.7248081451695052,4.857980053360202e-09
1175,1222,0.958594842856984,0.63637950475544,1.3575703392444098,1.018903336389493,161637864.89101213,76836341.62789969,33107047.686190538,67044789.01293431,28888088.369837627,1.4377983827907733e-06,1.7885511954138593e-05,1.5183736241110227e-06,1.8887828731713263e-05,2.0165617,3.1069827,2530,20976,2630,21234,1.5068051250340486,4.807432563207135e-09
1176,1223,0.5177944485892758,0.5807905684960385,1.0174800082425222,0.9592903525775504,155540365.9137826,36356554.71054528,31275615.222199462,32331751.977644503,27813290.955732312,6.492135954300374e-06,2.545127396218689e-05,6.804073540624304e-06,2.6674170251562156e-05,2.2152247,2.8883965,8546,26391,8872,26675,1.978817139075291,4.973626840842816e-09
1177,1224,1.04071175336656,0.9123837774059207,1.4319343156457813,1.2355696515499826,155088850.92110467,62806960.295561135,54045562.57561477,53999544.747905575,46466757.20324425,1.1567062945603382e-06,5.0461163344470445e-06,1.2287687831888663e-06,5.3604880143448675e-06,2.5698233,2.6181715,3214,14048,3320,14216,1.4873999186119278,4.085163354050827e-09
1178,1225,0.8645041118826187,0.7786746993374307,1.2796432677133243,1.1274385996715852,161052850.28812963,76259838.62814842,68343388.075977,68378917.4211215,61280576.69141119,7.130449985988782e-07,3.4877493033073784e-06,7.448458502031411e-07,3.643298249370098e-06,1.8257428,1.8349658,2729,13723,2852,13880,1.5709876539770422,4.380415371255944e-09
1179,1226,0.6529636669023593,0.5353622579678495,1.1211780713053017,0.9295894666992467,153729737.78451324,37149999.27117927,23921614.51973261,32676292.209761366,21040906.63556129,6.153652217984216e-06,4.52273856869257e-05,6.4777377731123136e-06,4.760931139187582e-05,2.7020171,3.4404492,5372,31977,5619,32434,1.7917223144247076,5.203048923710642e-09
1180,1227,0.14568821002311907,0.24394356833846662,0.8824972832345035,0.8639567366464072,128701174.40874988,6733907.562673918,7795148.363049823,7535513.552875841,8723084.715632042,0.0002943879227063385,0.0008184533366585142,0.00028143733334556133,0.0007824482825904653,2.7844522,4.0276108,69017,137516,74195,142607,4.3710451839205335,9.403523625655605e-09
1181,1228,0.375311686793385,0.4886000958129057,1.019038538451179,1.03862984846165,121862274.92442441,20792745.304772895,14073367.010011818,21837382.815028973,14780419.727619246,1.5806327420845954e-05,6.8568623584524e-05,1.549942091384128e-05,6.72372481046835e-05,2.1996295,4.2308226,18659,43988,19806,44670,2.88865537286648,7.188716254823022e-09
1182,1229,0.30744811387462734,0.3932029360291307,0.963688150348959,0.9462260442284218,126181565.23210487,12931275.058698103,18178939.64543984,13164316.760847082,18506552.430645213,2.4386854171789672e-05,5.722865298989824e-05,2.421324473200622e-05,5.682124355876993e-05,3.0000355,2.729255,19499,53240,21169,54606,3.0620567889900276,7.547826518320747e-09
1183,1230,1.1739079848151461,2.37879649065506,1.608573481649321,2.66076913385813,127169448.91016327,54730688.29281008,84229748.02849457,52620594.182610266,80982343.31347127,1.5502099681597616e-06,2.7393084159094803e-06,1.5747825363348356e-06,2.7827295292973623e-06,2.727633,3.5914893,9191,10831,7207,9672,2.110871162024334,4.489639474392881e-09
1184,1231,0.3972525818581475,0.4372192612924325,1.0170393411413798,0.9688718491310233,121252943.43651748,18849486.915884905,15057826.778030233,18491293.436907317,14771685.548641162,1.4640109159977402e-05,5.8780527264600656e-05,1.475289366114259e-05,5.923336080384013e-05,2.5554035,3.5207021,15098,46785,16352,47653,2.7634961501020623,7.403990230218244e-09
1185,1232,0.29676430061881554,0.46515259621402283,0.9464750848623471,0.9921307434797466,129048142.03975035,15824248.126309797,15722454.939311162,15883040.244662369,15780868.863575159,2.7351459114134605e-05,7.557515313305076e-05,2.7310916764019765e-05,7.546313006673035e-05,2.4201391,3.8179202,24077,44759,26367,46182,3.06130125235561,6.836243310789895e-09
1186,1233,0.2621423845106227,0.45891375753795305,0.9493941478978403,1.0366632786223413,127480788.56300876,14088755.428324029,19135894.0279166,15007151.537605878,20383295.241762426,2.8502186892990503e-05,5.630149782168311e-05,2.7791240232799486e-05,5.48971367461503e-05,2.3719709,3.0572226,26936,43482,29417,45084,3.2875792723161834,7.05084096547443e-09
1187,1234,0.25233690205560416,0.35825997901384365,0.9279456327635417,0.9269091779713109,126229075.15925016,11934247.129128372,17063064.124093115,12246761.245691264,17509883.127663255,4.2240965085720604e-05,8.001225343732556e-05,4.180645493909721e-05,7.918921031077367e-05,2.6689789,2.6503344,30792,62273,33842,64554,3.299826683288915,7.82746138470266e-09
1188,1235,0.1704068886813961,0.2761148156614156,0.8901061961770017,0.8736646320357925,129381952.16406102,7632553.842095411,9871208.265891962,7786023.787704765,10069691.477017157,0.0001207230768055724,0.0002709922480335841,0.0001197655617076867,0.00026884287298642516,2.8886237,3.6190376,47594,86828,48871,87562,4.0382033963268436,8.831357976642504e-09
1189,1236,0.41915076112120586,0.5658671518338513,1.039880844309544,1.0838894211570151,122287510.08783282,22627541.637427256,22012067.59718527,24014568.980977546,23361367.49615762,6.845554771099927e-06,2.3220478468641675e-05,6.684573150046033e-06,2.2674420422139722e-05,2.265244,3.1436613,11991,30599,12847,31401,2.7650424699910396,6.748243744033817e-09
1190,1237,0.30822048005412506,0.37284954115743285,0.9573669118948737,0.9245947418859111,129533413.46981104,15819431.748323224,16178821.855511058,16257760.546794811,16627108.725572852,1.575327573629191e-05,4.307299280001677e-05,1.5581990572685908e-05,4.26046607056477e-05,2.5237854,2.9851663,18291,44129,18936,43773,3.071613901148709,7.623350115973958e-09
1191,1238,0.5961628862959176,0.6366476840568073,1.145653582640248,1.115488029788264,122406339.73201498,35386138.995796725,28124245.13181636,35782961.55740797,28439632.32333549,2.349579101466982e-06,1.0924639844465321e-05,2.339121762707942e-06,1.0876017238142873e-05,2.0622232,2.7709086,6608,24265,7241,25057,2.420007650512851,6.334843864092586e-09
1192,1239,0.27239186450729425,0.38084965579278784,0.941871553717896,0.9383714115346651,128146513.974656,10442056.22002984,10350258.598341333,10811585.39523585,10716539.189292131,7.054597751152505e-05,0.00018920492410844447,6.957142730018305e-05,0.00018659117198137657,3.3428347,4.7152982,30355,60402,31825,60511,3.264279512019715,7.652910605808387e-09
1193,1240,0.6913465588825606,0.8488624873674492,1.2313156475950455,1.3072497665426266,122797956.14560752,38177275.143354796,26403920.726010155,39272050.86356009,27161082.44644511,3.124084334852608e-06,1.2138293211190004e-05,3.0889529101769546e-06,1.2001793844357118e-05,2.2237298,3.9478447,8010,18755,8735,19117,2.4000282285219288,5.914539399176874e-09
1194,1241,0.35910260635332625,0.4684373517812633,0.9870560834947365,0.9979188766124595,129358640.4304347,17362175.516797334,15700956.867481634,17109535.52134344,15472489.549674328,2.314091110200609e-05,7.755356614877256e-05,2.3276990157962168e-05,7.800961630259029e-05,2.6755302,3.8594093,20034,47808,20487,47598,2.891015359807489,6.904998211975012e-09
1195,1242,0.14824807394049935,0.2942420259300633,0.890873884155523,0.9083768800692131,126940333.6086387,5945847.219658814,11233885.540775374,6556989.948215948,12388558.240569694,0.0002612368604948783,0.0003677514967712548,0.0002512107076752305,0.00035363736027727754,3.165009,3.3248675,75502,104363,79171,106093,4.313033782517274,8.631987930012652e-09
1196,1243,0.6191661661273451,0.692150843196679,1.167431317852488,1.1571577621897364,120585786.54794753,27372685.08862558,23239260.05757462,28055376.70411859,23818861.508444358,4.2041915606486055e-06,1.3761237743139287e-05,4.162967445877092e-06,1.3626302206559278e-05,2.727633,3.5914893,8152,21667,8804,21886,2.4195754282030073,6.27096202047446e-09
1197,1244,0.5505271429353481,0.7396175298210353,1.1278532155070287,1.2146757007996232,123209445.5030634,26163840.613542486,18142633.37255109,26923114.321524505,18669131.936611485,5.4334186758451504e-06,2.4908886198953833e-05,5.371599824711939e-06,2.462548474957303e-05,2.5925148,5.0228577,8432,21052,9006,21310,2.528005251666608,6.080595339072412e-09
1198,1245,0.5043949221960167,0.751089380548376,1.0873186055749184,1.2041102128582652,124659550.80796945,23052091.11004895,26070094.318754226,23679109.506187964,26779202.60090102,6.285246562677123e-06,1.4242167304279206e-05,6.2181372498819465e-06,1.409009975196078e-05,2.727633,3.5914893,11174,20757,12628,21732,2.5620108024826824,5.927119315888353e-09
1199,1246,0.5313335881001763,0.9309646066251345,1.1181553711442722,1.402197920952016,127329284.99770008,25137642.87525405,39430785.02338872,26403993.993154973,41417177.26158996,3.8946138473137045e-06,6.360033739145643e-06,3.818795255735243e-06,6.236219461428195e-06,2.6913552,3.0062566,9506,14585,10217,14937,2.56534611632467,5.551612487681745e-09
1200,1247,0.5428296106743796,0.9182583660218584,1.1253331390618961,1.3614564597841943,123887565.51837213,24570484.598246094,19881825.51203974,26718321.979785137,21619802.143198404,5.265797481381348e-06,1.903985451806035e-05,5.0922060624204565e-06,1.841218978650064e-05,2.7370172,5.7218485,8469,15458,9023,15606,2.547451896328474,5.682676634923117e-09
1201,1248,0.8225895959908258,1.0413916573218183,1.3197937690909953,1.4484939888695583,124276628.20976852,39875435.275222726,46219817.96715533,39770076.87028889,46097696.50907616,1.0963716494316316e-06,3.055222108772137e-06,1.0975325251743744e-06,3.0584570822746017e-06,2.5637002,2.8001115,4647,12166,4855,12387,2.2356604597029075,5.378158780241226e-09
1202,1249,0.9162972921012682,0.9109952438151907,1.406350874436711,1.348949543757625,144786442.71301407,44264052.35468014,47979139.94179214,41996377.74658639,45521139.11321064,1.6360854791173042e-06,4.711656569397401e-06,1.670866397576092e-06,4.8118198830125535e-06,2.9971821,2.7491064,3605,12197,4037,12675,1.8874814099428077,4.625717343595057e-09
1203,1250,0.6764606674503838,0.841494038493961,1.2388848841230278,1.3151647586836128,140480403.3485672,42182856.50023391,47231743.74464063,40762966.593484364,45641906.503039315,1.9297182672368882e-06,5.642130056909465e-06,1.9563294334394985e-06,5.719936057521226e-06,2.2527983,2.5028384,5731,16310,6237,16414,2.2168143720179847,5.053836038172204e-09
1204,1251,0.3518743771798894,0.5180540841538637,1.0117197214041265,1.0562158864016464,144369000.98477775,25087693.673421483,25944781.15526638,24966929.230152722,25819890.956401072,1.3765029311021596e-05,3.515625715990234e-05,1.3791623212093658e-05,3.522417870251946e-05,2.0248873,2.8826973,17266,32852,18696,33541,2.689160157644977,5.821644630102398e-09
1205,1252,0.5721042964653231,0.8123614317568688,1.2016050643061191,1.3476343974222622,138977208.07976523,34926205.46886737,36732875.60953878,36143644.124257,38013290.189088054,3.5265159537479853e-06,9.775299128828358e-06,3.478513072146236e-06,9.642237905553834e-06,2.2764986,3.0735335,7875,17213,8679,17819,2.4212948758613235,5.295068535255932e-09
1206,1253,0.680940564545203,0.7738331813697131,1.1732059819101757,1.2044465111064542,145425775.6987983,42541273.96414121,37726810.14455813,42202452.19813383,37426333.37816465,2.0778339825334e-06,8.507324287612117e-06,2.0844907231974595e-06,8.53457913665383e-06,2.3277702,2.9828997,4759,16351,5177,16541,1.9674996253974197,4.756244506291346e-09
1207,1254,0.43403770617266846,0.6591078820505916,1.1088053850488215,1.2212720060424425,139984201.05831903,21119207.896427553,34394988.30927807,21689970.932543386,35324539.647133544,9.543090452392599e-06,1.6126478483880563e-05,9.441837080433623e-06,1.5955374549315278e-05,2.8769271,2.6825039,11989,23008,13050,23651,2.6425549933769146,5.624227401969215e-09
1208,1255,0.8228482138485781,0.9951875474279781,1.3688043422936849,1.4599643039437933,138397026.91228396,36933926.6850603,51481208.554632366,36094759.101264246,50311515.395221666,1.9209025150020685e-06,3.7748671016582166e-06,1.938643079651145e-06,3.8097300232982398e-06,3.0833371,2.6753645,4815,11630,5245,11879,2.118611068630779,4.838194908804448e-09
1209,1256,0.5290325793907347,0.6655721540093928,1.1105754090285591,1.1471998562512626,145315469.87846127,29959232.08365688,42015573.592357814,28948618.943676624,40598264.54259056,4.038019351428374e-06,9.515781104859881e-06,4.093827386449359e-06,9.647295344623047e-06,2.566041,2.3019543,7033,19814,7778,20432,2.2443495347804046,5.170443979508606e-09
1210,1257,0.8167530548200707,1.0691336626816401,1.3657192524510617,1.5306376007713638,139904001.35065615,47644055.512004614,51650203.88789483,49823657.43885127,54013077.5498087,1.6065005135884605e-06,4.341796132781545e-06,1.578011324441644e-06,4.264800047055166e-06,2.3983479,2.8959436,5186,12223,5473,12250,2.257675454343122,5.028474911454989e-09
1211,1258,0.6971202356398625,0.9877361380396723,1.2782254931583972,1.46820570341368,138385033.62138122,44257623.956602,50723519.34667715,44352752.71254425,50832546.10548358,1.6067590493054788e-06,3.8098317340562646e-06,1.6053796765006423e-06,3.8065610642646537e-06,2.1797602,2.6947637,5883,12058,6303,12089,2.2604350124037627,4.950212592019737e-09
1212,1259,0.3398402955179294,0.44728998092232697,1.0361386835218822,1.0544223631730818,139033444.25262147,17730989.532259673,18420544.496532097,18158518.02423991,18864699.49395787,2.5996741646009972e-05,7.972002071239752e-05,2.5750160895155718e-05,7.896387123670365e-05,2.6647789,3.3760276,18177,45627,19344,46822,2.8898283037397645,6.596839732868736e-09
1213,1260,0.4141618085245699,0.6750934025727328,1.0984032237380388,1.2373302625334963,140700205.49750498,24490120.183830734,32759339.584587794,24911520.766103663,33323028.31588836,7.771872389427518e-06,1.5341429206848317e-05,7.71901582685637e-06,1.523709203143281e-05,2.3794351,2.8995023,12148,20420,12939,20960,2.7019621454053886,5.5849009581900525e-09
1214,1261,0.3020282997858666,0.5496928776786546,1.0059718317484991,1.1150153050342828,141837048.86347717,20628396.22154693,31532104.933527194,21617190.481667057,33043553.71669581,1.2764096454636765e-05,2.275898883843985e-05,1.2527273622220019e-05,2.2336722505776525e-05,2.0766909,2.4726169,18505,28828,19498,29199,3.041052800498796,5.9813244935892675e-09
1215,1262,0.5168872901313936,0.5257191512832811,1.0936909297315651,1.0347839617784134,146319640.42866334,35241254.280663356,29468646.79403082,34304810.0336614,28685594.50714487,5.3671608642686725e-06,2.5951257316853297e-05,5.425292371585001e-06,2.6232334359769193e-05,2.146086,2.6103349,7817,33116,8526,33893,2.233763102414913,5.6278519542351175e-09
1216,1263,0.44444210271345175,0.5943160884351212,1.0863326106962006,1.1409375342604384,141456250.86154178,29110403.967472542,33770226.37964549,28669663.45498528,33258934.71574392,5.639761067503194e-06,1.5614223915985725e-05,5.6742825823528694e-06,1.570980006829611e-05,2.1596785,2.4894629,10192,25781,10900,26180,2.5718997779919714,5.747105536786874e-09
1217,1264,0.9574230098967684,1.1516243994202193,1.4447780931974028,1.5541732091849714,144276225.82215002,59341501.31451496,55701511.48999394,56218951.624332435,52770498.05769246,7.362580217197579e-07,2.468649133330046e-06,7.523507432846157e-07,2.5226075038632634e-06,2.3277702,2.9828997,2844,7884,3140,8216,1.8762751142879335,4.308336321925228e-09
1218,1265,0.3125019411604811,0.5417111021788016,1.0266592316247412,1.1312739704443562,140976013.08889803,16602556.723855913,24749077.796846047,17646744.029818647,26305625.58039422,2.4733864487056517e-05,4.312443138781238e-05,2.4137713692418375e-05,4.208501985333034e-05,2.6535237,3.0857017,21576,33765,22764,34131,3.0514760143169806,6.14447763580982e-09
1219,1266,0.20484034606835538,0.4205713116266851,0.9643846026582477,1.0385230231767517,141881148.69151205,14379420.085248005,22196763.872754958,15716540.253919654,24260806.822856378,5.3012341141758586e-05,9.232230031627722e-05,5.116002558263405e-05,8.909644705934002e-05,2.0211513,2.6882811,42224,57376,45034,58965,3.62699121705823,6.696781509601975e-09
1220,1267,0.9610220890434982,0.9976693990441553,1.443843735124708,1.421263263434936,143763401.63803527,59352853.89003783,48083529.76694529,54448919.49902728,44110705.21326565,1.0533637394865254e-06,4.541249392825909e-06,1.0903333610101845e-06,4.700632391313364e-06,2.3277702,2.9828997,3483,12391,3807,12808,1.8753778781060784,4.515731970633481e-09
1221,1268,0.9475316720569237,1.0372506798102554,1.4230245095401792,1.4416015070413843,142330985.7507497,60569802.39543767,59946964.3379765,55828408.89091153,55254326.48731131,7.10513244930881e-07,2.3616343742339504e-06,7.340616585794919e-07,2.439905600742401e-06,2.2265735,2.4627254,3191,10249,3517,10569,1.891095692499544,4.486296812667511e-09
1222,1269,0.7893916380498343,1.2443895450127929,1.3222403588518583,1.6486939274934658,141920888.48502612,47200455.01840058,47614816.85050341,45263510.5839869,45660868.43076348,1.3103317764062997e-06,3.3976789445949915e-06,1.3324792462324058e-06,3.455107141986795e-06,2.3735187,3.7090318,4449,7940,4817,7993,2.1035489392232734,4.420842381948935e-09
1223,1270,0.7339237601854446,0.9713261889905933,1.3126148365600927,1.4642724820572972,140575069.02052295,27002015.648153298,46381183.20133331,27505135.135693654,47245388.20839048,3.438665162784099e-06,5.747529182968841e-06,3.413365930908773e-06,5.705242985672329e-06,3.8208771,2.9439578,5436,12406,5788,12556,2.2883245219367945,5.018771924615355e-09
1224,1271,0.2568242115683167,0.525017346534175,0.9793999628565265,1.093418677561874,142043929.48301715,12205415.26822535,22729822.467994496,12829899.52608213,23892783.006673962,4.1499214675750765e-05,5.491308461149491e-05,4.0679124759328514e-05,5.382791547464752e-05,2.9888635,3.2809551,25693,32244,27333,32948,3.2327133752053605,6.041230991233813e-09
1225,1272,0.9409532411940451,1.0545883599747112,1.4342008102642525,1.4763424410150299,143868115.17366463,64878117.96093472,58168886.71185321,59314108.77832096,53180267.59065656,7.434708733887608e-07,2.757536041997502e-06,7.70619603226726e-07,2.8582307749080355e-06,2.0865767,2.6082954,3353,10462,3619,10738,1.9137753482521687,4.469816352881434e-09
1226,1273,0.31453616068953416,0.4080664941253144,1.032931633225232,1.048255251758663,140119922.11467895,20231632.44325937,18606643.541757073,20881013.408967245,19203866.73596126,2.7417492551144384e-05,8.770760293387974e-05,2.7073192783074365e-05,8.660619997765457e-05,2.1784096,3.0730016,21330,50508,22891,51910,3.0309055098608106,6.909678735963523e-09
1227,1274,0.42238640003175326,0.6622972592427128,1.102753365720384,1.2355520689181902,141242217.54646808,27517158.006690867,28164227.70767621,28893333.88502802,29572764.54835847,8.64599942921935e-06,2.455147272196907e-05,8.478862082723725e-06,2.407686385379798e-05,2.1680579,3.3213882,13164,25499,14152,26232,2.71081867298266,5.665493058446003e-09
1228,1275,0.31522309658619574,0.5244787774515175,1.0302811032125037,1.1252949755002142,141458598.31550178,19235402.392397776,23998992.291362125,20592951.629943937,25692734.53924414,2.1422321119595483e-05,4.8748637602256354e-05,2.0845849389479136e-05,4.743681843464609e-05,2.3181744,3.0914645,21295,38184,22683,38706,3.0520170782826455,6.220959103489899e-09
1229,1276,0.45315662135015555,0.5670842883168608,1.0905416060999094,1.1147269993766435,138904576.32094875,27041126.523432583,26407392.37960978,25886413.820159666,25279741.45076907,8.045032940695051e-06,2.541079747306281e-05,8.186702015069525e-06,2.5858269122173923e-05,2.3277702,2.9828997,11175,29395,11980,29529,2.557464574071735,5.932995849187953e-09
1230,1277,0.5970795618322758,0.9966573879422759,1.2117183883047336,1.4843837459647609,141138667.42583978,43982726.38173057,33825445.21570661,46476971.73965947,35743674.63552265,2.774151678378733e-06,1.080776294138501e-05,2.713613130586081e-06,1.0571912004156852e-05,1.9160025,4.1586118,7211,13518,7808,14015,2.443261264563592,5.01175151820868e-09
1231,1278,0.8717894412424412,1.2060602673460965,1.4186460513748458,1.652223085174288,139793099.85833928,52354888.13073146,56521814.45735109,50865084.55265363,54913437.39029008,9.93442452851171e-07,2.726531003659052e-06,1.0049806522775731e-06,2.758197919414664e-06,2.3277702,2.9828997,4099,9280,4395,9413,2.0824778054839466,4.5502104513899044e-09
1232,1279,0.38303331298303567,0.6033869867856196,1.070466172883887,1.171194269614545,141413162.88765123,25983645.764138997,22554306.716388207,26688595.211685993,23166216.461612146,1.1224704852881444e-05,3.681724627713607e-05,1.1105156395182415e-05,3.6425125052850424e-05,2.0846171,3.7831738,13853,26536,15257,27575,2.7500680122331373,5.730350735070733e-09
1233,1280,0.43258972290642433,0.636224381117183,1.119198074545286,1.2304484867629786,138991049.23280212,24274134.679395534,29224128.26268866,25101002.029103138,30219610.81245781,8.046509616850866e-06,2.1395038808559096e-05,7.939417020832007e-06,2.111028798403581e-05,2.4769616,3.025907,11403,25910,12138,26419,2.678121401194265,5.804571619985625e-09
1234,1281,0.24472515193237923,0.3451878832138906,1.0026404436371306,1.0205713960470713,140088368.77146947,16221283.47949461,15639131.949887194,16837143.841934074,16232890.235603077,5.384651308056658e-05,0.00016391201162926745,5.30498672932846e-05,0.00016148697412769343,2.113467,3.0920391,32098,69704,34448,71675,3.362650537404957,7.446248656793245e-09
1235,1282,0.40714659014832955,0.5461137908151436,1.0768351634207567,1.1249628602893358,142021788.61818436,21989578.989411145,26779550.893391766,22768614.88335195,27728283.535322413,1.30561841723096e-05,3.2880129863957536e-05,1.2875627059441116e-05,3.2425422635518774e-05,2.629595,2.8962419,13720,32773,14719,33655,2.704330485008834,5.976140248746607e-09
1236,1283,0.5999392889542178,0.8767367553180778,1.2130311228304038,1.386976177909062,141531499.1747988,42055370.92819609,48066636.297882035,43617277.00098854,49851796.4207246,2.197164065163447e-06,6.010170776416829e-06,2.1653477591941687e-06,5.923139755210013e-06,2.0190122,2.5815384,6848,15547,7484,16011,2.4101037541683095,5.136318269618217e-09
1237,1284,0.55417998689532,0.7004798870207953,1.1816912343613344,1.240985561810998,140599808.91273522,31707005.33198041,35106981.25318456,31280206.987753484,34634416.868349634,4.224127281470625e-06,1.2683126342867578e-05,4.247087796259981e-06,1.2752066289646194e-05,2.4574254,2.8053491,7634,21046,8255,21712,2.3888432995331756,5.399182773796984e-09
1238,1285,0.6228756228511273,0.8643710863823647,1.2330454070931045,1.3724767563322833,140297006.9621412,38395079.80882889,43991801.816442,36093645.97230645,41354895.688520156,2.3371647504265485e-06,6.0923748895887304e-06,2.3956714416225195e-06,6.244886472800912e-06,2.27601,2.7566199,6436,14488,6883,14814,2.292230388358655,5.015570724914822e-09
1239,1286,0.7019410398722099,0.9115805876926264,1.292952185374735,1.415000611192596,139541210.0861981,42078767.96125855,42644095.03870235,40724211.791178316,41271340.44414424,1.95764412167686e-06,6.3009086712791676e-06,1.983434558337162e-06,6.383918235780491e-06,2.3277702,2.9828997,5354,14300,5931,14897,2.204781250669354,4.943038543066987e-09
1240,1287,0.3668571729117179,0.5929147908162483,1.0614955184960138,1.176099315586353,141162321.95849586,23278117.06461229,25514812.24901448,24154054.41834097,26474914.6945968,1.1926845961991768e-05,3.4418797202735576e-05,1.1751917480558725e-05,3.391398411580434e-05,2.2246821,3.2803388,15170,30668,15908,31134,2.891917416280645,5.976645555717783e-09
1241,1288,0.6733363675323303,0.9588897560818233,1.2684580088372845,1.4475536446145056,139739628.27575505,39242200.516113415,56752739.59814117,39540517.73025677,57184171.04054892,1.8739149370024804e-06,3.750479994055747e-06,1.868246913330486e-06,3.739135930903311e-06,2.3977191,2.3610296,6007,13044,6643,13502,2.268460912701304,4.920356919886504e-09
1242,1289,1.1807585564429461,1.6720177669518574,1.6694246202697494,2.069712077259133,138889270.2807151,70500359.9426656,70968756.47827451,75535067.29497416,76036913.8652147,5.39892662939101e-07,1.4282183742426257e-06,5.251997504377442e-07,1.3893501157051987e-06,2.326154,3.2722192,3056,6083,3315,6234,2.038524741950983,4.408293145577508e-09
1243,1290,0.48457354932484287,0.7058367667836843,1.1266771724138267,1.235029321741633,142074253.09016487,35105316.10757657,30198418.289744616,34197085.91439717,29417137.32383736,4.245689594373026e-06,1.437163166874066e-05,4.290439228250967e-06,1.4523108888426509e-05,1.9611111,3.3207445,8704,18454,9516,19023,2.491825675245064,5.323175284526641e-09
1244,1291,0.8250773882850725,0.9002826148153157,1.3457516035449033,1.3544786870478576,143143769.04286954,45238471.05826526,35974107.290295154,42802262.722273685,34036808.8358979,1.9728966888441056e-06,7.90481708588271e-06,2.017069302464636e-06,8.081803763821858e-06,2.6107135,3.5822945,4405,13414,4651,13581,2.025409786312333,4.766984651903904e-09
1245,1292,0.5064958505807059,0.8438415318777981,1.1616391070045322,1.3670801418802567,139958042.8800358,32012130.682112478,42232198.008578986,32666857.203198854,43095949.95169592,3.3446101625857546e-06,7.4886396046410064e-06,3.3176334095079273e-06,7.4282381911181065e-06,2.2144158,2.7965016,8551,15718,8968,15900,2.4632990440731324,5.098295767032763e-09
1246,1293,0.5062021675260729,0.5448916646193325,1.1358838541414331,1.102122703199543,138681799.85959294,29842242.14037967,24917472.741343893,28821733.83347284,24065375.643543776,7.2711876415484245e-06,2.842769501018655e-05,7.373096040304442e-06,2.8826119727251837e-05,2.3524046,3.0326734,9542,30671,10382,31485,2.412988581610135,5.921640165201148e-09
1247,1294,0.709545544266667,0.7724404233862943,1.276120913918576,1.2797177767925185,139793218.81796876,45386741.55786513,36200323.1722088,45856784.578069724,36575228.015610114,2.391651283367996e-06,1.0008538107328148e-05,2.3818149639730875e-06,9.967375259640271e-06,2.1854324,2.9828997,6030,19291,6258,19187,2.250739936254233,5.3430248192577075e-09
1248,1295,0.23885568087114187,0.41735566432964843,1.0031352586618545,1.0652068334194464,140127167.242013,15106111.404336505,17722937.510137863,15739706.50014628,18466290.050656192,4.09847487460764e-05,9.34539870800277e-05,4.03166741319735e-05,9.193063416790711e-05,2.2156708,3.2998405,29537,47076,31342,47986,3.387947986829649,6.787825914110083e-09
1249,1296,0.38990237867527916,0.6355397076274288,1.0984530619980948,1.2378562130749167,139115338.77393365,27774482.91366769,33742436.2806281,28457629.87048393,34572372.25935819,6.4108220143426554e-06,1.5409217858492515e-05,6.348814264587649e-06,1.5260174424943415e-05,1.9529221,2.6202412,12803,23687,13629,24416,2.7851796983288426,5.821408380208381e-09
1250,1297,1.7981316376083951,1.6571377518963573,2.219667507805748,1.989686566943227,136296053.95526826,103234429.55120112,73576754.27570826,101155783.92274359,72095271.79649873,2.029058170638358e-07,8.100973270377694e-07,2.0456344777270455e-07,8.167153837593657e-07,2.3739972,3.0697377,1625,5211,1678,5181,1.6333087784589735,4.058825155165176e-09
1251,1298,1.1292738764336745,1.3057861997078963,1.5977977608863192,1.6476243119588518,135418273.39562574,64416385.38471462,57603394.77483013,62390184.302354276,55791494.58602993,4.5114847348285757e-07,1.5639336122544463e-06,4.5695299208016857e-07,1.5840553288751624e-06,2.3739972,3.0697377,2458,7023,2720,7292,1.6917703357464606,4.180908824129293e-09
1252,1299,0.4242699972244852,0.5495575787927267,1.123436627668586,1.0654703247847013,135292115.89333576,24085684.050046984,27454958.069731947,23344760.06765405,26610388.45621428,7.11090405160169e-06,1.8782687853980613e-05,7.200334073541441e-06,1.9018907633446015e-05,2.3831744,2.7081013,10849,26587,11733,27273,2.4806055447421027,5.914568347094335e-09
1253,1300,1.9541346197341787,0.9296738086378691,2.344743190899297,1.3159363695672033,141173213.75732833,116205471.67550525,42754480.068907335,109025402.36183333,40112778.899947084,4.146439452879383e-07,4.96220145072442e-06,4.2535826904355026e-07,5.0904238291959276e-06,2.3739972,3.0697377,1429,13833,1490,13790,1.514082671257543,4.588247849001857e-09
1254,1301,1.6821053799219734,0.9922607742691105,2.0577590553178013,1.3391567801435147,132567607.34802549,93931317.83116569,21340461.296731334,85587449.39333764,19444799.598653805,6.700425803838655e-07,1.1286383531144183e-05,6.954445931714198e-07,1.1714262097636358e-05,2.3739972,6.1639547,1684,11480,1791,11619,1.4849853457354658,4.512347270464577e-09
1255,1302,0.5451814231172714,0.502421013011304,1.1855174149880345,0.9984175755736713,138845220.4034149,36009836.72211438,34788465.446678944,34454016.6022831,33285415.185782887,3.4373856822259463e-06,1.551049614172081e-05,3.4986522768018824e-06,1.5786949052926007e-05,2.1020877,2.0052266,6671,33070,7218,34143,2.2023412952375865,6.000221578585947e-09
1256,1303,0.35128833865879233,0.4051411495251447,1.0399280387627385,0.9563670314864632,132059582.59835672,20528392.529767547,15223082.751239637,20759861.526073687,15394731.441218903,1.8827657545612202e-05,8.14669453870357e-05,1.8743404889808126e-05,8.110238561678946e-05,2.2598453,3.5145819,17070,49748,18293,50895,2.781859940594573,7.025376458426753e-09
1257,1304,0.6177618799655381,0.5269353977366965,1.226951748363323,0.9974099854009562,141111377.85200894,26671912.346066035,24222453.929409537,25600834.40915755,23249740.17551932,6.579941364244093e-06,3.072926519130706e-05,6.68870492650724e-06,3.1237206548671944e-05,3.2683532,3.0697377,5979,30457,6283,31241,2.0667933790515978,5.7389453416315015e-09
1258,1305,0.7679856115210011,1.0047341949028272,1.3269819891481314,1.425675352942611,130262033.45830707,42139631.598321624,42635147.39814326,41764798.31904368,42255906.491054244,1.319662834024925e-06,3.842140649106725e-06,1.324387655610102e-06,3.855896760595307e-06,2.3739972,3.0697377,4977,12035,5505,12395,2.1667640921031652,5.090817616926558e-09
1259,1306,1.465130420689392,0.9853327380568537,1.9120757020517436,1.370137919354188,139762667.73940668,86255592.96435086,44861400.39971489,81885628.98462279,42588588.89741687,6.504070372962654e-07,4.139819627984164e-06,6.640748944483217e-07,4.2268150940015355e-06,2.3739972,3.0697377,2371,12312,2538,12493,1.6261040970202127,4.537842019304542e-09
1260,1307,1.3092358697559567,0.9081288690297058,1.7367297881108958,1.286645659355498,125970283.22316493,107392879.71807037,43498482.54893411,90853773.99129045,36799472.300582804,2.964320048996262e-07,2.3836431508967135e-06,3.1694076194924413e-07,2.5485563770892744e-06,1.5357146,2.6299136,2474,12100,2621,12307,1.733444339835693,4.994628610548345e-09
1261,1308,0.9332097963729732,0.6834245913671929,1.4617473416325228,1.1196595227007133,140129128.05903512,57169855.16470677,30803765.11763678,53999682.25798671,29095640.069574986,1.8668193709171129e-06,1.2655414087634763e-05,1.9099089052688653e-06,1.2947523709251177e-05,2.2873921,3.1089606,3906,20353,4143,20664,1.8171420242440472,5.1957755576288985e-09
1262,1309,0.4369573099509374,0.5290066867225817,1.1338183232950991,1.045202869450972,137257938.89082077,28328652.69637825,27797367.245083403,27724020.570183925,27204074.601054907,6.524253114378426e-06,2.1384134473698812e-05,6.580799885598852e-06,2.1569474272543554e-05,2.1171448,2.6121311,10952,30258,11719,31132,2.4254964910172716,5.928751004143014e-09
1263,1311,0.4269344727110227,0.5820518609225895,1.0733356069141722,1.038591861332856,127751609.95147929,28204062.59871671,27002807.22780248,28371513.53228748,27163126.16283182,4.5384126999160145e-06,1.35094529201555e-05,4.527679239389884e-06,1.3477502723195493e-05,1.9338195,2.753716,11867,26300,12820,26799,2.4688364779486625,5.952062123527371e-09
1264,1312,3.8952718338460603,2.276305432979906,4.15277857297903,2.5080960108563453,137412845.31840307,225467993.80278164,101895874.15221448,208263296.79334772,94120545.9926279,2.609417402418287e-08,2.601990154209626e-07,2.693595755513413e-08,2.685928908411277e-07,2.3739972,3.0697377,396,3136,416,3208,1.2413983614251076,3.3584998252969925e-09
1265,1313,0.4174339965020774,0.45107289271268675,1.1072225541793381,0.965345200261094,138923487.2210621,26872413.802245,18726142.773515765,25768372.94375285,17956787.742886115,1.1853313284875353e-05,6.0997891634312545e-05,1.2053901422737543e-05,6.203013073931103e-05,2.1580267,3.3463709,12002,41392,12802,42485,2.4507904966765293,6.295716460364817e-09
1266,1314,0.39031462898945807,0.8174407678390483,1.0774088357268827,1.279309092850012,130166442.6104413,27420273.026009865,38294409.575645655,26959785.62554012,37651305.36215786,3.8262823154123064e-06,6.029304064676785e-06,3.852291537142428e-06,6.0702883657213885e-06,1.8528578,2.7785611,13455,15173,14592,15333,2.669513187579206,5.349951190450884e-09
1267,1315,0.16750376548483104,0.29228390983988595,0.9570083132874617,0.8858748535657937,133149901.58747062,7872850.747516844,12947006.922749706,8502027.38047298,13981696.196528299,0.0001524118717491333,0.00026667184007852384,0.00014779597409564124,0.0002585955012294285,2.8329141,3.0059128,55116,94524,59461,98050,3.9075165462155668,8.123503587910882e-09
1268,1316,1.245708981475404,0.9245792729042401,1.7315195331285005,1.3272213613195178,139175279.60306895,69008348.41861024,33169065.123556852,67148498.74169338,32275122.919934355,9.224131384872295e-07,7.583160357269667e-06,9.32548892546214e-07,7.666486412769245e-06,2.5123322,3.8794756,2354,12884,2470,13150,1.7026666943124695,4.679401077478904e-09
1269,1317,0.603844180419974,0.6082310960594122,1.2175459965963724,1.1002493178343744,131569837.16822667,33465785.255701765,26068959.008839384,31144081.898497704,24260413.678520996,4.016108770230036e-06,1.9039812788879368e-05,4.133287944682407e-06,1.9595342948039072e-05,2.3739972,3.0697377,7383,28090,7832,28715,2.2125800014848416,5.8114485667271005e-09
1270,1318,0.7517722024840844,0.6035104826291059,1.3314982667016362,1.0545639795723887,141651638.33153978,44856735.35502932,27848714.440543607,42568531.7813719,26428113.333479933,2.4357172529502284e-06,1.7931424519181833e-05,2.4872673497775817e-06,1.8310929434662716e-05,2.3739972,3.0697377,3934,23366,4187,23838,1.926733817309934,5.410164911047655e-09
1271,1319,1.4363102720123573,1.0091258693034986,1.8923607597663605,1.4163493033425842,135268702.3890803,81839956.13946745,44467365.04162453,79882630.95547497,43403861.374620676,4.084298168807109e-07,2.716892502478349e-06,4.124037928763684e-07,2.7433275597180224e-06,2.3739972,3.0697377,1794,9633,1863,9584,1.7232308418118145,4.710626242744142e-09
1272,1320,0.4223935037215739,0.5858143670333169,1.0940938443483057,1.078806423406196,133203858.31691562,24019746.216682535,28060920.57535262,23507008.248699646,27461917.60230944,6.225751382064025e-06,1.677016095747245e-05,6.279718781334867e-06,1.6915531679283726e-05,2.3424246,2.780833,11769,27541,12126,27514,2.5684049321532285,5.944508967156374e-09
1273,1321,2.0534017012754004,1.4056252937499687,2.3846197598780905,1.700139648316757,130791950.03642349,145469809.1179778,31917721.988106772,129930403.39663436,28508200.55763601,1.8805769672455242e-07,2.8752446012026348e-06,1.967505456906242e-07,3.0081509777779923e-06,1.8462141,5.7599497,1142,5873,1217,5964,1.4351972506926478,4.04042064672627e-09
1274,1322,4.73759597034781,1.412221989618907,4.96544449137677,1.7098136916672177,136325659.99929354,272054195.1219061,62716138.515780345,250982300.98164704,57858474.65546689,7.64374169663365e-08,9.61551069449102e-07,7.894251073880251e-08,9.930641122962433e-07,2.3739972,3.0697377,652,6514,674,6557,1.2225338895395899,3.869264710735663e-09
1275,1323,1.9576701762405064,1.5484949767380642,2.318470974109295,1.859948985642419,133917447.65062444,110432393.66241746,67553164.22786696,105424063.1601357,64489492.76601025,1.3025863916466878e-07,8.349554871598662e-07,1.326994830028977e-07,8.506012513801818e-07,2.3739972,3.0697377,1093,5636,1168,5790,1.5006482394278164,4.004930952514865e-09
1276,1324,1.147177999266261,0.9834799021121643,1.6493966299004736,1.3826980062737588,138173420.77141416,89603684.00679009,49025485.57816019,87326312.81668273,47779451.671470985,3.6408122933470954e-07,2.610522502675247e-06,3.6784985222806833e-07,2.637544150798078e-06,1.7690066,2.7718396,2111,10095,2196,10049,1.7541689528909747,4.6177798015523844e-09
1277,1325,1.4461211248966126,1.8223028694172425,1.9105802052504448,2.138272852925267,136385690.60190955,83079385.39819458,80963280.7817137,83422456.07000774,81297613.14342834,2.0238166134387942e-07,6.298177351286882e-07,2.0204833593539056e-07,6.287804165671087e-07,2.3739972,3.0697377,1665,4253,1790,4308,1.7011641017842711,3.966101419610151e-09
1278,1326,1.0378829778387357,0.922587112534045,1.5034431943092648,1.2838584462547715,132219029.26250932,55126947.52234431,30591183.113176607,50770925.298310086,28173928.40400763,1.1202625987708935e-06,6.85512339410182e-06,1.157762246671363e-06,7.084591657949181e-06,2.4893067,3.9875402,3143,12392,3362,12843,1.6939775636034782,4.671110771047636e-09
1279,1327,2.0593671770176325,1.5424163547935987,2.415028974559127,1.85093327326032,137708077.25537574,119457383.65231821,69192618.81752044,113307865.37829271,65630668.43122663,4.7663778695314153e-07,2.0246768428153983e-06,4.868213829132842e-07,2.06793503904212e-06,2.3739972,3.0697377,1512,7213,2936,9645,1.457584915182484,3.9325015308244615e-09
1280,1328,0.760022093311071,0.7839926237024768,1.3029473100409976,1.203405582962301,123798492.4827497,39633403.69798849,31617393.542113476,36193476.59464194,28873205.08402729,1.2914436608582858e-06,5.723104733179583e-06,1.3392075608465498e-06,5.934773124440476e-06,2.3739972,3.0697377,4483,16194,4778,16375,2.0608790999217215,5.457319353349163e-09
1281,1329,1.0638039247530058,1.5307679058712114,1.5668722227644312,1.8763083071277846,130650764.06463061,58545475.78402074,65150842.206384055,55191656.255271666,61418629.529314,3.963673444105139e-07,9.667970935001657e-07,4.0583157363657296e-07,9.898817129497859e-07,2.3739972,3.0697377,2478,5238,2903,5476,1.9159564357358552,4.361440465654167e-09
1282,1330,2.074012471208165,0.8332008000953536,2.4376728116549655,1.2182210910566413,143370993.41518754,117146933.02439709,60319949.8481786,110260283.47434446,56773955.55915488,3.567428535081696e-07,3.278326420668994e-06,3.654937956861023e-07,3.358744135181126e-06,2.5382929,1.9803867,1342,16490,1458,17173,1.4493057442622694,4.621179626782797e-09
1283,1331,0.9357281860706352,0.9004106662363497,1.4489841731171897,1.3277562620313828,131473786.21774843,43556006.6977536,32609955.46266927,43336345.83621704,32445497.52782447,1.5270259819838227e-06,7.24084303625949e-06,1.5301173285314701e-06,7.255501565574832e-06,2.8244951,3.630192,3839,14763,4079,15049,2.0314897316814164,5.191513694445281e-09
1284,1332,1.3145002826049006,0.6135019320053356,1.7577054623829627,1.0393147503082603,143831935.59779856,121000378.03412963,32939517.842375383,113575986.37760262,30918401.169748336,8.060011282792949e-07,1.658691480150901e-05,8.26676769614461e-07,1.7012404406002615e-05,1.5625333,2.6788847,2132,27412,2335,28028,1.588289573811601,5.192388449051305e-09
1285,1333,1.3318430166027135,0.6732930322919574,1.7983796203065867,1.1088673047653428,141710608.78739974,79501477.37832946,31081732.32468939,75030133.48229875,29333625.01032214,1.1087524921513132e-06,1.4105491189518355e-05,1.1347244195045012e-06,1.4435904690320847e-05,2.3739972,3.0697377,2161,21963,2286,22491,1.637345809562784,5.172165696111724e-09
1286,1334,0.3550695290104313,0.36245317924833914,1.0458416368240195,0.9328126608334139,131946691.55403592,19580116.614363942,19998125.757672563,19738603.602952845,20159996.230212577,1.7875607660369933e-05,6.273478204248989e-05,1.7818057392301423e-05,6.253280829187055e-05,2.3927462,2.391449,17684,65579,18910,66401,2.777192480302514,7.415403184375576e-09
1287,1335,0.8323117671841924,0.6214807407829118,1.3750448232750663,1.0668151803213566,140660706.0989786,38310259.97094805,18003528.014572345,34956390.04074531,16427409.990538415,5.401007633318646e-06,4.184432103537942e-05,5.602607523093242e-06,4.3406216718767285e-05,3.0559323,4.8555994,4641,23292,4935,24063,1.8664246028682634,5.357463648763035e-09
1288,1336,0.3498444424106125,0.4942917295410478,1.0446258364539196,1.015473443487231,132484311.29774445,19630859.09351284,18319767.967642806,19220115.016985897,17936456.35910786,1.5103260728845461e-05,4.757929496372927e-05,1.52315482000266e-05,4.79834346750845e-05,2.3610225,3.5746031,17770,37434,17957,37364,2.792550788975694,6.44336427680482e-09
1289,1337,0.39614357291924146,0.470925303499834,1.074190234251011,1.0159715411697705,131034261.14633541,23111531.86344966,21231243.14878143,23579447.88324004,21661090.847673718,1.0133514209787425e-05,3.861751786073917e-05,1.0052593493626744e-05,3.830913943081397e-05,2.2459948,2.9064407,13586,41925,14539,42816,2.6752485327771267,6.650061503376413e-09
1290,1338,1.0269328509399287,0.9504984780820454,1.5684060560717548,1.3801378530411526,136855301.76219407,59200240.50782125,42375202.29901874,56767796.74583224,40634072.607465334,9.135544736305898e-07,4.12234655378277e-06,9.290156317765884e-07,4.1921138789290755e-06,2.3739972,3.0697377,3229,11846,3449,12036,1.8319414607542603,4.739052091043568e-09
1291,1339,0.822291349961183,0.9141622198365591,1.3327764888247915,1.3350689703079044,144679355.47931844,44165302.2339633,46928267.76263664,40813816.381096125,43367114.15221051,1.5044260663947983e-06,4.090365358586188e-06,1.5526746046586138e-06,4.221547710398045e-06,2.6937115,2.8183525,4308,11643,4577,11894,1.8225787567663065,4.3409280142519464e-09
1292,1340,0.6076255955046881,0.8741451301002174,1.1830017801854116,1.313883872919975,144639080.33269492,32626510.79018825,44861509.58583052,30500331.198841475,41938008.916948535,2.678678626860461e-06,4.924722895552636e-06,2.7518644813638172e-06,5.059274330610634e-06,2.6937115,2.8183525,6429,11712,6787,11926,2.039247414287854,4.437238723988871e-09
1293,1341,0.5394195136346963,0.6457832149657453,1.132475416160458,1.135074277422056,145284299.84146544,32291897.3729363,29160988.580005996,30374471.256966352,27429469.356311627,5.3104795934717645e-06,1.637371553486034e-05,5.442114551909288e-06,1.67795834656116e-05,2.4268994,3.2173862,8517,20730,8961,20841,2.132668004625486,5.006043349234641e-09
1294,1342,0.580598833964769,0.7239250715302328,1.1319527731570083,1.1490011641631064,143584358.73804036,45948044.65212491,48847446.076453775,40734722.06297713,43305153.776953764,1.686157571288659e-06,4.4009883097778606e-06,1.769371663560616e-06,4.618182867115565e-06,1.8143299,2.1279376,6503,15100,6943,15451,2.043145071022718,4.7507383067534325e-09
1295,1343,1.7055151602262304,1.0051776093308897,2.0690429595193778,1.37873783080095,142298908.04658908,48779099.21802358,44718499.63418652,40370963.99371246,37010296.77722154,1.1883721924613673e-06,3.5907746717354534e-06,1.2817943219564397e-06,3.873058133514959e-06,4.975347,3.1985795,2229,10788,2287,10749,1.4812194508101821,4.1919656534145124e-09
1296,1344,1.099698480296301,1.361381069164976,1.5610345016560778,1.7234630908469712,144946492.68034986,59173908.4623055,70015163.53149155,56962882.58232554,67399055.47674356,5.91936330497154e-07,1.2366324324214095e-06,6.010219244397922e-07,1.2556134267588264e-06,2.6937115,2.8183525,2923,6065,3067,6124,1.68308038958649,3.801110839848036e-09
1297,1345,0.23336590439989802,0.4987701563286828,0.9193954901280494,1.019322215308351,111076986.18992852,10287827.004639657,16479564.270900058,11409421.252986848,18276190.953402944,1.8600817938050594e-05,2.8594236559354212e-05,1.7846623306660454e-05,2.743484562431102e-05,2.5196362,3.3618538,29537,35535,30669,35335,3.6320746096035994,7.80493331562378e-09
1298,1346,0.08615685773026886,0.1528769182801602,0.8463671405661057,0.790174416952528,104551402.72240071,2562403.7493123566,4015842.639248675,2702078.504626551,4234743.286021414,0.000897836438078248,0.0015728916254500924,0.0008789760998368521,0.001539850787704028,3.515379,3.9801102,161646,257671,164558,254623,5.865876045481225,1.4256733892646273e-08
1299,1347,0.6493010872330226,1.0490581699551824,1.1817984333171963,1.4396539453398505,114633627.3836776,24392259.695135355,33546431.06276362,25308520.229870938,34806555.022093564,2.067524832278302e-06,4.2092617781372716e-06,2.037252442946557e-06,4.147630396807457e-06,3.0514491,3.5848029,7059,12679,7378,12786,2.4554248439809907,5.71181543070636e-09
1300,1348,0.1560696288275366,0.2542076937411251,0.8883829956420637,0.8721303025681346,115104237.13520178,6273077.997938164,8396594.21316683,7009296.120475689,9382031.478470871,0.00011477062781256669,0.00024598727288226775,0.00010978759438459731,0.00023530716398167714,2.8637099,3.4847918,55795,100711,57684,101599,4.283163435581742,1.0087012552750645e-08
1301,1349,0.1098590510457666,0.23454738814552,0.8547076241453481,0.832377416639566,106289940.23031174,2741177.417329249,6908168.31304133,3258491.7306937855,8211876.101116392,0.0004095617388920168,0.0003136774419431614,0.0003821972756957966,0.00029271939337456387,4.2598162,3.6087754,106822,98626,107666,97336,5.168983782074645,1.1268630572533864e-08
1302,1350,0.49241334652385527,0.754057735392285,1.0732380928711858,1.2031765739007196,115998855.74911168,15699871.286153805,18324785.934957825,16580452.39709779,19352594.383976582,7.880050326051798e-06,1.8860084741124795e-05,7.709902348880697e-06,1.8452853170868344e-05,3.6382072,4.7733073,10388,19674,10964,20001,2.7489217887541426,6.496699735815456e-09
1303,1351,0.8946075203657566,0.9257353366938446,1.3817174563047347,1.3493174458581538,122325339.27770488,46190932.179774255,32319855.93244361,46475052.35974767,32518655.195651848,1.1836362924423131e-06,4.94528376516727e-06,1.180736553945085e-06,4.933168531961651e-06,2.3691483,3.503756,4622,14127,5071,14326,2.1561887595822595,5.494970670729991e-09
1304,1352,0.35690196339240354,0.770313381126488,0.9918836147584809,1.2241626798887182,114419355.9407312,10681540.215082346,19325684.825710144,11220737.37716248,20301232.752643425,1.2765275458298419e-05,1.6526401021370903e-05,1.2516277506839484e-05,1.620403900006136e-05,3.8230903,4.5607057,15469,17546,16070,17440,3.018087293174565,6.41409344847144e-09
1305,1353,0.4347663532492412,0.6507974907465673,1.050263580794268,1.134597251509531,120733016.99320611,19044592.859652743,24408868.882584803,19472553.051991712,24957372.2976354,6.018908587497311e-06,1.3600589626939508e-05,5.965643079724939e-06,1.348022855118112e-05,2.7561972,3.2190244,11728,24126,12660,24494,2.674007433338962,6.280929013540656e-09
1306,1354,0.22273223734383513,0.32593150892913547,0.8948516307309204,0.8632693724311754,99773958.1413144,6403160.010090763,7883448.544684226,6385939.0862404285,7862246.471512214,6.712087667257256e-05,0.00014405976293919293,6.719321997016257e-05,0.0001442150314460674,3.4706109,4.1250319,61300,109193,52604,94991,3.6186380922974264,9.971004244813847e-09
1307,1355,0.17035413400237526,0.36249504950979067,0.8745061937973408,0.8950060811748236,100110399.25325009,5472735.4721736,9226324.56539267,5951046.348317128,10032694.873056158,7.449941704930784e-05,0.00011298777495329044,7.204391814056694e-05,0.00010926370073784737,3.116215,3.933259,57506,72250,58909,70784,4.183414604891494,9.666997791895758e-09
1308,1356,0.30453575610856565,0.47890756481876023,0.9525831731014732,0.9778459955899875,120380445.07217498,14888553.12151514,16754118.42662341,14553620.637208974,16377218.236175781,1.5509135101577878e-05,4.048958053596124e-05,1.5650930288239374e-05,4.085976414661006e-05,2.4623044,3.441011,19884,38701,21236,39672,3.0097846395412997,7.015788649902123e-09
1309,1357,0.15717849030460754,0.2633410531394141,0.8736198232857914,0.8494985442915699,109745230.84387538,5238579.928470268,6440016.190153157,6000202.922564422,7376312.75901959,0.00018476777166294997,0.0004260102544089387,0.0001750029121840935,0.000403495882809309,3.2927988,4.4876323,66103,114852,67742,114604,4.314666600940978,1.0337694434194267e-08
1310,1358,0.5033342220342162,0.8883088039696766,1.0791403310306535,1.3123330724531268,111599267.91692019,16705595.332567487,25521065.08667333,17904884.06445621,27353213.24870725,4.3621841545174315e-06,8.090546652756777e-06,4.242874377169507e-06,7.869262707473594e-06,3.3624501,3.884423,10858,17839,10998,17657,2.768424332205613,6.371100568564718e-09
1311,1359,1.1024397390581802,1.3140101500445531,1.5796279152992059,1.6742912953345537,145660427.00068745,35060717.167000145,68123618.11618374,33616081.624864645,65316664.69532976,9.855789561507175e-07,1.4634695807725286e-06,1.0023073250272939e-06,1.48830925377288e-06,4.5801072,2.8095877,2395,6002,2513,6083,1.5855733213822842,3.7190303611710575e-09
1312,1360,1.4958878951957895,2.0081367232856557,1.8732082027835364,2.2664434814744516,143080275.97755796,78007157.6069158,114096215.27389172,75433226.65115799,110331486.63311578,1.0226228513403461e-07,2.393660370325771e-07,1.036440083343177e-07,2.426002460696061e-07,2.7437489,2.5182672,953,2497,1034,2637,1.4430005568015973,3.286562046418221e-09
1313,1361,1.0908427996864507,1.0239376251870065,1.5339946457599527,1.380582211838718,146123945.99441642,45783117.4111371,76644472.67424823,42566484.092107594,71259580.1971916,5.552608889507444e-07,1.3017239484709129e-06,5.716788384574845e-07,1.340213311728777e-06,3.4815946,1.9521539,1990,8531,2027,8475,1.570086376128597,4.01989667495449e-09
1314,1362,1.5777327061550133,1.7011437657199222,1.9691485890902494,2.0041247493348875,144557721.37375474,82370633.77176628,111135238.98287785,78337064.65711176,105693109.34292436,1.5649492437863494e-07,3.3048020142874147e-07,1.5966962374835685e-07,3.3718441430559454e-07,2.7688684,2.2127407,1363,3790,1449,3829,1.4354081910292493,3.4473096909226317e-09
1315,1363,2.000207047366761,2.7333440914775515,2.321853120860195,2.9493577712015355,142419613.68149543,103824630.22362532,154583202.91303122,99447009.9966328,148065418.5070783,5.667177145700803e-08,1.045028894037266e-07,5.7656762600567464e-08,1.0631921555504743e-07,2.7437489,2.5182672,846,1713,878,1764,1.3467124783687003,3.050873288968029e-09
1316,1364,1.6059729342528342,1.439498390683433,1.9763637020308529,1.7499282075557534,143638381.66484982,118757903.1776618,118332230.3724491,118903344.76909415,118477150.64674327,6.999108723260501e-08,2.7125761991329787e-07,6.995682964949591e-08,2.711248511447935e-07,1.9424337,1.7473449,941,4247,999,4304,1.4154732292184955,3.612382992775095e-09
1317,1365,2.3184359448583596,2.31413385698912,2.647749940511154,2.577570238178807,145502711.6132225,132393910.18602797,132951445.54953392,125474474.13017382,126002870.46235093,7.105284180548163e-08,1.9663822306568966e-07,7.259496537353765e-08,2.0090603882737905e-07,2.5479927,2.5325994,977,2769,969,2698,1.319377509237818,3.1611431846532138e-09
1318,1366,0.9557501228223722,1.0204446108866299,1.456824726238037,1.4188723098288838,145797850.07629618,54842927.08545517,61819906.37144527,53053154.086208045,59802442.95146414,8.190296934231808e-07,2.1372147352228504e-06,8.29971948231117e-07,2.1657679713263445e-06,2.5408256,2.406646,3206,9164,3395,9353,1.652822754393722,4.05071677296183e-09
1319,1367,1.598164787274404,1.4184307981734425,1.9723778668256475,1.7262095292326354,145857207.16369995,84958157.96380392,82155044.85646164,78911121.33849442,76307524.41689861,2.1407565799729256e-07,8.00311721193593e-07,2.2049260918482852e-07,8.243011896728964e-07,2.7437489,2.5182672,1394,5843,1421,5788,1.4112150974968867,3.592786453684409e-09
1320,1368,0.4338207684842833,0.7127500812030343,1.0845261953058292,1.1785264315864594,145305157.3107045,22299557.209350623,37707626.59532712,21593016.46875558,36512895.49951988,6.501705742813831e-06,9.757003557964097e-06,6.585981091975294e-06,9.883474197230709e-06,2.8268003,2.7465601,10059,15865,10376,16026,2.259450357621981,4.698886993224738e-09
1321,1369,0.6581141080629653,0.7641996397383265,1.1894387749802908,1.1691863637811477,145055823.78404126,42547072.7493248,39838497.85551255,41976802.04689555,39304530.96454354,2.6618010310837776e-06,8.20445837952171e-06,2.676207131000757e-06,8.248862242094401e-06,2.2437098,2.7825248,5872,15455,6590,16379,1.8829676877364048,4.544978567805589e-09
1322,1370,0.88822047111175,0.9440874480890487,1.3939410833442543,1.3471091920865867,144880475.41450304,51294517.95136041,62123189.60035608,49501098.36936083,59951165.19745208,6.943081785057522e-07,1.8773975470442311e-06,7.042627657430209e-07,1.9043145822162878e-06,2.5087633,2.2017517,2744,8885,2925,9012,1.698920889031373,4.200983454562435e-09
1323,1371,0.9630222413624885,1.348983086758049,1.4523064374000911,1.693268921344371,144780821.99976525,50816294.344033234,77556059.24764894,47449373.77043659,72417449.77486572,4.777059156095905e-07,1.0271815676104173e-06,4.909865803253418e-07,1.0557381618577921e-06,2.7437489,2.5182672,2418,5897,2544,5960,1.6534559163305447,3.698488876074024e-09
1324,1372,0.9517314489994746,0.9963360501660192,1.4167722817593658,1.3545227591226177,146282682.74349174,66649928.41809122,61225230.56171183,61413814.304811984,56415288.50413062,5.622891162613905e-07,1.9112708661797525e-06,5.809959749326139e-07,1.9748571475820595e-06,2.0888519,2.3805008,2807,8708,2939,8766,1.6398465930035846,4.052099386859473e-09
1325,1373,1.706736207962788,1.8679541808343325,2.0695848954177682,2.143370752562063,146464075.72345248,91107295.27874067,108641443.04848164,88473798.05975702,105501113.42658682,1.4105610739822294e-07,4.298660774131167e-07,1.4272080539496848e-07,4.349392161175489e-07,2.7437489,2.5182672,1198,4142,1258,4177,1.3805121053138154,3.2751669395999697e-09
1326,1374,1.208150767275423,1.354792616188919,1.6470253384421873,1.689018746237884,146208108.1787662,53941279.56812162,59620672.49601019,51653040.47248896,57091508.286232956,5.980204975940523e-07,1.9564539853567327e-06,6.084798646881713e-07,1.9906723282361586e-06,3.2746987,3.3223655,1908,6324,1999,6446,1.5251303979198372,3.6345451917233414e-09
1327,1375,1.9421358439918643,1.9755248294323395,2.306512445046808,2.26622492995985,145417884.98276567,102932628.70465861,114077109.22295685,98081167.99621096,108700382.52226764,1.088969322813944e-07,2.878312267516235e-07,1.1102035698851424e-07,2.934437626198119e-07,2.7437489,2.5182672,1048,3122,1090,3139,1.3728235635964965,3.302412606955411e-09
1328,1376,1.7805455143859448,1.454738348752528,2.2363700839794505,1.8007456638824373,150273251.46534654,106465387.14922804,92015747.52471699,105921907.03178164,91546029.33169003,1.7316909435942335e-07,8.26691792611508e-07,1.7352395763276896e-07,8.283858740909963e-07,2.5131958,2.3757701,967,5394,1139,5752,1.3768747442323224,3.585589683253542e-09
1329,1377,0.667968507562343,0.6365965256285653,1.379766445243438,1.1591343786331092,151686277.09593204,45697923.85866102,46765355.03522993,41329120.61468704,42294503.46185401,2.2904862683642234e-06,9.213175431966137e-06,2.3844258119951643e-06,9.591034713387977e-06,2.2172048,2.0648396,4829,21475,5063,21868,1.9124186433652524,4.9468484645518325e-09
1330,1378,0.26944551018379925,0.3245480298745504,1.168779952287052,0.9273812815510591,150898860.82200697,16515283.967911558,18798910.813940734,15613838.701040903,17772819.515209444,4.814574819553462e-05,0.00016096102943627654,4.92389159498819e-05,0.0001646157115978594,2.4619026,2.6051471,22375,72320,23297,73604,2.851668428621137,6.7574112251924185e-09
1331,1379,1.1426477643239732,1.0796762971909142,1.8384319878113704,1.5646229913319598,152047319.54034302,69129723.0976694,69098389.17457598,63340421.546685666,63311711.6978896,6.292917965644375e-07,2.356029021091455e-06,6.516968435060234e-07,2.439912111736333e-06,2.5131958,2.3757701,2266,9206,2380,9426,1.5821217346866363,4.040772370168919e-09
1332,1380,0.2975491550460978,0.5251603673273787,1.2786975077835994,1.114703361866156,151783727.00153142,13359966.537031263,34615217.48350314,13329596.668553405,34536530.19043301,3.2743432275224616e-05,4.281779307626306e-05,3.2773252678221573e-05,4.285678849477148e-05,3.3804815,2.3027675,17966,34381,18924,36328,2.7220871557009296,5.3793565978032135e-09
1333,1381,1.3101410976720713,0.7242261398411378,1.9066791295787828,1.2439592257913392,151380832.25935858,92351276.8179066,47339240.669850945,89867911.99967794,46066268.50474524,7.423916114791762e-07,7.1378615607202365e-06,7.505305196801901e-07,7.2161146000810905e-06,2.1475637,2.3159213,2015,18629,2065,18411,1.5111596063328225,4.674012966972979e-09
1334,1382,0.9783574802883106,0.8068651907538708,1.7463554640596843,1.3220062305574256,151646321.63585788,84028360.35035151,73960559.51074025,77298459.81380056,68036997.42932379,4.941550260678572e-07,2.653978926117678e-06,5.109345090687558e-07,2.7440971925044285e-06,1.7656457,1.6543701,2481,14495,2623,15035,1.653534237262481,4.489127025662351e-09
1335,1383,1.392952394061796,1.4925807195224454,2.065023547855951,1.9310579048497944,152167419.89930043,84339617.2502505,95599383.57721224,73373821.45237409,83169598.4668529,2.421836966722398e-07,8.537482827236667e-07,2.560596212823338e-07,9.026638248094885e-07,2.5131958,2.3757701,1387,5353,1473,5493,1.4977022756421798,3.6583345852880625e-09
1336,1384,1.4252121287896025,1.2072006940895144,2.0577847337766926,1.6454004420392225,151888275.9899663,86134559.49665463,77179030.15916693,81131339.92102388,72696002.245899,3.5552550286370626e-07,1.5540941635899565e-06,3.641382282158465e-07,1.5917426194519137e-06,2.5131958,2.3757701,1657,7717,1692,7824,1.5116576179639176,3.925537783527676e-09
1337,1385,1.8008006475140224,1.365471621439446,2.268929048351471,1.7441515149024458,152302365.84886128,132779672.31987265,89117471.59301801,121072416.82287426,81259935.94047816,1.6290940905467272e-07,9.904195734054398e-07,1.6903658904752715e-07,1.027670208773374e-06,2.0655737,2.3336003,1201,6659,1230,6619,1.382093347359831,3.6775277255160816e-09
1338,1386,7.130126133500656,2.4412137049902016,7.408151240216152,2.729108251965162,152014149.0767428,431275612.10867393,156201571.89391688,359486629.607846,130200676.88279672,2.2553407502805892e-08,1.913136528517011e-07,2.4257220173026468e-08,2.0576657424171084e-07,2.5131958,2.3757701,323,3023,338,3033,1.119367795819246,3.1435280936334832e-09
1339,1387,2.1198771166628623,1.3497161926009411,2.702830610899411,1.7560410429389082,152152229.17528537,101788589.71481372,81664846.21852304,94353096.29509303,75699360.02422951,2.533911792505542e-07,1.2295856705162877e-06,2.6119729135466297e-07,1.2674649827087813e-06,3.1687641,2.5146968,1056,6665,1099,6720,1.3400030937006218,3.720556075569022e-09
1340,1388,2.63068180078756,1.9976510275504278,3.1062514100352203,2.3339982460966597,151347351.61001456,158422484.82106373,127259448.40402758,152541314.24550217,122535153.5903128,6.687895400603639e-08,3.2540947998813785e-07,6.789866053798718e-08,3.3037101351141433e-07,2.5131958,2.3757701,681,3617,707,3639,1.3057185132179763,3.3841126349342318e-09
1341,1389,0.8295348734289807,0.8436107374130644,1.5643937400311079,1.3231759051862475,152492085.12327927,56560540.84018198,52861118.74603078,50394162.51615643,47098061.10943028,1.1338977523076167e-06,4.600384282773435e-06,1.1874825132431008e-06,4.817785271091909e-06,2.2364974,2.4336216,3253,12518,3374,12580,1.7320087513395572,4.369393134521053e-09
1342,1390,1.7228517018918024,1.3666243715693502,2.2614716645240396,1.769145394036486,151947951.07022184,104163705.07236403,87405668.2263121,96252770.39625725,80767458.3894073,2.512177316510069e-07,1.1550713561525073e-06,2.5928151890174575e-07,1.1921477584200655e-06,2.5131958,2.3757701,1427,7084,1469,7145,1.4144422954672926,3.724473749948962e-09
1343,1391,1.4616639863782122,1.38024798805905,2.116956924394812,1.7891923333245296,151645728.832134,88196510.80190662,88101416.9335245,78163506.17842752,78079229.94004536,2.858471577244492e-07,1.1131552547099852e-06,2.999941783588577e-07,1.168247040414788e-06,2.5131958,2.3757701,1684,6925,1657,6826,1.4791613174559595,3.752551210896189e-09
1344,1392,7.281036292504578,2.0704849436026755,7.570204294173206,2.3974586625224537,152248634.47732952,441082956.25581586,132684768.34916727,377193884.3217447,113465919.40162592,2.2305361373273278e-08,2.578752880315985e-07,2.3746057622493077e-08,2.7453137147343695e-07,2.5131958,2.3757701,237,3072,261,3192,1.1247680432649605,3.2848588941811655e-09
1345,1393,2.902338966308588,2.252569908581089,3.362264463086244,2.60137605361989,152087589.3496576,175636827.36595783,144200790.8246999,173520705.34375054,142463419.03508058,5.983260464570487e-08,2.8074603926028094e-07,6.012341226813638e-08,2.8211056431593896e-07,2.5131958,2.3757701,647,3352,687,3410,1.2969173665377356,3.3216248676288056e-09
1346,1394,0.9781330315956072,0.9596116233849936,1.6679471279484186,1.4065881352571081,151223501.55860764,58856019.90422867,61081596.16312142,55669085.87853243,57774151.6999578,7.123663951751364e-07,3.027454770599284e-06,7.284070559054438e-07,3.095625272717923e-06,2.5131958,2.3757701,2371,10900,2435,10947,1.6558701471935264,4.1955033613773355e-09
1347,1395,1.3822259247395543,0.7984815998107067,1.9391234961416453,1.282952263278906,151779558.55473,83476838.80415246,51012168.53151895,77376491.99435557,47284285.15668046,8.311190383978676e-07,6.104624939008821e-06,8.567340227407113e-07,6.292768712652937e-06,2.5131958,2.3757701,2059,17052,2169,16853,1.5067822169227805,4.504892652797355e-09
1348,1396,1.737580626911316,1.3349910626392156,2.213043391897682,1.7031393939394763,150592011.49045697,104116743.20537394,84620557.11729941,102984038.43844435,83699954.86375086,2.0775301060248144e-07,1.0108774765173268e-06,2.0866402892450792e-07,1.01531027823587e-06,2.5131958,2.3757701,1174,6325,1243,6398,1.390113124208636,3.6993878621157795e-09
1349,1397,2.4428579813601536,1.7124345933440615,2.819759385269322,2.0223837587450952,149957786.71542642,145760858.0059234,108088279.04383793,141772251.3857906,105130546.5548079,6.614603952078252e-08,3.8909316855950486e-07,6.688422789595594e-08,3.934354399331337e-07,2.5131958,2.3757701,553,3682,593,3690,1.2829077494988717,3.402686816358195e-09
1350,1398,3.583663540911439,2.31251361213764,3.964917674454457,2.6284752979290498,151430970.6383295,278034677.75822175,220961004.33348778,266891859.16391912,212105532.03213683,2.2419356820545054e-08,1.2221600911438285e-07,2.2789175081663687e-08,1.2423202198813847e-07,1.9518344,1.5848325,488,3460,524,3518,1.2502368359468297,3.2789530498008826e-09
1351,1399,1.5546151179106893,0.9709572114202618,2.1637631286694887,1.444680535328564,151317785.21311012,120585047.67692126,41392998.54060116,115526831.36014317,39656674.30594638,4.7389164565091465e-07,5.921303012555485e-06,4.820846368541339e-07,6.023674902709462e-06,1.9508299,3.5494673,1582,11342,1652,11345,1.4525461049709645,4.180359110910814e-09
1352,1400,1.026462596404421,0.9638056386104684,1.7329397770481314,1.4500897379786777,151613296.0728843,59945897.84096104,79131942.68876548,56749592.0556714,74912640.02875124,5.735045632873294e-07,1.9765524755487083e-06,5.86213165690726e-07,2.020351986745645e-06,2.5960972,1.8466089,2176,10869,2249,10897,1.6379372594282227,4.214224147826535e-09
1353,1401,1.8557721235064373,1.2109644174127572,2.3667635857842626,1.6300541136852649,151511483.3458277,111877788.10719676,77227596.71115606,110522954.0869106,76292374.65234165,2.166952465530146e-07,1.3918303040563368e-06,2.1775389877279054e-07,1.3986300113151678e-06,2.5131958,2.3757701,1085,7444,1095,7440,1.3868976100256385,3.877630401219091e-09
1354,1402,0.5603746234508776,0.4887900601723538,1.155474249079151,0.7929534423523352,151870399.5306537,37604452.75563883,30842459.446754005,35122458.83776656,28806775.075636894,6.348063662113921e-06,3.4783599091292026e-05,6.523835741615398e-06,3.5746725151496995e-05,2.2631447,2.406836,6615,35036,6856,35324,1.9230680291149445,5.330305760650353e-09
1355,1403,0.518226947367157,0.42418298297984774,1.0891425102176837,0.7205859375363795,154062939.97920042,49515664.27467659,36650303.39819881,46045731.25742721,34081942.46198783,5.327671130668341e-06,4.2704653575961285e-05,5.484773564786825e-06,4.396392894420807e-05,1.6124103,1.7830924,7271,54465,7755,56211,1.9607098974922608,5.64617140124855e-09
1356,1404,0.6045548547469419,0.5622955841410986,1.187835126879579,0.8356565096265041,154493898.3174093,59761665.10559332,44471144.56644177,55718725.75073879,41462624.97105544,2.092737333388719e-06,1.2455062857900707e-05,2.152203470764484e-06,1.2808979456565475e-05,1.5628754,1.9534293,5247,26036,5513,26251,1.8300587831475925,4.844514965146322e-09
1357,1405,0.9647280865486911,0.5852456293789581,1.437305391852732,0.8491289398073664,154009930.22627562,74515678.37331453,45102511.14513775,68602546.4124699,41523437.506023236,1.398173143157345e-06,1.1751930703353754e-05,1.445186596474912e-06,1.2147088376219472e-05,1.993912,1.9984173,2995,26126,3143,26358,1.508966833943461,4.7710371559686644e-09
1358,1406,0.6383305076986932,0.6507800395632164,1.2220601822263426,0.9112252551855107,154582197.42081767,48774918.298626974,32711878.01239651,45547224.177521095,30547160.160805214,2.8643756557372684e-06,1.8594232691235636e-05,2.9439052525002952e-06,1.9110502903590596e-05,2.0230589,3.0753052,4326,19441,4571,19520,1.7868753534573232,4.4993623827489945e-09
1359,1407,0.856705271078249,0.5260216202127541,1.349387544751572,0.8111291308809008,153133891.48137754,59156259.55115977,42228358.2270041,54592087.75769166,38970250.24373185,2.3350894851953925e-06,1.926495839723061e-05,2.4113037926082682e-06,1.9893741778292315e-05,2.2176962,1.9075271,3545,35327,3762,36084,1.586017411254312,5.094801535121817e-09
1360,1408,0.5444226542291184,0.3798006940326333,1.1863943491805684,0.7303866789304256,150400667.9588251,34782382.80948803,30302165.08278039,33212983.008410163,28934915.112770524,7.488357134190632e-06,4.401218810697326e-05,7.627937526314e-06,4.483256010100246e-05,2.3541093,1.885089,6383,47372,6599,48435,1.9672565517967238,6.137237834441865e-09
1361,1409,1.4535636767600375,2.538450750032503,1.894885656503928,2.802730301183711,148473909.97262114,93771122.42983836,154021953.92196685,89923300.46699794,147701787.95078555,1.089866549058464e-07,1.794484397367681e-07,1.1082865775317886e-07,1.8248132974729324e-07,2.3015218,2.4470129,1344,2288,1378,2134,1.462118978718219,3.023276403689355e-09
1362,1410,0.661761776922981,1.5359270839168837,1.2702072548951515,1.8958199118017045,148686083.18962732,42752046.32660266,93326431.6557005,41649305.75799238,90919182.15180163,7.477955357146495e-07,8.158973085221499e-07,7.556531973342152e-07,8.244705677360535e-07,2.3015218,2.4470129,3781,4239,4046,4152,1.8836989944140408,3.4466638460068912e-09
1363,1411,0.9159762293564717,1.0204954242912871,1.4601991379251547,1.418836422764395,149334639.80701923,64861610.07564559,52207392.84582941,63414249.30653697,51042405.85006459,8.271907628159745e-07,2.918059192136465e-06,8.346915631753919e-07,2.944519569139064e-06,2.1089051,2.9190371,3158,8287,3126,7967,1.6652740744121621,3.942348389134014e-09
1364,1412,1.0419597087729693,1.3095586580197676,1.5479277412085242,1.6552506732703527,149124046.31968555,67512394.57054299,79806153.03535387,64905818.48301741,76724929.03992882,3.960770282126854e-07,1.0037538149867544e-06,4.0236445430268476e-07,1.0196876548076672e-06,2.3015218,2.4470129,2237,5636,2263,5394,1.5885070803006403,3.590503027290358e-09
1365,1413,1.2567809686976545,1.349765461892285,1.7328922613402564,1.6998861827411578,149269859.98107788,64154902.0743981,91746886.95829795,62654755.647778936,89601551.83699554,4.226642956664162e-07,8.230781208766997e-07,4.266835354243683e-07,8.30905014090171e-07,2.924165,2.1960342,2171,5760,2096,5435,1.514610426761215,3.5897895467641817e-09
1366,1414,0.6091874287971094,0.9755988593357747,1.2201318921439381,1.37900811427248,148942697.8998931,43025617.84963879,66568092.06189085,41760790.928972825,64611185.47680722,1.6171216865797429e-06,2.427214988422648e-06,1.6365378771129993e-06,2.456357673893687e-06,2.1088371,2.1828525,6117,9267,6477,9392,1.9420417902043852,4.0146274980434435e-09
1367,1415,1.1287775769797717,1.0489694989572607,1.5993290326245444,1.4195739666341272,149750465.51773974,53754623.76787281,33820759.756260246,52614457.812865384,33103402.32458904,1.455405631803469e-06,7.659604110516781e-06,1.4679401258255015e-06,7.725571466858145e-06,3.1445661,4.6445932,2356,9059,2557,9111,1.6462906805253779,4.138155850216099e-09
1368,1416,0.372893189101551,0.4544423112393323,1.0396048013994055,0.9503588524004973,149011073.1087135,21962763.590369556,30307294.3602819,21806975.46192324,30092316.101865906,1.360342676456059e-05,3.4902113663399424e-05,1.3642216695238236e-05,3.500163642284366e-05,2.5299737,2.2343445,12935,38876,13696,39789,2.4846505983336407,5.8157630940754665e-09
1369,1417,1.0192913834416568,1.0602545854833114,1.5227461095957302,1.4437206152321926,149612915.30499643,45192846.03123096,59311079.807160124,43257260.54411701,56770817.898882404,9.918135343438953e-07,2.996058903425299e-06,1.009332603914498e-06,3.048980307045238e-06,3.3744092,2.674505,2388,9520,2528,9635,1.7059676005630857,4.149692303845335e-09
1370,1418,0.9656238353011537,0.8413311701447017,1.4633534485681154,1.244071059059471,149417194.2270295,77105812.03967391,56040624.631668344,75262114.5481383,54700622.414918035,7.792850024714522e-07,3.91073157999195e-06,7.868656699221036e-07,3.948774087550365e-06,1.8712053,2.2431824,3168,13814,3330,13940,1.7471604127383311,4.524076173414374e-09
1371,1419,0.8088048462044799,0.6078057576051789,1.327993119515473,1.047157820079075,148503473.24964726,55051866.38081517,29170233.253076654,52845820.77204495,28001319.84095702,2.583017106077001e-06,1.9755215117741325e-05,2.6256198204040616e-06,2.0081045629723103e-05,2.1817667,3.0942936,4372,23944,4401,23733,1.8452941240584773,5.149205715973124e-09
1372,1420,0.8025259877363722,0.6792742234517168,1.32065520892312,1.098131712358646,148014459.91931996,52943254.79197056,37386948.86158326,51081335.04964844,36072116.62348054,1.8237027054851864e-06,1.1487359063165238e-05,1.8500071266354855e-06,1.165304853096795e-05,2.2436371,2.6892381,3844,20975,4036,21210,1.840909035686918,4.9106262025787886e-09
1373,1421,0.45393841665780577,0.5696365365478263,1.09978393862546,1.0426340351099692,149698376.49028325,31338802.77891122,31585077.812833656,31528599.51485226,31776366.060684446,5.527510305019497e-06,1.9048662897656934e-05,5.514176326812785e-06,1.9002711928426956e-05,2.1683612,2.6998086,8197,23723,8613,23839,2.2830561377761738,5.283955413676332e-09
1374,1422,0.5346604851432508,0.632588778322304,1.1637410228803187,1.1027797675723767,149489667.6418357,37965369.47272057,31284588.32315439,37237368.66556639,30684694.107266214,3.885026381176408e-06,1.700467486068613e-05,3.915231360853268e-06,1.7136881391140398e-05,2.1052401,3.0227499,6684,21159,6899,21031,2.134938724961248,5.043443006866428e-09
1375,1423,1.0403077022494212,0.9080708097318351,1.5325110262926827,1.3068900696596113,149251073.66356432,65589586.936648004,52642489.87181611,62431403.20931077,50107717.7739179,8.404478522400016e-07,4.424052780555348e-06,8.572026234667045e-07,4.512248606192244e-06,2.3672514,2.5745466,2626,13278,2764,13378,1.701066658343244,4.388360527023494e-09
1376,1424,0.8990918564944841,0.7855200789937429,1.4092753081596503,1.1956904097896264,148891476.35983613,70581669.34259388,41834178.75407235,68224740.11736122,40437212.6658875,1.0461164461837043e-06,7.31299331227837e-06,1.060425210441148e-06,7.413020319504368e-06,1.8966272,2.7957342,3170,15586,3304,15669,1.7738485097697223,4.6214836961868835e-09
1377,1425,0.9504834951558294,0.7570464586071134,1.4640478915243778,1.1896882554291826,149653495.50762552,79993022.96484903,43383342.480346076,76531177.09515832,41505848.1763121,1.0065344470379834e-06,7.332815188180673e-06,1.0245051101688459e-06,7.4637352495213e-06,1.7781948,2.6114781,3270,16985,3478,17253,1.7213804588970274,4.640142067075279e-09
1378,1426,0.6692443130710297,0.5269502750913406,1.2245375124374613,0.9877114426629856,148188182.0733591,53645961.51743148,29012291.24702982,52134038.47172613,28194627.614869043,3.063743303083076e-06,2.458533537827444e-05,3.098979056537993e-06,2.486808844545327e-05,1.8486778,2.6915421,5481,30903,5609,30915,1.9672706359397123,5.483824807926189e-09
1379,1427,1.3102254409434422,1.0764191415456337,1.7416533442122526,1.4358149619470255,149717905.7095408,87431344.85760278,59927464.04190616,86346022.42588344,59183558.968655095,4.5985633234095154e-07,2.509607188114607e-06,4.621597292887009e-07,2.5221776827030495e-06,2.2436371,2.6892381,1944,9249,2034,9261,1.603176972211342,4.155869111569107e-09
1380,1428,1.1576319121423762,1.3391434858325213,1.6365408792869152,1.6846308676622985,149716229.95038822,77247913.91451658,74553277.3990768,74775877.50697541,72167472.95863612,3.700724698770822e-07,1.462759633678159e-06,3.74918503938498e-07,1.4819142144304717e-06,2.2436371,2.6892381,2043,6890,2076,6846,1.6377455275351975,3.837838717939547e-09
1381,1429,0.22664234729980903,0.3771168304174852,0.9510673046441379,0.891951301075898,149204186.2029936,14821362.751548419,22064429.99796883,14752559.937628148,21962003.865037937,5.0815986074941854e-05,0.00010258370336385894,5.091065176558682e-05,0.00010277480773628095,2.2815707,2.5501411,30532,56365,31479,56855,3.183371416269262,6.38644357599691e-09
1382,1430,0.38443874853747206,0.49909906129613074,1.1680571382439344,0.8480755721900106,151863971.01069206,32232243.588076342,33953621.669696204,31619382.85948526,33308030.826541442,1.0666765110268169e-05,3.1933929327197364e-05,1.0748988311462138e-05,3.218008735813184e-05,1.8113041,2.2323146,12935,33072,13904,33775,2.409964674226199,5.42729733700255e-09
1383,1431,0.13219478649181776,0.3032681249631249,0.9166524007264181,0.6554766122125475,149120480.91783455,7968696.77804814,16064100.493107509,8179240.5413327925,16488535.788590059,0.0008910002699122383,0.0017101852357523204,0.0008817542549028776,0.0016924384416238398,2.4737985,2.8151896,109710,184242,122740,207018,4.183218006145244,6.8672426070742016e-09
1384,1432,0.18542369343939424,0.3607991536784659,1.1253559847432617,0.7614769277690668,150629576.42278087,10604798.01963964,23457930.480389968,10678141.232746515,23620166.47876384,0.0001042637900115379,0.00012890624733491262,0.00010397674168051364,0.0001285513559277233,2.6337411,2.3167868,39740,57844,41355,58124,3.4876663858772483,6.359279566630229e-09
1385,1433,0.7823572477760934,0.5354418918246788,1.388191069547276,0.842528238450628,153656555.04160878,54250495.92680506,34188029.61768848,48530092.51104454,30583098.122370727,3.5169798904143288e-06,2.998997753438666e-05,3.677281886003569e-06,3.1356904100996145e-05,2.2159119,2.4065194,4407,35119,4521,35498,1.6946759218364997,5.042389720830387e-09
1386,1434,0.4796796591795116,0.6771056159666233,1.2995807069092222,1.0024374258799567,151726871.266185,43719340.207860805,44548978.530343175,42496374.50655186,43302805.26899184,3.5374864160126435e-06,1.0954513467924621e-05,3.57786103320321e-06,1.1079541308533233e-05,1.6647162,2.3061161,7979,18797,8568,19153,2.1594123899936943,4.677040335693824e-09
1387,1435,0.23723056981252807,0.366469102307954,1.0055924970742554,0.7187010755591876,151277159.10570234,16611893.994148383,17062794.984453995,16468992.968715863,16916015.15905406,6.080736301753745e-05,0.00017155319909951207,6.101786572976852e-05,0.00017214708135176413,2.1603537,3.2490811,28385,55610,28990,54382,3.01927669172525,6.23521435660044e-09
1388,1436,0.48139547927476734,0.7290634243072791,1.2535694705395148,1.0342854442978273,152058827.1936672,33723124.277389325,41216025.80066426,33873481.65658537,41399790.91000853,5.088842381405369e-06,1.1678373801313952e-05,5.0797949935215334e-06,1.165761096966898e-05,2.1706302,2.6897433,8176,16027,8648,16016,2.156518444305537,4.525733222202579e-09
1389,1437,0.36349100107615107,0.5101132479824437,1.1598499282875816,0.8572026107841854,151989792.48970196,30253924.700515036,32747896.25960511,29010180.2167774,31401624.140199628,1.0907181573504093e-05,3.309106106150346e-05,1.1091877407861287e-05,3.3651405738204e-05,1.8261076,2.3675416,13194,32493,14124,33051,2.4719655644578693,5.368616151957433e-09
1390,1438,0.9436899191745645,0.4923661601051915,1.492235925942316,0.8093808804062392,152674433.1761791,89187152.76551911,34542879.75281889,81140280.07580023,31426263.21009789,2.2794477397377346e-06,2.8309821245502256e-05,2.367314502019126e-06,2.9401090981694338e-05,1.6154493,2.1761858,4104,37795,4083,37643,1.6110237154875608,5.326722101895332e-09
1391,1439,0.6707388970447103,0.7169456437945079,1.3564236073933096,1.0226258002134827,150670805.98540586,36423186.12707734,43085509.213885255,33555063.85259973,39692766.24372295,3.3003538604585202e-06,9.719529662094821e-06,3.4104246007761116e-06,1.0043687576875793e-05,2.7746274,2.5071719,4879,16561,5078,16550,1.8864747872836924,4.590152541253645e-09
1392,1440,0.5741555402093276,0.7295027470597053,1.4353070300855277,1.0599875252013864,150862521.49930573,40548495.45751665,48089018.695813045,38395859.53389234,45536071.95861769,3.0079330578591353e-06,8.821406085258274e-06,3.074286279452784e-06,9.01600107839263e-06,2.1361718,2.2885604,6308,18264,6684,18297,2.009505035820145,4.565888707586557e-09
1393,1441,0.4963097465477719,0.5676337329270497,1.1970989005752788,0.8868961207940702,151203923.99296272,39490833.75755446,41934542.8250123,37836964.61039942,40178331.57345643,4.716570651088108e-06,1.7700301415204627e-05,4.7979790788647344e-06,1.8005810187569094e-05,1.9002886,2.0467243,7927,28627,8276,28836,2.113897527781463,5.0540677846039696e-09
1394,1442,1.5779383417253716,2.096259464389728,2.038070951747025,2.424604835779728,151812406.2703587,116573171.51087894,132380873.98995487,109617251.50277562,124481708.52896374,1.1849070292857414e-07,3.341900273952748e-07,1.2144290779473292e-07,3.425163973189369e-07,2.0549378,2.403959,1304,3307,1375,3315,1.4498695223421498,3.290028689765728e-09
1395,1443,0.7870602762476047,0.8199816599571483,1.3862248992866206,1.3017711170447377,150807371.6875316,61114418.101212956,51880256.58603971,59686783.17530807,50668331.99331144,1.1597076437203219e-06,4.302343735544969e-06,1.1707245424393517e-06,4.343214799425257e-06,1.9421684,2.3835518,3736,11866,3936,11898,1.8126526511534546,4.469609967447219e-09
1396,1444,0.7527614334212857,0.8672094879213137,1.3791000961735898,1.3657808042135071,151514200.91670302,45361745.018026546,55612634.15243237,43168298.676539734,52923510.7760362,1.607957930851145e-06,4.038539708061139e-06,1.6401539347311414e-06,4.119403042614568e-06,2.5143223,2.3626745,4341,12008,4401,11763,1.8338817987356453,4.370799642863317e-09
1397,1445,1.2247793446230841,1.4646326202769022,1.7332646471656397,1.8501314040078816,151840385.7560217,90499560.69403978,92510056.1422627,86958102.52354345,88889922.61160715,2.6879728966432914e-07,8.442154851035212e-07,2.7312374069474565e-07,8.578036316208499e-07,2.0549378,2.403959,1902,5268,1938,5203,1.5473824593535375,3.6161684102951323e-09
1398,1446,1.2145580318106184,1.3229406316295869,1.7340631404796607,1.7321295274530086,151191550.5546001,89742112.59692909,62173994.348055996,83517588.84479119,57861598.602226354,4.0713341929959553e-07,1.8185843292725649e-06,4.190097117663422e-07,1.8716333749810678e-06,2.0462067,3.2170596,2018,6039,2102,5972,1.5829633332770892,3.799924897072611e-09
1399,1447,0.9931467321718395,1.0020924565673106,1.5525589030134201,1.460224147275476,151316717.9275282,73131023.20308314,63076509.03684278,70425715.04902923,60743143.7049677,6.931792423572617e-07,2.5714387938976335e-06,7.037099681451684e-07,2.6105038944722477e-06,2.0549378,2.403959,2862,9789,3046,9659,1.656948799830831,4.1023911087896624e-09
1400,1448,2.3332167084918507,2.352474523721657,2.701641873438731,2.642099247103224,151092742.94844228,171553665.70178902,147856859.66584104,175514865.6157211,151270896.76838073,4.89195242385646e-08,1.8879272446682232e-07,4.8474871141769345e-08,1.870766965435498e-07,2.0549378,2.403959,771,2621,756,2494,1.2993127020832775,3.1212253461782595e-09
1401,1449,0.31593533191824313,0.47282402179114,1.0590687150195437,1.0245129651512193,150164386.58931896,25572337.532157082,32472373.820531167,25217690.35572909,32022034.242739968,1.2470100222952788e-05,2.725916650496633e-05,1.2539955405729487e-05,2.741186728719741e-05,1.855217,2.1865149,16680,32397,17418,32306,2.650440005882986,5.613466788080943e-09
1402,1450,0.8011966050086375,0.991376497786534,1.388349918652168,1.4302293734929408,150488227.97437158,66393025.59679327,76987803.88374247,65334136.27060059,75759940.51937957,8.628573456299533e-07,2.1392059670528666e-06,8.684242118878214e-07,2.153007406626777e-06,1.8160139,1.9378458,4014,10220,4605,10699,1.7932987779260896,4.135879057217789e-09
1403,1451,0.8040472947791081,0.9967064941443831,1.4021458519854038,1.4485877301773857,150773268.9942926,58993921.40232358,62512171.11023498,56996072.88108866,60395175.90728772,9.75683640480508e-07,2.73879128880664e-06,9.892224318697437e-07,2.7767953327194277e-06,2.0549378,2.403959,3667,9597,4035,9682,1.7938754062665205,4.142075399724604e-09
1404,1452,1.258793394396848,1.921297642474069,1.7610705861818285,2.2541996640997692,150899043.12503895,92436237.58665793,120601880.4013422,88362636.26086032,115287038.59554046,2.054195572726655e-07,4.960841570958961e-07,2.0915643325333292e-07,5.0510863848245e-07,2.0549378,2.403959,1892,4257,2051,4234,1.5362146613688445,3.3371488595289675e-09
1405,1453,1.7067873222795584,1.731063405272221,2.1561802725048405,2.096765792608023,151653121.20829517,125959834.24045412,109203679.60476543,120473183.55290239,104446905.76968019,1.309684371381332e-07,5.184084344508772e-07,1.33322461235975e-07,5.277262973947155e-07,2.0549378,2.403959,1044,3774,1194,4040,1.395421217941587,3.404878198615316e-09
1406,1454,0.9219085786160035,0.892964508728608,1.5039201597784047,1.3821554678828165,151379957.25139114,67913725.28189486,56230962.82355322,66065419.62276494,54700609.329120405,9.136397519594762e-07,3.3588295069078775e-06,9.237795194019951e-07,3.396106508052008e-06,2.0549378,2.403959,3300,10919,3451,10845,1.7173457466263666,4.333961152592252e-09
1407,1455,1.0117547628288972,1.2064005584210291,1.5571000958873473,1.623760651760378,151385412.3171887,74535059.86153552,75971115.1297731,71537131.99779879,72915426.66169107,2.397557745524119e-07,9.829016537788357e-07,2.4372535291654174e-07,9.991753187038697e-07,2.0549378,2.403959,1961,6397,1594,5586,1.6233572461687886,3.812681475753565e-09
1408,1456,0.96587712630379,1.3522216832126124,1.5384109972602757,1.7676969482857259,151551371.10875547,96167246.3969468,78830370.7569791,95488742.15138933,78274186.159401,2.910855714048429e-07,1.1598596185353112e-06,2.9191114881773715e-07,1.1631492144385692e-06,1.5221399,2.5996459,2315,5588,2402,5604,1.6782461619538662,3.7373258621353065e-09
1409,1457,1.6538854938550727,1.6712882161629863,2.1095078753427403,2.043410211349865,151733841.07433683,73099094.82804894,62775223.65414119,70561745.50453332,60596227.16113319,4.070514961403804e-07,1.64206822215489e-06,4.1284442929636784e-07,1.6654372345248476e-06,3.4330165,4.0396667,1304,4561,1324,4539,1.4050326345827462,3.4371511730908554e-09
1410,1458,1.3846023135140986,1.4223129643478747,1.8459009907459043,1.7816065223655648,151671686.946511,83522182.58532314,99529912.83315356,74945519.18594575,89309459.60604483,2.410341053112191e-07,6.776059027122343e-07,2.517102857232386e-07,7.076192605989301e-07,2.5143616,2.1674349,1551,5417,1604,5231,1.4827714008240174,3.6174749031297907e-09
1411,1459,0.5330422401212628,0.6894658244231731,1.2029817962574396,1.1949060958515547,150927451.14227286,38576480.73893454,42400323.6600509,36586184.30727729,40212741.71205482,3.0871331953879037e-06,8.8248891087515e-06,3.15324388809924e-06,9.013873352434895e-06,2.0854859,2.4542105,6637,16947,7005,17016,2.094374222080335,4.772777433282643e-09
1412,1460,1.0401149377275827,1.2117560459360972,1.5847496198858184,1.6273958417104608,150771572.8415297,76313631.04866599,75998952.12273516,72584579.90477788,72285277.7050305,4.436748455890973e-07,1.4548268190628738e-06,4.526556098081429e-07,1.4842750890548313e-06,2.0549378,2.403959,2287,6766,2426,6800,1.65533220611316,3.8945181849977e-09
1413,1461,0.6205124934032178,0.5390429152826316,1.345480025662768,0.8744214169653417,152433864.23372072,44021881.005286574,42253844.97927231,40168378.74467176,38555109.63609741,4.399663216579121e-06,1.774075403748773e-05,4.563868794098029e-06,1.840287989097786e-05,2.1486387,1.9446371,6702,30986,7059,31450,1.8887654562731386,5.1064142238101136e-09
1414,1463,1.2904181218671846,0.9221228656790975,1.8982238712899493,1.2194594398164247,148908359.6563966,87945937.29361542,65301724.30713606,77163140.51210618,57295268.92835976,6.292202291715222e-07,3.4882245059411766e-06,6.630175607170803e-07,3.6755876495067624e-06,2.184911,2.1027286,2303,13685,2429,13992,1.4813900016261092,4.1472116200983054e-09
1415,1464,0.4879880103812939,0.6132783659154365,1.4015126772114077,0.9645417442921674,152260478.07726997,34006551.18521148,44408040.6709317,32243392.76035455,42105589.86920523,6.0663958458355736e-06,1.6971026946872214e-05,6.19697134631358e-06,1.7336318034616645e-05,2.184911,2.1027286,9522,29267,10181,29595,2.103728395504029,4.822757822466053e-09
1416,1465,0.31164688430108506,0.5083437448722171,1.293324604689997,0.8888245138853346,151399252.08849216,20876552.740264602,36511854.182656355,19889711.143161852,34785926.681929596,1.8137567467038108e-05,3.276312345333068e-05,1.849231000450404e-05,3.340391906003295e-05,2.2601004,2.107887,17345,34756,18436,35707,2.6404499677105817,5.341238864900119e-09
1417,1466,0.6342973189237573,0.5752147287962446,1.3457978664236623,0.8964383497675321,153904424.98826942,44749463.12999546,52974782.17977368,41244580.913418666,48825673.810594976,1.914025662233586e-06,8.071525018844676e-06,1.9774983507783266e-06,8.33919195963394e-06,2.1815047,1.6711365,3812,21953,4054,22317,1.8425170566212525,4.88547928776789e-09
1418,1467,0.5355212845874917,0.5726972835355182,1.5301504454128088,0.9690379009619277,150645504.57668847,36923185.488213964,41029675.0840346,35861152.75005551,39849526.14512037,5.092918477231801e-06,2.059588681594454e-05,5.152721750127852e-06,2.0837732713399313e-05,2.184911,2.1027286,7186,31667,7789,32730,2.0587853724218794,5.098347464374089e-09
1419,1468,0.5014116023785504,0.46707334504041914,1.2790330529388962,0.820145276668148,153739710.6074271,45435393.599617876,37897138.11792384,42680049.74800851,35598937.56909684,4.848814997575328e-06,2.6992486949615103e-05,4.971682262789383e-06,2.7676467067331226e-05,1.6966261,1.8948059,7652,39863,8172,40734,2.045726763728123,5.416846823967639e-09
1420,1469,0.8892937148968346,0.6367475452891015,1.6250368585924968,0.9864894681108678,149758213.55969146,48667315.376242585,47556237.784251116,47050201.31554268,45976042.52999549,2.7018583131740286e-06,1.3094764242679439e-05,2.7386272947101745e-06,1.32729679413381e-05,2.7365191,2.0051665,4406,29823,4563,30181,1.675374968927009,4.8442903060929215e-09
1421,1470,1.0359608474847264,0.6144053977839582,1.5613415337162952,0.8925422629806545,154744802.0318233,98238405.59119318,35678826.62335279,88815368.51038119,32256510.226334073,1.7560553127142691e-06,3.5798995092464834e-05,1.828333701205472e-06,3.7272464439445966e-05,1.631842,2.6647749,3269,43268,3540,44193,1.48060836380561,4.63044319525587e-09
1422,1471,0.5993203581279962,0.7416011701915788,1.6330032501276353,1.1050266117906402,150338766.24951202,40966562.47031433,54384363.96597468,40744521.81558557,54089598.20937104,3.0417152824073587e-06,6.9565595925787e-06,3.048334905871269e-06,6.971699012554484e-06,2.1993811,2.0500636,6704,17167,7052,17303,1.9786561700929135,4.588603488367882e-09
1423,1472,0.9721802691838131,0.734741443682294,1.5947296042387313,1.025084581831257,153388895.50573573,62894003.74532915,46581182.97307214,57877062.003912784,42865485.6520932,1.6775077683340152e-06,1.0823462538584341e-05,1.7342258126001234e-06,1.118941352788179e-05,2.3709996,2.4194572,3368,21780,3509,22187,1.562445277173193,4.358353084957217e-09
1424,1473,0.254148549457885,0.5212042936674096,1.3412823259570306,0.9188520300035614,150792426.9793215,15114703.395512067,34450233.54152057,15163261.147882445,34560908.94583632,3.2889188901557695e-05,3.723992790562164e-05,3.284701955657124e-05,3.719218019825728e-05,2.5355229,2.281368,23996,30936,24862,31287,2.9433163122066484,5.326990227405703e-09
1425,1474,16.30775388074379,2.1622275987995394,16.42049049669751,2.319737280263614,160873977.20751417,914051014.566679,150954392.28185338,852879652.6545609,140852017.67109418,2.5263590019931213e-08,2.2000129953203604e-07,2.5973360151720068e-08,2.261821452170468e-07,2.8701825,2.3043129,252,2955,274,2972,0.8567247834529109,2.7720865333908616e-09
1426,1475,0.4837811791305989,0.5524192151981344,1.5560445478210325,0.8882915114437363,160957277.85382855,18426832.562002376,38586727.13781189,18488162.644022387,38715155.45734445,1.5343114895871495e-05,3.15831600884795e-05,1.532273574557658e-05,3.154121046021955e-05,4.2257996,2.3043129,7999,30050,8091,30543,2.055603057660957,4.953380262446166e-09
1427,1476,0.26355951397456673,0.5493416234804138,1.4946931107182106,0.8841609123194086,160833339.2924839,10794568.559793483,37441394.91403119,12719157.666929616,44116909.586838566,9.347786585943752e-05,6.340410511262403e-05,8.754020593843032e-05,5.937671306325208e-05,3.9268968,2.3597531,29585,34458,31771,35861,2.774640508612652,4.940351616634731e-09
1428,1477,2.1084961543363616,0.6857448799162041,2.5362203653877535,0.9406855857110666,160776474.51752824,119632222.91793501,56678635.34243619,118712528.27166875,56242907.94215312,4.204838767584836e-07,5.1059112499772864e-06,4.2178389681377304e-07,5.121697317868092e-06,2.8336561,1.9452064,922,15791,907,16044,1.0952224967718873,4.316974454469301e-09
1429,1478,0.8077739156640096,0.8504678477195231,1.374084594847479,1.0813917003130291,162193361.6027495,45647120.626148894,59861765.803022966,46004451.11034843,60330370.03185531,6.213610566732898e-07,3.027169290102972e-06,6.194260197699887e-07,3.017742107266232e-06,2.8701825,2.3043129,1530,9000,1510,9163,1.530455101184846,3.858727925396052e-09
1430,1479,1.4794910159913948,0.500975545995678,1.985416253703805,0.7925634273975677,160522508.11795864,194254118.90532795,34898841.71068519,188667792.32974216,33895226.816935755,7.742418023744678e-07,1.9182853759069304e-05,7.833315217951023e-07,1.940806345172895e-05,1.2225821,2.3043129,1988,25769,1981,26041,1.2240067229220646,5.062070408728252e-09
1431,1480,1.2485856690123207,0.795872640073721,1.8749686211355985,1.0528505480515105,161209211.59645417,133156459.09499873,55679070.6841389,134740510.76198986,56341438.287882425,4.428461033061202e-07,5.954620143286863e-06,4.407562171356832e-07,5.926519007938138e-06,1.5116316,2.3043129,1558,13790,1590,14025,1.3325298946377244,4.07567283884361e-09
1432,1481,1.313738315305499,0.545004233212414,1.9017053520440235,0.8433666185821252,160677449.6806257,73545191.65628295,38002603.838096656,74532536.3656256,38512789.058853835,1.3547473768176257e-06,1.2456626580193072e-05,1.3475400204787114e-06,1.2390356404601266e-05,2.8701825,2.3043129,1652,18483,1630,18668,1.3013059086957037,4.898750769216706e-09
1433,1482,1.4303260461648606,0.8356378551621944,1.850876119919819,1.059860319018751,162562115.51751536,132991679.81007709,58951654.326843105,130485589.74818718,57840771.636651866,3.9481230859728833e-07,3.4176636620096973e-06,3.9782809597966537e-07,3.4437696033004247e-06,1.7483562,2.3043129,1635,10772,1664,10929,1.2290808356960188,3.923590106633711e-09
1434,1483,1.1063677386080715,0.739489621048018,1.7333316523626578,1.0014680737165056,160821440.7812596,61991756.18862357,51610085.72218205,63287822.54687453,52689101.706943646,4.487048527717093e-07,5.10652029510823e-06,4.4500642451737004e-07,5.064430046197118e-06,2.8701825,2.3043129,929,12777,907,12857,1.3796536741591288,4.2334273294626575e-09
1435,1484,1.3979365062109907,0.8064594284918168,1.8411716101722544,1.046100939225233,161193003.25236169,106336210.06315608,53514331.468726546,98659276.97291955,49650869.137220174,2.95193468854262e-07,5.4954109215491e-06,3.041753694093756e-07,5.662620699592014e-06,2.1191049,2.4291739,892,13764,854,13869,1.2272971184713999,3.946616047153032e-09
1436,1485,0.5452993731107487,0.507042218883133,1.3460423509508477,0.8078698280561245,161400556.81572422,30664120.644363277,35514663.1591647,31560246.938060984,36552541.39600874,9.422736939159726e-06,2.5339233858602983e-05,9.314791017909383e-06,2.5048950158622214e-05,2.8701825,2.3043129,7713,25641,7736,25912,1.8653813231687508,5.030198257183997e-09
1437,1486,5.729610877672419,1.1818217622448892,5.978174680930053,1.3811697476698412,161296374.832877,321988397.52231085,82724688.10494567,308711301.8596629,79313560.23175585,6.05569848613466e-08,1.3523402114168942e-06,6.15856204116533e-08,1.375311388412541e-06,2.8701825,2.3043129,238,7017,255,7093,0.884869325476552,3.3513232122685436e-09
1438,1487,0.5728650483171049,0.7689541957361111,1.5352681163394393,1.0538996277592603,160956349.29571947,36040301.11236855,53711481.683459975,34927819.32300981,52053530.90591173,4.3361790934823916e-06,9.259608489404543e-06,4.390904452144869e-06,9.376470681839917e-06,2.5584211,2.3043129,7126,17141,7344,17412,1.8995048903294376,4.268028263116123e-09
1439,1488,0.6001569470404994,0.49682470433692927,1.1976796555706557,0.7817399526597533,162535914.57079038,41346120.34675372,35043790.14706089,41679813.669989,35326619.0726012,6.527595266068634e-06,2.795998079000297e-05,6.50664057427247e-06,2.7870224492898164e-05,2.3592796,2.3043129,6807,30223,7102,31146,1.74918617400868,5.0443889805175295e-09
1440,1489,0.7989026657582151,0.5015473375103742,1.5380279881223933,0.814593375819327,160908798.39468685,44788255.7926078,35022752.0823447,44192986.46485182,34557273.58314263,6.863987870222951e-06,4.014610235374388e-05,6.900822023594831e-06,4.036153800417619e-05,2.8701825,2.3043129,4906,36412,5037,36695,1.5840626438141259,5.112794450200673e-09
1441,1490,1.2723205493015641,0.9331511535684022,1.7598123649567632,1.1552982144025286,162038415.01597577,84769290.18725869,65618837.569565006,82930792.73612331,64195679.89829498,4.1057263663614714e-07,2.601030610527908e-06,4.141895081508781e-07,2.6239439580934904e-06,2.4320695,2.3043129,1396,8720,1320,8826,1.2786797644141963,3.7015211018883894e-09
1442,1491,4.1154827102395455,0.8869251540309215,4.372338312458208,1.1084945304218712,158997467.3846173,227982481.25102445,61197788.39524272,213090247.23731133,57200236.56186229,1.5157991059478596e-07,2.509930106330355e-06,1.5573162225376574e-07,2.5786760637912546e-06,2.8701825,2.3043129,469,9133,445,9178,0.9272116060740174,3.753984963203766e-09
1443,1492,1.2677591580417982,1.4510996885570933,1.8064049322120412,1.8409859281804037,152462714.38043746,117018531.14199442,68380914.07292765,110472280.82482669,64555549.18354153,3.191657019177642e-07,1.8648059556718803e-06,3.266004237565158e-07,1.908245189525523e-06,1.6517555,3.2353852,1948,6298,2104,6276,1.5454625979289431,3.614028780550911e-09
1444,1493,1.081194297707785,1.4555817350035969,1.667055339335306,1.8662805426799636,152662961.43791702,66603399.671974875,88041374.52282058,63546146.30426921,84000067.47118388,4.6405368782191345e-07,1.0988824227621593e-06,4.7285839096904815e-07,1.1197320222372486e-06,2.4782267,2.5239658,2240,5439,2387,5550,1.6311607055512354,3.6412462819521417e-09
1445,1494,3.94333532088488,3.892083764384946,4.278579431171455,4.176503088676449,154247081.50350618,245436773.25249738,237856852.74481845,236672117.9202682,229362879.71424732,3.330981983214176e-08,9.682851906285419e-08,3.3797867408112653e-08,9.824722754736773e-08,2.4782267,2.5239658,612,1808,686,1958,1.1582585655244517,2.8238680279593316e-09
1446,1495,0.9946029042674593,1.1345808586737003,1.571005175948548,1.550631878579442,153080004.36832193,61436597.76162058,68812993.74261905,54773638.98928386,61350045.64632067,9.431317102767087e-07,2.6340794924978792e-06,9.874487673042467e-07,2.757852927122241e-06,2.4782267,2.5239658,3570,10085,3504,9609,1.638784220354854,3.880405998676052e-09
1447,1496,0.7917239960209731,1.0706534750217163,1.3907389547586435,1.5031615887312861,154083573.37374744,49279541.400978245,61386069.20690023,46366427.30630464,57757289.020652786,1.2082221885739082e-06,3.3834548227948245e-06,1.238032417936555e-06,3.46693414080397e-06,2.4755032,2.6874194,3549,9151,3665,9454,1.7207617551301473,3.912830521465058e-09
1448,1497,1.206614121686179,1.321536527771269,1.7426026409518796,1.742239935196447,153918466.56654468,57911254.78966291,84524078.05405207,53459994.47184113,78027263.64536771,7.362793985082704e-07,1.4844547581888538e-06,7.602147209034067e-07,1.5327121225674186e-06,3.2069793,2.4065199,2674,7189,2752,7394,1.4948288658631916,3.644299241364958e-09
1449,1498,1.4951739939258886,1.3450135680528637,1.9588974505366172,1.7337711158350586,154371994.10522255,114517399.57560958,88752021.97718585,111466789.54159996,86387771.56820336,2.2724906117712024e-07,1.0708221233672223e-06,2.2971665920335228e-07,1.0824497118130424e-06,2.0155277,2.339467,1586,6570,1593,6467,1.3949563915671623,3.611015759776927e-09
1450,1499,1.2386858105622343,1.1441873134573581,1.7833886490047537,1.5809969912784347,152866379.08168817,76406817.29420261,69298788.27971078,71534551.22301668,64879782.92303628,6.16178898750191e-07,2.18519603436429e-06,6.326351566567757e-07,2.2435559515748334e-06,2.4782267,2.5239658,2292,8430,2458,8559,1.5502864080218104,3.895952367451494e-09
1451,1501,0.7719256664160975,0.9319372786796407,1.4210036137748112,1.4060240982238983,152200744.34791464,31510733.04178153,66731010.532654,30127187.845286608,63801044.76647246,2.099252174318663e-06,3.3199916468031502e-06,2.137295523336095e-06,3.380157644247113e-06,3.7284966,2.1255717,3668,10686,3954,10969,1.8119099037249558,4.19504290657233e-09
1452,1502,1.2115835951690275,1.2434353119206574,1.7529653419958813,1.650134200351604,152085507.03332892,79154825.85273202,61553765.99747458,74290185.93011671,57770839.25570221,6.811139575506315e-07,2.6987537005780234e-06,6.986154099819786e-07,2.7680990854302743e-06,2.3278973,3.0722489,2644,8030,2634,7908,1.5650915902480653,3.783225402514286e-09
1453,1503,1.9426909776501684,1.789878017256981,2.4039195272478735,2.186369344392171,154286912.41109282,128839961.85268627,109483803.50497884,120603135.38470024,102484429.41670726,1.353524155341922e-07,5.655319740903707e-07,1.389769595783504e-07,5.80676111270194e-07,2.3263884,2.5223343,1077,4240,1100,4239,1.3118090260491593,3.3288123265509294e-09
1454,1504,0.6499077776180238,1.0175839968610054,1.3468426475788573,1.4992830549505514,152592414.51852363,60798621.74895219,75009076.4407197,58749862.808688894,72481461.31494646,8.549752877921882e-07,2.2332090301129917e-06,8.667788647219399e-07,2.2640401605135254e-06,1.6311389,2.0700908,4685,9999,4815,9910,1.9390678197823155,4.085585185998186e-09
1455,1505,2.897282480483212,2.7366858611899287,3.30321333553085,3.0916299134794314,154124224.77349114,180185862.84067255,167113828.0892997,164138666.98808485,152230816.25503647,5.1376945212648194e-08,1.8106876487275878e-07,5.333007604393815e-08,1.8795222175780366e-07,2.4782267,2.5239658,641,2393,708,2450,1.2157332849478482,3.012057309403612e-09
1456,1506,1.2300628510094875,1.484248675642007,1.7631927705611818,1.861361153970157,152150529.01870525,75519609.85141124,89473962.44206004,73084465.01693797,86588856.73389587,4.4763647493016883e-07,1.0222441061911417e-06,4.5354390315608837e-07,1.0357345923889779e-06,2.4782267,2.5239658,2346,5422,2456,5507,1.577460000186651,3.604868479127768e-09
1457,1507,2.3588638793475054,2.2436157436366004,2.810939177009847,2.636498179111866,154261194.94104445,146831264.76339468,137126598.7843108,135388953.81264418,126440555.96204631,9.063782415578534e-08,3.080345268676355e-07,9.362753602093326e-08,3.1819512470224947e-07,2.4782267,2.5239658,897,2991,926,3090,1.2605347434110998,3.1483706129869785e-09
1458,1508,1.522993659450513,1.837807268984497,2.0849146722671708,2.284502763913623,154187197.50688493,94755707.44655026,112270282.09435382,93762324.6374556,111093283.14399877,1.879215411042432e-07,4.932021120032686e-07,1.8871541228898453e-07,4.952856354922325e-07,2.4782267,2.5239658,1410,3713,1449,3734,1.3918670883165707,3.298742230290674e-09
1459,1509,1.5119481183298664,1.6267771961701356,2.012856295248419,2.003215562308371,152350638.00713596,92948018.21852852,98194889.85626507,87472781.81838651,92410578.95267032,2.661854387450558e-07,8.536127811084721e-07,2.727289075589391e-07,8.745966059136493e-07,2.4782267,2.5239658,1588,5088,1681,5293,1.4938387215777031,3.5175571966602342e-09
1460,1510,1.1901197444658749,1.060933130615301,1.6878458810173897,1.4729141833655852,153633480.69710854,73779464.48105241,64578866.18087644,69161953.29139088,60537177.354544125,7.291691672286943e-07,2.6835315695223676e-06,7.48265282636408e-07,2.753810224812478e-06,2.4782267,2.5239658,2514,9144,2580,9323,1.502041287173256,3.920643241315661e-09
1461,1511,0.20599936444641517,0.40688103215622967,1.067623485203027,1.0199682269985535,152294078.55300808,13155581.429358859,24798985.347234555,13174961.826251531,24835518.447739895,6.628832242553344e-05,9.554758046676473e-05,6.624930109412028e-05,9.549133535953173e-05,2.384728,2.498714,35413,49668,37078,51006,3.305399392616242,5.994689884602994e-09
1462,1512,1.2829758715759272,1.3590298377553753,1.8150676141526279,1.7596586429093193,152959341.77437013,65308360.01789783,82899504.07557565,61696124.50629913,78314294.27343623,4.994020770350391e-07,1.486616381020436e-06,5.108985873062702e-07,1.5208391071157117e-06,3.0048702,2.50757,1886,6935,1936,6906,1.5285381061018537,3.6713978775469848e-09
1463,1513,1.0234353451640061,1.5911433265098047,1.6218197400710457,1.985158761624984,152483515.52160338,56023430.540235884,79478667.06505513,54649766.34437782,77529893.16404636,6.196431497943109e-07,1.290633837700898e-06,6.258268742439311e-07,1.3035137089951217e-06,2.785567,3.0526824,2435,4957,2616,4972,1.662380597075509,3.552955714440041e-09
1464,1514,0.8299200753732895,0.7512158031265957,1.40508316796728,1.1612433097801147,152691067.8774636,57088914.54654573,67571008.93704936,54131535.578518145,64070625.67935218,1.6691941437503523e-06,5.070602740177687e-06,1.7050904727440174e-06,5.179646990565867e-06,2.2197196,1.6975319,4692,19739,4823,19158,1.734171974591565,4.561595666624505e-09
1465,1515,1.7649823973370558,1.9768795797242043,2.2001982695974256,2.278220332965239,153855455.3091331,70490886.86532763,102796791.59959361,66696968.44837941,97264124.07055566,2.458780924459276e-07,6.732344658036473e-07,2.5137992201273763e-07,6.882989282472408e-07,3.8523018,2.958786,932,3449,970,3458,1.41759258787784,3.3560277235003966e-09
1466,1516,0.2899332471264905,0.45832337771170817,1.0189058938874607,0.9066479916303161,152686790.2989558,21821943.664218128,31304121.547518842,21512852.904107206,30860723.155853443,2.4636607224018696e-05,5.179593447845858e-05,2.477759036621889e-05,5.209233704434635e-05,2.028645,2.235486,19006,38785,20558,39222,2.7201454508642122,5.665277548042863e-09
1467,1517,0.84925020627187,1.0976624004230595,1.4322955080636561,1.4809514098051786,153631415.40013412,75549882.1879062,80846915.59432934,69527556.68320039,74402346.4214807,5.24737393225575e-07,1.6989766011271095e-06,5.424662744602013e-07,1.7563785602225672e-06,1.7269585,2.085861,2907,8100,3025,8109,1.7198669451585198,3.9386466988701586e-09
1468,1518,0.5357865379676495,0.9047902908989036,1.2170974401404064,1.3488073912484253,153447822.28680432,35401749.38338211,50584194.51261857,33367857.09700332,47678044.25665993,3.111188426143972e-06,5.680596074379224e-06,3.185700011489337e-06,5.816643835309363e-06,2.3223507,2.7446933,6740,10912,7104,10975,2.0624042612630484,4.214503118028706e-09
1469,1519,1.4858086166554472,1.7117738001030158,1.9927604555063194,2.0825733596897864,153470195.52140543,74969076.95971493,112474797.50747274,67259017.98851573,100907530.61925572,3.2480696739498794e-07,6.486458831238795e-07,3.392173001883036e-07,6.774236002886176e-07,3.0416186,2.33569,1597,4335,1695,4408,1.4742198584510968,3.4613179577004e-09
1470,1520,1.0455532011037612,1.3419419577100347,1.58480970226968,1.7076015314631283,153192957.60564363,67977223.48195425,67318233.33393404,60076357.94957294,59493960.99380123,6.151761952952947e-07,2.039685024656494e-06,6.463435987926095e-07,2.1430240138063976e-06,2.3562508,3.0537946,2677,6968,2626,6718,1.6085681682196813,3.660179636668153e-09
1471,1521,1.0285005563010805,1.2211521213506198,1.5630517290789128,1.5926863169198338,153985643.7196534,67841915.82539196,74523618.87028943,64665630.93332826,71034503.8911541,4.789253284394167e-07,1.6674116887772833e-06,4.881998476045645e-07,1.6997015693608543e-06,2.3344612,2.5232255,2025,6568,1999,6439,1.6056245108091023,3.768475250033617e-09
1472,1522,0.717902400034999,0.6985692041975796,1.3017205000263377,1.0987549342629055,153008323.0110418,34547604.82139553,58045022.63024812,32551645.944008723,54691520.15718486,2.680931199857016e-06,6.5870494801269115e-06,2.745514014684905e-06,6.745729492825435e-06,3.179527,1.8414482,4033,17673,4258,18064,1.8087810013115047,4.677054221180121e-09
1473,1523,1.6243908353577032,1.6566709199299687,2.106443238055172,2.032414999868389,153520769.11119285,106824534.23568901,100796933.84194008,94422559.53830135,89094743.59111322,2.2585830405372603e-07,8.090508349731842e-07,2.3728711625628548e-07,8.499901756539365e-07,2.3344612,2.5232255,1533,5098,1528,5064,1.4407384634073297,3.4869794698679115e-09
1474,1524,0.7278988219389204,0.9266188451643685,1.3323576393348473,1.3135744620507657,152928450.07864562,44507971.1293444,51280874.41085341,42250496.67904573,48679873.717403434,1.915809689398522e-06,5.904476892923743e-06,1.9561166828690193e-06,6.028702024932809e-06,2.501045,2.7633379,4207,11994,4317,12042,1.818907547276421,4.190279710017654e-09
1475,1525,1.0973568450272686,0.8034834088206166,1.59036444802672,1.1654394354387048,152491508.50640738,94614062.59015228,45534090.68797574,87774696.31381421,42242568.09873778,6.744806196770014e-07,7.151645004688966e-06,6.950307469108657e-07,7.369541873020288e-06,1.7686335,2.6908278,2078,15124,2149,14977,1.5450923182809335,4.398999803075833e-09
1476,1526,0.9566773007001235,1.3626087794864785,1.5315830403946022,1.7430378480852722,153331389.1617568,53415858.47390844,104668452.41983192,49770212.6760042,97524804.17304976,6.491782810180473e-07,9.619295074665884e-07,6.677966990594722e-07,9.895176234280603e-07,2.7461631,1.9961191,2787,5875,2958,6030,1.6670632933389335,3.670662457760203e-09
1477,1527,1.3385067759397957,1.194679600499054,1.8200192398531607,1.5552553831442228,153783523.50424457,88174645.28360043,72812373.85377873,79070986.8574599,65294804.84480499,4.226419136982172e-07,2.0972390206175676e-06,4.414720253880163e-07,2.1906780377109646e-06,2.3344612,2.5232255,1699,8021,1775,8149,1.483741303382787,3.815475409046305e-09
1478,1528,1.2615340274518139,1.2778462749462793,1.7583549687645923,1.626287434404839,153469182.66648105,82934167.46398868,77721956.83240078,74680569.78308119,69987077.6832728,5.403597890365863e-07,2.2296770566543687e-06,5.634992859802758e-07,2.3251571543312432e-06,2.3344612,2.5232255,2342,9255,2467,9418,1.5141236892043097,3.7397467938446275e-09
1479,1529,0.9537177506736604,0.8001520113968952,1.5069228052651915,1.2178349291086823,152843541.63179797,49875459.41014463,39579140.31315272,45045235.06673196,35746070.31654732,2.275733304669601e-06,1.090423604913336e-05,2.3703724230210033e-06,1.135770187655174e-05,2.9226718,3.0899627,3472,16340,3659,16583,1.655379950360362,4.419543390435536e-09
1480,1530,0.9449908053078371,0.7134237114780846,1.4877517384183807,1.122071012910736,152718113.256599,56060310.75983581,30244473.94097807,51998951.50710785,28053375.239968285,2.4991655275832755e-06,1.833410561991499e-05,2.575487150266618e-06,1.889400798569099e-05,2.5743206,3.602401,3056,16620,3217,16865,1.6501603359557133,4.648504091332432e-09
1481,1531,0.7518523170011835,0.8090961044694616,1.3865996364210866,1.292649616179291,153861225.9718149,59126898.33047661,44834424.547577485,54491662.3130371,41319642.860187896,1.6630058342912637e-06,7.905590489057756e-06,1.7182082072917276e-06,8.16801130921794e-06,1.9564855,2.776628,4300,14469,4290,14370,1.8160979070762029,4.442100715777701e-09
1482,1532,0.36319556056483226,0.7355758646250948,1.1065401812336624,1.2004680483822028,153799211.41596228,27130132.788357306,40498238.868560106,25261258.249404017,37708494.782737546,8.701701757252242e-06,1.5973793544077923e-05,8.953708896063231e-06,1.643640535488212e-05,2.0589354,2.7934792,12968,17727,13586,18382,2.4579994557699525,4.594841894549976e-09
1483,1533,1.0757547753225887,1.921082767227802,1.5605338707025893,2.2684242310273524,137658598.00559634,53382941.02545876,94342178.412478,52983021.229632884,93635411.34412758,3.634226201748853e-07,6.385217211510563e-07,3.645174018931695e-07,6.404452170157528e-07,2.774049,2.8031318,2349,4347,2553,4439,1.9277036267171475,4.038984155313821e-09
1484,1534,0.5239353279161134,0.6253266012158138,1.0910352958929102,1.0891746980439043,131614035.13397019,24857975.708532736,29360644.85538079,24090240.575608287,28453845.410200875,4.983239151436891e-06,1.4966829539150897e-05,5.046166531823494e-06,1.5155827768409073e-05,2.774049,2.8031318,9141,27712,9305,27657,2.3902456904229132,5.856487382728971e-09
1485,1535,0.3336389318277885,0.5191715935212582,1.0044552435828753,1.0700121747597608,137431961.82022852,14041094.064282887,29341133.40632312,14177373.55284444,29625911.40411472,2.0406048061974215e-05,2.593020000010129e-05,2.0327359675323308e-05,2.5830209762043118e-05,3.265604,2.431766,17422,31244,18660,31842,2.8216564568313838,6.111989530248594e-09
1486,1536,0.34095645758763976,0.39023692613254873,0.9776491251021346,0.9276063758316931,133710130.41220331,15285986.387368655,18428840.516781297,14662514.637888465,17677180.71892988,2.3794782242495472e-05,6.938134983316559e-05,2.4194449146234188e-05,7.054670738855063e-05,2.9824266,2.8313572,17742,56832,18754,57601,2.7806485813956385,7.029024514791753e-09
1487,1537,0.3227946563658756,0.3619146919416814,0.9679861213708252,0.9104125987864786,131152644.22742425,17500438.065102853,17690824.43755242,17557588.95347318,17748597.06752022,2.3026678249600868e-05,8.046716608143214e-05,2.299666769524412e-05,8.036229362716653e-05,2.4191036,2.6830897,19665,64681,20936,65963,2.8853647308375256,7.429075829415948e-09
1488,1538,0.36332227318522203,0.4916343370562507,1.0266336002027427,1.0563967477615102,135809637.08951735,15453927.084463952,21725417.091461636,15645376.030373063,21994559.567601405,2.1071712408684527e-05,4.2627213407226146e-05,2.0968191366560334e-05,4.241779456792252e-05,3.1928885,3.073298,16160,35332,17103,35945,2.756871472905437,6.344122836777714e-09
1489,1539,0.4926374248314016,0.5750419551144366,1.0833261637392806,1.0676005597543472,132377326.62499042,28203848.90857955,30382826.812739234,28119041.108212665,30291466.91646165,4.404035124106818e-06,1.418407960350634e-05,4.409343400871621e-06,1.4201175974917472e-05,2.3122385,2.5054455,8832,27564,9435,28044,2.4394246651256983,6.014425324865521e-09
1490,1540,0.7367841792834025,0.9421220590955864,1.2703232388245664,1.3852768882843622,137477356.68523714,25907946.773564417,47944059.61926507,24069503.95747412,44541921.551296666,3.0961523851215514e-06,4.58616947565443e-06,3.188663348469832e-06,4.723201153523417e-06,3.9096553,2.7014911,5556,12745,5978,12815,2.1199317380655134,4.886875130168607e-09
1491,1541,0.4489193725509013,0.6237367240131183,1.079284828431049,1.151821764431388,137558506.59999138,26485211.651798412,33698467.79198044,26736862.090455946,34018655.31071461,5.461188910748325e-06,1.3258171077335504e-05,5.440570025391704e-06,1.3208114447918413e-05,2.3315909,2.5461185,10245,23850,10934,24308,2.514170708699656,5.667827217598398e-09
1492,1542,0.30897158808727354,0.47691429162516324,1.0068156337579253,1.0645958816494487,136761371.48153374,16729103.401182972,19697805.57217298,17156179.32710213,20200669.255394425,2.0851335028136192e-05,5.2381141975038265e-05,2.0642139167962412e-05,5.1855616005714636e-05,2.5258603,3.311204,18269,36400,19320,37023,2.938104368573659,6.38151024612084e-09
1493,1543,0.6911902560767746,1.1578303245748047,1.2409970107964572,1.5631082862822212,135299376.83996674,36353560.3608893,72118792.1369354,37276618.182402164,73949969.45489837,1.0843094526634387e-06,1.6597209449678371e-06,1.0734885635591153e-06,1.6431577247123053e-06,2.5724471,2.1721623,4963,9309,5164,9361,2.2115286168652104,4.726259305134351e-09
1494,1544,0.9976642195011758,1.2511972347680864,1.4905354359925906,1.6660377025314106,136659561.90473908,49148502.84370035,60998939.100839876,50444321.48603374,62607198.92313392,8.631156810368566e-07,2.017731204353665e-06,8.54177662717084e-07,1.9968365330307837e-06,2.774049,2.8031318,3539,8784,3844,8893,1.9912530238440151,4.562684869982014e-09
1495,1545,1.0750614675545491,1.6369353561191304,1.529059284235988,1.971568757504537,138059681.89457723,53503973.51586018,80622243.50199789,50925503.01522152,76736885.78172342,4.843375247816452e-07,7.938713870086931e-07,4.940016523674956e-07,8.097117338293671e-07,2.774049,2.8031318,2758,4793,2998,4863,1.8702040196320875,4.073203639235176e-09
1496,1546,1.0987958328649114,0.8146837464948253,1.5418584981418773,1.2466115449241995,135087011.38891798,71613621.67464265,43796570.82643735,63644243.38163731,38922757.260102,7.314067425579345e-07,4.652107592756184e-06,7.667496095787192e-07,4.876905657157595e-06,2.0726929,2.5128267,2985,16575,3214,16862,1.8890540519475685,5.147623928760541e-09
1497,1547,0.8894155523742354,1.0764388916596566,1.4088998348164843,1.5297882602451534,138427197.90144715,53782955.92447524,46030808.342617445,54319680.68210259,46490170.86790846,1.084482628951992e-06,3.903662582547755e-06,1.0801836108385506e-06,3.888187999826818e-06,2.2891881,3.2371454,3979,10703,4310,10971,2.005478679374425,4.631497604059258e-09
1498,1548,0.5191994522380659,0.7363480366150538,1.1151082477566447,1.2188841876970427,136905122.09622958,25623579.252186216,35963281.44759475,24927171.164312728,34985856.71625326,4.374372351123734e-06,9.818931742599113e-06,4.4228526143531525e-06,9.927752930486926e-06,2.774049,2.8031318,8005,18821,8642,19197,2.3844681153445797,5.351957668157758e-09
1499,1549,0.14807405052246297,0.24452904207578763,0.897076483883454,0.8668452763042959,134093619.35320608,6793427.6048545055,11151157.394678948,7093191.006513817,11643207.80980057,0.00025169106950888407,0.0004727247187301813,0.0002473812188476599,0.00046462998201357185,2.9227934,2.9404826,67131,129301,70501,131618,4.181701245728037,8.84297671704628e-09
1500,1550,0.4743544778196943,0.6021810772545724,1.086014061254979,1.1129892728686648,134663581.518494,24887667.55556447,32115381.031704884,24932517.10939495,32173255.49933637,5.5004127242619075e-06,1.4010096939147781e-05,5.4964528463159976e-06,1.4000010737135215e-05,2.5666637,2.5250163,9721,26265,10212,26440,2.475861972401241,5.845192150664099e-09
1501,1551,0.41873889675353887,0.6886067428291875,0.8898413013191228,0.9129510501073096,165322380.2083142,18594995.076551538,29875888.436829418,18366057.70663909,29508063.261594474,3.300991206565472e-05,7.575284108636938e-05,3.3173891254493766e-05,7.612914894835003e-05,3.7228787,3.8105011,13314,30085,13607,30508,2.0845284631101317,4.174179724921034e-09
1502,1552,0.5678812417347014,0.5574895670923231,1.0117951206279785,0.8026339277449024,164158364.18851155,24400021.37275356,32693808.944848284,23438527.25749982,31405494.298501145,2.885559432574915e-06,2.1892301708147174e-05,2.9323376633774114e-06,2.2247201049516054e-05,3.8205891,2.799202,1981,19912,1816,18805,1.7801519520838414,4.6738567604919324e-09
1503,1553,0.9844318233890919,0.89825128401162,1.3676625303964234,1.1680075904964304,163514380.38837123,42131921.39297625,52471026.43475494,41052011.57243919,51126108.499206,1.5451837065192926e-06,6.194001327691639e-06,1.5613161392974608e-06,6.258669567218939e-06,3.8205891,2.799202,2015,11273,2105,11517,1.415673082251067,3.880185113094309e-09
1504,1554,0.838430533421245,0.5728161929886458,1.215450061743308,0.8143734337907318,164915286.74888036,83590766.8200371,33747527.58862151,78207449.78093085,31574157.882770382,1.0049885393389362e-06,1.333548545264135e-05,1.0321080921224979e-06,1.3695342692272375e-05,1.6541302,2.799202,2125,16903,2179,17086,1.4841622525709093,4.6145515251669135e-09
1505,1555,0.7466475553295221,0.7075733242088855,1.137519151333816,0.922839648750894,164880514.79390752,44048651.345894165,41677968.917569175,44197984.476609744,41819264.99338893,2.0884187754798224e-06,8.03660287894282e-06,2.085593426711452e-06,8.025730439797713e-06,2.7948105,2.799202,3093,11991,3142,12072,1.5570072622295836,4.116125123683878e-09
1506,1556,0.2030198785737417,0.2528782829123109,0.7720938502570366,0.5843666959234771,166485751.41817075,8846781.517848955,15040226.088718442,8498869.177160963,14448747.679034041,2.785995622858371e-06,7.8052596466703e-06,2.8310666438569095e-06,7.931530850597457e-06,3.8205891,2.799202,3045,11892,3117,11919,3.1344975815882004,7.362925852495288e-09
1507,1557,0.38868561530574053,0.8024291279991633,0.857937669511897,1.0045407211203103,165750625.21747407,16862552.361353148,47514659.41313769,16943361.83219252,47742361.27001012,1.0853195456863442e-05,1.1176949283801298e-05,1.0832460514716374e-05,1.1155595812586165e-05,3.8205891,2.799202,8384,11941,8750,12299,2.1619980747521876,3.846536781628207e-09
1508,1558,2.706903579209785,1.9208417322865674,2.9162118778447574,2.055108535527127,166629684.83814028,117177075.55198653,207006315.41470668,121580978.4778007,214786298.94665942,1.3071969423568064e-06,4.312994409178176e-06,1.2880473593503357e-06,4.24981185284807e-06,3.8493066,1.5461811,1809,15106,1929,15845,0.9901175467762959,2.687635759337936e-09
1509,1559,0.8567212482486007,0.7076855785029967,1.2357244964402063,0.9205377756386761,163952802.53403622,14787354.996745883,56910684.63419665,15204980.127440857,58517958.694603465,4.308837834093902e-06,7.976776486324936e-06,4.261102746294152e-06,7.888406456958588e-06,9.4987812,2.0387566,1693,14672,1769,15258,1.454851142312308,4.097886707000197e-09
1510,1560,0.8295922224500277,0.7443820647630716,1.211500584225961,0.9550881770428439,164318013.17081684,77142513.08399095,43696518.47985898,72129694.91177838,40857063.38381135,1.0860826681595531e-06,7.497130611863683e-06,1.1156674389457369e-06,7.701351613826569e-06,1.7670794,2.799202,2820,12373,2863,12476,1.4826721175074127,4.00944502157876e-09
1511,1561,6.660296095067292,2.56009829128878,6.806570757370364,2.7139272257677147,165059725.08594292,287742705.0301709,150960566.67332986,268388007.53326368,140806369.70900497,2.4650194499878226e-08,1.491428814082432e-07,2.5346432238027918e-08,1.533553797077319e-07,3.8205891,2.799202,206,1772,217,1792,0.8454109515251381,2.571702589300521e-09
1512,1562,0.4639565929566736,0.6273779348721912,1.0324553608132567,1.0850124785407065,137801031.16926894,18456487.95428298,31140085.753951494,16790592.61098262,28329360.117742717,8.42565234514872e-06,1.4855410795010866e-05,8.750578218327442e-06,1.54282931222501e-05,3.4640229,2.7762713,9896,22538,10436,22958,2.3756237658436468,5.497250054049715e-09
1513,1563,0.7994440214405794,1.077002378970193,1.2761582891477086,1.4499889277164013,136884347.40305647,42818076.11488325,42117716.03683286,39300831.937324725,38658002.17427747,1.2871012278550618e-06,3.570940585641e-06,1.3319958355524827e-06,3.695496427274618e-06,2.5557284,3.500303,4442,9523,4666,9452,1.9654150983701606,4.511605350845213e-09
1514,1564,0.6545516791130593,0.9714417293025418,1.1711050488083043,1.3614047819908495,140062642.09905553,35871666.7885947,38871690.608324334,32026065.746684887,34704473.76877406,1.7336739577773415e-06,4.898328530368834e-06,1.8141225087727116e-06,5.125628150807652e-06,2.5557284,3.500303,4654,10151,4956,10224,2.064990971753414,4.535652842749379e-09
1515,1565,0.487082204164782,0.7590440487562713,1.046295663886264,1.1833195026119505,132897999.97463755,23928466.964500085,42076602.641277075,23968724.859361332,42147393.446545295,3.496254711308992e-06,5.679539395651638e-06,3.493904601470598e-06,5.6757217271711086e-06,2.7052402,2.3974235,10415,19905,9547,17500,2.3943653451050877,5.309156528973995e-09
1516,1566,0.4868553239490278,0.7903264077549332,1.046013681649462,1.2085617049012256,138345283.85655633,26354184.579552326,31236704.713902973,24991813.32136209,29621933.11759962,5.989960402336599e-06,1.1851239212590805e-05,6.118495957979312e-06,1.210554901013986e-05,2.5557284,3.500303,11265,16936,11824,17081,2.3244126527665188,5.000954255369896e-09
1517,1567,0.5080366038573629,0.6835552944647454,1.058867149634174,1.1206857467072175,140033913.99666184,27770786.59563951,37521613.65099302,26286759.248177238,35516517.3751918,3.5733026961104135e-06,9.238513689775828e-06,3.652668509249543e-06,9.44370821527297e-06,2.5617695,2.5510876,6956,19177,7579,19677,2.256406469197442,5.190299831299317e-09
1518,1568,0.1602462328782803,0.2981985247293941,0.8559072441188859,0.849585768221974,131600453.22019883,8633836.016755197,10655510.118274793,9038916.874492837,11155443.539521892,0.0001518121410097385,0.00030901691277538176,0.00014905325568196213,0.00030340114172426364,2.4425385,3.682889,58158,80999,61440,82943,3.9740735862490264,8.076601797765081e-09
1519,1569,0.6107586824536946,0.793954507585659,1.1307287449408945,1.2075532827486943,139290893.13063282,29534260.851537853,39112588.39068984,27644677.287807,36610189.413125135,2.5346779838234015e-06,6.190406280184658e-06,2.6026071902807053e-06,6.356308769157613e-06,2.8804893,2.8274946,5318,13955,5737,14274,2.1176255298420115,4.928695146067764e-09
1520,1570,0.5493266070568051,0.840142890514868,1.0869341696376764,1.248430436247595,134755102.73283648,28964174.5061096,32343926.08913949,27554317.50948102,30769556.673377544,3.2939570156424853e-06,8.09408692019113e-06,3.3603655700474706e-06,8.257269563147797e-06,2.5557284,3.500303,7376,14056,7933,14233,2.260693833191671,5.027367776522879e-09
1521,1571,0.7186387412246229,1.1970796929715155,1.2151123685077252,1.5550571800812372,136278477.3309854,45831003.83272712,71391079.24261972,43855791.56829772,68314285.72953112,7.573568752739054e-07,1.3332651303224512e-06,7.708210010139777e-07,1.3569676277125e-06,2.1368721,2.2851062,4748,8446,5054,8320,2.041992851814133,4.392571456842877e-09
1522,1572,0.6286169110256347,0.932198568920402,1.147190310631898,1.3280013544011922,134159621.27578714,32998422.95869715,35729308.85131712,30230579.413737267,32732403.908502832,2.7726064887870966e-06,6.245920706636083e-06,2.871487438419066e-06,6.4686723207926e-06,2.5557284,3.500303,7272,12531,7658,12596,2.173177492998193,4.880944149324483e-09
1523,1573,0.5403867216239656,0.9927646091088254,1.081529036662578,1.376768789038536,135854876.53250423,28229032.202580955,55654362.30270331,27643878.375085134,54500714.42400316,1.919216924451099e-06,2.69840036070999e-06,1.9353649474275832e-06,2.721104324222067e-06,2.600662,2.4233844,6577,10393,6955,10494,2.253978324892634,4.682675520082744e-09
1524,1574,0.491570079198927,0.5794419274928448,1.0491329541974237,1.0440115142498765,141945046.12638676,29477951.154769562,29690810.828887194,27664283.669813905,27864046.888625722,4.934312426786394e-06,1.660748950992811e-05,5.061250009601587e-06,1.7034725240599488e-05,2.3670552,2.7701807,7785,23631,8374,24083,2.2618047391776877,5.4784786092074655e-09
1525,1575,0.37938272864239286,0.4947549327693081,0.9682101775004972,0.9721420444932779,133633441.48142369,22502760.42093981,10539186.839914728,21852326.59461952,10234555.608263198,2.0372401744000393e-05,0.00012911749372408434,2.0612823159052116e-05,0.00013064125174432948,2.2529778,6.2733307,16241,38421,16317,37140,2.614754948376167,6.256226428207428e-09
1526,1576,1.599220585099735,0.9722072314216814,2.1031465424582385,1.3251131114998649,152877781.2624786,102783785.5696718,66676227.02902344,91846767.84298575,59581342.62752745,4.625126069150256e-07,2.8633594208045332e-06,4.838022318001292e-07,2.995160904847877e-06,2.3786368,2.2291136,1689,11507,1757,11607,1.4140669975590443,4.02267549082924e-09
1527,1577,1.8643396309692182,0.9835032163532019,2.2656217305077266,1.2809678296882492,154630000.6101219,121196661.16081473,68224025.43538046,105693465.85896952,59496966.616496675,2.736840245903144e-07,2.0621615688088528e-06,2.8908559674988056e-07,2.17820973878968e-06,2.3786368,2.2291136,1291,10662,1317,10589,1.2725361030222937,3.842300139293805e-09
1528,1578,0.35787774904401964,0.5104196601459503,1.1910558561101139,1.0193827914593254,150975348.85130104,22359227.610079966,37870347.059612,21894169.45119528,37082667.17249785,1.2941953511958006e-05,2.374795461932339e-05,1.3051221616096794e-05,2.394845711502698e-05,2.4164841,2.0348582,13561,30538,14188,30917,2.5176238931140955,5.373720122240434e-09
1529,1579,0.2353916696192371,0.46963221157120605,1.138137940350716,0.9929285280373261,151293970.8368299,16988564.633662947,32381211.598346848,17137586.94660888,32665256.963710766,3.9929452179752006e-05,5.400956410764572e-05,3.9790203300770346e-05,5.382121263158687e-05,2.0963125,2.1942515,31834,41704,33218,42926,3.1136926614047873,5.620076231735918e-09
1530,1580,2.6857846146886386,1.1913325497055829,3.0759141855740753,1.5081655889918135,153304690.94280508,173100567.64184535,81932508.21434958,155269220.2704049,73492518.47378278,1.9132200062407897e-07,1.5800180931948263e-06,1.9982515640125728e-07,1.6502407541191912e-06,2.3786368,2.2291136,968,8849,1018,8971,1.2497432225779153,3.7051420100081576e-09
1531,1581,1.4984840800999684,0.7699863101223006,1.96764496812016,1.1247481405022524,153874637.9577987,88498155.13076222,40674547.29318788,79548917.4128794,36561397.225187466,1.0059982501483407e-06,9.190089396315312e-06,1.0498257061695014e-06,9.590466075686427e-06,2.6054633,2.9129117,1860,15893,1958,15999,1.3915649086847397,4.337808251030421e-09
1532,1582,1.3678987345352276,0.866879917556181,1.8960425612423557,1.2441848017617685,152091042.82226154,128078689.8686159,63169842.11778385,119646189.14976028,59010838.46452478,3.6762467928682196e-07,3.3768471861686526e-06,3.777773023516458e-07,3.4701049530171428e-06,1.6243541,2.0871458,1804,13450,1915,13690,1.4880149819964914,4.220040469874507e-09
1533,1583,1.4198628367152848,0.8783551691554001,1.9079013295895422,1.2148500207705555,154032209.81629616,91945357.26315603,60694523.46823998,83015879.40141115,54800039.83392622,4.886757631192926e-07,2.9624447958768877e-06,5.090591553365358e-07,3.086012770295846e-06,2.3786368,2.2291136,1634,10774,1668,10790,1.4125344272087275,4.110406830020751e-09
1534,1584,0.7132922611782616,0.674614644526919,1.434254916935116,1.1272304744393613,151770263.41193098,41121716.698560484,53069721.3897777,39306789.986694016,50727463.753802344,2.411627322178209e-06,7.1028003499570425e-06,2.4555662679786957e-06,7.232210709815861e-06,2.6325884,1.9292817,4707,19434,4763,19142,1.8720422668712007,4.737430259802885e-09
1535,1585,1.956018277943775,1.9627867924311924,2.4968207778065095,2.2948898436843357,151221104.60721844,170352718.67348945,133153728.39675114,158926682.4307411,124222733.11610396,6.973645442038968e-08,3.5107449179997653e-07,7.170026543902284e-08,3.6096091291341137e-07,1.7363459,2.2291136,895,3631,929,3643,1.440672446970707,3.3768783776412253e-09
1536,1586,0.6434683457933629,0.7357928079230719,1.2992328929602803,1.1032472012555268,153741560.2588545,41590135.76997367,50747496.36686831,39588969.20255912,48305710.80331442,2.594444740508967e-06,7.79104894167678e-06,2.6461282095023004e-06,7.946253032215128e-06,2.3786368,2.2291136,5357,17720,5675,18185,1.862509036949465,4.439544867580906e-09
1537,1587,0.6276477752572724,0.7059914752336877,1.3001761481105218,1.0900031841568794,153367439.16987473,48631476.89169976,48314847.360263735,47352699.47998627,47044395.80494124,2.097519960854636e-06,7.952470551149331e-06,2.119996720401485e-06,8.037688223313343e-06,1.9793915,2.2410524,4984,17421,5251,17584,1.8962882496484383,4.537322256503715e-09
1538,1588,0.8056804972682359,0.7403800802251939,1.4506026035858803,1.147542656305441,151824194.24325523,51425166.00905825,50427043.787246525,48415668.54697592,47475958.31537267,1.6833254877822881e-06,6.892739385068431e-06,1.7244237948524121e-06,7.061025270274797e-06,2.3786368,2.2291136,3657,16505,3847,16809,1.7647734409600406,4.511181771561728e-09
1539,1589,1.6707072295598442,1.6088310944808237,2.24258023656157,1.9563263118753536,151453911.1271339,207898558.49787018,115160108.69388127,194003350.4370008,107463212.27393709,8.689112902359262e-08,6.133746317708892e-07,8.932897267199054e-08,6.305836549123087e-07,1.2171087,2.1158695,1364,5708,1419,5762,1.4748995291624785,3.527509206260112e-09
1540,1590,1.0157829754905208,1.0607721791018792,1.6983561137167755,1.4862220439127827,151330045.23211172,75470534.91520727,85442349.20480941,70918239.96440223,80288566.00575063,4.791283376202536e-07,1.6025763857421244e-06,4.912014603693305e-07,1.642958262372372e-06,2.0368013,1.8787721,2523,9393,2581,9359,1.6921294023899303,4.028988151588223e-09
1541,1591,0.4751323420599354,0.7010020213177369,1.2743706035148337,1.163768407213808,151366041.7185417,33763138.53542386,42134965.12174138,33513819.709625833,41823825.79983943,2.759594389582873e-06,8.917343044834023e-06,2.7677878977127846e-06,8.943819516525248e-06,2.1301012,2.5182862,5698,15949,5864,16028,2.2569062798105795,4.7464867082919385e-09
1542,1592,0.8397763846931121,0.7007038645955166,1.4932168225454128,1.1331472535021496,151610163.83636573,63004464.97676456,60553187.393478364,60391218.94954741,58041613.38916454,1.0693644757154437e-06,4.849161170479446e-06,1.0876389844431386e-06,4.932029116950772e-06,2.0207875,1.7543887,3334,17861,3450,18020,1.766711073189135,4.657036409944739e-09
1543,1593,1.048368249156331,1.3054419938941777,1.7460771275025933,1.7189029206885973,151137580.74768385,66612877.13625423,88511121.53440663,64202486.22993385,85308341.35695897,4.865449393385063e-07,1.1701281418496462e-06,4.937709073375713e-07,1.187506410174267e-06,2.3786368,2.2291136,2327,6219,2504,6426,1.6745097142837575,3.768829615403231e-09
1544,1594,0.8844442429383852,0.7650340900580261,1.5045615746124,1.1453585385367602,153206257.03479928,74527484.5727072,42903062.63075526,71015080.80155805,40881085.37173344,1.130648117871108e-06,8.063401364930802e-06,1.152693423146645e-06,8.22062105321347e-06,1.8181533,2.7319264,2986,14571,3149,14946,1.6724727230640617,4.398665352198154e-09
1545,1595,1.5482012553276308,0.8181398734488725,2.120470162904533,1.25703059266548,151721707.43833905,112659864.16229877,65646040.04800145,101181392.49028032,58957622.51195994,4.589224929592036e-07,3.460765392041101e-06,4.790786009214272e-07,3.612763958126003e-06,2.0849993,1.8908921,1715,14363,1745,14510,1.481703531566146,4.380033551869509e-09
1546,1596,2.2404353438132376,0.7138410769481113,2.684836433891831,1.1285765649938269,152337651.01620704,143486663.25611243,39493896.75621778,129880167.60010976,35748785.381699815,6.219490757548847e-07,1.0129493084102929e-05,6.472354633657981e-07,1.0541324692849685e-05,2.3786368,2.7534602,1167,16839,1221,17179,1.3349107704805019,4.583173120385691e-09
1547,1597,1.231376878279466,0.8424930936875382,1.6853912461941762,1.122700747537859,155150341.28469267,91791501.21695589,51674603.81393049,80864113.87439476,45522962.27673011,6.29421957793821e-07,6.556511892539771e-06,6.621563463057035e-07,6.897496831046602e-06,2.0813315,2.5295422,1722,15938,1895,16242,1.3866624889842891,4.009211752841774e-09
1548,1598,1.23360689937438,1.1582200777221003,1.8253657556750709,1.5435348313490183,150998008.62145436,87715523.26506913,86823113.03229599,84218216.55262268,83361387.61927247,3.632040253801379e-07,1.3629008138163426e-06,3.6916355574140464e-07,1.3852635857345025e-06,2.1235943,2.014313,1950,8060,2069,8185,1.6035047107980869,3.905100394310238e-09
1549,1599,0.44159944996951156,0.4405287874023366,1.2267804262971977,0.9163494651618854,152588990.61834416,20574449.934813656,31460421.255203377,19979829.226309124,30551185.866850846,1.641818133964836e-05,4.398968855592771e-05,1.661191241371884e-05,4.450875759504141e-05,3.2750919,2.1366479,10163,42967,10634,43673,2.2352696333802626,5.689238770971787e-09
1550,1600,0.6612009917710235,0.79584063311985,1.2590904535880219,1.1143709256162229,154885864.45128477,43054360.878677145,55297524.73190498,40257899.339751884,51705846.72404201,2.3888620272394733e-06,7.866302951650442e-06,2.453903510446696e-06,8.080478573975495e-06,2.3786368,2.2291136,5011,18037,5222,18349,1.7922054405548151,4.18050972526193e-09
1551,1601,1.1773448413266416,1.022206439064905,1.661026088212513,1.3017121990906289,154936663.8285558,74343397.60270172,71049432.12081444,67611498.81155181,64615806.51814739,4.475444257092454e-07,2.8771251856492962e-06,4.648629018254797e-07,2.9884603312767266e-06,2.4536662,2.2291136,1721,12767,1835,12985,1.4358816412631947,3.743435327772845e-09
1552,1602,1.0822105974603033,1.0029386197384702,1.646513058122908,1.3356455691277653,153585791.35839453,35138073.53813362,60930357.0079443,33464102.926099025,58027647.30471074,1.8156321876090629e-06,3.698287719493837e-06,1.8514303441728853e-06,3.7712055074158743e-06,4.7302585,2.528085,2678,10501,2723,10378,1.5534783912551329,3.933645671570373e-09
1553,1603,0.5821700973976657,0.6812792232750655,1.38539391514375,1.1565917837296757,152145639.6722084,40589542.57318335,50386143.13882384,39367726.58217423,48869432.39242181,4.012322768034614e-06,9.59217502216923e-06,4.061677065780533e-06,9.710165295994335e-06,2.1822035,2.0571859,7576,19957,8036,20379,2.0567022515022173,4.773307562684981e-09
1554,1604,0.9588688982038225,0.8656975079867821,1.5850996436849887,1.2451233428695707,153266037.1797581,53213719.101364225,70993714.0625367,48656422.55846693,64913714.146568745,1.1236141398442977e-06,3.525960564210308e-06,1.1645833350828865e-06,3.6545240644691368e-06,2.7617321,1.8689264,2812,13873,3070,14236,1.646065712598972,4.201774877488597e-09
1555,1605,1.078470264859532,0.8782021940389835,1.7177368792967596,1.2626391700661852,153324487.78483096,92409007.03387603,76149402.4501643,88957455.15812933,73305160.08353545,5.657423737766518e-07,2.694346330831727e-06,5.744225620056933e-07,2.7356857008169062e-06,1.7893916,1.7682332,2604,12961,2792,13456,1.5950340986204168,4.203966632962054e-09
1556,1606,0.8851762128066097,0.7804143502345002,1.5799581746773788,1.1986462680723848,153167871.08464125,68734208.34509043,62764937.29425301,65429076.34221746,59746841.82324627,1.0052289299122724e-06,5.00254421429475e-06,1.025240696681316e-06,5.102133218440335e-06,1.9725339,1.9044774,3130,16531,3304,17030,1.7184364557607592,4.439142343589575e-09
1557,1607,0.8403029558809086,0.9041166689233503,1.5522178856527078,1.3097951231782317,152790444.34469405,84443166.89392889,61907654.59257619,81502462.71965401,59751741.86480467,8.535298248500428e-07,4.353652910537184e-06,8.657175336034352e-07,4.415819518126214e-06,1.520434,2.2313943,3741,13556,3930,13659,1.7917558381297194,4.24909356433196e-09
1558,1608,0.6903369861448451,0.673890896501034,1.4297935047684114,1.128787113667564,152168994.24614215,54429409.94097103,59709302.781843536,50863390.10366674,55797363.291362554,1.5814203647746383e-06,6.413714246758985e-06,1.6248701348749124e-06,6.589932041671625e-06,1.9299839,1.7174091,4417,20692,4587,20906,1.893815851602115,4.734467396143553e-09
1559,1609,1.20401720352785,1.0539896180353518,1.8273419423779995,1.4332265269553444,152976130.67850527,110161543.80204432,64890658.61424255,104897961.10434496,61790145.16702719,4.785553763339257e-07,2.592743175645283e-06,4.88019736729844e-07,2.644019698785297e-06,1.6719618,2.4847221,2413,9175,2602,9486,1.584778092073546,3.995024832186759e-09
1560,1610,1.7639156536584677,1.799158629736833,2.3093246358556647,2.115574098051003,151821834.9854748,105730607.57939474,171699110.32938722,103319897.86371696,167784286.3922083,1.1529850907138361e-07,3.2916238706024617e-07,1.1636714929952494e-07,3.3221321721613163e-07,2.5328608,1.5908735,1125,5146,1148,5218,1.4593224379006897,3.4172598682196247e-09
1561,1611,1.2127068684469735,0.866617517602289,1.810406287540123,1.260883082690405,153274784.30632606,103864279.24172087,59374420.56750052,98320561.67144296,56205332.78363318,6.09057375597407e-07,3.999598802959864e-06,6.225682250073761e-07,4.088322754581136e-06,1.789618,2.237169,2432,13222,2540,13343,1.5491435330647538,4.241072741080816e-09
1562,1612,0.6152919116080289,0.7599192157390366,1.4005804423919617,1.2075278635326936,152387889.2967885,34565196.80910955,48173654.61110475,32989154.97392553,45977118.7302271,3.590804566588527e-06,8.809577834168589e-06,3.6584650120685715e-06,8.975574047467733e-06,2.7126429,2.4038551,5789,16754,6169,17079,2.0129992572425586,4.562410979647526e-09
1563,1614,1.498531954292647,1.1813990272193367,2.04671642079001,1.529081743582767,153055826.46474963,101172780.1691076,72772727.58016151,92810727.10143805,66757973.32622849,3.747209740015717e-07,2.211262112351606e-06,3.878771589842662e-07,2.2888979411782025e-06,2.2670035,2.4847221,1670,9036,1677,9029,1.4653610432338215,3.788759041251018e-09
1564,1615,1.1577877375074435,0.8970233983639055,1.7731208992802432,1.2873140568890569,153389257.46363702,149275391.11220264,64767944.4194953,140889866.88178572,61129614.19481851,3.032076542967935e-07,3.329614472389773e-06,3.103012636527489e-07,3.407511530852384e-06,1.1896951,2.1244113,1914,12163,2038,12533,1.5720760025265397,4.193852112141969e-09
1565,1616,0.6614184849014149,0.6741375959696922,1.4388148582397033,1.1555666551865869,152074705.2972758,44369151.24725363,41259856.07682442,42768356.23957764,39771241.35762132,3.5533849461259326e-06,1.3136704845166387e-05,3.6059996728400817e-06,1.3331219131074653e-05,2.2670035,2.4847221,5762,20055,6115,20626,1.9557157019122124,4.791933766033219e-09
1566,1617,0.6596456648507397,0.7222981077854896,1.3887546306369116,1.1332707679150302,153579043.76725656,47183643.28922837,58604043.13417264,46824630.39989508,58158134.226222426,1.766158500464948e-06,6.093508057551365e-06,1.7715626745336892e-06,6.112153257415146e-06,2.1470947,1.8928703,4179,16708,4429,17333,1.8882551605521172,4.5439517595744844e-09
1567,1618,1.3646362260549427,0.8093494791848452,1.958228602662663,1.2382254506706636,152447385.80993244,113403319.26749283,47051569.209199175,104481050.63249214,43349678.092656344,7.102827784813634e-07,6.851190061899518e-06,7.339501760681312e-07,7.079479194129608e-06,1.8344721,2.6222975,2125,14508,2185,14744,1.5311057537167942,4.405097797418913e-09
1568,1619,0.45479709203259183,0.6778737663754456,1.3152434988044912,1.1636393336052624,152064496.07560268,31559174.340218414,47339511.909905195,32252474.89270611,48379479.2236194,5.006155489037509e-06,1.1561155925880948e-05,4.962829660913352e-06,1.1461099773878044e-05,2.191391,2.1774735,8589,20467,8928,20750,2.274430109919132,4.793166557480794e-09
1569,1620,0.1790507515194072,0.3601939566002234,1.1597730556823287,0.9129240782332357,152585845.283959,11961236.594943546,26123662.254164822,12012671.693271233,26235997.891542837,8.501134205582697e-05,0.00012295785574919187,8.48655561269239e-05,0.00012274699535359248,2.2840958,2.1038589,43610,69093,45027,70705,3.588923366948466,6.350226884332382e-09
1570,1621,1.4212138466504847,0.9352289379886988,1.9783916507419665,1.2920126493287618,153539369.34613565,58743963.6626063,62866214.237076595,57087081.48206294,61093063.369595416,1.2686928426427168e-06,3.647885420055962e-06,1.2832954431312034e-06,3.6898724255993155e-06,3.7146332,2.2841277,2500,11799,2519,11779,1.451935191319934,4.0532472786767035e-09
1571,1622,1.0125493389093998,0.9422446091743343,1.6909831677426759,1.3640097099816875,152211651.9600177,67984812.35976195,57720985.5833965,65759110.69366219,55831303.324628904,1.0574940793438812e-06,4.201388517541688e-06,1.071668173803157e-06,4.257701719545334e-06,2.2670035,2.4847221,3193,11699,3196,11585,1.7024598924545937,4.22124375147839e-09
1572,1623,1.2991598299381717,1.2467715680648896,1.8989346760422983,1.5915191924184307,153241864.57667446,111690283.79611412,86982570.9392833,105594808.0666982,82235513.88094099,3.366248898627489e-07,1.519464842627807e-06,3.442669690932576e-07,1.553959828188942e-06,1.7824798,2.1965044,2105,8211,2273,8326,1.531646417392805,3.752830467569345e-09
1573,1624,1.3799870865792574,0.8955536161928725,1.9690656905998944,1.2902666606053337,152890257.87767062,93068485.1324482,55105326.79811909,89383875.91979377,52923690.39888332,7.77401388763209e-07,4.5958362079997605e-06,7.90064770894751e-07,4.670699503791486e-06,2.2670035,2.4847221,2228,12421,2349,12670,1.5136853042510283,4.2056289274517064e-09
1574,1625,1.9483418679652311,1.2033415398659861,2.463072587135446,1.5757856000963348,152311059.73781276,130901436.473889,94524238.92924842,123487472.88599862,89170598.1711939,2.050361916822763e-07,1.1352599432925936e-06,2.0987423708524521e-07,1.1620476001679835e-06,2.2670035,1.9389971,1168,7722,1208,7820,1.4292028496196303,3.8619279743995495e-09
1575,1626,1.2025008565015634,0.9370068645967708,1.8065061521130936,1.296083433715769,153363254.37980872,81349430.97687636,69300943.28268239,79481024.38094062,67709262.33323926,6.173070463995906e-07,2.6455115660210294e-06,6.230711746619992e-07,2.670214131908087e-06,2.2670035,2.0735998,2299,10810,2310,10823,1.525493626888783,4.054622721650235e-09
1576,1627,0.8250272198071676,0.8465372047844032,1.5522535814543383,1.2907583148323998,151951503.90034556,36610522.39516286,61834582.10156264,35023856.668793336,59154729.26947373,2.583799577132687e-06,5.600536411125892e-06,2.6299991395230117e-06,5.700676659477596e-06,3.4242649,2.0802696,4277,16041,4474,15963,1.8137408860887243,4.380838183298881e-09
1577,1628,1.5794627286855976,1.1444892798350574,2.1310988019934802,1.508342047375594,152845452.88007036,106490217.62566394,70402232.2225793,99772596.65151292,65961115.260381706,3.872532858485898e-07,2.19164847015554e-06,3.974792733502018e-07,2.2495221427174825e-06,2.2670035,2.4847221,1630,8596,1669,8618,1.4714179590261178,3.868640705166738e-09
1578,1629,0.7665353147293956,0.7570361287849869,1.5024418363652345,1.2009316130835157,152315404.97329,70047537.1705593,77525222.99362195,68135442.57823618,75409009.26730907,1.0704639963607242e-06,3.33960676699233e-06,1.082380552636976e-06,3.3767837408230356e-06,1.6667986,1.4873645,4771,16958,4924,17215,1.8471797050844498,4.5474368797070034e-09
1579,1630,1.1380321021187898,0.9531642317170412,1.7356697859138985,1.310498709144568,153659856.64750868,114650567.67181402,60413593.50994169,112007227.49065171,59020720.518066436,3.975797407447598e-07,2.9193282715398504e-06,4.0130660804211476e-07,2.9466937229209116e-06,1.5252419,2.4243398,2154,10031,2174,10043,1.5559694776486601,4.045642950576046e-09
1580,1631,0.08513968877886585,0.15437192828069174,0.9036295225370308,0.6053454591577394,142663394.0005908,5095868.705615587,7407344.712271071,5063562.89178044,7360385.044918637,0.001991125653402282,0.004225888570464739,0.001996197357596234,0.004236652560547122,2.3835616,2.9731603,176242,305763,181748,309241,5.438463255816563,1.0489059711198159e-08
1581,1632,0.8679257517404025,0.7505645265526955,1.4717536875541073,1.1123427941565656,154025513.59121338,32939988.28615258,53698920.748293534,31365683.49232438,51132481.81628645,2.5327931743575624e-06,6.666608275765464e-06,2.582897672952052e-06,6.798489184307405e-06,4.0583715,2.1528568,3243,16692,3432,17029,1.6569589189386484,4.378111217780743e-09
1582,1633,0.6170891281616991,0.8063817191618119,1.3128278751981026,1.1836357246883575,153436206.96858335,43551440.62235441,48387546.806643605,42106620.341933526,46782288.566112086,2.7683117589251365e-06,8.762830807546435e-06,2.8059236777111993e-06,8.88188780306251e-06,2.1740685,2.5570247,5570,15402,5851,15747,1.9194978140190324,4.299493044836505e-09
1583,1634,0.8497388877361691,0.9080220253749552,1.4742318683987625,1.2680989460615018,153676791.15188792,66473155.98436348,49955065.09816257,62611924.53342041,47053321.29444867,1.4063552059202058e-06,6.291522487163094e-06,1.440425241925353e-06,6.443939456050115e-06,1.9644794,2.7933486,4278,14017,4433,13947,1.7025796632228347,4.117204809387967e-09
1584,1635,0.8738118980820674,0.9662261827393791,1.4896164639382956,1.3127790960895154,153783330.84155244,55151227.97141735,67452733.09042285,54170378.628808126,66253104.88009134,1.1986062309930263e-06,3.4635747867216454e-06,1.2072406688308264e-06,3.4885254506004273e-06,2.4365315,2.2028682,3685,12241,3772,12056,1.6812031228869644,4.01410525079078e-09
1585,1636,0.38580125102662277,0.6049368281978711,1.1069901635941592,0.9862218022748876,154057937.97997636,20572619.919721834,48887676.26692125,20372281.080564503,48411601.73919299,1.131599749537876e-05,1.5142617241398135e-05,1.1360378986435135e-05,1.5202006785443516e-05,2.8890703,1.9063152,12716,25648,13028,26421,2.338920881564756,4.823146619187966e-09
1586,1637,0.5950070599862123,0.6943115517276794,1.2681294553155567,1.076057505462953,153762879.1529712,33824671.099461414,49518818.11213173,31476330.222040188,46080881.807226844,3.437291956569166e-06,8.70436199232501e-06,3.5376610302861327e-06,8.958529738767717e-06,2.7048304,2.1559348,5553,18103,5823,18500,1.9398845258081099,4.570483394323218e-09
1587,1638,1.175693232879785,0.8509525438271879,1.6686407606207472,1.18177556561452,154314107.63042885,66750738.96474316,74443974.59272394,64943605.81354928,72428563.58035742,6.159398475405409e-07,2.708335204804864e-06,6.227391552087084e-07,2.738232287124718e-06,2.7179632,1.7639303,2075,14173,2078,14079,1.442076363544081,4.100732074523392e-09
1588,1639,0.7880981311751304,0.8432978278364136,1.4284980095761914,1.2078557874374132,153669198.75356567,51150797.562556855,57606898.51646601,49236537.38916967,55451026.13915726,1.5760846313459777e-06,5.427821019230172e-06,1.600315076940524e-06,5.5112673769242225e-06,2.3676348,2.2495379,3873,14428,4055,14698,1.7408759061875438,4.2148598099874135e-09
1589,1640,0.7190085177202897,0.7086670079102857,1.3400108641155448,1.0791738642822386,153745222.0915107,45369462.38642671,49460138.61387315,43385259.32052222,47297032.561572455,2.1411022584887423e-06,7.3849203876711785e-06,2.1797464736501977e-06,7.518208954940645e-06,2.4365315,2.2028682,4353,17074,4567,17423,1.7893344148841854,4.509452007543079e-09
1590,1641,0.895348380633848,0.8870900363021557,1.414610499323935,1.1841360511605843,154497177.7719779,62367161.1119856,59801803.89409239,61010777.84326343,58501212.929310404,9.326363599347877e-07,4.223829755016901e-06,9.408753887740353e-07,4.26114360708041e-06,2.2179749,2.2917855,2965,13412,3151,13811,1.563685279800589,3.9532914436913194e-09
1591,1642,1.2940244973744937,0.7866273308566621,1.804580796564868,1.1396543875938414,154069660.74559227,105575198.57485537,63749222.30275164,98953871.16064812,59751081.84016639,5.36107273028817e-07,3.903911893473688e-06,5.501781597033468e-07,4.006375532010196e-06,1.8884162,1.9011276,2053,15276,2152,15566,1.453975025321014,4.296913263388841e-09
1592,1643,0.9057716190523448,0.674285949658935,1.4485703598220376,1.022090474129049,154444558.16635844,63870510.35464466,48474940.45602824,59558404.466860354,45202239.564963065,1.3349319815679777e-06,6.953807397745349e-06,1.3727835627082876e-06,7.150980443701355e-06,2.1902361,2.1483223,3179,17451,3231,17159,1.6003318630916317,4.54237699539239e-09
1593,1644,0.7673266892346706,0.7451246195054895,1.396727002269345,1.121227977455469,153757232.82711518,61730780.57440069,42848439.75116687,58575467.679485485,40658280.592059776,1.6716902041485466e-06,1.0022594183355731e-05,1.7071441693132048e-06,1.0235157913258778e-05,1.911235,2.6738033,3986,17550,4069,17438,1.7587171820934053,4.442234157965403e-09
1594,1645,1.338388875780418,1.0163975467467914,1.8003837294084606,1.317611790539713,154352195.45085144,84785795.44065177,71217693.72821608,83276786.71402916,69950168.65792243,4.899270318415577e-07,2.589075003061339e-06,4.934589818005949e-07,2.607739993471511e-06,2.4365315,2.2028682,1891,11312,1944,11363,1.3822917061014437,3.816138525764772e-09
1595,1646,0.668639469254614,0.6176390008981807,1.2905059341918061,0.998790155597385,153965556.0479975,43419402.89330311,44916560.60126564,41646311.04686385,43082330.232692726,2.4723310278786413e-06,9.92133140968187e-06,2.513908941178069e-06,1.0088181338965244e-05,2.371001,2.1171508,4733,21837,4920,22111,1.8314184058925955,4.783304493527853e-09
1596,1647,1.206368253033629,0.6873789783902676,1.690628957442599,1.0273233576460175,154557430.72491032,100406248.06311394,49295807.30632316,91086596.78327698,44720198.29278661,8.331214746688312e-07,7.325425373609675e-06,8.662252403002912e-07,7.616498370875914e-06,1.8569878,2.1551433,2560,19582,2549,19312,1.4437843935910561,4.48776492294555e-09
1597,9991,0.026822801924891143,0.044661315603677545,0.8222067830017402,0.7250392167269171,70653071.91175887,490899.4125863532,773191.6497799036,591975.4034174276,932391.4982622429,0.2075021299901001,0.240543169136132,0.19252986183603055,0.2231868324512618,3.8604922,4.0810828,3665520,4090259,3839884,4210715,11.63977688324358,4.023295978282393e-08
1598,9992,0.04178355088655801,0.07567467374467451,0.951542192441578,0.7839391291095551,110213533.14710641,1805659.8347371463,3418543.4087243425,1960183.0562404753,3711092.608857575,0.010908775667279417,0.01642455019808714,0.010556300233252878,0.015893853570313768,2.5503767,2.4397447,521360,850763,538328,847275,8.674644051612022,1.9755692809083607e-08
1599,9993,0.042053462475750106,0.09292620834323706,0.9527632350538453,0.6232870931482555,98071712.51205046,1648098.0378888315,3403826.532778288,1659087.9642757,3426524.092127865,0.011802187571391329,0.01995191804197918,0.011770853767984478,0.019898947397873134,2.5024331,2.677408,486725,782889,493715,780093,8.571586565264042,1.9513834327667008e-08
