,id,u_ws,u_wu,u_Ws,u_Wu,u_P,u_As,u_Au,u_barAs,u_barAu,u_Ts,u_Tu,u_barTs,u_barTu,u_wages,u_wageu,u_Ls,u_Lu,u_Lso,u_Luo,u_manualWs,u_manualWu
0,1,0.4099195454385579,0.8148482040373883,1.4547500198485968,1.806182255626805,178338426.87894157,68688556.93237473,133836461.75520925,67134296.8400764,130808058.1798462,3.145190949505249e-06,3.436334470426363e-06,3.174117477778424e-06,3.467938664833227e-06,1.064288,1.0857934,12702,13955,13563,14525,2.3571515074494345,1.3143617621283924e-09
1,2,3.0940246624451735,3.1656400923242347,3.5878164125310414,3.730120884527058,176507260.69983304,530002251.25297445,541503663.4241713,450434727.65647674,460209470.0217223,1.3410694610917893e-08,3.3997973488473464e-08,1.4312305968718725e-08,3.628368350788321e-08,1.0304066,1.0318646,648,1757,713,1805,1.274845460896649,8.543963291982784e-10
2,3,0.9859329825419969,1.1997196475315848,1.805935951000465,2.061259715800876,177342222.28734976,161184529.93091002,195091134.65771517,151300879.55520546,183128370.1964926,2.7614547450084893e-07,6.298136848620858e-07,2.8322441737951835e-07,6.459588529384481e-07,1.0847663,1.0905721,2996,7037,3120,7078,1.6705659914711857,1.1286660810495353e-09
3,4,3.6643890052916235,6.042442039350972,4.124835766621761,6.442728484514665,176982008.8228657,629393219.3999283,1036379705.5544577,552246863.6553369,909347962.93828,5.184767953425391e-09,7.737649557968662e-09,5.463171634759882e-09,8.153133942451382e-09,1.0304066,1.0318646,512,766,514,766,1.2398406058493185,7.629312598262365e-10
4,5,4.5075281274124155,6.585364618126436,4.88034833121476,6.923628463639711,176935591.47770473,774007227.1723672,1129203757.745493,652159933.3147427,951440014.378652,3.734634510994341e-09,6.040096854748302e-09,3.999488634993535e-09,6.468450568244276e-09,1.0304066,1.0318646,399,679,439,709,1.1890390681785452,7.410197303322993e-10
5,6,2.1128460384971772,3.2561883174416844,2.681394854221628,3.7684433632697107,178722564.11923057,366470150.3167527,563983225.4621981,314309789.3240952,483710470.3456218,2.614808047461674e-08,3.941352776464078e-08,2.780430810812267e-08,4.1909992997762566e-08,1.0304066,1.0318646,1068,1707,1156,1740,1.3762527729795977,8.518182523556101e-10
6,7,1.043771890370131,1.7769590041091516,1.8191965274149104,2.491020327820647,178458127.5733971,180772888.26488367,307320143.2125956,173637679.63229528,295190042.5107373,1.6676153221798884e-07,2.2874773246182122e-07,1.6946952263744627e-07,2.3246229816375715e-07,1.0304066,1.0318646,2828,4004,3010,4123,1.64652404022269,9.927019088087951e-10
7,8,1.01873363929924,1.3552411174277765,1.8168892787363586,2.178475987832723,178641328.6466647,193272530.21784717,258772916.02810484,186068028.61512566,249126796.70548812,1.8289710131517376e-07,3.511101467731731e-07,1.8569754956039489e-07,3.5648620679457205e-07,0.94161302,0.93557733,2910,5880,3078,5947,1.6563978799829624,1.0786317793226395e-09
8,9,3.3613821853468755,4.083234609063502,3.7599369365077515,4.472327456985623,178374288.30084515,581890833.2093258,705852364.1154873,477856206.73502386,579655003.965046,8.153255719395702e-09,1.6887861153239564e-08,8.82162876132992e-09,1.827226408615653e-08,1.0304066,1.0318646,544,1173,585,1210,1.2043211890455006,7.72284810997983e-10
9,10,0.8913792947551744,1.592126465409494,1.6879565318438452,2.311761074277988,178120451.09261966,186881296.01528552,251446740.9534921,174731548.63775852,235099388.6682344,1.9401049074655764e-07,3.355709331326047e-07,1.9929803589013767e-07,3.4471655433578903e-07,0.84959215,1.1278344,3488,4638,3674,4787,1.715204384013325,1.0149631928177268e-09
10,11,2.9511449403928633,3.085780626887737,3.410598988062945,3.586319082015244,178916752.21553743,488064642.3361533,518864084.3459373,420366288.0793971,446893608.4167148,1.704216413936528e-08,4.0015755768473616e-08,1.809108151574788e-08,4.2478660198415195e-08,1.0818429,1.064051,687,1791,772,1843,1.2749100858148763,8.460975752220498e-10
11,12,3.929824584026052,4.131168338757133,4.3552159244617705,4.61195218506742,178181623.71231714,679559433.4181702,713367124.3578486,587595839.1082553,616828394.1271608,8.103396927239571e-09,2.006503542319076e-08,8.588683638056904e-09,2.1266666681092195e-08,1.0304066,1.0318646,515,1319,548,1355,1.286587967097798,8.393917065986172e-10
12,13,2.3333259769613264,2.907121455268854,2.861235536101737,3.4401168830728537,177754750.89304212,402520498.0121679,500796955.4311032,335669230.9778904,417623772.5427481,2.0884586531068715e-08,4.1408224023276725e-08,2.24582787890605e-08,4.452841036097031e-08,1.0304066,1.0318646,886,1868,946,1873,1.306561483333099,8.455319545449521e-10
13,14,1.8921237000824962,2.369751895955882,2.513093025278305,2.9932057680362174,176444496.55990124,377511906.28372216,484566011.1441889,334169200.2166817,428932263.32984495,2.4616278027022005e-08,5.2845765320455325e-08,2.584687735097531e-08,5.54875929357333e-08,0.88435572,0.86289519,1177,2583,1159,2550,1.4066011442259356,9.225139743211195e-10
14,15,2.346602940160894,3.5812394211895437,2.808712932333311,3.9790861658061267,178134380.88450527,271135625.7983512,561671435.6677339,226292197.20751408,468775960.0447287,2.8044510936539015e-08,3.5108464433742406e-08,3.014773389633272e-08,3.774145484841713e-08,1.5417032,1.1357919,831,1385,838,1424,1.2770731589217632,7.902269341970356e-10
15,16,1.184928846803766,1.6918184878817555,1.9627943751744148,2.4577503759077155,176739555.2702498,203243843.16927665,289777599.8383974,188724189.7129874,269076011.7192213,1.1527958947958589e-07,2.1244700055484766e-07,1.1874856027267263e-07,2.188399140214085e-07,1.0304066,1.0318646,2250,4195,2279,4194,1.5817849318622443,1.011741192617578e-09
16,17,1.6453727487998804,2.5177654497998647,2.3177870099706936,3.1434963856036093,177966984.42138395,283691060.7639706,462448614.6538983,267445300.0100885,435966181.49439144,4.479150875887474e-08,6.555199431618654e-08,4.586062444968838e-08,6.711663608935914e-08,1.0321863,0.96892738,1467,2390,1499,2337,1.4656650695200457,9.107791795774579e-10
17,18,1.0864305546786768,1.7352115011300473,1.9485851979411912,2.5488592542796757,178112364.92150015,256135951.2079883,309408230.0040913,243101323.63473883,293662603.40547794,1.0821117608366095e-07,2.0761926943945e-07,1.1049570669620313e-07,2.1200248191300603e-07,0.7554844,0.99888301,2751,4212,3008,4365,1.6355865837957857,1.0071213827849274e-09
18,19,1.465889259591143,1.7548432208692561,2.171215720923242,2.475558200220869,177112874.90916473,270134805.6562678,353404742.60467464,248439964.31839302,325022395.5012183,7.553611083341517e-08,1.4714396394562936e-07,7.810849231104156e-08,1.5215495012458444e-07,0.96110481,0.87945998,1785,4098,1987,4230,1.4958945403769164,1.0021102024727156e-09
19,20,1.7774895520370146,2.6102491118258913,2.4488812472678667,3.2690015941138206,177013253.968204,305354419.7994823,447780347.29742193,271613330.9192737,398301461.3952811,4.101990004958447e-08,6.877029005916094e-08,4.298687251342659e-08,7.206793990017209e-08,1.0304066,1.0318646,1329,2313,1427,2389,1.4237452240842412,8.975593266466993e-10
20,21,2.822451496145566,2.8144578116840893,3.3419510026489423,3.3955738457661786,177534761.54193842,486296626.3336147,484234168.3852519,448737668.5188062,446834503.82250935,1.8897727068659207e-08,4.8445727584328516e-08,1.95152025931011e-08,5.002867197432942e-08,1.0304066,1.0318646,749,2095,834,2135,1.3133814973681381,8.874620082727012e-10
21,22,1.2191149661001401,1.7260592382050841,1.9192545387154971,2.3991866216841813,178640038.3633006,160072436.90963313,279222073.65799165,150336332.04232273,262238916.2644624,1.9078607008010765e-07,2.6082135042795927e-07,1.9563551813811133e-07,2.674509727624813e-07,1.3605262,1.1042941,2242,4033,2439,4108,1.5490999754558645,9.842901014348016e-10
22,23,2.0727670720644684,2.808118426042773,2.6147334609051875,3.3245208591320647,177787286.82764858,357637105.5542841,483830684.81743777,325426761.9854048,440254802.04380214,3.085897283810457e-08,5.668485467889926e-08,3.204624795956607e-08,5.886576063701382e-08,1.0304066,1.0318646,1099,2112,1201,2203,1.381953907365849,8.841125258976961e-10
23,24,1.007498045766087,1.4729009296756705,1.8119832575181265,2.2679620521110597,178324522.86230624,174359916.07191122,254543430.89961728,168863403.0613931,246519216.89905176,2.1074314032978482e-07,3.5850228337557675e-07,2.1346068212273306e-07,3.6312518562718e-07,1.0304066,1.0318646,2995,5281,3150,5351,1.6807217880477225,1.060042557736626e-09
24,25,2.6352437102070536,2.7867815217293366,3.0449238897799646,3.192269997228125,179670250.5123329,459502974.431599,485239763.17459685,365484035.22719216,385954817.63119346,1.7119072963767874e-08,4.362749054051085e-08,1.87606641674707e-08,4.7811040950191895e-08,1.0304066,1.0318646,723,1916,780,1985,1.2349073233066583,8.2372306712179e-10
25,26,2.322150983191774,2.455878565319054,2.843822243371494,3.0033391104892626,175897828.13231525,396407898.14307624,418643788.9199105,328363819.71116716,346782882.66214365,2.7858572843048747e-08,6.995875781313085e-08,3.003818338157454e-08,7.5432220027105e-08,1.0304066,1.0318646,940,2514,1044,2618,1.341367745056445,9.093415250624531e-10
26,27,2.4841703394181898,2.680500794171835,3.044423900419359,3.2832034890648143,177152192.1717256,388872177.37056243,582571269.8677441,348716787.7262028,522414288.47779816,2.3377581240999467e-08,3.9730244695424834e-08,2.441929837476445e-08,4.1500644986251926e-08,1.1316732,0.81510472,881,2255,979,2310,1.3428570841396574,9.008226382684481e-10
27,28,0.48577675618139926,0.5758699908167083,1.157390251897285,1.0410695963192957,174740428.14794183,104498852.97804637,85973661.34500112,97678341.40491143,80362266.23895575,2.15270737139255e-06,8.521916063953713e-06,2.2116189205373676e-06,8.755129032739553e-06,0.81230402,1.1704488,8503,24006,8677,23839,2.2104299027992345,1.589057890754524e-09
28,29,0.14680706368143406,0.244653891330468,0.9785977282718487,0.8278298331181223,174303150.97386232,28915268.81664029,45941231.814968966,28604657.723005172,45447725.89781906,9.143290958220276e-05,0.00015773048626078508,9.182876247414338e-05,0.0001584133702400748,0.88496268,0.92822814,68761,115184,71385,117406,4.024660757798654,2.4066919781503996e-09
29,30,0.3662945991162149,0.5123380036803071,1.1111141733088206,1.0443104799964391,175279409.80885565,86741457.96054599,106108436.19805634,82324019.12586008,100704704.95154807,2.939679781088176e-06,6.678144982636818e-06,3.0017884789143654e-06,6.8192388838958665e-06,0.74017549,0.84632576,13338,27805,13555,26931,2.5086222553137545,1.681811641571468e-09
30,31,1.1902318416040063,1.1175644589785154,1.6916361986499906,1.4755795706604238,174276939.68348128,345398929.8718663,169260110.82214504,322977956.554503,158272883.87895474,1.4356328044510087e-07,1.0156432285934368e-06,1.4746963847250184e-07,1.043278889095835e-06,0.60055184,1.1506888,2249,8660,2424,8950,1.579011412855053,1.2152749432741889e-09
31,32,1.1730268528878076,0.9127473009959625,1.6737794738348801,1.3216196777836648,175626067.31576902,545395996.0042648,174612031.08278066,494920725.5919359,158452049.06839046,7.877619463841051e-08,9.558863245558626e-07,8.189653354886611e-08,9.937491498189367e-07,0.37773305,0.91804796,2142,11027,2176,10864,1.5595856023424979,1.2954944960770513e-09
32,33,1.0896422278373183,1.208283156091178,1.6057308048960361,1.5804197822839057,176084290.7847839,235450884.75648925,217470913.76619965,218933041.6267683,202214439.18305132,1.637438227329682e-07,5.742744901691092e-07,1.6857785810381189e-07,5.91228187424473e-07,0.8148998,0.97833627,2412,7314,2502,7309,1.5891035728814806,1.1732136710957357e-09
33,34,1.2794017376811928,0.8505207772320931,1.7562938258861256,1.234618455371765,174811614.49992493,256918887.09494296,155351813.42005464,227575298.85136783,137608549.3983395,1.918910117380169e-07,1.3553512542365883e-06,2.0142946387376937e-07,1.4227225862681163e-06,0.87052488,0.95705938,1873,12253,1861,11956,1.5294299401071616,1.3375157534491294e-09
34,35,0.8022250701304194,1.1370358908521412,1.3956609833916773,1.520491203493971,175247328.82006595,172324344.33887604,186741030.9898329,174502175.83615506,189101060.2746347,3.8355453066599256e-07,1.0069617932008028e-06,3.8163257041021696e-07,1.001915990346497e-06,0.8158325,1.0670526,4100,8593,4277,8585,1.8580500242527402,1.2576805550157547e-09
35,37,0.5014190845606289,0.7497317260593843,1.1729718775372264,1.1729357613927691,174457870.57444823,95718406.11965355,135421102.42830506,92240345.50354403,130500389.45323482,1.8025008803126326e-06,2.7437619185144328e-06,1.8293857860278709e-06,2.7846860485883817e-06,0.9138943,0.96585095,9086,14860,9977,14370,2.1546157910261385,1.411433801447611e-09
36,38,1.298617006513314,1.2826024445525164,1.7845500043438283,1.6396151994692365,175401977.43204728,341571458.3089751,286103708.55578166,328577815.50088674,275220101.905953,8.189480309512706e-08,3.211826667162377e-07,8.317516621652356e-08,3.26204114062751e-07,0.66685897,0.78632677,1984,6934,2055,6835,1.5776144626018855,1.1877225655754417e-09
37,39,1.256791644413632,0.9614374411486205,1.7444003191288504,1.3615889751692956,175978105.85400483,370776819.6312633,98223184.38273077,339035172.5949718,89814444.98915747,2.075921504945766e-07,3.037837480975541e-06,2.151582759232138e-07,3.1485577531925617e-06,0.59649849,1.7225255,1979,10424,2058,10429,1.5318256365008398,1.2744545518485105e-09
38,40,1.144758031844513,1.035922695000103,1.6545188320648265,1.4230424441546146,175693026.66822627,251386054.7567832,201338908.67750183,237260689.76686707,190025689.35635585,1.5765756276462905e-07,7.411519995181072e-07,1.6134702643409622e-07,7.584962570838374e-07,0.80006826,0.9039703,2213,9257,2203,9166,1.5871266977717322,1.2474235409271566e-09
39,41,0.35408828854732005,0.42427792036335416,1.0631153985671666,0.9022133867912654,175209321.03749654,94236572.69303933,71200058.50028439,91036994.89464422,68782630.53244013,4.364854841482236e-06,2.1321724154671305e-05,4.425582418098232e-06,2.1618370133566732e-05,0.65833855,1.0440644,13697,42239,13983,43070,2.4967003225873703,1.8188073372476545e-09
40,42,0.6846775488406067,0.6302099664633569,1.2734494192918444,1.0336681318490226,174675119.10421333,170502618.3287429,90599144.2228945,152387834.86788267,80973580.13816799,6.502088119180757e-07,4.328169633377085e-06,6.800880636876051e-07,4.527063385363331e-06,0.70143282,1.2150446,4333,17554,4147,15936,1.861702806755139,1.529357074879045e-09
41,43,0.9498653129559071,0.5617930258023233,1.484436511769241,0.9990250726641339,174875222.4810512,194550482.21122882,125493804.05919467,172923768.00804436,111543601.50090984,4.958177419417649e-07,3.682661281838177e-06,5.197483409051648e-07,3.860404599188166e-06,0.85380363,0.78285682,2920,24524,3003,24326,1.6682540477350836,1.5977555253136612e-09
42,44,1.3915612817988254,0.8262793571374493,1.8488435001732444,1.1905726968438057,174129770.16736245,423824265.3023126,159691074.61093462,362095169.1581627,136432411.75219148,1.2070924422895275e-07,1.4058539439456323e-06,1.2855405067552322e-07,1.4972193745955239e-06,0.57172811,0.90098858,1694,13262,1798,13288,1.4714785152339194,1.362594451326439e-09
43,45,1.0242953882201338,0.6840967028747376,1.5403225651023487,1.069398926323628,173646449.9721126,327986323.2441331,195052936.5857742,281592574.99651766,167462649.44998163,1.66790820593893e-07,1.3004267340669307e-06,1.77282537565338e-07,1.3822280537519684e-06,0.54229474,0.6090191,2580,18335,2680,18606,1.6058187206894416,1.4725115735827536e-09
44,46,0.46702069901407606,0.4703252849705505,1.1181757325938473,0.9252468995920833,175524252.1487776,82366971.25596902,73292775.78768118,76139094.86874235,67751011.40418966,3.84347338447571e-06,1.624926043736822e-05,3.966267787498356e-06,1.67684049806934e-05,0.99522245,1.1263524,8825,33839,9106,34016,2.1905245802817435,1.7316268122970007e-09
45,47,0.8161742861663197,0.6619730994570203,1.3731244440447519,1.061012159598561,174740388.5869396,155668749.74267334,89873273.38480613,141276772.9249654,81564257.80381258,8.612537946460144e-07,5.8146768176229754e-06,8.953305776283535e-07,6.044743124742141e-06,0.91616726,1.2870727,3654,18469,3790,18214,1.7481192126624887,1.4984511654281806e-09
46,48,0.3623158394207565,0.49595562116118236,1.0489354311399282,0.9387337481266318,175672004.43119738,91266657.17066047,95153866.7683679,85476233.95843251,89116819.11099048,2.7696496492964058e-06,8.369561523415599e-06,2.8432270465723014e-06,8.591903924516705e-06,0.69739324,0.91562772,12381,29030,12346,28416,2.460098641574074,1.692164537156228e-09
47,49,1.3676523992932308,0.7441879042592394,1.8378459442215758,1.1265128502511503,173550691.78097054,229387723.47921872,133505710.60127674,196579147.6112267,114410825.44946088,2.574680714557136e-07,2.207495185378409e-06,2.738649600169324e-07,2.3480798114620465e-06,1.0347416,0.96740675,1670,15441,1682,15425,1.4740247097931336,1.4033421024190929e-09
48,50,0.9301760444668472,0.9181478747166126,1.4500914363444652,1.2524853372070093,173454630.15470475,274789228.3418886,174259458.61612585,258641113.78287315,164019021.90867195,2.037664681946731e-07,1.1673955700351396e-06,2.0876302208424458e-07,1.1960212557419504e-06,0.58715308,0.91390735,2975,11314,3104,11425,1.6510715165581984,1.3105540748502539e-09
49,51,1.089403205645921,0.7912020881510075,1.5929276527931222,1.1827512668605409,175280151.46617094,173503459.2366616,86868160.85374805,152701908.53840935,76453426.41552338,6.193307529271716e-07,5.422015911731846e-06,6.517906326743396e-07,5.706190375296298e-06,1.1005588,1.5964655,2383,14556,2443,14744,1.5955681700994633,1.3803735361722816e-09
50,52,0.7776100439478119,0.6829987612908832,1.3457268966512492,1.0796088059854034,174737488.98005843,211760058.2059111,112609715.8490077,204494035.6748752,108745792.03115147,4.580342034537518e-07,3.231895390973958e-06,4.644759917093532e-07,3.277348734012368e-06,0.64165843,1.0598152,3816,17004,3849,16443,1.7775629838484224,1.4699245874381546e-09
51,53,0.6064074243615686,0.6172050251943726,1.2044648303237993,1.0102081585269793,174105082.19636142,155807341.00533167,75959297.27958201,142052855.6529662,69253701.54149523,1.349723613788308e-06,9.99614652340112e-06,1.4005545378324887e-06,1.0372603865833892e-05,0.67762285,1.4146857,5890,21692,6207,22019,1.937663730882293,1.535841195009714e-09
52,54,1.0221965699589328,0.6436654553703097,1.5316720041322809,1.0314764972465083,173255316.35811856,255187823.612365,78158620.10214968,231691442.06924465,70962176.58534028,5.192001512351743e-07,7.996279768316221e-06,5.396532444634791e-07,8.311280939236332e-06,0.69400251,1.4268223,2583,19996,2690,20151,1.6021725594732859,1.511285380340918e-09
53,55,0.8031151420360116,1.0201406192992404,1.3102458980169727,1.4121767075972183,171790181.74748707,182768153.39097053,277373646.4314125,174697337.56846702,265125168.93229732,2.5549687559860853e-07,4.6236704627055747e-07,2.6015446779131026e-07,4.7079578787386195e-07,0.75487602,0.63181973,4439,10111,4786,10348,1.8417055928008719,1.2741358192981624e-09
54,56,0.835858113245229,0.9224673252198516,1.348924475865812,1.3516969919031951,171809209.01799598,333112827.7903779,162921754.51053077,319477428.00942343,156252833.1408513,1.861994080366403e-07,1.1176916041952072e-06,1.8933842800850563e-07,1.1365340715529152e-06,0.43110955,0.97278833,4206,11816,4479,11915,1.8408247159908835,1.3358045187426943e-09
55,57,0.4879722946371562,0.8813729439447189,1.1017911072169793,1.353743713067885,171708290.7484899,118598004.156611,116039571.87361486,118684826.18621778,116124520.95194392,1.3230826070411169e-06,2.852999774819879e-06,1.3226953698826171e-06,2.8521647645793075e-06,0.70649493,1.304202,10162,12707,10952,12793,2.2664418017884578,1.3622482924490262e-09
56,58,0.7573748246327293,0.8834548256118748,1.2889897753396489,1.3204203465423272,171789443.58713287,168908728.03786215,177109788.07156548,165199921.94986263,173220907.5626975,4.24548559159012e-07,1.1778601608429755e-06,4.2833570023265406e-07,1.1883671393685212e-06,0.77029175,0.85691601,4878,12741,5185,12931,1.9026987760241414,1.3571788709164131e-09
57,59,0.9788956033495145,1.2405340969083136,1.4136678096002535,1.5617949636595327,171471008.1354457,222119122.85912332,220762647.05584282,211923498.36767513,210629286.98244184,1.492208690046472e-07,4.272897067659916e-07,1.520520567030083e-07,4.353967320735209e-07,0.75568557,0.96354902,2950,6905,3113,6991,1.6495486709568168,1.1515407319298408e-09
58,60,0.5318744679855618,0.6856941965219402,1.0903612429652345,1.120695938072005,171475252.53272307,120689493.533047,122027611.5363828,117475847.44579162,118778334.86058302,1.109041640495124e-06,2.9942802364877027e-06,1.1210789650298818e-06,3.0267795779358044e-06,0.75568557,0.96354902,8137,18166,8685,18390,2.1106637293589077,1.4631487731222306e-09
59,61,0.2882324477597045,0.663299781114536,0.9673031555558983,1.1643348027773883,171633051.06126243,65680633.524277695,119751281.5658024,70425806.62145269,128402850.97291283,5.888231954672157e-06,6.097849301118769e-06,5.726207890835196e-06,5.930057282727121e-06,0.75319332,0.95067179,25463,21448,27540,22596,2.861210960606421,1.5152428047648857e-09
60,62,0.9084958897418991,1.5964086158789494,1.4014216893572773,1.9456527960245324,171695140.05529016,206414327.8915473,284464614.87637454,209303165.54733947,288445792.4408848,1.7593967316886267e-07,2.9059904406187575e-07,1.7496428167733838e-07,2.8898799278550444e-07,0.75568557,0.96354902,3826,5286,4049,5245,1.831360603308946,1.1386622615431995e-09
61,63,0.925731207069389,0.8904557080109243,1.4108924014855078,1.3041281029103466,171959228.32762283,210653782.90398073,158914671.93800434,197108926.91960877,148696596.0243849,2.918195792002983e-07,1.233960180933045e-06,2.996812796291621e-07,1.2672034105690651e-06,0.75568557,0.96354902,3477,12150,3699,12267,1.7412045837440595,1.3293519064882008e-09
62,64,1.3018016916992479,1.163616599677165,1.7247391637773641,1.539869068864089,171899998.11521864,247923401.55060473,246958237.28263217,221344373.94179285,220482681.66381815,1.2649679168511885e-07,4.1189198362625996e-07,1.32366816633921e-07,4.3100564009049886e-07,0.90261632,0.80995756,2144,8137,2262,8208,1.5929705591589196,1.2193245694539154e-09
63,65,0.6940840804335823,1.0364039075158857,1.2271952697548607,1.4435485155817303,171635582.11104858,157644303.27712855,184613117.0043164,154832729.80812767,181320556.9116981,4.21849319931453e-07,9.080667384310258e-07,4.2489689515776816e-07,9.146269047395382e-07,0.75568557,0.96354902,5475,9675,5770,9741,1.9536508855883363,1.269795546428877e-09
64,66,0.3983634937240252,0.6106952250669238,0.9814031049333545,1.0367389116423853,171120985.56123984,90207298.33133371,108456099.92005925,90355020.68615903,108633706.2864146,9.99169877963685e-07,2.5509117619424497e-06,9.98516135944669e-07,2.549242738243514e-06,0.75568557,0.96354902,8974,17491,7917,15852,2.3601062799937793,1.5229766513050952e-09
65,67,0.7469285430108754,1.0550731964733362,1.267205186642256,1.446939960822416,171818832.9809363,169827763.92075303,188139307.46098912,156369568.24425432,173229992.54218432,3.783872263087972e-07,8.639785311997573e-07,3.9109210481207336e-07,8.929878145611728e-07,0.75568557,0.96354902,4963,9455,5381,9636,1.8821751542553142,1.2539286838248723e-09
66,68,0.7845349399103332,0.8336248043382761,1.2673614191407834,1.2254238250999798,171410130.67040733,198147434.54215774,127057557.06002635,193262050.98690596,123924915.44260763,3.8013138958898617e-07,1.8419947240744252e-06,3.8394629498569107e-07,1.8604805313664021e-06,0.67867261,1.1246221,4245,13008,4486,13118,1.8040962320563256,1.345084115300946e-09
67,69,0.48322553170278726,0.7710249136846115,1.0797486719955054,1.2182911189861498,171705175.25923064,99442249.25325662,186491082.8893603,101684091.26840591,190695367.7704001,1.2694402350814965e-06,1.561874867682096e-06,1.258170302706437e-06,1.5480087370438529e-06,0.83437699,0.70989436,10092,15516,10847,15686,2.246946439672439,1.4170952003763152e-09
68,70,0.5046968035081858,1.0840719391036453,1.094459430025958,1.4893356295420614,171615507.7369805,110574116.83264916,168167654.13651627,115329552.7612632,175400002.24309775,9.904077077234017e-07,1.3012295027775083e-06,9.73865901931867e-07,1.279496346262967e-06,0.78330988,1.1062981,9439,9271,9979,9283,2.2468438379351836,1.2698429465402957e-09
69,71,0.9016184588986501,1.1280547935973355,1.3734283886537282,1.4938134421902074,171547580.67992228,146763911.8053011,173128203.31882122,142456251.5807989,168046726.09460157,3.7569520710714473e-07,8.835981318057462e-07,3.801988168913678e-07,8.941901785405524e-07,1.0538726,1.1177559,3580,8339,3798,8422,1.7540971347804843,1.2183326705430813e-09
70,72,0.49496163839309826,0.5826872192634839,1.1000844573048534,1.0637649593062133,172857507.61829987,131612019.88305704,156056892.66086084,131025853.94683276,155361855.57631427,1.1110384886547993e-06,2.86128197268496e-06,1.1130239928258713e-06,2.866395285454401e-06,0.65007615,0.64541757,9677,26245,10313,26751,2.3119358095010836,1.6664841719545804e-09
71,74,0.5096548555784957,0.5695767301485795,1.105684223911829,1.0268537070535773,172437609.28434226,100409951.95720406,86586497.63453393,99170510.38511664,85517690.18409881,2.3204356946334603e-06,8.643524713904232e-06,2.331992889364709e-06,8.686574774939743e-06,0.87524855,1.134316,9122,27194,9667,27785,2.2695782004599945,1.6646465454451399e-09
72,75,0.2507518993448135,0.42952980238379307,0.9495808680346377,0.9230873788538638,172711125.39345303,57741013.83111693,64862549.416375704,58975526.61183864,66249321.84955313,1.0809237863625985e-05,2.433267887137805e-05,1.0718156766700593e-05,2.4127646184457886e-05,0.7500326,1.1437197,28123,42497,29118,42985,3.0936733318818943,1.866132324606929e-09
73,76,0.4111066007662253,0.5128887619083587,1.0474347702387168,0.9863583611854017,172284576.99544388,53668946.12053058,88020704.51678267,52880119.38854963,86726975.28023869,5.953614736150834e-06,1.085134506466392e-05,5.988981668109265e-06,1.091580653883844e-05,1.3197078,1.0038868,12643,31499,13266,31786,2.4649040839211342,1.7353527683561073e-09
74,77,2.200696679997371,1.2067008068971983,2.531952180125574,1.5417397893613904,172253391.7968102,454390350.67993784,214377775.1163876,429636504.68548775,202699106.27598828,6.075926656560615e-08,4.885502619499808e-07,6.21360573505686e-08,4.996206967439465e-07,0.8342551,0.96958888,1100,8059,1177,8143,1.4772877832752145,1.2484227079756624e-09
75,78,0.19325477046859207,0.34769781806186845,0.9195014845847183,0.8708611257919914,172759367.74400973,31556944.49742905,55529737.487854026,32759484.499652237,57645808.34660073,4.283083342255364e-05,5.9981119504972264e-05,4.219487259860524e-05,5.909050778594736e-05,1.0579786,1.0817277,46062,64282,48294,66147,3.5301573002527875,2.0574906864825274e-09
76,79,0.5974018721461102,0.516149812626586,1.1472409608272887,0.9684360956566485,171219015.69395,119787807.10076198,102036672.29719675,115710195.60852444,98563314.55187345,1.4230893137331543e-06,6.274417722648542e-06,1.442940928447344e-06,6.361943728208343e-06,0.85389793,0.86610687,6867,31142,7343,31919,2.0693701579870614,1.702411728687536e-09
77,80,0.3747242510193082,0.4214643493116204,1.0123685375657,0.91914885041995,172053538.90500718,130281164.85598713,89441522.74086593,127579854.65283012,87587000.65217508,2.221930218157827e-06,1.0514181372922811e-05,2.240630417266935e-06,1.0602670778906923e-05,0.49487302,0.81074685,14528,43445,15131,43704,2.5658213091007664,1.897557780625529e-09
78,81,0.6721416218007964,0.8295994377014158,1.2168164480935955,1.242314122172417,172820691.58770618,363366312.70403135,148330318.12218422,368224981.31703866,150313682.6659543,2.0555938447534704e-07,1.5424683362900173e-06,2.0447013032275582e-07,1.5342948342879918e-06,0.31967735,0.96657211,5702,14498,5696,14136,2.08078166955634,1.4706739333977027e-09
79,82,0.7071763027492637,0.7162016308360044,1.2306501305906785,1.1347041645989204,172465398.2467716,257973244.77615497,153832838.83413237,252292271.90647522,150445199.99336487,3.115272002304112e-07,1.744761061743623e-06,3.143143864003482e-07,1.7603711718641507e-06,0.47277555,0.80294949,5289,18035,5486,18091,1.9998914551671485,1.515356615250116e-09
80,83,1.470858531840367,0.9899002537021748,1.8642810448658975,1.351833368867823,173350251.4209626,275103355.44751835,171102831.89138195,261980578.93698016,162941011.32914916,1.4899898451443375e-07,9.15454461199533e-07,1.5194066558974457e-07,9.335282425249262e-07,0.92682874,1.0029025,1785,10446,1826,10368,1.5816058816235052,1.3145774456182219e-09
81,84,0.5356994404418659,0.5615517660323136,1.1113175539338622,1.0174682257501984,172072896.0856008,139593774.04417413,110920149.51902695,133846864.27756463,106353698.79477786,1.1715144398418918e-06,4.7782830312983915e-06,1.1913813165128098e-06,4.8593145204999734e-06,0.66034001,0.87114775,8310,26931,8755,27068,2.217143948630506,1.675920338055035e-09
82,85,0.8739499543319837,0.6477719272841946,1.3710335052587717,1.0723838927832752,171892275.85778126,255932533.8857333,115838536.23079619,248257986.5370808,112364932.00547811,3.6911724349411224e-07,3.2162642894061938e-06,3.7363989471155303e-07,3.2556719352435965e-06,0.58697206,0.96122581,3777,20936,3999,21278,1.812500028680741,1.5413438654127808e-09
83,86,0.3970715954911327,0.4977228308667786,1.0212677965829653,0.9696830756943315,171844734.97818005,58559442.69306695,74710071.14262216,58300941.276972145,74380275.32663162,5.965961718048347e-06,1.4343897081404357e-05,5.976528703404558e-06,1.436930316973906e-05,1.1652205,1.1448396,13205,33267,13769,33694,2.497402007486112,1.7606311487862054e-09
84,87,1.0438099666049778,0.7134776818313298,1.4547558943046854,1.0947461972002737,174316171.9880053,125039304.90238014,96841912.63277507,118739406.09223475,91962692.84949386,7.241441083828407e-07,4.0463358875518496e-06,7.39274409388396e-07,4.130880219597804e-06,1.4551661,1.2842652,2565,16699,2659,16835,1.598068591581572,1.4280901677711768e-09
85,88,0.6382350954085271,0.8841597621118601,1.188921201378767,1.2785529708555192,172942790.72963068,174300414.54209992,163980558.30225405,173558933.53734854,163282978.38284266,4.535910761328946e-07,1.3530469078272334e-06,4.54365220288729e-07,1.3553561537788828e-06,0.63326389,0.93248284,6137,12907,6284,12730,2.082740702590429,1.4102935555582521e-09
86,89,0.28415724262947867,0.39310846687898754,0.9570898273511614,0.9084702771890855,172721034.9342087,67206076.5426696,83447777.65254791,69330328.74603692,86085398.1574733,6.821440984534593e-06,1.5875718327469128e-05,6.7370572715252375e-06,1.5679329901299387e-05,0.73029011,0.81365979,22644,48668,23452,48988,2.9065406069303754,1.9552534091782125e-09
87,90,0.5552768881811718,0.6639310473234419,1.1111040430827344,1.0849226885970151,172187287.7887149,114607176.327329,117906144.21789199,112230714.09276639,115461275.51127246,1.2428426098980214e-06,3.6337393382527964e-06,1.2533032585830379e-06,3.66432347684578e-06,0.8342551,0.96958888,7690,20206,8151,20505,2.1439164204062466,1.5381138648582146e-09
88,91,0.9121153771401609,1.075738220580683,1.3547261700672177,1.3958072874992657,173873026.6561192,307053798.3400462,203556184.22059703,300633210.1446602,199299762.57536724,1.7159058065069445e-07,6.168166184597661e-07,1.730471502893697e-07,6.220525489850423e-07,0.51649666,0.91887093,3714,8606,4325,8739,1.6635261752472257,1.193676781101091e-09
89,92,0.9685698940400349,1.04661536290661,1.4247004057940422,1.4023971036464358,172525462.26928714,242201294.8471126,242197654.15575048,224390949.8868545,224387576.91482517,1.7392303977309417e-07,4.935287242076814e-07,1.7931869380590314e-07,5.088395781034756e-07,0.68993425,0.74553901,3287,9385,3671,9640,1.668861789989864,1.2310167253661316e-09
90,93,1.0203950555134707,1.7081595547034785,1.4614900689981847,1.9880378888248726,173295920.71894062,257566002.12953892,356876675.46605635,251440554.96922508,348389417.0536811,1.1500631342650573e-07,1.764382492300956e-07,1.1611891424642473e-07,1.7814515848498555e-07,0.68654364,0.82946604,3197,4556,3684,4678,1.6543929850429506,1.0611822138115517e-09
91,94,0.7393470499832477,0.833363334481994,1.2606157508686737,1.2358052041428769,172791643.5371409,202889755.6888829,113070791.9291394,190995564.313929,106442139.66645414,4.909683838178631e-07,2.5811880271444926e-06,5.02977156741287e-07,2.644322236825371e-06,0.62966704,1.2735227,4848,13362,5192,13496,1.844724116052852,1.3509188204992902e-09
92,95,0.6604893120073803,0.7297969233203037,1.1234710946301454,1.0846683403680597,171467494.8504866,164960304.2064841,150863861.99888924,156875653.36314753,143470073.2022122,2.2234796517001326e-07,8.945152854505234e-07,2.268625032256472e-07,9.126774633432909e-07,0.68654364,0.82946604,3958,12681,3441,11458,1.8319463591634266,1.383550983703382e-09
93,96,0.6443561223345837,0.7320173334978963,1.1506772210415017,1.1209744274668276,172315466.5249561,161726828.94316155,152071214.7854111,152756815.4450861,143636740.07142738,5.556394395566223e-07,1.7331712582359166e-06,5.684675184785511e-07,1.7731850803353885e-06,0.68654364,0.82946604,5878,16103,6353,16402,1.903729305860911,1.398111199288053e-09
94,97,0.515131167402491,0.6738483449508315,1.0620603334411973,1.0751475810089706,173500669.25323328,130181968.18126744,140949880.0266167,126538454.84126917,137004995.98988852,1.0684686944999876e-06,2.459330511724523e-06,1.0806700727271413e-06,2.487414836434825e-06,0.68654364,0.82946604,8836,18188,9571,18234,2.1072192093786803,1.4531388839725917e-09
95,98,0.9544528517796427,0.9366942290394158,1.421891389683229,1.3157132605500759,172754534.35110912,240168356.915054,114040980.34844656,224406577.7611036,106556694.03429247,3.237901091212668e-07,2.2351426711128374e-06,3.327021901599281e-07,2.29666330456266e-06,0.68654364,1.4189476,3248,11282,3462,11563,1.6879287915366765,1.2901321572010165e-09
96,99,1.1097713123793,1.254252866271719,1.5231011444599687,1.5696435049765687,171645099.88999143,227547995.84588262,161780402.45407584,214124147.1489095,152236413.12292027,1.8478604738710677e-07,7.424702063026851e-07,1.893355315889453e-07,7.607500305733652e-07,0.83712804,1.330732,2514,6818,2752,6956,1.5699116252900935,1.1413002437289164e-09
97,100,0.6399105109358942,0.8133869082523042,1.1541464349414872,1.1986534086378853,171619306.82812107,159962152.32413623,168292480.51834524,151918804.69027507,159830260.51626033,4.2561020148120386e-07,1.118440149721946e-06,4.344845229557724e-07,1.1417605433688908e-06,0.68654364,0.82946604,5651,12977,5901,12835,1.9190950338881565,1.3462928380554571e-09
98,101,0.7431605976266892,0.7866146926233344,1.2468277905712242,1.188036140316308,173117970.78761858,196884832.19243762,275213777.4261918,188475584.99952826,263458983.21731582,2.688383512765205e-07,5.644866332476326e-07,2.7357353816085384e-07,5.744292239882906e-07,0.65345031,0.49480495,4859,14463,5263,14594,1.8325553588790746,1.3730246046032563e-09
99,102,0.3703294074490937,0.6575592472588826,0.9745775057520647,1.0765676861563267,173468438.8109404,82177786.89831118,208760215.7066767,85774435.53420399,217896956.5875088,2.3831194609221702e-06,1.935994189111824e-06,2.3426340001960347e-06,1.9031046852516257e-06,0.78172541,0.54639614,15889,19649,17225,20020,2.4543718480314065,1.4747503791595187e-09
100,103,1.0817741036321595,0.8322593433993773,1.5249466952936934,1.2273042605373616,172854669.25490242,272363902.3032177,173436773.29767668,245953390.03138196,156619001.2257138,2.151212764489126e-07,1.153890000781092e-06,2.2407946564300169e-07,1.2019408728603095e-06,0.68654364,0.82946604,2824,13620,3141,13945,1.6270928068008967,1.3485450991967555e-09
101,104,1.076630125085805,1.1944484200566965,1.5057274591534608,1.526944735284143,171899284.27661946,269570551.8922252,247538559.2797567,252788000.64545518,232127645.41137153,1.1416099676192026e-07,3.5746870840332745e-07,1.1713431688885913e-07,3.667789714142842e-07,0.68654364,0.82946604,2667,7399,2878,7459,1.6065190551867505,1.170325559861953e-09
102,105,0.4668034765810669,0.6116808678919619,1.0437281395612272,1.0499870212797484,173264548.2032284,124631443.00143301,155018765.05809686,118965864.40815295,147971819.4742303,1.2218284727249927e-06,2.4847282281156666e-06,1.2447792637452077e-06,2.5314012919527924e-06,0.64895737,0.683676,10537,21805,11370,21948,2.219502828518032,1.5280384315782654e-09
103,106,0.847313599731734,0.9819201336864369,1.3244502946486196,1.3447139977639921,172498690.79630098,175289640.57818997,166483458.3195949,167976482.73173285,159537698.11665708,3.41950622410088e-07,1.0369990012623708e-06,3.4782957447272634e-07,1.0548275034433497e-06,0.83382273,1.017398,3839,10111,4112,10220,1.7391969348408718,1.2561760312321461e-09
104,107,0.6938882052335784,0.8442649226042386,1.1870134841650148,1.2049204122113977,173800686.09208867,204321600.47336203,225186959.9937018,197675321.67296556,217861961.97653428,3.2418768221341736e-07,7.164263808795768e-07,3.2850443751411407e-07,7.259660319733681e-07,0.59023738,0.65160888,5555,12425,6205,12421,1.8476907920436882,1.3146323449780882e-09
105,108,1.5209175668995703,1.1451492291072352,1.9057111536369002,1.4938312237231783,172707942.2433394,382604291.9878644,238438172.7317697,339972710.6196101,211870262.81811216,7.687405989776493e-08,4.1772466034514287e-07,8.05938921153911e-08,4.379377940304888e-07,0.68654364,0.82946604,1704,8238,1867,8397,1.4846640717656714,1.2042161557545222e-09
106,109,1.4914885697399005,1.250096442157301,1.8900240225585605,1.636684820324218,182566269.66242307,249937885.7122997,229592566.8779543,206319694.12054375,189524961.51438364,8.777018877120897e-08,3.2795408482457235e-07,9.476841017032407e-08,3.541030008344167e-07,1.0894527,0.99404544,1349,5623,1377,5639,1.3118814337374387,1.002774855834386e-09
107,110,0.7741210718375071,0.8901571322528461,1.2642186902723829,1.332423379423558,179400433.47000343,112024679.27749027,183706566.79827085,96829272.2702385,158787985.72838047,5.496677507635767e-07,9.750199196330471e-07,5.82670558010914e-07,1.0335614557251006e-06,1.2397059,0.8692916,3941,10369,4093,10354,1.7165412276401695,1.206845497707732e-09
108,111,1.012184923930088,1.0899755962821178,1.4314202596688543,1.4650614106579842,181663395.62697983,276287843.10108656,171206437.19363743,245232018.25990593,151962169.81838828,1.5639247552124406e-07,7.451600642458223e-07,1.640324212787123e-07,7.81561959237863e-07,0.66552675,1.1565492,2606,7491,2773,7603,1.5293766099922739,1.0897921551891878e-09
109,112,1.1625610120620467,1.1073424171037043,1.5784560408793127,1.504244409226426,180497260.8038441,303510066.8103228,96989893.9199361,254579740.59227282,81353683.89490794,2.0878964316147167e-07,2.0318972217665186e-06,2.2400032906059536e-07,2.1799244416592713e-06,0.69137436,2.0607536,2134,7335,2287,7467,1.463342408384721,1.0836453353359016e-09
110,113,0.8131568436366007,1.1158221532105337,1.29234090163404,1.513295691018166,181832613.17753115,115990524.38661589,168098919.84535256,99989192.81726988,144909038.0242408,4.767532530800874e-07,9.026935802559097e-07,5.059195300701318e-07,9.579175579189545e-07,1.2747458,1.2069849,3476,7076,3528,7055,1.6655997158062539,1.086139006741746e-09
111,114,1.1547710515195992,1.323795582515551,1.5644636738976396,1.686138065103098,181730625.53765717,222890739.10520482,199337029.13759705,196384486.3504493,175631792.66651464,1.5279884924495822e-07,4.821998028747504e-07,1.6073632047784825e-07,5.072487288498908e-07,0.94152528,1.2068716,2148,5535,2286,5628,1.4726923615047658,1.0155498092404375e-09
112,115,1.125126158825633,1.3586647250197372,1.5251389881649209,1.697417993942725,182048528.79767087,203705653.04185304,201387430.4581874,195744409.52852234,193516787.93815792,1.5329252382562857e-07,4.321944973691081e-07,1.5575660059606083e-07,4.3914174042244367e-07,1.0055075,1.2281944,2140,5111,2203,5085,1.4727798120404743,9.977492789401156e-10
113,116,0.5080341106959925,0.8609526769218834,1.057718999129167,1.2500852257347914,161443165.20089418,91315689.78493147,134826677.61594808,88684669.45511942,130942003.13509986,9.053185846762807e-07,1.5128656857204914e-06,9.159677368180705e-07,1.5306613403442075e-06,0.89818776,1.0309156,8416,12552,8681,12639,2.1984476274119906,1.4025038899393257e-09
114,117,0.9455106433062122,0.9199772121519565,1.3773613276294365,1.289191892236314,168829521.63023716,246394706.1519954,157495447.71380386,214349192.7355161,137011961.84039503,1.4405587658749438e-07,7.619492442874233e-07,1.5231223386043155e-07,8.056192793717648e-07,0.64786339,0.98618287,2906,10158,2869,9969,1.6668346123633755,1.2827083103799393e-09
115,118,1.5518271818990959,1.1264969341266207,1.8881394377899203,1.454244064696858,170825829.17642206,295141146.30823225,186663944.97946998,257624901.62447816,162936551.08308977,8.35126661386097e-08,4.766193032296316e-07,8.817980153825898e-08,5.032553445047021e-07,0.89818776,1.0309156,1457,7496,1520,7558,1.4115612155958943,1.1618057964565204e-09
116,119,1.6542705814107257,1.4725375770217437,1.993467585816673,1.772883233711845,167770218.2483168,308997014.70553035,239639356.19539133,272022581.93657213,210964227.17226183,4.7971629899487426e-08,2.0223677256271298e-07,5.04805647022421e-08,2.1281383400804014e-07,0.89818776,1.0309156,1349,4979,1318,4841,1.4339630904899525,1.090310221640712e-09
117,120,1.272319203954055,0.9349100639967913,1.6637915257138525,1.300168034328059,154811239.68866053,183047064.6839646,108216536.87754245,163375010.811193,96586514.03584711,2.013442313134252e-07,1.2090504150360724e-06,2.1071237737050503e-07,1.265305122730177e-06,1.0760583,1.3374535,2192,10892,2193,10595,1.662536217525224,1.41600123509153e-09
118,121,0.8882181912565631,0.8406572359526313,1.3373211834805994,1.229299173744964,165938377.53852248,153141069.00519213,172690501.80127546,137705881.21947044,155284913.98979935,2.6818436518209246e-07,8.043517968771421e-07,2.798266863471804e-07,8.392700216685125e-07,0.96244258,0.8077879,3383,12320,3430,12257,1.7413659610552157,1.361966986134835e-09
119,122,0.6457757963335613,0.716635907253977,1.1611793233361385,1.1403644603996157,161712445.8236286,116267431.07566023,112413611.09199987,106864910.77337891,103322748.32186204,7.028265247620081e-07,2.1941418086050804e-06,7.26937918691262e-07,2.2694147466915263e-06,0.89818776,1.0309156,5885,16692,6131,16676,2.007584091755267,1.5100980844402264e-09
120,123,0.8187312772463334,0.9658764325349626,1.2895270952223936,1.3379192678639642,160284199.77752623,146104960.9563378,150172071.38279632,128383295.97907141,131957090.03946358,2.815915550850177e-07,8.19310706037668e-07,2.965392622571765e-07,8.628021257756221e-07,0.89818776,1.0309156,3982,10282,3989,10112,1.856847583928076,1.3548932325276894e-09
121,124,2.7870679296020198,1.1662068583854646,3.1140634917635075,1.4348265326943066,179315582.36205828,625658317.9356673,251383830.7588947,610069403.0945301,245120346.33329135,2.3199943270067877e-08,2.3228697200618514e-07,2.3435278249439113e-08,2.3464323853360422e-07,0.79878217,0.83187157,530,6071,552,5307,1.0767437144711516,1.0828604886646067e-09
122,125,2.08513346732773,0.6416846431081364,2.464623451180161,0.9713644919248186,180860654.37304527,472116951.929498,139511324.39070082,448969225.82511157,132671133.81449293,2.157682013682461e-08,3.682179480411372e-07,2.201509934930502e-08,3.7569737602289034e-07,0.79878217,0.83187157,588,9129,344,5637,1.1321274274768625,1.3985093125993824e-09
123,126,2.7287489509146194,1.1779396933473896,3.0400601031513528,1.4208320879056662,179639234.41325262,613672151.0049086,254371218.26137972,586504836.9234594,243110184.5506737,2.917398780493939e-08,3.606294197758696e-07,2.9707200259277953e-08,3.6722063724367244e-07,0.79878217,0.83187157,547,6997,606,7193,1.062238661035356,1.0614274079543445e-09
124,127,0.2650809715768535,0.45717099951744045,0.9288843943022143,0.7905995070473933,179960500.7397449,52963399.62368428,124935168.57815795,52228934.90066357,123202642.44431308,8.377556429481062e-06,9.812443636983212e-06,8.424482561204303e-06,9.867407160835533e-06,0.90069944,0.65852332,21741,35426,22549,36124,2.755204106674997,1.6568356369766642e-09
125,128,0.4632512056414439,0.5217797190493217,1.0756686862673126,0.8544038324244198,179492612.00723198,109518782.84283435,148728076.52979612,105457007.0101557,143212126.74284106,1.7002371796261262e-06,4.474014357717576e-06,1.7261350677059993e-06,4.542162216435377e-06,0.75923204,0.62971032,8800,28898,9366,29715,2.0528271368467195,1.5500844408274346e-09
126,129,1.4296241294489613,0.7468811726714799,1.8083710456419353,1.019796001785548,180536136.7363146,496968119.1964383,143329966.0351032,464206436.4952183,133881209.28907418,1.1590680492062882e-07,2.0979401630769897e-06,1.1911210036434501e-07,2.155956757102722e-06,0.51934683,0.9407596,1419,15071,1547,15458,1.3005515614017957,1.3043121631426156e-09
127,130,0.9373222128018294,0.7437290794293363,1.3826083758718375,1.0084074780478465,181362221.45854703,242265339.10186622,132432554.66458634,239762753.20624676,131064534.60586432,3.179590608451898e-07,2.509178114668829e-06,3.192824390061842e-07,2.5196215708489143e-06,0.70168865,1.0185136,2597,14716,2766,15038,1.4772743384717297,1.289172111464013e-09
128,131,1.0411774592050889,0.5514294574816216,1.4703390547188226,0.8438187204804811,181831353.1516924,196626478.7989907,85693384.74134889,182546899.59036714,79557248.8277607,6.509612969765803e-07,9.25480332612819e-06,6.705978930039894e-07,9.533979423190132e-06,0.96283424,1.1700689,2103,25070,2200,25738,1.4024982491376838,1.4813675680122506e-09
129,132,2.5532082774378724,2.653558729471745,2.887493808026688,2.8091409576577204,180354047.0664963,579592249.2210627,483933399.8479877,564494821.781625,471327728.53415567,8.395890191855113e-08,1.1621830035465473e-06,8.484998943388307e-08,1.1745176904150815e-06,0.79449207,0.98893785,845,7235,1393,15491,1.083182299444008,8.246293842324734e-10
130,133,1.585367024989677,1.2979728232175705,2.0575411236788126,1.555000476916386,179577881.40080208,519287458.9384699,200080937.83212736,505946816.55282897,194940801.68237618,6.877902926122669e-08,1.0479312999089973e-06,6.94987876282737e-08,1.0588976850019773e-06,0.54824519,1.1649646,1204,7900,1321,9472,1.2406014760923911,1.0397914387634016e-09
131,134,2.261805169474348,0.6590048972411101,2.61129524299168,0.9679390321403477,181056947.20518115,512674862.4821244,143432495.099862,490163468.6981128,137134418.84353125,1.890514531639047e-08,1.9206780349784303e-07,1.9247771448387953e-08,1.9554873144060073e-07,0.79878217,0.83187157,551,7396,368,3590,1.1057378174330026,1.3794102535440952e-09
132,135,0.5471122879767869,0.9016717296291341,1.0941998800310093,1.3213315036565565,148894136.58257124,48546796.96419348,97177768.8067324,48339597.03997717,96763009.6961135,3.0519161262799162e-06,3.3426724097727155e-06,3.0571420324414832e-06,3.348396188415225e-06,1.6780059,1.3815262,9922,14394,11277,15002,2.390631662380149,1.6153330494499094e-09
133,136,0.8098708094025442,1.0146648528653948,1.2717319326119438,1.3828149099725915,152974762.72314486,121470991.6366907,128290789.30093601,112174253.62018153,118472100.55894235,4.61838736989864e-07,1.1645963119068647e-06,4.7678448228900454e-07,1.2022842719240868e-06,1.0199126,1.2098929,4827,10936,5211,11077,2.012904310920848,1.4694513172156453e-09
134,137,0.2926541153583775,0.5400150028674222,0.9274917936029426,1.0314013699321407,150063779.4107724,33419073.089103818,77755197.44649,34604986.365392104,80514427.80294997,1.0233951148273942e-05,9.175201097133367e-06,1.0092194844406325e-05,9.048110145073166e-06,1.3141233,1.0422029,25074,30156,26843,30345,3.0128865346633216,1.9208911281708177e-09
135,138,0.33761666315085564,0.452824002817938,0.9401187045663022,0.9494594869572693,153893352.74295452,54236816.75872665,59297569.08634285,55897260.66772637,61112946.41289043,6.133260403639564e-06,1.510524694294345e-05,6.0597243774413995e-06,1.4924139381577414e-05,0.95796478,1.1752017,19069,40173,20308,40770,2.786401899263063,2.0142773169629504e-09
136,139,0.4959316695406154,0.6288323231555328,1.0523588498992649,1.0943727419939016,150946969.95284176,69196212.55374388,78941986.31771351,68218008.02226602,77826008.92690077,2.2784686839850865e-06,5.365444334302714e-06,2.2914816298612357e-06,5.396087826229781e-06,1.0818422,1.2024062,10656,23977,11421,24198,2.4467839858861513,1.8075310072603675e-09
137,140,0.4656071778970541,0.6565766428874189,1.0213598413434566,1.092953933099132,148527895.11413735,67805470.8639575,80602131.60121442,68936592.47657387,81946725.36209258,2.5487347181189016e-06,5.098141217590965e-06,2.5319236434681536e-06,5.064514637319703e-06,1.0199126,1.2098929,12421,22790,14129,23824,2.4695580827865715,1.7675399029212215e-09
138,141,0.2992893916596533,0.39364428892876424,0.9111507753084309,0.8948651487195377,151767621.19308525,47845322.81888703,50575749.415141076,48094115.318389736,50838739.95151694,8.151757845254511e-06,2.022429311822364e-05,8.134863867000602e-06,2.0182379610164904e-05,0.94936007,1.1812471,22512,47618,23766,47388,2.9177685891018323,2.1512662827254904e-09
139,142,0.8584475105932535,0.9947168439897283,1.3104956505188612,1.3676188517246268,154158518.68094766,153828443.86699903,86155791.40786745,141669428.94530535,79345805.38067782,4.833686167755395e-07,2.398631950963896e-06,4.99554242178034e-07,2.478950277163349e-06,0.86028951,1.7798464,4441,11332,4800,11513,1.977031571002109,1.47352389992911e-09
140,143,0.40914295425111086,0.6317009900021163,1.0009984667399376,1.1058701034525624,150333058.875456,105118225.79590626,81262248.52224207,109164740.48808788,84390429.95866974,1.4748444078631112e-06,4.792984225851669e-06,1.452728511071518e-06,4.721111461580722e-06,0.5851289,1.1686305,14329,24253,15176,24694,2.6397611664055245,1.8177453138813887e-09
141,144,0.48003092482262694,0.6896705807307625,1.036258966905659,1.1287627333645296,149111380.4335637,70180595.72075307,84997384.75792488,71805904.02180052,86965834.20745738,2.1088126952543924e-06,4.188011644616863e-06,2.089588482614982e-06,4.149833182122958e-06,1.0199126,1.2098929,11465,20697,12661,21196,2.4563222607917283,1.7409823296297676e-09
142,145,0.5511566453383485,0.8359676531732996,1.090862671565004,1.255654952513159,148620764.09892175,105192899.68166508,96959396.44023627,108219068.66899376,99748705.59917651,9.157010618096708e-07,2.414136289955651e-06,9.053714006446794e-07,2.38690337419156e-06,0.7786963,1.2813833,9155,15553,9870,15813,2.370802823883279,1.6467531013048312e-09
143,146,0.5901641101625675,0.982904275284901,1.1245025887723477,1.3874968029321286,149267062.61205038,86372168.73585144,121262992.78275235,87553655.37196249,122921751.70387903,1.0073821652910584e-06,1.5884078321916903e-06,1.001922373115047e-06,1.5797990073054469e-06,1.0199126,1.2098929,8537,12370,9390,12481,2.3350009666079528,1.5740749698702999e-09
144,147,0.7510312348022876,2.4883940430548934,1.1401162599895238,2.991901818373631,191380279.43138826,130186505.46112569,355231141.98849624,124274482.06550331,339099402.25978255,2.0151749719364258e-07,1.0060090404676404e-07,2.052987777408129e-07,1.0248858252033224e-07,1.1040512,1.3406188,3257,1394,3398,1397,1.4970458181929693,6.357002334464414e-10
145,148,2.120752353348839,3.1872339731481336,2.2836882938946044,3.33495077127455,192724049.3898392,370200205.6520743,458188888.3387092,318214677.7002031,393847510.6238768,1.2625262257016663e-08,2.4758767761630492e-08,1.3413032825316924e-08,2.6303625060666327e-08,1.1040512,1.3406188,576,938,600,969,0.939436560433466,5.57939392637622e-10
146,149,2.5232506653440745,8.199452066335674,2.7754632105775343,8.54015019111652,191065564.24256968,436670248.71618724,1168589412.2433083,401555666.7225475,1074617979.9010348,4.9607577164457835e-09,2.7442614088388933e-09,5.129926637936454e-09,2.8378446413524856e-09,1.1040512,1.3406188,492,243,529,241,0.9328248055211344,4.413704745143677e-10
147,150,2.2904648316207576,5.726900136654156,2.5582749437986045,6.194833627065613,191225187.1315202,396715809.95957917,816882137.0513524,372246717.45889074,766497544.1718647,6.460920021179589e-09,5.850744339257081e-09,6.627562281647196e-09,6.001648739700944e-09,1.1040512,1.3406188,535,398,531,396,0.9655706523928762,4.822832385403443e-10
148,151,2.214800924009575,5.57628103689999,2.433455376831722,5.868927816346402,190951320.44584647,383061184.9924254,794258761.0834541,334403257.14553744,693368911.0995109,6.730732975885449e-09,6.1560470591289356e-09,7.106592626883961e-09,6.499814923262666e-09,1.1040512,1.3406188,546,409,543,409,0.9586390421222375,4.812810249310277e-10
149,152,2.712526838945179,7.810204368714403,2.958547203832936,8.192426287823828,191125164.5878009,469572551.1119635,1113460884.9546952,421942316.569868,1000519012.6534841,4.382081239512182e-09,2.948742947582147e-09,4.57362204402789e-09,3.077632524388071e-09,1.1040512,1.3406188,446,263,480,266,0.91785028114841,4.4751587420358585e-10
150,153,0.65303094077537,0.9204260965039337,1.2300738464147103,1.3968917327559764,153976123.8104856,96805898.00397933,99292167.46574654,99074568.54460096,101619104.35583922,1.1009077673749252e-06,2.6314967573388103e-06,1.0907539318560001e-06,2.6072260726961585e-06,1.0386885,1.4273396,7484,13920,8098,14086,2.3041185315612625,1.5974537204577013e-09
151,154,0.7961723497414245,1.2953161609278991,1.3429129770872061,1.7213376498008073,155224258.32440102,123977793.5382414,156556471.76003712,126830344.04913422,160158610.74603966,5.19974814911648e-07,9.2753476903781e-07,5.15264950683665e-07,9.191332797663654e-07,0.99683386,1.2842937,5810,8701,6340,8778,2.1985659588889126,1.4572804346653144e-09
152,155,0.4054381576840722,0.4960477649500117,1.022680246318759,1.0089343299082965,155459208.22885644,82251088.91843878,63982884.82464236,84102535.77122352,65423119.99111097,3.231465228053313e-06,1.1621368450163086e-05,3.2028198646516065e-06,1.1518350686088122e-05,0.76630104,1.2052472,14724,35472,15861,36267,2.618175096510887,1.9442157279601006e-09
153,156,1.426854396373331,1.2478936780940144,1.8509194712797372,1.656577861985091,152234431.82631645,217906290.15227848,147919736.01076958,223241974.58418313,151541719.71786016,2.0276109154011184e-07,8.407751818637336e-07,2.0080854306832913e-07,8.326786862097037e-07,0.99683386,1.2842937,2709,9462,3016,9707,2.0015940979605786,1.5224923994920664e-09
154,157,0.1726698382415051,0.2699572169243672,0.9271476251948221,0.922070369757213,156568918.75293398,25609856.36901417,35847722.4331887,26535323.730049092,37143157.15181116,9.944428970310607e-05,0.00014242388825280418,9.804217812119455e-05,0.0001404157871958574,1.0556377,1.1790682,79886,110299,89383,114613,3.939790459670243,2.5834218270718673e-09
155,158,0.368319798874884,0.5614405453326461,1.0263557121584128,1.0992809936097336,156631830.63217184,56005831.33698413,71420266.91768996,59129890.31275954,75404157.89100625,7.142238828183698e-06,1.1889466620832616e-05,6.988835821122481e-06,1.163410132489872e-05,1.0300821,1.2312956,20504,31245,23383,32564,2.803174970147268,1.874052371504369e-09
156,159,0.5067219855493409,0.5335570674255035,1.0957531123734765,1.0477275530371017,154947582.24249393,78764726.68172239,64372641.23150107,78973800.3034185,64543512.40451738,2.8260807371137098e-06,1.0419312537045778e-05,2.8230856736130826e-06,1.0408270211796002e-05,0.99683386,1.2842937,10519,31801,11375,32551,2.433067524924478,1.8989829962154027e-09
157,160,0.7255387096975611,0.6050039943312189,1.2321627911677242,1.067811399954332,157140740.17930388,153778818.5281615,91387283.09336856,152483803.88057938,90617685.09969576,7.110123637856251e-07,4.045015804147061e-06,7.134216321577567e-07,4.058722357138372e-06,0.74140048,1.0403064,5768,24802,6223,25231,2.08701229955092,1.754006548046802e-09
158,161,0.6950807761389136,1.0555184291360162,1.2626910951555308,1.5061913736186379,154187925.92221254,96873536.61936551,130787341.57471812,100162687.85325539,135227969.64436233,8.611547252778358e-07,1.5200806210574515e-06,8.497298267539062e-07,1.499913784211529e-06,1.1063193,1.2443727,6940,11596,7435,11668,2.3006584473895653,1.5546492995073312e-09
159,162,0.5220901206368772,0.7404602580298316,1.1195497193368797,1.216966678903543,156091083.6554185,77798888.99824917,91441170.75816539,78675265.16830237,92471222.26720461,2.0731272661679735e-06,4.131884154765567e-06,2.063859056748579e-06,4.113411980737471e-06,1.0474907,1.2639738,10548,18909,11479,18960,2.451805638869953,1.6863494751085442e-09
160,163,0.9915626144407002,0.8210436866387656,1.471344936066769,1.28605606255924,151519140.0968304,147331997.98872763,101410246.4897666,146235415.6884936,100655456.74360736,4.793057854899073e-07,2.2202674504898633e-06,4.807402411470361e-07,2.226912217361264e-06,1.0197426,1.2267383,4039,16355,4318,16627,2.0715728828685536,1.6706413813587727e-09
161,164,0.4433143986537122,0.5289789559821682,1.0872118432938251,1.1060413993903246,155298573.1856215,69064762.2900403,63964868.08994733,71052923.63688625,65806219.22293852,4.859155681235626e-06,1.3497656569284868e-05,4.8043057781189136e-06,1.3345295705856084e-05,0.99683386,1.2842937,14757,34699,16932,36506,2.6130264941143864,1.9321837301612594e-09
162,165,0.6740760048504381,0.6732565049815441,1.1935231906554178,1.1199682165660654,156381381.1646274,105747748.82591327,81978742.18886514,105109627.40790915,81484051.83571284,1.1641189576605214e-06,4.676673675240164e-06,1.1669407758653223e-06,4.688009907527994e-06,0.99683386,1.2842937,6434,21099,6906,21534,2.1461183161837836,1.6935225968604343e-09
163,166,0.1619247440217641,0.2617934771525402,0.9321387127177898,0.9172937150428694,153535237.68627486,20750046.873791456,30502669.56678686,21730414.171768658,31943814.25075635,8.753315231425674e-05,0.0001424536398608614,8.593162018548486e-05,0.0001398472664461511,1.1981252,1.3177379,68637,105293,71853,106321,4.084218496882888,2.6599248243722782e-09
164,167,0.7629410737937999,0.7856015800507251,1.2634444433847138,1.1984215054183014,159267705.57145834,129568775.63017209,83824232.24439356,122447903.66181639,79217399.90569974,9.090294495865053e-07,4.0758790431200675e-06,9.298171524630805e-07,4.169086323200795e-06,0.93781757,1.4926586,5453,16534,6096,17173,2.0239646035498153,1.5452128309006422e-09
165,168,0.5810935625909897,0.8198638152137354,1.1468173206376346,1.2591775201383988,157742595.46136144,99479527.09372936,77314843.72484283,103144331.76403125,80163106.16279651,2.3418437438573766e-06,6.927822842448481e-06,2.308199019594797e-06,6.828292423356448e-06,0.92142785,1.6727376,10101,18009,12534,20425,2.283545385242561,1.5709820704105806e-09
166,169,0.5154995654311588,0.7639857136387627,1.1370413484118034,1.2588135584190856,152247610.31747302,76819234.46836843,81034453.7461207,80152036.67249903,84550133.22307248,1.765536362677322e-06,4.315767343428623e-06,1.7357965933897857e-06,4.243069931013046e-06,1.0216657,1.4353771,10243,18380,10346,18001,2.5535034906194434,1.7499080217380391e-09
167,170,0.7004038441276864,1.1746600909867897,1.2683279113508288,1.599723303069267,153364133.58809164,107758005.64841509,140272218.97506613,113422559.73707382,147645959.48500967,6.273511010639496e-07,1.146105925679158e-06,6.146256843324207e-07,1.1228578983815136e-06,0.99683386,1.2842937,6721,9978,6938,9838,2.3164629839224196,1.5290231400215446e-09
168,171,0.32703042021640194,0.3815364822295444,0.9574529691405567,0.9130063637077374,154232936.94889,66300170.991794884,48104938.934673645,65567855.67607927,47573598.170141,6.20849568805676e-06,2.5064159334854246e-05,6.2361399204996235e-06,2.5175761159426753e-05,0.76076519,1.2232734,20004,52752,21226,53292,2.834040751659534,2.175914973662303e-09
169,172,0.6082052905023063,0.731903613218768,1.176275278449705,1.2010823391948875,155209435.89684612,99235068.84395619,92212019.08503923,102583509.55867997,95323484.44389091,1.197177264138076e-06,3.4756085931666427e-06,1.1813905957505192e-06,3.4297772180237414e-06,0.95126855,1.2319256,7964,18968,8384,18795,2.330127252079476,1.7018851673905626e-09
170,173,0.3811002471599431,0.42695310897366756,1.0271674737231342,0.9839416218596014,155827516.0115998,74554254.16442995,50703240.12085099,74304210.65586665,50533189.24719617,5.290725318121415e-06,2.202849677503676e-05,5.29783973798906e-06,2.20581184177582e-05,0.79654616,1.3121655,16979,45792,18415,46544,2.731719919884878,2.0830853240798545e-09
171,174,0.40735587949729696,0.5731010263265991,1.0639433285264521,1.1258481941566862,154631722.84022236,62626313.885244705,59386041.95358155,64874879.272641905,61518267.05429601,4.061539476191499e-06,1.0198395865108034e-05,4.004633663709461e-06,1.0055507188014189e-05,1.0058095,1.4922631,14822,27050,15330,25945,2.7240140909508987,1.887282355759072e-09
172,175,0.47627115991387087,0.44126465196067044,1.0593136445990396,0.9442009165194656,158580377.84980392,70274416.52170801,51315688.62310338,68855343.72721772,50279455.221818775,4.89003133850391e-06,2.177160290850941e-05,4.930097196933839e-06,2.194998580619281e-05,1.0747476,1.3636359,11291,42377,12406,43533,2.3917408790198538,1.9680426046310147e-09
173,176,0.7197894513893232,1.038395983251575,1.2756462658499852,1.4911782563767977,155897897.46506128,112570074.70545334,126048855.12175722,114060717.28723662,127717982.4748407,7.928865008802551e-07,1.6699935980701072e-06,7.88725289737279e-07,1.6612291709279208e-06,0.99683386,1.2842937,6720,11908,7341,12001,2.2501285101306236,1.54429053144661e-09
174,177,0.9444370449072742,1.458579479530708,1.4994244347577779,1.944695868414595,154585153.6515476,146459657.48114192,175563216.54170603,151724691.20207372,181874485.2633767,3.8534663033252263e-07,7.341131281398206e-07,3.799410918115673e-07,7.238151873235885e-07,0.99683386,1.2842937,4781,7751,5484,8109,2.137307538999189,1.445984235998043e-09
175,178,0.4258802723743368,0.7468285860374909,1.0603027485837946,1.2327396452742736,156585930.51746,66445316.723411895,101174263.43246777,70293325.33393438,107033509.14081475,3.8014554832896322e-06,5.05936169056578e-06,3.7168071159438236e-06,4.946703076305823e-06,1.0036352,1.1558557,16671,20938,18692,21601,2.731185540215876,1.7496518212816778e-09
176,179,1.0771228876147039,1.6088017680866873,1.5975038453184531,2.0634476366768095,154664871.470301,166905998.35071546,221753930.99578896,174698577.18754184,232107273.63617605,2.3792243226839815e-07,4.450338556170273e-07,2.336191404651018e-07,4.3698454927459005e-07,0.99812514,1.1220776,3927,6824,4293,7143,2.0823958403440823,1.4186690415991685e-09
177,180,0.2756004580562771,0.39153830066453366,0.9822034971573063,0.9867095078823028,150998045.8032951,39476300.67100568,35694099.435995534,41344788.86468307,37383568.87073133,1.4598093725774007e-05,4.2661367160528025e-05,1.4330535375346052e-05,4.187945650569237e-05,1.0541801,1.6563387,27050,52060,27507,51162,3.253652439969337,2.280962357246626e-09
178,182,0.4835873080558254,0.7630650888503272,1.1222952713114838,1.2907845878880522,155613949.6403178,75491949.08216307,92458268.93695688,79942035.0969585,97908482.56305815,2.450133313188786e-06,4.518542400945677e-06,2.3946381136539954e-06,4.416198005725591e-06,0.99683386,1.2842937,12371,19085,13641,19526,2.5507644974541206,1.706239177266751e-09
179,183,0.6859438700622217,0.7970625815762226,1.2343940898771066,1.2613557212920001,149951137.28612122,115636183.13531493,94545963.58614741,117759537.74955238,96282051.7429422,8.314498451243092e-07,2.756008952257634e-06,8.254202499220897e-07,2.736022637444716e-06,0.88949722,1.2641517,6983,17414,7640,17819,2.3136871161036163,1.7134277991750576e-09
180,184,0.24852881651012804,0.3675414540652535,0.9729267127125393,0.9773461460349735,151059759.7656485,36563909.4005537,46411404.27945214,38271153.02480565,48578447.55648953,1.789028328487615e-05,3.448226681227517e-05,1.756667831421135e-05,3.385854091802534e-05,1.0267694,1.1962733,34535,60309,36870,60995,3.3970850217155775,2.3425894701006085e-09
181,185,0.7498667261645702,0.853463577609229,1.2681067674456943,1.2781981793613268,157432538.08874753,118428382.76820584,104620101.4529026,116085758.46934481,102550617.88752647,8.288357799506666e-07,2.5078955805352594e-06,8.354861078416201e-07,2.52801817698956e-06,0.99683386,1.2842937,5876,14922,6507,15282,2.1149092884190024,1.555590160233053e-09
182,186,1.5629140370835146,1.2474500538687243,1.9110690120117084,1.5789571515526393,159236265.9564841,422783732.290419,276084219.64450586,420043543.1265126,274294834.3649517,5.345958387335857e-08,2.315928210426502e-07,5.359881103433907e-08,2.3219596847929347e-07,0.58865225,0.71948802,1950,8101,2436,8634,1.5977001147902958,1.29830735257412e-09
183,187,0.7100387672511466,0.7452742337089564,1.2351106124863067,1.1991440889154255,153492762.37698114,129073978.38606377,120802740.32983181,127571795.92843209,119396819.79010433,6.362353810086906e-07,1.9636554975151898e-06,6.392215785483016e-07,1.9728719972421097e-06,0.84436703,0.94695038,6323,18613,6932,19077,2.183586802664543,1.6813601008563475e-09
184,188,0.9881647967819044,1.1071563203768804,1.5170065883067887,1.5826704574834745,170480647.0512106,249357882.88652852,131816578.72295517,232249866.034633,122772869.23983556,2.2672361929029035e-07,1.1278852883405536e-06,2.3326190480786089e-07,1.1604113924549905e-06,0.67558712,1.4319043,3316,8481,3578,8398,1.783454122938461,1.2450936189400467e-09
185,189,0.09493346396684535,0.27439725163355894,0.9219535771166752,0.9632463185833678,168243879.4123849,12515531.220853105,33905560.14244048,14055708.748892857,38078022.412358224,0.0002809311144194249,0.00018684060929389948,0.0002681874539895681,0.00017836510353061062,1.2761723,1.3615955,129160,82060,129091,80469,5.3159609172790665,2.344722480948777e-09
186,190,1.4785851067190643,1.3838520489480253,1.9363630732465724,1.8309388776624842,171871969.81047958,210494707.77825055,175737951.24576527,186616182.18249983,155802233.09275815,1.722853689691558e-07,6.060167694503226e-07,1.8078614731570537e-07,6.359184045236498e-07,1.2072861,1.3534093,1850,6166,2011,6310,1.5739322859543554,1.1388737804808975e-09
187,191,1.0883652104240051,1.665811839666794,1.582304583670116,2.049561871011197,169353514.40226135,157772831.55227852,220867631.48894936,136532307.31812578,191132827.13116327,2.2155856252866156e-07,3.862334276658338e-07,2.3475089401730146e-07,4.092310466772956e-07,1.1682523,1.2772858,2909,4857,3097,4938,1.7658775472183912,1.1154649901620452e-09
188,192,0.5995690365914366,0.703035188537964,1.2310522457177047,1.2818615876200656,172086569.1411283,107232544.4437925,110367673.48757784,102560117.66557436,105558640.22507514,1.276210098774266e-06,3.29219171886168e-06,1.299156340454478e-06,3.3513852849611403e-06,0.96218717,1.0961807,7061,17273,7657,17338,2.062831459012357,1.4542517395332486e-09
189,193,0.4087656960994086,0.5693047906690711,1.0487006317812306,1.1091409037501356,167357608.4512343,53019459.79099688,92275829.33848876,49517363.81954017,86180731.20917845,4.1797396459304205e-06,5.829744455914464e-06,4.295565479948887e-06,5.991293995101255e-06,1.2902819,1.0325292,12635,23650,13032,22714,2.500492790415281,1.662076208048728e-09
190,194,1.275800748436057,1.4052926813433846,1.7534569582733235,1.8355536795929024,171011370.42764887,186754551.5490705,188149768.2730658,169381088.20617333,170646510.25363374,1.8812885499008578e-07,5.221285476288719e-07,1.956221027462178e-07,5.429251371161077e-07,1.1682523,1.2772858,2242,5977,2379,6039,1.63809334729204,1.138793564831641e-09
191,195,0.9867640935798953,1.118101662311023,1.5141618158841141,1.5904636950400066,170572416.16470638,169136595.7155705,134942235.21627948,158315722.26397833,126309018.70643623,3.9014369374656386e-07,1.295975980095248e-06,4.0059913464046343e-07,1.3307067741000886e-06,0.99514085,1.4133255,3432,8718,3821,8937,1.8001284588062678,1.246236990280043e-09
192,196,1.2990940494540948,1.2095477066580307,1.7829410574999578,1.6787119499308505,171523318.07483733,506967629.1497061,275288740.48790574,463079294.2366793,251456914.26148063,4.7671091036589676e-08,2.6956909292427704e-07,4.9429365811955876e-08,2.795117337575507e-07,0.43952495,0.75362921,2219,7672,2410,7948,1.632097018641137,1.193740373346931e-09
193,197,0.1941040169958896,0.47454322534422205,0.9635768261573032,1.084428827596737,169012132.5648385,26874742.648692813,64036851.09947562,28276572.25065927,67377115.77331537,2.529604620718248e-05,2.095998889033109e-05,2.4786754577703364e-05,2.053799618805693e-05,1.2206976,1.2524595,38557,31951,37994,30683,3.632307763606985,1.8107518496062206e-09
194,198,0.5741966462987955,0.8193963387987828,1.2154812189345834,1.3758191792292938,172662946.40020457,92671259.94802178,116186511.96405831,89150931.94675139,111772903.77888392,1.6145471975378587e-06,3.102792010494536e-06,1.6397529361090872e-06,3.1512316995768293e-06,1.0698299,1.217692,7816,14121,8675,14647,2.08782546592378,1.3578222578098444e-09
195,199,1.4213242827027384,1.7821745020319435,1.8613971559983709,2.154255337398422,170052406.29650784,279312464.9739456,245485912.7784653,258628210.21265918,227306655.5058249,9.605144606723416e-08,2.685633190499498e-07,9.905346605698588e-08,2.76957075576402e-07,0.86533773,1.2345436,2099,4493,2341,4588,1.6820095717015575,1.1056844410432474e-09
196,200,0.47556130448431133,0.7305947708489837,1.0951876878984823,1.2337983323438242,167805347.88120294,72992821.09932356,93317340.97126552,68082570.91279913,87039853.89775431,2.370925383546799e-06,4.667491828926547e-06,2.4378982021887003e-06,4.799337008846813e-06,1.0932819,1.313772,10096,17134,10507,17213,2.3647771618213884,1.5021703834689538e-09
197,201,1.0177200004371256,1.2861891618048489,1.5305160991347415,1.7271694726133315,169590981.79014045,184487830.3357123,171564748.24866956,177830465.85696164,165373721.67137125,2.5039305676830905e-07,6.956216675759045e-07,2.541013105010407e-07,7.059236371219061e-07,0.93554211,1.2713922,3251,7068,3480,7114,1.8224808289254688,1.2102295207751871e-09
198,202,0.9650418789355526,1.2418118263283775,1.4892884561027577,1.616669863031998,174210499.54673442,146481110.2954837,219129601.23581246,140821400.58635834,210662912.7380988,2.847610252152034e-07,4.827040661904212e-07,2.89284878859985e-07,4.903725402996718e-07,1.1477277,0.98725438,2986,6645,3169,6245,1.647755042947867,1.1689911947551032e-09
199,203,0.9990508748228549,1.335539561498308,1.5180561135544959,1.6992438766193207,174226955.7270891,183353139.38907894,306031349.7692382,174109954.51163658,290603720.03987896,1.5935936879788352e-07,2.732051170146537e-07,1.6269098937068875e-07,2.7891683509754915e-07,0.94932431,0.76033711,2774,6273,2875,6154,1.629501047862447,1.1465820287027715e-09
200,204,1.1232644407247019,1.0908987293035461,1.621540932039825,1.4899379368525885,174619852.54958588,241887547.76791573,160867314.8936307,235277488.85030532,156471295.17629936,1.76911918010394e-07,8.928156624418137e-07,1.7888352535273814e-07,9.027657095343261e-07,0.81089032,1.1841596,2292,8327,2345,8104,1.5630006300574215,1.2187608544835e-09
201,205,1.1105519883808852,1.0599198876613292,1.6190890900610413,1.4693305241733543,174732911.49147207,249464230.09461096,224309844.57759696,238833573.0290694,214751115.32320645,1.334177375019045e-07,5.064668162111146e-07,1.357621584705517e-07,5.153664681320773e-07,0.77786696,0.82565653,2334,8738,2396,8569,1.5679032178433463,1.2305428800785278e-09
202,206,1.650570631800025,1.4940126223965973,2.0788817662226284,1.8455706297626822,174632288.2817105,304671090.16097516,335571152.6255724,281923602.2349897,310516590.5447853,5.61864818970988e-08,1.659905436527226e-07,5.795778292917734e-08,1.7122346109763077e-07,0.94607902,0.77748889,1353,5228,1407,5058,1.4075481953528743,1.1040675964019773e-09
203,207,1.1542903832651896,1.014817197849411,1.6516684929601542,1.4292080720866707,174551764.51351896,142318644.93021393,344787727.51267403,139925480.47385105,338989936.6829619,1.8739016789433183e-07,2.6035963992173167e-07,1.886656332283587e-07,2.6213176969156645e-07,1.4157205,0.51375997,2174,8897,2200,8423,1.5449429078597323,1.2443980497005697e-09
204,208,2.2466483174558656,2.3469220080788453,2.5982258403035092,2.611517511820815,174328587.1479801,412561885.20071477,538097631.2137197,391955140.3639119,511220595.3520222,2.01152738271525e-08,4.610012191589288e-08,2.0531800907006547e-08,4.705471738039124e-08,0.94932431,0.76033711,879,2735,931,2664,1.2874759075340878,9.62131347196725e-10
205,209,0.4896891250096192,0.6396538585642648,1.1467289068697522,1.1328317016671106,174204972.03043684,104040595.73224187,191332312.3192183,102886306.78641325,189209556.56666297,1.0116131328515876e-06,1.4543284083876333e-06,1.0161376885724173e-06,1.4608330589367883e-06,0.81993264,0.58239448,8496,18583,8836,17884,2.1412137767764374,1.5000851765596505e-09
206,210,1.2640717775662123,2.0984104429578943,1.854602015386417,2.5348402353053907,168932672.76628408,280307690.83196276,362902424.1716023,274033736.62636065,354779802.9777389,7.228193340585681e-08,1.4101777000502784e-07,7.293939438243731e-08,1.4230043742154714e-07,0.7618165,0.97681928,2237,3582,2276,3463,1.6530581878839599,1.0781441988777743e-09
207,211,1.2072859791643067,1.0593446231617152,1.7685033952297267,1.528394486794076,170982002.37307405,270963117.9614126,185427200.89568627,254912836.4398719,174443570.36132374,1.7676202967867136e-07,8.30399238532937e-07,1.8113249527302075e-07,8.509309743824267e-07,0.7618165,0.97681928,2380,9513,2576,9438,1.6283994798704786,1.296386308956377e-09
208,212,1.2681504798089565,1.2240778445518536,1.7896309818531482,1.641305067315147,171962715.24798837,232202758.41623,250617268.89530653,225693780.78175262,243592106.01963875,1.6278230090404653e-07,4.7501327093333165e-07,1.6464414683289758e-07,4.804463033927927e-07,0.93915594,0.8399092,2197,7722,2461,8030,1.5692151257603604,1.203373244791261e-09
209,213,1.1540677471948342,1.5016254568869547,1.762424649661885,1.9773862831141518,166663201.37276888,252476318.57350212,256204715.68459073,242848665.4130338,246434887.9454021,1.3458593970892828e-07,3.5612571274321816e-07,1.3669532514534083e-07,3.6170732396960063e-07,0.7618165,0.97681928,2656,5887,2890,5964,1.694544410258561,1.1871607964051298e-09
210,214,0.7337166205842456,1.3935914671499505,1.4438569969928137,1.9206949836560292,168587788.96597654,162369366.89069647,240517881.842649,162832706.6388189,241204227.4072464,3.1046001628933454e-07,4.742099525891328e-07,3.101063491386149e-07,4.7366974620513646e-07,0.7618165,0.97681928,4970,6298,5140,6123,1.9515403625814618,1.1997755950138132e-09
211,215,1.2962600698103328,1.2732213991874246,1.9002441824293586,1.8042607263097996,167674118.9895648,270056691.45501745,207878484.03844607,250626810.4758322,192922164.3811224,1.3163374456756371e-07,5.375249877809633e-07,1.3562451619751505e-07,5.538212610403263e-07,0.80482829,1.0269763,2171,7283,2238,7162,1.6381470376316676,1.2402678605631657e-09
212,216,1.5619041724003389,1.6840070416044264,2.100133559738283,2.116071316736115,169022758.0508328,346536667.33420545,291390148.1848349,321613522.69413614,270433177.40950876,8.078879217021812e-08,2.6873458972960334e-07,8.323712525648176e-08,2.7687868707013785e-07,0.7618165,0.97681928,1782,5134,2080,5396,1.551311384976625,1.1430357273705202e-09
213,217,1.0957640220298608,0.9251451249225001,1.6515368491461533,1.3889132596259968,170294720.91648263,244944587.47204563,161286057.8017273,249519127.9702057,164298206.83844274,2.2008425686146263e-07,1.2087763082946847e-06,2.1846133281038207e-07,1.1998626668962329e-06,0.7618165,0.97681928,2610,11613,2706,11591,1.656224065555697,1.3483584172188997e-09
214,218,1.0747855642991697,1.3416281807031005,1.7199302545806725,1.8564186559477702,168951783.08840147,238360468.07337266,232049548.9927645,220257532.0865571,214425912.97149125,1.635288969696224e-07,4.7645256756953416e-07,1.6877802154809596e-07,4.917462491710841e-07,0.7618165,0.97681928,2850,6837,3030,6885,1.708359991610445,1.2113240896334743e-09
215,219,1.2523715988983206,0.9177210808861924,1.7768026194034152,1.379397674485335,166221375.2822324,130729265.6744972,147843926.0125491,124660636.67519012,140980811.3752717,4.6114241526342686e-07,1.5548619040678196e-06,4.699941608106996e-07,1.5847078724290125e-06,1.592382,1.0317966,2213,12009,2342,12187,1.608241709937664,1.3703654885809823e-09
216,220,0.7357968891553116,0.8999731885612542,1.4152884503613965,1.4259145144721215,164647207.56201348,233999529.15394488,163087524.03975487,229199110.473482,159741840.39764878,3.0392838221245704e-07,1.2060942200628039e-06,3.064587886949052e-07,1.216135758831489e-06,0.51772285,0.90858006,5067,12319,5478,12387,1.9208581790345258,1.3936973189091697e-09
217,221,0.7569278331979196,0.8920045424389786,1.4128139616723698,1.3891797095100409,171440708.40052336,122461782.13183634,162816074.97485477,118393697.36424443,157407452.11314225,6.415951422546615e-07,1.4237495652147454e-06,6.50324122746596e-07,1.4431198524280905e-06,1.0596632,0.93925548,4496,11928,4645,11629,1.8681049220292,1.3622676483303425e-09
218,222,0.753467900018961,0.692284796630877,1.4555926199319213,1.2906811077337417,169259415.21795738,154417508.21686882,73608627.91597982,145942451.85607016,69568689.19767821,1.2836296074184608e-06,8.882234786290498e-06,1.3129424389151252e-06,9.0850685711297e-06,0.8258878,1.5918748,5018,19387,5561,19964,1.8981362349638435,1.5197376980628791e-09
219,223,1.014776727978953,1.0244636975116208,1.6704925915689723,1.5704486730480736,166957241.37522087,222395187.18108484,175100590.58785054,213823121.5501888,168351461.82498056,2.2448970276273316e-07,9.337012063456077e-07,2.28047183343861e-07,9.484975371762509e-07,0.7618165,0.97681928,3016,10089,3081,9994,1.743375542941871,1.3329091539182206e-09
220,224,0.9676620884409477,1.182225957976465,1.5912489007682544,1.6484984921209718,166675074.03111494,218385131.20427033,338290052.42458045,213536727.77699497,330779620.55339986,1.4728022812096005e-07,2.756306683469993e-07,1.4860883898413894e-07,2.7811712498047436e-07,0.7385354,0.58248121,3297,8262,3508,8324,1.7553581813808146,1.2705078631564072e-09
221,225,1.4559393125317537,2.778607966156705,2.0141137189674163,3.1564232544822004,167991917.1191183,321056365.044995,477860837.42851496,303564942.3980343,451826574.3397849,4.5712637580050605e-08,7.240352554606651e-08,4.674855035065912e-08,7.40442914419067e-08,0.7618165,0.97681928,1912,2546,1917,2368,1.6364335424095913,1.0432176697697243e-09
222,226,0.9928636257650142,1.5161341172007887,1.636727593056194,2.025750987437539,167505329.65002126,218307097.4851346,259987236.42653948,216637779.03537896,257999204.4501748,1.6043314433165288e-07,3.394049074630014e-07,1.609264976929571e-07,3.40448622916174e-07,0.7618165,0.97681928,3243,5682,3322,5481,1.7970139496112973,1.189614100162386e-09
223,227,1.386276967717468,1.1851315300806384,1.9449196209068962,1.6604232545839013,170002430.4845482,309353307.3078873,206256412.70878685,296143777.976552,197449168.4702726,1.2804863601179167e-07,6.84912087131699e-07,1.303034207547706e-07,6.969725773676451e-07,0.7618165,0.97681928,1984,8540,2122,8852,1.5895598803965982,1.2678508170194975e-09
224,228,1.4631724136452953,1.232165940772344,1.9958501133279913,1.6881796676768142,169017034.33439767,351232546.2272246,257263629.5486283,323951773.3597077,237281567.17947438,8.811216933064376e-08,4.0795603355576703e-07,9.100843577492954e-08,4.21365638377749e-07,0.70409495,0.80950826,1853,7925,2033,8187,1.5604043586554597,1.2433495896691895e-09
225,229,0.515595392034183,0.7454284634149174,1.2676483563050882,1.3578350693269317,168173828.71736866,104057985.10530888,78525777.49318068,106434782.67023902,80319391.66455978,1.61131538362124e-06,5.6629651225197455e-06,1.5968248673879038e-06,5.612038228337012e-06,0.83328205,1.5964383,8058,15293,7840,14382,2.238626077539613,1.484164704250023e-09
226,230,1.2525591129560345,1.3878485417136481,1.8236956667759172,1.8530751719690333,170052293.64132452,279595611.38347167,241607462.6876461,268843892.11124575,232316560.0156096,1.2233914560575695e-07,4.0240678646013583e-07,1.2427320920328559e-07,4.0876844865123097e-07,0.7618165,0.97681928,2290,6369,2489,6385,1.6189396379903207,1.180960989274167e-09
227,231,1.0967729392232246,1.2677195594691077,1.6731314888754885,1.7034579589874181,171201097.18395823,227600174.48942348,219250377.40109462,217303236.5132229,209331195.474182,2.0325317178628055e-07,5.645596670382566e-07,2.070522193130431e-07,5.751119698039267e-07,0.82499379,0.98989558,2810,7283,3166,7329,1.66347833151544,1.2112479639517906e-09
228,232,0.8589955058386476,1.0523872963226468,1.4875923791641317,1.5285719626069292,170780115.608282,192565206.70544535,183991888.58216327,183941494.84283116,175752118.48383054,3.522664986429385e-07,9.681931786347154e-07,3.587819501884179e-07,9.861006883364888e-07,0.7618165,0.97681928,4059,9597,4550,9753,1.789954746023415,1.2760245338918734e-09
229,233,0.8276534574419647,0.8205610964670996,1.4666205006798163,1.3399886573414899,171401889.4586544,178780483.88041,136043914.5031345,172959250.99113542,131614217.85894679,4.821718259969318e-07,1.976554094808041e-06,4.885987542290435e-07,2.0028998301440968e-06,0.7934947,1.0338259,4043,13683,4285,13482,1.8132243978553138,1.4021482120264406e-09
230,234,0.7536782332158954,0.6919222195904215,1.39030514511985,1.210218300024917,165021089.90995333,180173662.35471433,155411208.6337687,176578251.40025607,152309938.69972372,4.735002191822821e-07,1.8617521325284614e-06,4.773333981524006e-07,1.8768237815644547e-06,0.69029403,0.73470736,4792,18822,5180,19136,1.8826973314242599,1.5325905078450168e-09
231,235,0.6451607278891095,0.8639286331661872,1.3325051862559893,1.3737078639104339,170974240.4666885,253002444.74931762,116312788.80285983,245029771.76105848,112647512.6416098,4.6122215729847153e-07,2.5345196864211957e-06,4.6716737698593897e-07,2.567190008303052e-06,0.43598735,1.2699338,6225,12828,6825,12876,1.977739941558186,1.368364760202166e-09
232,236,1.349419012274292,0.8680522580910299,1.8619061215491368,1.3429847175653098,167931643.84492975,297460284.6838094,149232765.59869894,285592792.57161105,143278966.8571068,1.775426698002993e-07,1.4399592009420383e-06,1.8045771119780961e-07,1.4636016339762679e-06,0.7618165,0.97681928,1978,13017,2084,13182,1.570748842307442,1.3877487286298889e-09
233,237,1.1022807342960432,1.7451785097710957,1.7051234928790753,2.1719557072028834,169799669.38159004,245685022.90140006,303362904.51903045,240509869.57732734,296972813.9665751,1.2200976504201364e-07,2.3947180717565155e-07,1.230531973442983e-07,2.415197794753074e-07,0.7618165,0.97681928,2754,4588,3011,4609,1.675495040753886,1.1064261095966323e-09
234,238,0.8908262059318875,1.4324705299554865,1.5623965610450545,1.9461831765985877,169247217.98070213,197908363.83601043,248194990.61720827,197431663.2894034,247597165.0104523,2.066055647841163e-07,3.8278198153203344e-07,2.0680496083839392e-07,3.831514063190464e-07,0.7618165,0.97681928,3714,5912,3922,5667,1.806040789438692,1.1764823778284477e-09
235,239,0.9248710927344765,1.4484771368505371,1.647590445549262,2.0456358726841977,168750891.28823647,228179101.1512202,214184125.8816079,220398113.60313243,206880371.90907216,2.0297386311972849e-07,5.358375874683301e-07,2.058103988672941e-07,5.433258544224191e-07,0.68399262,1.1412228,3634,6143,3909,6185,1.8053913870493712,1.190149362480733e-09
236,240,0.5525152837570518,0.7281199799901827,1.2748665746216419,1.2937875647320174,165364317.3701659,121160700.7610244,117117766.83966956,119089999.60594669,115116161.58687921,1.1371717251806447e-06,3.0412558035494875e-06,1.1450399672804974e-06,3.0622986561108348e-06,0.75409198,1.0280683,7860,16656,8404,16486,2.1333021395403176,1.4988780970963044e-09
237,241,1.0427169741934195,0.8881469072893191,1.6178267677251656,1.3717716855213709,171547535.21995258,285056321.31369126,224229739.8520367,275541760.9703773,216745438.57165912,1.5640405209519746e-07,6.94601250627229e-07,1.58542352882533e-07,7.040975928332253e-07,0.62750942,0.67947906,2839,12325,3008,12337,1.6773154636845906,1.3612309140340264e-09
238,242,0.7724895479090097,1.2383316703281402,1.4569963461832263,1.7519810157913684,166793326.67600816,159712021.17691687,211428542.67243174,156635527.42492336,207355846.16698647,3.5007317422538576e-07,6.486065018605856e-07,3.5280746462199393e-07,6.53672524223308e-07,0.80674016,0.97690433,4674,7605,4926,7537,1.914533701562203,1.2521656903750247e-09
239,243,0.672925807538074,0.8826267056015151,1.3225077170417001,1.372960992656557,168611018.7987373,137727645.14280397,230080837.2584847,137919890.73979098,230401993.02839687,4.1755065897509663e-07,6.828131612712431e-07,4.173177531410019e-07,6.824322945058856e-07,0.8238194,0.6468187,5264,11595,5364,11172,1.9467779410171617,1.3519884148352034e-09
240,244,1.1502318776760312,0.9245252765562411,1.7555851767538904,1.4537978664186113,170190869.94258624,256963407.72007197,161079704.63176852,243875722.52138796,152875577.4962265,2.3512371477529013e-07,1.2856182257238174e-06,2.400919064949678e-07,1.3127834898904373e-06,0.7618165,0.97681928,2593,11954,2807,11970,1.6656364175983387,1.370168953883021e-09
241,245,1.7271498974908883,0.9571642362612041,2.1575119196939627,1.390320708604076,171688331.07964066,389242663.3245448,168233708.79084715,382943236.0926472,165511047.30911598,8.877168863393602e-08,9.293785360496862e-07,8.935294975706234e-08,9.354639403039794e-07,0.7618165,0.97681928,1289,10529,1273,10394,1.425956171483056,1.3012941813712702e-09
242,246,1.232458964388902,1.125078964056135,1.8143025349392223,1.617379287799832,167667190.25782037,271250270.46165353,193115382.32688388,257269743.41763687,183162010.40713754,1.5632255337624882e-07,6.988612260883002e-07,1.5966665494526416e-07,7.13811486765407e-07,0.7618165,0.97681928,2343,8786,2505,8734,1.641518098399015,1.2868543552480897e-09
243,247,2.4982303660729124,1.9398875507494888,2.9281672985054206,2.3458610102027264,166313769.4334046,912245531.4374545,306847961.03191996,850868253.7334844,286202759.8573232,1.6530165407992784e-08,1.637968124909704e-07,1.6997183737511348e-08,1.6842448026451915e-07,0.45545864,1.0514328,931,4143,968,4155,1.4366726755793757,1.1195578532591265e-09
244,248,1.0482106107885825,1.017863551346659,1.643514641862679,1.4941998288685223,170072417.73954913,208045106.29099828,131544673.88248341,196875061.03802663,124481974.90219831,3.316577136715235e-07,1.6496598854246775e-06,3.3906020641952094e-07,1.6864797597563594e-06,0.85688972,1.3159827,2884,10063,3070,9943,1.6946190651056219,1.315463848931596e-09
245,249,1.6924638723838803,1.8496000814308662,2.232569064875877,2.302923851087561,168474961.45515364,510936939.12299514,395126504.9088683,477093695.75777555,368954268.2946344,3.2134011104962273e-08,1.1771437879698439e-07,3.30270960180712e-08,1.2098595716969932e-07,0.55806845,0.7886368,1551,4368,1675,4342,1.538849757167121,1.120936752158499e-09
246,250,1.0963093674495226,0.9756382862417118,1.702083892740792,1.4883286704944456,170047298.42685717,244710433.77880105,169841707.89218235,235363068.95920745,163354152.8634249,2.160632765071197e-07,1.0469303876319127e-06,2.1945557857884946e-07,1.0633677210850298e-06,0.7618165,0.97681928,2693,10747,2805,10600,1.683697362578407,1.3374672471350282e-09
247,251,2.1086818113190073,2.786139617214605,2.6005904366452266,3.18574977962477,168578061.9636008,466618264.4377663,480827955.2283681,450780265.15305483,464507649.33517295,2.670964920140102e-08,6.478731178436163e-08,2.7081138598649496e-08,6.568840184446093e-08,0.7618165,0.97681928,1193,2546,1293,2446,1.4975061577960074,1.0357856769708764e-09
248,252,0.24241534335333143,0.5651469903180077,1.1430290458361057,1.2790205504926129,167990844.7087916,51574360.13272639,118309398.12058003,56334042.03741229,129227906.85126774,1.1361079047002434e-05,8.426978417028254e-06,1.096692202253406e-05,8.134615981702058e-06,0.7896086,0.80246812,34508,26701,37428,27317,3.1306304424264497,1.6638967067869623e-09
249,253,0.5751617451097167,0.5668453354548263,1.263647099998015,1.1148828542184877,169613714.3778303,161885859.5444588,142769073.20065987,159113346.4367932,140323960.77433708,8.387461453637185e-07,3.2180411227258643e-06,8.445618494290273e-07,3.2403543994463815e-06,0.60261792,0.67342836,7303,26431,7886,27075,2.0646425999566436,1.6362533261659502e-09
250,254,0.9207537091887024,0.8964000733857962,1.5283333167170852,1.3794787300796307,169948342.80263603,205594157.6127875,161976865.14852718,196547144.7541407,154849197.7146989,3.314817701425213e-07,1.4091236201445287e-06,3.375027076225839e-07,1.4347185275655971e-06,0.76111388,0.94051522,3494,12621,3749,12897,1.7558693680218358,1.3714277115547722e-09
251,255,0.5722286935398799,0.6940452156842908,1.3086060807773836,1.2668495518805927,165527541.39252117,113746445.29591273,142118200.69576696,114886491.35700738,143542608.24091324,1.135576411205479e-06,2.4902841518539743e-06,1.1310554829597776e-06,2.4803698952254947e-06,0.83272588,0.80836654,7588,18525,8230,18592,2.1040582518481212,1.5370429608560236e-09
252,256,0.5641025052523903,0.5037375013172392,1.2779430292024676,1.0955901839351811,171032974.8180821,159238973.36891693,74746305.3162608,153290527.07050365,71954122.1353978,1.3595182049478058e-06,1.0755498813458632e-05,1.380379967596301e-06,1.0920541593022705e-05,0.60588264,1.1526419,6982,30047,7147,29721,2.0851620565538918,1.7195596946306159e-09
253,257,0.8973021558864838,0.9518927609574195,1.5396661353366423,1.4820274092150503,170250577.5351923,200528880.98806867,165906115.51460105,193040084.6037159,159710314.13234687,3.897698880821668e-07,1.263433087227908e-06,3.9574921020775286e-07,1.2828149677775589e-06,0.7618165,0.97681928,3927,11243,4515,11414,1.7756768748430956,1.327856583325804e-09
254,258,1.1475772191075189,0.7420505958794467,1.7258907986680037,1.1593462668245353,172197819.06524748,240886154.41726223,209251953.80493143,220228392.19725683,191307057.31957304,1.9583440875233112e-07,1.0457441566899114e-06,2.0298521839116046e-07,1.083929057101692e-06,0.82034725,0.61064899,2297,16522,2326,16686,1.629129246101646,1.4402003761132912e-09
255,259,1.064793735186211,0.7634027735817259,1.6042238049539972,1.136618418633809,172200619.78342128,336915369.86450297,181302157.7547249,313687922.64961094,168802917.06740478,1.6803651428052357e-07,1.3085672601321177e-06,1.7290711885842308e-07,1.3464965977822004e-06,0.54422611,0.72507924,2562,15648,2723,15916,1.6201001088554146,1.412993344727856e-09
256,260,1.51767794814833,0.8845718751849752,2.04990474802814,1.2304660847208964,170465826.9286173,315369164.0246643,170001144.6368817,293487865.80994236,158205933.92201057,1.5599342686759597e-07,1.2355800258258967e-06,1.605454232646078e-07,1.2716351080092834e-06,0.82034725,0.88698977,1564,12413,1726,12644,1.455160006572713,1.334886028847969e-09
257,261,1.1142736224380863,1.004230460442328,1.7070727925358358,1.3450873193069208,170341723.28495252,231374322.34589702,192857181.66398638,223432672.42919865,186237587.03841347,1.925897295393126e-07,8.539622063620754e-07,1.952992228738621e-07,8.659763719753196e-07,0.82034725,0.88698977,2369,10095,2417,9912,1.6213535731723772,1.3024879582257591e-09
258,262,0.522827067653877,0.5498208507115516,1.2747102287173302,0.9825187539412786,170797910.64688784,95276645.13629739,108967606.22250776,92302237.35783657,105565785.18772192,2.2543234622663105e-06,7.3937746396681975e-06,2.2831051955037666e-06,7.488173537101869e-06,0.93724722,0.86179972,7920,28880,8401,29966,2.131105908382841,1.6519032915055047e-09
259,263,0.9294731411287989,0.6315030519025248,1.5344260697940368,1.0649956793690016,172671080.74540278,195640482.49388778,122935256.02446254,172627639.1548135,108474599.6629739,4.636454142894915e-07,3.3382431910808202e-06,4.87444670461637e-07,3.509597640884237e-06,0.82034725,0.88698977,3061,20762,3100,20643,1.717699604466389,1.5353955390805266e-09
260,264,1.162219953836606,0.7848112474567606,1.7579836066308545,1.1638065590606805,170975893.28588638,242228635.25402853,151279990.63025323,228006250.2292211,142397629.25693193,2.5945877731914436e-07,1.9135023336606716e-06,2.6581522925245524e-07,1.960381016023501e-06,0.82034725,0.88698977,2229,15358,2300,15688,1.590288253523561,1.4115090840051312e-09
261,265,0.7039721181491978,0.7044636321841021,1.4577683416984637,1.1222936709559932,172092587.25804886,147679392.07430062,136679106.33486181,137753913.67624354,127492953.15304291,7.217006071340084e-07,2.8354249807056585e-06,7.42067566800854e-07,2.9154429073216955e-06,0.82034725,0.88698977,4785,17987,5014,18219,1.8775191717658246,1.462310039685349e-09
262,266,0.9050906235279472,0.7518220365885644,1.5394818159834407,1.128624458510675,169835768.43827662,179163366.78736305,195151645.02224517,166309693.15015206,181150928.24704716,3.5413466941599414e-07,1.356537445220971e-06,3.648388741780492e-07,1.3975406449500076e-06,0.85796982,0.65429258,3235,16570,3391,17033,1.7134409767838783,1.4418364265235095e-09
263,267,0.9401697170845281,0.5779748339102889,1.5388485925418778,0.9815147304368878,169332897.94824705,140596748.1487317,104720878.22788839,134583926.26231447,100242339.4503956,7.785639256560322e-07,5.119731366456588e-06,7.922953551482372e-07,5.2100273947734564e-06,1.1323282,0.9345811,2949,23948,2992,23838,1.6877355244711825,1.6106041081753261e-09
264,268,0.7203078618335228,0.5483059145555086,1.3732650971317546,0.9788446555128462,171937615.42844293,150970233.81015325,106285793.43591045,142411081.4597346,100259994.33800972,8.817345300229648e-07,5.531620216733382e-06,9.025616285665507e-07,5.662280404620769e-06,0.82034725,0.88698977,4474,26353,4520,26226,1.8813467280404408,1.638682065131793e-09
265,269,0.7999981783313351,0.6508580832382347,1.4472509905258675,1.0887382739493852,171729894.2813547,217139117.45412993,120111525.82971369,202501810.90061846,112014830.74873213,4.6819560132245904e-07,3.2621426909302778e-06,4.814497793619929e-07,3.3544908887643183e-06,0.63269854,0.93056673,3988,19824,4152,19669,1.834794330576108,1.5215568613549116e-09
266,270,0.23701635105278224,0.34698898312182375,1.0592361618553148,0.837388950346525,172152223.70902702,47696405.152450286,63073693.81560574,44373499.61544638,58679485.78778336,1.831738868434573e-05,4.231614472742639e-05,1.8854210323226743e-05,4.355628995528394e-05,0.85547101,0.94706559,28710,60944,29745,62070,3.086519259187699,2.023898169414446e-09
267,271,1.674987292730761,0.9154007760976628,2.131406171582605,1.2882358968128378,173069226.04468867,226404661.0301001,152858930.70712474,202108207.43038443,136454984.3381317,2.0328256024950753e-07,1.3593993053677567e-06,2.127260554683852e-07,1.4225502260617375e-06,1.280401,1.0364308,1333,11316,1362,11252,1.4413079316749553,1.3079550844096195e-09
268,272,0.34175831077943597,0.4241283331581759,1.138159501388975,0.916389173148173,172379320.6645573,61301913.81031025,84206678.50612251,58984540.880015574,81023445.46834262,6.595426593958643e-06,1.442352117499622e-05,6.6978778501000335e-06,1.4647571559199401e-05,0.96101511,0.86823225,15566,39623,16215,39250,2.579234066417487,1.8302465520426935e-09
269,273,0.3578296943099413,0.4295538376399558,1.1626269986427809,0.8930963170125604,171035441.5382733,88495989.2193321,66909333.28683485,85329298.62071489,64515087.417069726,4.468709379760474e-06,2.0094410063027213e-05,4.53432114960674e-06,2.0389445988662302e-05,0.69157439,1.0980371,13636,39593,13851,39228,2.5252595251328316,1.8464802947978664e-09
270,274,0.7810682718506761,0.5977321329250316,1.4651556007280626,1.0286807908203033,172013928.23925722,146092347.0034417,122010374.28495038,134260902.50358823,112129234.02423069,7.883225654749985e-07,4.019364885331098e-06,8.154082851055261e-07,4.1574649412533435e-06,0.91965544,0.8427009,4040,23192,4188,23303,1.8142828049407191,1.569357051893955e-09
271,275,0.45026902072102787,0.42415575964065255,1.2009493669027407,0.8810990899993263,170525131.89050046,95998770.71139537,79192002.95850171,89464398.63686092,73801621.30232225,3.4867953928426835e-06,1.7065189104220537e-05,3.586514850127979e-06,1.75532393636183e-05,0.79982466,0.91333991,9879,43439,10348,44351,2.2682353021060417,1.8598097836484563e-09
272,276,0.9948538785899134,0.5815899726107682,1.5506498840584686,0.9845374611885402,171000436.11991185,207376141.15785846,112123208.54547052,188231821.15683344,101772342.85787833,5.209549105275935e-07,4.835998200562125e-06,5.415348792671467e-07,5.027041014020416e-06,0.82034725,0.88698977,2791,24705,2936,25207,1.6500454430306726,1.5920304127276708e-09
273,277,1.1727028445010443,0.887967452742139,1.725085349855187,1.2677737960872701,172689372.51385772,226625808.02549446,153627128.80151695,206912021.59182355,140263371.0106547,2.3491026133066858e-07,1.4675710422914229e-06,2.436191618266873e-07,1.521978755712522e-06,0.89360219,0.99814755,2171,12136,2150,12025,1.6045921750047052,1.3468853008157544e-09
274,278,0.7557105864069456,0.5028515045962813,1.4412085742814345,0.9830676998401432,172432743.57474715,177702111.45665875,107448614.96774691,158589445.7816416,95892030.53389753,7.441606637063993e-07,6.201726556603944e-06,7.788145063907734e-07,6.490526632912265e-06,0.73330164,0.80697238,4152,31309,4183,31678,1.848374408849555,1.6869723288472312e-09
275,279,0.2358597087602551,0.2949781958503684,1.0754479937361776,0.801185992670729,171352320.79168287,58667461.60970733,59798718.20055388,56281078.76353405,57366319.87580107,1.527253554889496e-05,5.1480007106176936e-05,1.5528342395359435e-05,5.234226984124405e-05,0.68888456,0.84525555,28352,79417,29174,80146,3.1019821106954493,2.214768868028483e-09
276,280,0.5295079396000726,0.6918293722524191,1.0954094572445263,1.1428090746477981,136304073.83730304,82454696.72355631,81062164.34834445,85043314.68047746,83607064.54926981,1.3603349720834903e-06,3.5474585225073003e-06,1.3436184261946707e-06,3.5038653969925226e-06,0.87531811,1.1632944,10859,23036,12017,23580,2.6262147214692884,2.009450774555055e-09
277,281,0.4600819238145447,0.6512844766732246,1.0556203020957664,1.13109634618002,134628250.08552518,58294589.62529324,63680942.11139112,63928128.11068979,69835013.02048926,2.929591633333504e-06,7.047916040901529e-06,2.8234596862699196e-06,6.79258726277063e-06,1.0625347,1.3768843,14077,27334,15333,28466,2.8614330968614112,2.1497284185258084e-09
278,282,0.26016114894652187,0.39162901161786967,0.9376590878748903,0.9496059654567199,139173037.4967806,40289094.18886762,49496836.777113214,43854381.04453673,53876940.75094249,1.0598142483060607e-05,2.2542571266529638e-05,1.0244707446342725e-05,2.1790804198287644e-05,0.89869028,1.1011653,32458,58249,34301,59544,3.4322323523318743,2.4940373052019575e-09
279,283,0.3378056535587466,0.44886947931923143,0.9773487765423977,0.98308452551441,132569005.46707381,40364535.944275536,41802623.216503344,45144767.12070391,46753162.05167995,7.2339366753849075e-06,1.842945764577404e-05,6.917222117657869e-06,1.7622583354588744e-05,1.1094531,1.4235035,21405,45099,22475,44626,3.1514180731762087,2.4604242929553744e-09
280,284,0.44063441881854687,0.602351347010095,1.0273077936851298,1.0725681434243863,134490872.36896163,73109606.15677468,76643264.6868084,75309497.29622337,78949484.72746044,2.2631536866856267e-06,5.583788192223978e-06,2.2364743693995893e-06,5.517963384251462e-06,0.81058168,1.0569847,15385,31022,17951,33965,2.7814594763262948,2.1098566449533286e-09
281,285,0.4813819118505991,0.6540287743504037,1.069067865022498,1.1266864034896311,136841398.77026394,66080942.78184404,59568501.329808876,69353144.02136123,62518218.989423394,2.5129190416033395e-06,7.427749387946782e-06,2.464804781576813e-06,7.285532046461908e-06,0.99685282,1.5024419,12634,26004,13670,26809,2.75124500036881,2.077873660562989e-09
282,286,0.32232639866585333,0.4899115447005537,0.9636678464312413,1.0066844857170485,142566397.643092,37503529.57499308,52489568.46510218,40287499.45294906,56385985.126940586,1.0125599106915872e-05,1.728298808827258e-05,9.839691009417128e-06,1.6794982767181357e-05,1.2252957,1.3306439,23685,39783,25834,40604,3.0930233813699153,2.2047416818172645e-09
283,287,2.329839907402113,1.0779916461448376,2.6338261870103663,1.434973702286554,148004124.931537,340982430.96032435,122042761.74034704,289428128.3360899,103590698.23039076,7.741917508659212e-08,8.071991320952363e-07,8.266564261150761e-08,8.619006195231364e-07,1.0112718,1.3073058,1212,9974,1209,9751,1.6708958862256238,1.493624942606355e-09
284,288,0.33851491034561443,0.5155626410963517,0.9795915975907186,1.0335464062297228,136073578.0088659,51460288.209611915,61118152.71780037,57184514.572002016,67916679.37164974,4.029191725756767e-06,8.640676270425849e-06,3.86273970375905e-06,8.283716826811898e-06,0.89511615,1.1478497,20893,36374,21275,35579,3.150232812917829,2.3009950549394692e-09
285,289,0.32986406976195415,0.40382111799430676,0.9697227078813877,0.9547599699545568,142211781.82851893,62077892.87194577,58324753.58250164,65145061.58270658,61206485.725377396,5.632336797790589e-06,1.615478692086608e-05,5.524726760604115e-06,1.584613754784281e-05,0.75567251,0.98462689,23586,55827,26327,57953,3.0646227002471016,2.3861472917458596e-09
286,290,0.172180828539186,0.31103572457911327,0.8924474420336403,0.9000634724578295,138974805.00648054,21381833.670715928,31563957.183255408,23533967.65128638,34740946.85876625,5.350342670729865e-05,7.998379571993827e-05,5.1489836861901386e-05,7.69736229371915e-05,1.1191181,1.3694775,65653,84016,69619,85049,4.117401299076197,2.754589831267744e-09
287,291,0.1733962270846851,0.2987450642792747,0.8789899703951853,0.8643778214494111,121670286.64506622,19016763.275384482,28124638.11021498,21437455.072012816,31704694.2833211,1.841694557238319e-05,2.8701786935403517e-05,1.7555085697915653e-05,2.7358626182285218e-05,1.1093985,1.2924041,48008,68529,43302,57928,4.184987242858228,3.128666184549183e-09
288,292,0.19849943689106914,0.31774390962712673,0.8908905931950066,0.879328966383009,125244354.02002974,22859880.400017813,28154159.03812583,25651105.299631484,31591823.118592273,2.6791440954809946e-05,5.392873953778304e-05,2.5584870350378246e-05,5.150002239748079e-05,1.0875356,1.4134903,49080,79287,51450,79682,3.872646426250762,2.925797154942339e-09
289,293,0.37341770724524725,0.43678560163274455,0.991283903920013,0.9546590533853742,133700149.2052444,42840828.453812964,37621761.38811358,42229639.507799484,37085030.294905104,6.2505277690214434e-06,1.9909221190735848e-05,6.2865573750022295e-06,2.002398292308774e-05,1.1653837,1.5522479,17215,43857,17899,42803,2.950523065854119,2.414276291155566e-09
290,294,0.46384034747602937,0.6868961049188691,1.0386594403594136,1.1296734096087397,128530277.8715489,52464179.52427912,54057271.85092759,56788361.08806945,58512758.63154917,2.780587945424354e-06,6.78943146803105e-06,2.693878820061158e-06,6.577711617459487e-06,1.1363473,1.6332113,13285,23882,14606,24814,2.755939548214587,2.0758270926541748e-09
291,295,0.5110625601773386,0.5948375609127552,1.0890316325061544,1.0861211503451924,134961058.3457541,76515634.21010093,67454374.77972475,80624333.27509308,71076506.7720712,1.6687060296114254e-06,5.3025203199349314e-06,1.6341557771668214e-06,5.1927326087410945e-06,0.90143073,1.1901364,11431,29131,11930,28713,2.742584775469051,2.189137481149043e-09
292,296,0.5346314943329635,0.7353042567652155,1.0957301807429989,1.1838795550780163,141267341.3541022,80901529.36749774,61794477.4880031,84368902.07431339,64442937.73775355,1.934294264427553e-06,6.381775916979005e-06,1.9020953229821035e-06,6.275542634459502e-06,0.93355429,1.680967,10832,21338,11748,21526,2.6207051594962305,1.93516633574554e-09
293,297,0.3217812663412628,0.4943163529884652,0.9713313374811914,1.021442229780016,137901020.99211895,55311174.73154241,50951680.41367397,59825292.79707697,55110006.50493931,5.290954913604047e-06,1.4228054206807256e-05,5.127495413507947e-06,1.3788490712889535e-05,0.8022604,1.3378701,23760,40295,25118,40504,3.2191281013010795,2.3268469797838704e-09
294,298,0.3805225187810888,0.5342724730421989,1.0042823047401217,1.045514103986392,139322280.01976293,49259045.923941724,49154320.70866564,52939842.14560416,52827291.52142153,5.483894797813509e-06,1.4593488456983791e-05,5.328076556032449e-06,1.417883212299904e-05,1.0762544,1.514334,18009,35478,18889,35725,3.0067730039359906,2.2296862607422232e-09
295,299,0.38135490978272835,0.45526421792495375,0.9953586457995072,0.9600338966989562,141904330.1670138,72316719.50197552,47773036.01913966,73292839.13179854,48417868.89534957,3.551604211798128e-06,1.5276232043103618e-05,3.532607861433632e-06,1.5194524555772642e-05,0.74831814,1.3523102,16544,41574,17599,41888,2.8110688656775507,2.210641218466188e-09
296,300,0.11773572696803108,0.18220576097637697,0.858820172606683,0.8058535569346231,124741085.22495669,13082084.983675452,17793389.436932977,14403763.702368038,19591049.68616311,0.00011328564610372816,0.0002018748096277507,0.00010900722329110698,0.00019425066817196478,1.1226408,1.2773589,104857,173169,105107,164614,5.012167546102738,3.889656132715384e-09
297,301,0.31667589669025636,0.3499825314053937,0.9646075066317222,0.8822710078071885,146870191.42481676,44842844.622087,47894955.52777311,44711211.26655176,47754362.89225983,1.008529223655223e-05,2.8610746775309087e-05,1.0097158523555217e-05,2.8644409987503883e-05,1.0371833,1.0732237,22387,64991,24320,66676,2.926200773712855,2.368199332092008e-09
298,302,0.3712847711400076,0.5024777937527459,0.9943790973037637,1.0065356073539722,140004541.64690393,77320914.58525953,56661719.039383486,78905547.04017894,57822957.22989047,2.7337626991713157e-06,9.911757328200432e-06,2.711668476524806e-06,9.831650677651057e-06,0.67228323,1.2415644,17726,36624,18742,36795,2.914541701118269,2.193387876431063e-09
299,303,0.17521186890935184,0.2710694815923688,0.8903352678240686,0.8612805437181035,132079695.45765544,23849102.440740533,25730485.838430546,25681288.026682947,27707206.99133797,2.4314974247162715e-05,6.015926466395965e-05,2.3605647027167045e-05,5.840427189582831e-05,0.97034806,1.3914535,48818,85976,45898,79192,4.0853899076012645,3.044177735098319e-09
300,304,0.7008731300175679,0.813000223132871,1.1844231022729592,1.234569872935559,182279594.72825435,136811543.93917325,138701832.23479745,131202316.41903247,133015103.52708487,7.932256243684915e-07,2.2329954346541773e-06,8.066204562828765e-07,2.270702989218611e-06,0.93380183,1.0684311,5058,13115,5500,13532,1.7975402487393979,1.2570890496966447e-09
301,305,0.6683817424181658,0.7023514230612331,1.174620224441647,1.1629181573268506,179664880.83437756,152633578.84040058,134159701.1248882,145340415.79527855,127749259.97673328,8.105138353892232e-07,2.8541011280906433e-06,8.26543867928679e-07,2.910548448243075e-06,0.78675169,0.94057965,5716,17703,6214,18303,1.892617534005779,1.38793878118049e-09
302,306,0.7523662556879105,0.7759852659120167,1.2258524657194698,1.2062766977831494,181120896.43262753,122931713.00727317,137851056.02672464,113957178.96107794,127787346.95319524,8.446882973268068e-07,2.3869478997486803e-06,8.706936453537033e-07,2.4604346652827574e-06,1.1084955,1.019558,4499,14376,4811,14781,1.7765065644849116,1.3028453824779934e-09
303,307,0.662737047230406,0.5996747771205384,1.1569940201823397,1.0705538026867605,179579874.01452276,84197601.18343128,158630710.4161084,79867027.44469377,150471784.5200051,1.4875694118728332e-06,2.6618498881249655e-06,1.5193230220243957e-06,2.7186696526044507e-06,1.413511,0.67886931,5571,21835,5919,22053,1.8934473184478569,1.4877783862141288e-09
304,308,0.42756501419058496,0.559536642310198,0.9541521794121813,0.9976932313127144,182331061.48830423,114330854.29876024,106418552.31839646,109502650.59816067,101924485.94176044,2.223879661157546e-06,6.47241386161255e-06,2.2625949303889564e-06,6.585091381716769e-06,0.68186653,0.95867598,11536,24992,12404,25677,2.2251329566999805,1.495700383242189e-09
305,309,0.4575334560165225,0.44452186630571117,0.9642304259546509,0.9044699181247989,180299648.44915795,101027463.05256271,85384719.44447997,91457471.99877307,77296512.76756011,2.9928811196834145e-06,1.2082439232567154e-05,3.114422787833496e-06,1.25731101817038e-05,0.81654155,0.93865901,10047,36963,10720,37647,2.163686731796422,1.6976687082429998e-09
306,310,0.6669672935395268,0.7730229095390521,1.1354608946760938,1.1728210313112692,182545274.5717859,127069949.47465105,150236697.19394073,122496966.30601275,144829990.96308044,8.17872298589804e-07,2.0491274570643766e-06,8.299511067536594e-07,2.079390149051678e-06,0.95814729,0.93926239,5280,14028,5644,14425,1.819866248225822,1.2755322945906867e-09
307,311,0.7123371121971072,0.830388794537203,1.158676156016244,1.2095410840806076,182005060.2714653,135312138.7412535,160908138.35151333,130702509.58630738,155426539.63676992,6.287606792312766e-07,1.4699411588385024e-06,6.375386335589953e-07,1.490462601706866e-06,0.95814729,0.93926239,4750,11959,5054,12053,1.784178524373962,1.2457793527003675e-09
308,312,1.4807650216759696,1.088490139735135,1.724588864747458,1.3279083773351512,185501058.73719704,286681893.4089986,214973020.8465678,246941792.31626216,185173267.9599581,1.185424141357264e-07,5.366001621918717e-07,1.2583342996179472e-07,5.69604047791268e-07,0.95814729,0.93926239,1425,7400,1687,7790,1.2046052815109953,1.0100579179102843e-09
309,313,0.7109715471908151,1.005271131760598,1.1684169296730031,1.3665191143506559,181881101.25648332,152706576.64694867,212165944.78185433,147565272.5518669,205022770.8289358,4.322670898919586e-07,7.73988332463144e-07,4.382294937605414e-07,7.846642111863418e-07,0.84680235,0.86177742,4880,9024,5229,9200,1.8003144214009745,1.1560593681266898e-09
310,314,0.5890694153234242,0.8367729616969235,1.1151761130904447,1.259467439829105,183576075.94241872,104946149.09351811,130088349.09156437,99438950.11758645,123261777.282252,1.3617888444638209e-06,2.5965817229155755e-06,1.39146972927701e-06,2.6531755504676243e-06,1.0304242,1.1808244,6740,11951,7426,12356,1.878909286933976,1.2006151688846918e-09
311,315,0.5757867553617609,0.8593829846613229,1.1130692021409434,1.3010358257716337,177870091.75048554,107155328.61725883,208898452.1693732,101793746.220112,198446090.36529458,8.782830828663309e-07,1.1309260991259927e-06,8.965026705308218e-07,1.1543866525706077e-06,0.95576435,0.73173606,7183,12506,7579,12747,2.053831961692578,1.2927859349304567e-09
312,316,0.5033454736622452,0.5554748993355996,1.0020817148762278,0.9904004200342601,181066368.0227164,85036821.98619989,96953375.72442457,77954620.40483074,88878716.59633501,2.8675818083892853e-06,7.303447244047289e-06,2.9690798709689906e-06,7.5619527706394906e-06,1.0717585,1.0373834,8787,24571,9490,24971,2.073809289086428,1.512751730563904e-09
313,317,0.582154496578954,0.7301232894719383,1.0220011135652374,1.0872126173668424,182188247.91656604,121830254.900456,104073560.14585663,109941082.37222904,93917228.1804356,1.3579940228257441e-06,4.029873696450165e-06,1.4149331323988948e-06,4.198841612443398e-06,0.87056953,1.2781333,6861,14899,7528,15216,1.9021599936537334,1.2996821106378746e-09
314,318,0.6625017970214582,0.942648065475196,1.1616969088458085,1.3499555375541723,178796810.962966,109406727.32441519,227737453.51391044,105354756.60880356,219303004.2341137,5.942000675593911e-07,7.924541092603239e-07,6.032379403799207e-07,8.045074560144204e-07,1.0826867,0.74007356,5294,10344,5312,10364,1.9230887365956837,1.2354884122254076e-09
315,319,0.5470812650124084,0.6534753063608799,1.0565038020731554,1.0918634070286564,181385404.68470895,182807824.24170133,189867240.4829572,162821953.0842879,169109582.975427,5.173641903138697e-07,1.439694492370386e-06,5.418874505525967e-07,1.507936561229543e-06,0.54282445,0.62428296,7276,18313,7635,18474,2.013185453100907,1.4051097331316381e-09
316,320,0.602492908186528,0.7475580898449756,1.1173103868107233,1.1876041357215836,180785796.3545087,113679975.24101473,143887252.41503525,107072621.90597525,135524179.5422753,1.177437103125049e-06,2.506976309201211e-06,1.2059795132626201e-06,2.567748256876785e-06,0.95814729,0.93926239,6712,15448,7326,15912,1.9442970194584135,1.328512924393547e-09
317,321,0.8260316819679947,0.9663003578652513,1.2741752207762038,1.348428389108984,182509793.3921007,109798649.94667569,115691568.70871384,101111819.00864092,106538513.55897647,9.456182804892805e-07,2.5478954336397026e-06,9.773134822572498e-07,2.6332957072163865e-06,1.3730485,1.5243918,3819,9719,4146,10062,1.6746191620127688,1.1561802352674303e-09
318,322,0.5638807975826238,0.6683859695910207,1.0896436583418738,1.1334939983660883,178447640.118915,105018506.7443971,126984642.66424052,91554146.28413612,110704016.94643113,1.5152114942008795e-06,3.5094395433431773e-06,1.600694249565007e-06,3.7074294365673028e-06,0.95814729,0.93926239,7612,18979,8216,19412,2.0555461115703038,1.4304213698797126e-09
319,323,0.7524684377591523,1.0142136042291447,1.2540168023846108,1.4368356664599222,178900479.96222475,140497151.1963863,193176371.70675156,131689072.66631795,181065715.81332085,5.198052358598089e-07,9.611684467812033e-07,5.334426815147162e-07,9.863853579508427e-07,0.95814729,0.93926239,4785,9568,5179,9769,1.832180390276134,1.2060203102801976e-09
320,324,0.8982593243715642,1.1393773099878228,1.3680462788017471,1.5421830700381187,179538275.88258237,168316429.08797866,217789874.25968188,155357543.43372664,201021968.16472828,3.2751221838627863e-07,6.425102013333103e-07,3.3817786037897026e-07,6.634339513473965e-07,0.95814729,0.93926239,3625,7791,4052,8109,1.6802073867989649,1.1208105918660007e-09
321,325,0.6443996561064331,0.9685718546953631,1.1230166781833333,1.3331503180531157,183610634.63580048,112089035.09548497,171220403.9187635,103364950.63182619,157894022.22213638,6.932508288242337e-07,1.1100847796348102e-06,7.160878896888296e-07,1.1466531797337722e-06,1.0555772,1.0386618,5151,8685,5367,8734,1.8048065353935032,1.1214943981367231e-09
322,326,0.6273443663177517,0.7454559422798899,1.0425495566332337,1.083739435965316,183221585.58348376,119963841.36681567,145415829.67795756,107892688.11312857,130783614.29076135,6.792706061006209e-07,1.7118668618991696e-06,7.087060855800214e-07,1.7860488174148988e-06,0.95814729,0.93926239,4961,12911,4970,12777,1.8188057032621912,1.2710698984214704e-09
323,327,2.5242946687046204,3.024174952582834,2.813525376056765,3.2558551188650746,183402690.82687774,483185037.9500309,590507859.9335134,424480369.51650846,518763982.5323038,1.2602189867327774e-08,2.4328756264084952e-08,1.3272366488165443e-08,2.5622544394076445e-08,0.95814729,0.93926239,701,1500,750,1477,1.1714331768860364,7.520146344227472e-10
324,328,0.9466133598269225,1.1233583301754217,1.3393665148295568,1.4486080224294255,182020071.80310202,179828961.08329242,217696105.04594254,173133931.05513147,209591281.70983264,2.5774051141834595e-07,6.012856188239935e-07,2.6168188773337236e-07,6.104804981371344e-07,0.95814729,0.93926239,3042,7529,3270,7782,1.596777752686818,1.0921247600093098e-09
325,329,0.9401283407630012,0.8645153547218379,1.3882837396583565,1.293526714282244,179802977.86855444,192530217.99162915,174559112.28882077,171820427.3805976,155782409.58490443,3.23944394108019e-07,1.1739530105348282e-06,3.3903154742554436e-07,1.228627854056286e-06,0.87798101,0.89048594,3242,12080,3450,12327,1.6691253077049726,1.2646317172354818e-09
326,330,0.4430872861130291,0.47106442383439406,1.0233643186133448,1.0094796942209971,178668441.4339908,83917562.76493293,114269352.32865281,81555615.9884637,111053122.97821376,3.1351497550096782e-06,7.2317525042240915e-06,3.1711580394116785e-06,7.314811694771809e-06,0.94337481,0.73654348,11205,34717,11977,35385,2.2714758940061657,1.687046002941676e-09
327,331,0.5295536517817228,0.55224646965857,1.0973099468730434,1.0888121120831977,178762728.3605069,131736128.51331665,128548766.20470293,128873944.62566651,125755833.00133182,1.4021530860612076e-06,4.4094039337968e-06,1.4145273269939163e-06,4.44831767808681e-06,0.71859145,0.76796603,8622,26943,9435,27763,2.0941316980563696,1.558678491656125e-09
328,332,0.1870410845431097,0.43840359307319376,0.8746075785280955,0.9853975785351982,178105330.71213982,28999415.032009512,73784595.49140476,30066535.993381083,76499722.27545507,4.685458996082072e-05,3.355126218708375e-05,4.61821851902357e-05,3.3069771925988555e-05,1.1487478,1.0582428,50569,40448,53344,41465,3.5097209980512196,1.749903039019894e-09
329,333,0.7552249344280682,0.7265836869720506,1.2869430106689843,1.1574726634313794,167701340.37200567,130309697.30578636,130762634.39481434,121578911.57709114,122001501.75599161,6.041835975040928e-07,2.0417149949784203e-06,6.21178369928188e-07,2.099145355282576e-06,0.97193253,0.93183392,4594,16850,4795,16901,1.8935086940797154,1.4985848965034946e-09
330,334,1.2821530040261124,0.8101298669834858,1.6797519540508687,1.1830056457899651,163538695.57348743,227259492.4961042,133527870.62607577,210453055.8915084,123653133.7428088,2.0330175438879052e-07,1.3320364053493066e-06,2.0964661030783566e-07,1.3736080046514038e-06,0.9226529,0.9922092,2142,14000,2330,14196,1.5918075251006534,1.4364674503798268e-09
331,335,0.28201076940470887,0.5304767845823801,0.9891556469058799,1.0380486069770611,167525544.1721462,50779221.459483735,73793389.27281664,54335312.28995389,78961172.22419089,9.183747554395117e-06,1.55456462893482e-05,8.938434981545197e-06,1.5130397234943416e-05,0.9303807,1.2042869,24052,31672,25535,33393,2.8810714444888474,1.7263672191334554e-09
332,336,0.6522665777264174,0.5625913515600305,1.1720160372419217,0.9933420770010428,165453799.7350641,81897651.84327212,109600068.56232305,78464063.94113408,105005047.08100805,1.402145549674354e-06,3.7558910178002024e-06,1.4263738184668379e-06,3.8207906547570595e-06,1.3177421,0.84929579,5710,24944,6007,24966,1.9745926972027328,1.6698277246191914e-09
333,337,0.46964740446296194,0.4183894790245407,1.0786994814294082,0.9234747128270445,166581438.1122662,100778255.96690503,63240415.39221138,93927897.11207795,58941675.19861997,2.686069973930657e-06,1.5873010330403598e-05,2.7627794548118987e-06,1.632631586387265e-05,0.77630377,1.1020788,9728,42208,10199,42454,2.266875007089771,1.9137903894070324e-09
334,338,0.7659260231407619,0.6086865694875228,1.2770207551548425,1.0568197747611456,168033414.03287482,198416928.69432622,131927510.31202456,194293546.07370067,129185871.24532452,3.688988966936157e-07,2.1543829014530692e-06,3.7201075490847496e-07,2.1725562659980088e-06,0.64864004,0.77527183,4372,21882,4435,21670,1.8852724949523418,1.6103028660883045e-09
335,339,0.778564942149548,0.5429728592942347,1.2685665634531493,0.9818406918957703,166181193.2565248,103010634.92030473,87510264.67684098,100234993.69006622,85152283.88297397,1.0866794428207494e-06,4.883580142959516e-06,1.0986175440033952e-06,4.937230439066045e-06,1.2560145,1.0311005,4283,24999,4440,24306,1.8541567648378507,1.6928916053169962e-09
336,340,1.9908022111543708,1.4648470312475133,2.342221463082972,1.7867472680490069,167173657.61497527,940319577.9338409,224829020.0251366,865675304.9276357,206981684.7741262,1.9714747105692407e-08,2.78781293250836e-07,2.0377898296078123e-08,2.8815874787835084e-07,0.35393253,1.0892003,1209,5887,1279,5877,1.4766194910678943,1.1928311219579557e-09
337,341,1.6900498065560299,1.8583863238396738,2.0735322432281404,2.1467030910884666,167277152.29130617,306406362.42639625,313306480.23522633,291388057.36067665,297949970.46180487,5.655838327472115e-08,1.592408509584111e-07,5.770685405982864e-08,1.6247438513199367e-07,0.9226529,0.9922092,1548,4339,1676,4388,1.5483131646581199,1.1330690572682582e-09
338,342,0.9419971172000592,0.6555540574954541,1.3988851253823318,1.0652720250599028,162797408.33280072,266285267.3062709,131308647.36415544,251225857.27772316,123882661.01142028,1.920889529023653e-07,1.579454039941362e-06,1.966144849819613e-07,1.6166652893026683e-06,0.57590377,0.81276065,3205,19177,3264,19017,1.7516645607310926,1.5765481153002058e-09
339,343,0.7980619795253119,1.0524671418036187,1.3144275802556014,1.4272129429864784,167616586.8494196,144982392.73113883,177796124.12411278,145404919.62564713,178314281.1414348,3.313145193202473e-07,7.82824364318804e-07,3.3092908113355387e-07,7.819136574650823e-07,0.9226529,0.9922092,4198,9502,4205,9239,1.8942591839238005,1.3347713744707212e-09
340,344,0.7200316750921901,0.6842802922923371,1.2473877801393984,1.1216785446728244,167400977.73190203,114316676.74206863,133666838.79810986,112782674.12954475,131873178.53988917,7.347536685213899e-07,2.1584976640852418e-06,7.387349467669823e-07,2.1701935291912686e-06,1.0543869,0.85697538,4955,18583,5151,18618,1.9358334027107793,1.5435670147241095e-09
341,345,0.510200873801297,0.6667353945479627,1.139839698964637,1.1364671095064285,170939350.67755967,104685111.45578206,115902525.0144755,103744219.89566883,114860813.29381697,1.549835440917133e-06,4.07844554430665e-06,1.5554426106233486e-06,4.09320100524188e-06,0.83310229,0.98333764,9174,21143,9591,21383,2.3030593493170586,1.5960969475781725e-09
342,346,1.3475139904547873,0.8936583364088756,1.7804707146632455,1.2919091581803073,170648536.9223465,263743491.77276006,161674165.14727944,259702799.26821694,159197229.76245585,1.8712497744227616e-07,1.1810902971689681e-06,1.8828417048008134e-07,1.1884068599721346e-06,0.87187475,0.94326442,2118,12866,2248,13115,1.6481290105163942,1.3925459994016604e-09
343,348,0.6184426852229483,0.6935987834131405,1.2029951640198433,1.1417277748824588,171140712.93501136,147812450.0980992,112017907.20544009,147868342.615014,112060264.68459076,8.713472172119709e-07,3.605860488301649e-06,8.712154586166094e-07,3.6053152371048543e-06,0.71604741,1.0596787,6686,19407,6991,19549,2.117966192763738,1.5521311187459652e-09
344,349,1.3481225353165232,1.5185777140631396,1.8227677227620316,1.894271996004879,169981490.01807237,262831189.08999714,273656142.5105918,256725293.7727203,267298770.06600222,1.1172317828957121e-07,3.275152855028591e-07,1.127785685883555e-07,3.306091507178944e-07,0.87187475,0.94326442,2286,6375,2390,6476,1.7572847966617058,1.2592577926013936e-09
345,351,0.5624387578137269,0.5243146549912715,1.1574677480833382,1.0119788794494586,171581301.58136168,112055441.82678509,108095285.3664406,110007611.73319435,106119827.72922155,1.771721873620044e-06,6.160633972471912e-06,1.7848414099687306e-06,6.206253244060886e-06,0.86121631,0.83225268,8182,31425,8955,32222,2.1847118999351807,1.7314014677965438e-09
346,352,0.5835264846816338,0.5468547608425386,1.1899863167943088,1.048021144067718,170727450.05643585,79034435.54012243,87587132.84230328,77384352.0086615,85758485.81669635,2.808145650969643e-06,8.72870530179682e-06,2.8319456353612697e-06,8.802684032162938e-06,1.2605137,1.0659456,7588,29206,8061,29630,2.1919520028765165,1.725290552103217e-09
347,353,1.447602818222939,1.205320594781844,1.889299709749431,1.587121447510798,169268701.38859418,281042488.2324738,216294654.5101857,277283139.2699826,213401401.28666362,1.0560041474363765e-07,4.6333200548783865e-07,1.0617078580331108e-07,4.65834563527902e-07,0.87187475,0.94326442,1925,8099,1963,7961,1.6518310260462103,1.291097972801536e-09
348,354,0.4581005583292971,0.499242330421072,1.1454576895191708,1.0678854987508182,169868166.02212498,138460671.805259,77131454.9218791,137179376.2681505,76417691.3117972,1.715545050958014e-06,9.763430777337402e-06,1.7219366571857057e-06,9.799806391562873e-06,0.56201303,1.0994915,10606,32288,11031,32090,2.391010632495513,1.7944175380552193e-09
349,355,0.7885085261878275,1.269410810549557,1.4021782172201491,1.716895739899943,169779826.88480413,180533941.46555117,146978537.94972137,194286619.35627645,158175039.13317314,3.92253714945685e-07,1.2960680829135702e-06,3.809021765762582e-07,1.2585608114410233e-06,0.74153835,1.4663389,4885,8377,4996,8348,2.066270002174741,1.3465981087157594e-09
350,356,0.6013665372943151,0.9660049109162467,1.2745997566228198,1.4756231751254412,169696795.84314287,117747694.430489,201369024.5895244,120231318.45626672,205616453.38154382,6.307499954213133e-07,9.882235962078347e-07,6.25505563807346e-07,9.800069158951238e-07,0.86668342,0.8140673,6956,11912,6958,11606,2.2193090903711856,1.4392641570087174e-09
351,357,0.8586870781361338,0.6712056061752878,1.342950109375059,1.0898685024637522,173229274.20216978,170609068.91993865,123266029.68674734,159046110.07507405,114911725.67898926,4.943429338447929e-07,2.7261661960298618e-06,5.084168729981296e-07,2.8037801246166388e-06,0.87187475,0.94326442,3630,18905,3739,19059,1.7784000507244127,1.5028024582618138e-09
352,358,1.3704215171335585,1.0043919414653464,1.7871663692169752,1.3704867816173976,165935349.02616635,260818853.5779083,176688661.0290263,235218075.30266508,159345715.2538178,1.2294954685294947e-07,6.581001341325526e-07,1.281369104269298e-07,6.858660328382531e-07,0.87187475,0.94326442,1961,10101,2019,9989,1.6058336085581624,1.3408069955164634e-09
353,359,1.866568034635422,2.055934376804041,2.282864713104029,2.383986051103671,169624388.50715268,363143285.7552432,369712462.4675438,368578278.68065226,375245773.1379247,4.6797745427811806e-08,1.3790027986908825e-07,4.652048599618234e-08,1.3708327142416164e-07,0.87187475,0.94326442,1490,4208,1531,4170,1.6464669322085812,1.1797757818807925e-09
354,360,1.7561252158781482,0.946586407980528,2.1183238261263355,1.3147721729764286,172374829.4848917,307092087.83448887,147445924.57908106,279077882.81415117,133995300.07846595,1.3449313211869874e-07,1.178104745063309e-06,1.3973892266417943e-07,1.2240557214134229e-06,0.98573619,1.1066272,1359,10999,1424,11111,1.472605667978778,1.3219892281328161e-09
355,361,0.510165057938829,0.6383674875504689,1.1376537460133245,1.1126331887145247,171417193.38418975,100302322.54639399,116009001.02181113,95961312.74508668,110988217.87650941,1.560531586679699e-06,4.242728737639394e-06,1.5883949119003697e-06,4.318482750982666e-06,0.87187475,0.94326442,8737,22336,9035,22705,2.261918662188814,1.6071447174277227e-09
356,362,0.30272594485813814,0.48386607275715543,1.0063649045560021,0.9948130368499971,171270955.4425399,69481244.83701403,80673897.35612138,70576629.16950753,81945735.87041938,7.280608229449016e-06,1.5114821685937739e-05,7.235196552096225e-06,1.502054530352364e-05,0.74621809,1.0272493,23465,37171,25547,38527,2.8505724856018184,1.8056929249269985e-09
357,363,0.6729610743042248,0.6269368008006824,1.238130022702185,1.0898331326353425,171583817.24937236,105761372.45906532,116890567.71115752,97794701.16819133,108085569.17240584,1.213547446433956e-06,3.8923809071270555e-06,1.2521647173329177e-06,4.016243495585522e-06,1.0917902,0.92028135,5690,22426,5965,22698,2.0188823913650062,1.6002010601978046e-09
358,364,0.48202593763964047,0.4139556620740864,1.1305490483896352,0.9615812229814096,168916108.34100235,95370621.86216629,80651225.59450765,91607651.8899181,77469028.24472252,2.6300052258583828e-06,1.1734472661717174e-05,2.67269718775223e-06,1.1924954283119624e-05,0.85374242,0.86698967,9656,44203,10084,44305,2.309521389989833,1.940911770112121e-09
359,365,1.1325140852503388,0.831177039531785,1.5978925018343255,1.2403446109974465,167842397.4943473,239907617.33993155,152560102.14500466,221828426.20988306,141063329.86206734,1.9992953884494777e-07,1.1922626851685442e-06,2.062945240360501e-07,1.2302197293294221e-06,0.79232115,0.91443795,2591,13820,2664,13765,1.7060826061124967,1.4389479588173128e-09
360,366,0.8422124107329795,1.1395163829152928,1.4324760021257374,1.5917031474541863,169905612.2581839,237528997.4358178,189598662.300762,238129458.76585355,190077958.1600765,1.989650486321972e-07,7.669768306553955e-07,1.9876421448679156e-07,7.662026487707402e-07,0.60243851,1.0211582,4208,9437,4063,9240,2.000350691214374,1.368235684536189e-09
361,367,0.853508426192906,1.0206524031035493,1.4253385019836977,1.4730330375839296,170058375.6717808,166476040.94572484,184010428.1652956,169175887.0463176,186994640.39264217,4.0739334380089003e-07,1.0902738025229366e-06,4.0478018050352024e-07,1.0832804052861148e-06,0.87187475,0.94326442,4495,11571,4710,11651,2.0331468408859683,1.427223237936436e-09
362,368,0.8101854271034094,0.6454419965690414,1.3814441158159567,1.152583282639402,169886331.4318079,215452794.20547712,140731447.66827032,209013031.4572288,136525063.91008678,3.690152005194004e-07,2.1569310263405582e-06,3.735216356504699e-07,2.1832715937174946e-06,0.63883799,0.77915615,4381,21429,4428,21221,1.961209411472074,1.6186118278482546e-09
363,369,0.358889142850451,0.5607797932149168,1.0485646621319828,1.0590581753013875,170883265.97327307,70566049.94967614,97447994.44319764,71677461.56048329,98982795.27945356,4.487831408089267e-06,8.133285304003902e-06,4.459865999527376e-06,8.082603666082542e-06,0.86908859,0.9833746,16784,28249,17905,28678,2.657007270228729,1.7132071390894617e-09
364,370,0.18214474860329333,0.39991552450454615,1.0261372707281533,1.050528373585686,169940060.36893228,28725141.398571935,82170833.85059723,30761638.660009257,87996416.24842946,3.778309387427611e-05,3.068581881939317e-05,3.6761955144108245e-05,2.9856493455841357e-05,1.0775818,0.82707775,51019,53725,53111,56199,3.713000970116954,2.0062925281380152e-09
365,371,0.7962177942311541,0.6948864204174381,1.3420416038549692,1.1552667101953376,171087878.80675,160828859.80801263,145141553.2450503,155960828.03828704,140748351.09745276,5.407563364484303e-07,2.079851479536649e-06,5.474456350878518e-07,2.1055797914111602e-06,0.84700727,0.81910825,4569,19066,4779,19007,1.9516467123138492,1.557279890114792e-09
366,372,0.9499522002369178,0.8083648403798391,1.499405065177758,1.2895008148534195,169377601.6500591,253784874.16219115,176026413.33045697,249141876.77314904,172806007.93713382,2.1483453105176435e-07,1.1040034582421392e-06,2.1642712442491501e-07,1.1121875643210087e-06,0.634004,0.77783155,3527,15253,3626,15188,1.868783150163916,1.4949124204069563e-09
367,373,0.7704051328979304,0.6698607140683068,1.3279911686489962,1.1365909963945429,169132399.2337505,172590774.25363317,130528681.90780738,167012405.83022675,126309817.48326212,5.264851682277498e-07,2.5248450390139836e-06,5.334499503110034e-07,2.558245781431687e-06,0.75496775,0.8679713,4718,20405,4962,20698,1.9475333743921615,1.576503554858544e-09
368,374,0.3538777793260806,0.5272928123177169,1.0633781474736268,1.0617035756343944,170404369.9924574,61029583.960016884,87389540.76413509,61260074.56179246,87719585.08907777,4.894490663877872e-06,9.43618278274516e-06,4.887116137829155e-06,9.421965291996761e-06,0.98808342,1.0281894,15669,29787,15949,29549,2.6791993694624714,1.7560510712249223e-09
369,375,1.485361244163189,1.1241163417367395,1.8848303051590416,1.474224229031488,172538013.6341792,215874185.93533772,211580988.09128472,198522594.84573755,194574476.7671692,1.4734444998004233e-07,5.436719637480849e-07,1.5236670990766873e-07,5.622031124793456e-07,1.1871789,0.9166835,1719,8499,1775,8482,1.548506733146743,1.2571192213430859e-09
370,376,0.6720928258010439,0.5792412077685103,1.2272192040623224,1.0348014210662166,166728953.75733396,135100026.64161912,110950914.61560395,127147456.88061137,104419865.6553487,7.69127690136789e-07,3.498352439912864e-06,7.880205618910312e-07,3.5842860564579394e-06,0.82943976,0.8704415,5492,24533,5676,24601,1.9913682393482237,1.6572456522239068e-09
371,377,1.0518299993717746,0.8647318060994,1.5403335205521032,1.2860374544457815,171662411.50555834,207093592.4982903,157370450.9500951,199142262.85439622,151328234.40144548,2.7739736359142593e-07,1.3753818331665172e-06,2.81775752904235e-07,1.3970906087705916e-06,0.87187475,0.94326442,2947,13605,2973,13625,1.7830885134209646,1.4337500760593176e-09
372,378,0.8207741678439245,0.862945031514338,1.4069896843161995,1.340032056836381,169660919.3156943,159717092.2394234,155214215.93070728,158641493.23529467,154168941.1029423,4.288874870470481e-07,1.4609216143883135e-06,4.300482830222609e-07,1.4648756395844305e-06,0.87187475,0.94326442,4326,13889,4377,13781,1.9612341185550697,1.4674721586351355e-09
373,379,0.6667815267326945,0.7988167955002791,1.2478672113745333,1.237418848737226,171593749.79359198,131229333.6458697,145316590.3766346,133436784.86995481,147761007.91953257,7.177841577293624e-07,1.97611814679255e-06,7.130106396586601e-07,1.9629762634255537e-06,0.87187475,0.94326442,5831,15415,6049,15393,2.0553090885736087,1.4816834580232802e-09
374,380,0.5781050367679134,0.549210885230395,1.1808907195054854,1.036265091783576,168472167.66257295,115999113.7855318,91644886.25615671,111272009.45450896,87910246.1834874,1.4379191006214135e-06,6.517256823131653e-06,1.4620490698390867e-06,6.626624037502667e-06,0.83961511,1.0096226,7231,28155,7622,28729,2.131374192989767,1.7015070155511925e-09
375,381,2.356812613489545,1.2190034883005882,2.679669895803539,1.556932547674934,169788041.48406455,458963397.8840762,219421204.12089714,421430573.1720676,201477512.6842053,4.523176148178451e-08,3.8155475483744995e-07,4.680198858417139e-08,3.948004830041857e-07,0.87187475,0.94326442,951,7552,971,7571,1.421955277064654,1.233819416114635e-09
376,382,0.659834130074427,0.6744901911524258,1.2470020077943746,1.1453524587135695,171466791.12985417,129765933.6525353,122608959.1352003,129580955.265938,122434182.85297562,8.883214687353154e-07,3.2781831207802994e-06,8.888284875468401e-07,3.280054178239064e-06,0.87187475,0.94326442,5888,20407,6046,20623,2.0679725929237187,1.578218831284571e-09
377,383,0.7526002352346118,0.5424553793551767,1.2819785438310458,1.005786140501577,170799450.79292333,147433684.53404185,98223869.05416307,139419105.13095078,92884363.36181471,8.502411097628347e-07,5.402720972824729e-06,8.694645327069855e-07,5.5248731354492975e-06,0.87187475,0.94326442,4588,27583,4748,27887,1.9011888793205534,1.677369094453742e-09
378,384,0.9644283764478409,1.2654986891077518,1.4774186311081956,1.6243366502849923,172955108.68586463,164724957.58084774,220520649.96846503,156887860.92968163,210028969.33450523,2.4066719185884236e-07,5.196790695749413e-07,2.4540585248663193e-07,5.299113855256981e-07,1.0126141,0.992535,2848,6580,2990,6587,1.6228396905000901,1.12764859948663e-09
379,385,2.2672935967589636,2.66847325959335,2.6344910076901273,2.936159411478901,173290638.1046152,539458001.2470928,612155948.0247482,506349415.9989948,574585613.8310688,1.220277088161432e-08,3.3339460385629126e-08,1.2515879905379759e-08,3.4194912478885986e-08,0.72832501,0.75539809,841,2283,842,2218,1.292310196360787,9.251325949450174e-10
380,386,0.9491762951908522,1.5486312283509354,1.4894601707946291,1.904165331327674,173307480.17002288,217044576.35086226,264035145.90349868,213838239.1190336,260134630.47457057,1.4582653033818094e-07,2.966867835952978e-07,1.466972491454807e-07,2.9845827717574995e-07,0.75790584,1.0164911,2962,4850,3155,4786,1.6326857988837806,1.0607839849779937e-09
381,387,0.4484493996968154,0.8459546913832612,1.101210883562583,1.272332567055547,173111043.15757734,67462349.73992799,143570745.9650316,67012386.09735169,142613150.86093476,2.102917169966508e-06,2.3889106910559428e-06,2.1085539606083334e-06,2.3953140766099806e-06,1.1507388,1.0200135,9205,12146,9418,12070,2.203130624473067,1.3065278262640233e-09
382,388,1.2504412033248493,1.5995255057847886,1.7406530787897796,1.9558309768109134,173171940.12583286,213843881.0925556,279076239.24345833,207306103.2924677,270544134.269792,1.0221224716153041e-07,2.5667037402531555e-07,1.0348962953598792e-07,2.598780738942678e-07,1.0126141,0.992535,1852,4678,1824,4673,1.4970353295609287,1.0509703604345782e-09
383,389,0.8268288815477338,1.0027510535108937,1.335874850925194,1.397488797192366,171713512.34405088,185235993.76025134,246223932.5787876,177109654.64249316,235422040.7087173,2.983360920260462e-07,5.945740886945036e-07,3.037379474864315e-07,6.053398102195333e-07,0.76646924,0.69930613,4462,10578,4903,10710,1.849512881187717,1.3027595946595493e-09
384,390,0.6951563333310529,0.855597140787903,1.2378345069239007,1.2791413409815549,171743186.03048187,142029799.70411938,206110259.70865014,140915346.71472275,204492992.09610587,6.007410247029297e-07,1.0976651733085826e-06,6.026369597061967e-07,1.1011293978885036e-06,0.84058672,0.71293384,5936,13802,6589,14195,1.9658309567613594,1.3795550656834402e-09
385,391,0.6624456404250169,0.9135289674204231,1.2081970815483845,1.322427330569133,171814162.89570418,141584101.01557365,163629572.24808747,137445926.0774173,158847059.30940804,6.404554477866478e-07,1.4414248210952997e-06,6.480999239412012e-07,1.4586296676018364e-06,0.80388647,0.95922279,6103,12167,6553,12360,1.986554413196821,1.3384887896447902e-09
386,392,0.5877240021633587,0.6926440600509841,1.156582972684374,1.145500289598829,171659505.38339514,146663151.45407793,130597246.49016054,138884937.7407463,123671080.75935541,9.037990023890122e-07,2.815032488473173e-06,9.237154407958484e-07,2.8770655522647032e-06,0.68789202,0.91042453,7451,18745,8057,18961,2.0773729213433474,1.4863522446317548e-09
387,393,0.814037413912378,0.9829629254400325,1.3235981150304157,1.3795419973752823,171726163.6201013,221101089.68072104,178370511.72081164,219238154.59333408,176867612.36685678,2.9493907089614586e-07,1.0075947371089832e-06,2.9593900267749874e-07,1.0110107850313487e-06,0.63225162,0.9463473,4527,10976,4837,11040,1.882900176012591,1.3232347973460492e-09
388,394,0.7285191536789446,0.7790585335465688,1.2374312306734145,1.189124251164008,171973481.37654436,125361204.3664021,116767063.94798914,112649385.69503385,104926704.31522295,8.628181755368148e-07,2.867715604913172e-06,9.005192817874586e-07,2.993021322598355e-06,0.9993999,1.1473904,4989,15109,5294,15326,1.879815461125623,1.3943579276272033e-09
389,395,0.7898571317721884,0.7529701072370424,1.3060910869826787,1.1889451700345328,171636160.23928878,98518513.11785711,169315383.17634356,93074966.95542601,159960023.70976755,9.096212475960352e-07,1.7755243434072165e-06,9.305389997898782e-07,1.8163545002749041e-06,1.3760667,0.76329094,4533,16540,4771,16789,1.871667619509521,1.4436619344399427e-09
390,396,0.5704969447294497,0.7983225092723312,1.137764392157725,1.2234251037719488,171815275.15875077,77195110.53130855,190967223.68787956,75536701.00066064,186864608.0995917,1.634885266248603e-06,1.6537707802316788e-06,1.6491493650900562e-06,1.6681996520047177e-06,1.2697707,0.71825939,7835,14970,8539,15270,2.0923860903897054,1.4003639893903411e-09
391,397,0.589348591081695,0.6795328716666503,1.1428429231466701,1.1146232712102981,171716894.17603645,132716337.1882962,148665473.20389128,129420919.15729193,144974029.54772106,9.158306468608405e-07,2.3705637801326476e-06,9.250881872485022e-07,2.3945262780151195e-06,0.76253694,0.78489828,7325,19460,7898,19861,2.0693150346196636,1.4919784871078723e-09
392,398,0.6357050069973452,0.7641549741314839,1.1960218764395527,1.2086343677848335,171725391.0684314,135798641.97836176,136803267.33022696,133804442.7903946,134794315.24759373,8.33593262677038e-07,2.3216659842312353e-06,8.385407124493416e-07,2.3354452772741786e-06,0.80388647,0.95922279,6506,16057,6893,16089,2.041845032270348,1.4457417387283081e-09
393,399,0.6744182382753308,0.7082694188757772,1.2143094560458458,1.1476279271747802,171682223.159867,144032306.56024063,126766450.60605836,140074538.71400818,123283119.7189019,7.689064338467131e-07,2.7477125473444047e-06,7.775239595252197e-07,2.7785075600944417e-06,0.80388647,0.95922279,5694,17846,6003,17978,1.96135261089245,1.4696715297355129e-09
394,400,0.5792071215838471,0.6990507091349873,1.1535871094164758,1.1495741237416353,171671895.99572343,130981178.23211679,176780707.6350444,129454699.89965191,174720473.3063801,7.637869846631991e-07,1.6628954733630857e-06,7.673768293274146e-07,1.6707111818813881e-06,0.75914407,0.67884874,7276,18426,7610,18528,2.0957022188786842,1.4893067456371602e-09
395,401,0.736966517442215,0.9394013170018314,1.2648590364201167,1.33672157526376,171668484.1586775,157377850.78657264,168121109.91062847,153935983.37638456,164444286.48043194,4.836733124032019e-07,1.2672679329818944e-06,4.87970433885572e-07,1.2785267808841655e-06,0.80388647,0.95922279,5060,11656,5373,11798,1.913064897824054,1.3322001200722041e-09
396,402,0.21222746258539468,0.3870430397949807,0.920889773711613,0.9181773553363819,171680445.55254766,52902751.669460505,70098319.31803942,55719211.10386289,73830243.77468379,1.857167099991077e-05,2.9288256857328363e-05,1.81903184727556e-05,2.8686848897400277e-05,0.68872231,0.94792175,43674,52216,46861,53694,3.3171519019988494,1.922142903472715e-09
397,403,0.8752414851590181,0.9864472617815027,1.3657563516867448,1.3776073962224749,171776834.63713288,254960586.88864368,176179815.5370038,249093496.3338686,172125608.78962666,2.1429233704374303e-07,9.236825113875961e-07,2.1629720418710833e-07,9.323242609878354e-07,0.58968413,0.96179456,3847,10580,4011,10600,1.8054152566048962,1.3010350250797602e-09
398,404,0.7531898734498509,0.8982603826203739,1.2819580993146162,1.3160368470493429,171747623.51594236,256830577.22770974,199767210.75912017,247965446.03930458,192871760.2655007,2.4341592454804596e-07,8.604404224827779e-07,2.4686027675589837e-07,8.726157141133755e-07,0.50367278,0.77226931,5064,12484,5435,12530,1.9203266792393938,1.360813494655818e-09
399,405,0.593236332903605,0.6481761720421919,1.154128902177913,1.1094494694835912,171880367.81308663,126840894.7093715,53746040.33216613,115764121.5287786,49052501.23755095,2.32233775743866e-06,1.5908265982399975e-05,2.4087931621595057e-06,1.6500494898934558e-05,0.80388647,2.0728738,7365,20927,8013,21287,2.0605422560839224,1.5180417972059491e-09
400,406,1.2485962685442458,1.6501030363613136,1.6156079672585324,1.931460450604906,175048869.86458075,206647976.89808995,273946866.17964673,191519242.5147718,253891168.3896889,1.0328347503349194e-07,2.2326076944611146e-07,1.064727174752898e-07,2.301547350226482e-07,1.05767,1.0543967,1890,4283,1990,4315,1.4593782046057835,1.030353860230544e-09
401,407,1.522145590034883,1.5287550841141608,1.8809988180376707,1.8501589899590276,175411636.3699719,307057796.6561286,194471071.68564528,286822988.23511803,181655618.30246833,9.441326561308448e-08,4.586315954199609e-07,9.70231764053483e-08,4.7130976667891417e-07,0.86954981,1.3789271,1523,5049,1723,5278,1.3946551662790805,1.062399361630226e-09
402,408,0.7217774983015723,1.1914645459392572,1.1930546308608956,1.5237340052161943,175021901.82315323,119438832.94969028,197774130.72816756,117452888.19890852,194485681.84550416,3.9764230448988923e-07,6.418138381384427e-07,4.0031818801944493e-07,6.461328430811356e-07,1.05767,1.0543967,4204,6966,4229,6847,1.8022377927465716,1.1595224659082543e-09
403,409,0.9244303751137585,0.8511020137819518,1.3492571770157404,1.238654756166139,174651686.63535506,96383812.43205103,178612733.895089,87827484.24075687,162756656.6992624,5.144856855651839e-07,9.670177561735533e-07,5.339772558043621e-07,1.0036537502270774e-06,1.6751083,0.83222735,2866,11302,2897,10960,1.6229499115626707,1.3093629584016981e-09
404,410,1.682213694278827,2.1925437022897087,2.0205807730339824,2.4524471301736166,175492962.65988886,279119824.74309367,364925260.17589235,249289283.27178547,325924382.6222307,4.796793254991712e-08,1.0424009596132878e-07,5.018637534728185e-08,1.090610394081069e-07,1.05767,1.0543967,1264,2911,1351,2945,1.3533530652243824,9.589169905506095e-10
405,411,1.0741279903175331,1.1020934149841453,1.4636469935863268,1.4365143169919252,174651008.5304,123979509.53940274,230662415.72600928,115511733.20608436,214908217.69661644,2.4764965404934606e-07,4.3135783894179535e-07,2.5475765996770234e-07,4.437386116260839e-07,1.5131334,0.83447373,2262,7459,2273,7179,1.5319492917346194,1.1800216189955052e-09
406,412,1.1323734340815261,2.08896698135573,1.5271663497924446,2.3485295856188855,175073373.50693563,187438839.31120893,346854743.16312593,172023779.60989204,318329243.3617367,9.834651117651365e-08,1.3557803081021724e-07,1.0178116049392479e-07,1.4031295211456815e-07,1.05767,1.0543967,2163,3080,2228,3081,1.5162233455250187,9.710730879608407e-10
407,413,0.6598731084875962,0.7723941161510961,1.138772855257156,1.1560064366333083,174078571.17239657,117795390.74698834,108514864.94365796,111348876.424309,102576240.12441145,8.326135367481822e-07,2.881467738375137e-06,8.515701909580159e-07,2.9470719894740344e-06,0.97516352,1.2390677,5019,14102,5182,14114,1.8652825020881139,1.3695660062049575e-09
408,414,1.1646347989483619,1.3467794139257518,1.5604864559098164,1.6704823633637043,174890348.99624905,192577445.1778488,223387195.46679014,173982720.658633,201817570.02602765,1.370566535740601e-07,3.6024846178692245e-07,1.42738078108355e-07,3.7518188089402363e-07,1.05767,1.0543967,2077,5717,2097,5529,1.5233911937318714,1.113722530224906e-09
409,415,0.9183277920407071,1.1278388748425878,1.3579049410620487,1.488485691870567,175001413.50311902,151945939.3443343,187190833.6788423,140099938.00167453,172597071.73520762,2.782266635939018e-07,6.86844113254671e-07,2.8740823652280897e-07,7.095101986512992e-07,1.05767,1.0543967,2995,7677,3103,7684,1.6356116143996884,1.1785769029252263e-09
410,416,0.27366841352284726,0.6191543557846899,0.885968134723643,1.0439088722118859,174680432.00462317,64201468.35324573,102587525.51880717,62780155.09288601,100316409.07696648,3.628427346944831e-06,4.986066230431295e-06,3.661065190426373e-06,5.030916087864555e-06,0.74460161,1.0542622,19166,19021,19011,18451,2.8126694128045986,1.5045600369385216e-09
411,417,0.4828969900140015,0.736388753288373,1.0754850365005937,1.2203121885796289,150441402.9560445,78124499.1428857,96644186.97401404,80022573.53438911,98992206.58880281,1.5487637267354978e-06,3.1153975407551657e-06,1.533963625131531e-06,3.0856265696612645e-06,0.92989653,1.1463013,11112,18964,11746,19167,2.608922841337784,1.7662584043423975e-09
412,418,0.5309658976342883,1.0529236720182598,1.1063178641349924,1.4738179241628062,149700866.36605096,60934199.21073751,145822384.49279368,61867857.45666053,148056733.56909797,1.4561187524763632e-06,1.3155360141538408e-06,1.447288821211301e-06,1.3075585792352e-06,1.3044572,1.0809286,9810,11379,10290,11219,2.5800300687071487,1.6167212030810736e-09
413,419,0.0945081256553021,0.18477851679663104,0.8477467860573195,0.8157917685837502,139624191.20904893,9912006.708227325,20498895.352936555,11533630.782746295,23852555.533349395,0.0003209244476377141,0.0003389465346484242,0.0003020515157752834,0.0003190137595030165,1.3312764,1.2585825,155221,179271,158571,177149,5.5883905657137545,3.4580556882852273e-09
414,420,0.3502634977364106,0.5478065041069051,0.9764475413857138,1.0473277842838944,143816556.49211255,44924288.55184623,51965165.982792005,49299165.23496545,57025706.7352664,4.3806114162684586e-06,1.1454940899975583e-05,4.220767090198532e-06,1.1036961048686435e-05,1.1213019,1.5160857,17093,31078,15652,30271,3.1562483920364017,2.15550026333363e-09
415,421,0.3483535756834979,0.5005966244238965,0.9665828329166521,1.0024289486151454,138749171.9537669,49356943.56181103,57857740.633447565,58347551.05273025,68396809.68449819,6.900801200439081e-06,1.4354367384868385e-05,6.454011969672215e-06,1.3425000406201868e-05,0.97926992,1.2004853,22668,41429,26982,45783,3.019134219539469,2.1849697738120186e-09
416,422,0.10513738027818265,0.1761380428302143,0.8665295067910017,0.8422389046624336,144399688.38120887,13749784.177044855,17366684.29678704,15605641.401544984,19710727.38159509,0.00029657015233547465,0.0005497521731970733,0.00028192471075554694,0.0005226039141002222,1.1041486,1.4645443,146340,213668,153715,214823,5.421888188918388,3.5604353584927423e-09
417,423,1.024706599293781,1.4714998708539901,1.4788565466638588,1.825329543362789,150206125.7340927,133725453.75695342,164376861.3625169,132330998.21066396,162662780.61297452,2.9178755116536884e-07,5.718723409629915e-07,2.930135848948295e-07,5.742752357272335e-07,1.1509941,1.3446436,3860,7017,4132,6932,2.128392150119344,1.457890916796091e-09
418,424,0.2908086057348689,0.39734782253468326,0.9459084828742798,0.9538791388827385,144133988.60409713,40418267.18821748,33754499.33168986,47592407.3089662,39745837.524977244,1.414210888225426e-05,4.5404666643976845e-05,1.3247385781336696e-05,4.2532067905410806e-05,1.0370411,1.696702,27570,56504,29297,57491,3.493866975520776,2.5001343247328474e-09
419,425,0.1495034164075319,0.24235231886024675,0.8756293475637028,0.859653651790022,144736283.42517382,19718415.21089513,28973476.487141173,21424547.918118466,31480401.883932933,3.9992878469703975e-05,7.353552915569472e-05,3.868715555431943e-05,7.113467607415784e-05,1.0973787,1.210665,57657,96302,52577,87628,4.469297740921761,2.986503091681831e-09
420,426,0.10679112877980582,0.25699902026712196,0.8570219615926266,0.862326659972188,143031561.09403506,10631255.365214331,26782900.423360914,11944988.410073465,30092536.0321968,0.00015122456702067625,0.0001260091746555032,0.00014433839664087394,0.0001202712137990676,1.4367543,1.3724791,105360,93552,100831,87953,5.2772051799535244,2.9225000716141746e-09
421,427,0.349142988774631,0.7031355504025232,0.9856961656956522,1.1829157765332985,148031317.93322057,44903876.37560633,77407933.38233711,45508432.948779255,78450103.42909607,4.642041384531855e-06,5.782395266380053e-06,4.617275504700839e-06,5.751545453885965e-06,1.1509941,1.3446436,18642,20807,19528,20822,3.038176307673367,1.8808542368552703e-09
422,428,0.38125691688375973,0.538762434439655,0.9909481762498559,1.037567473619173,139934470.42467484,51153227.27268414,59587412.213599555,58641326.55492116,68310155.2821544,4.058702688240748e-06,8.959861481188073e-06,3.842863338413046e-06,8.483381476321259e-06,1.0429642,1.2652242,16990,32584,17999,32754,2.985286125689277,2.147805596894497e-09
423,429,0.9634642519855128,1.212079987934422,1.4205403553105171,1.5840435761872345,151763074.06725198,124481859.40982287,157176109.46210146,120753610.53485183,152468663.28438023,3.3806293957054786e-07,7.200781775351829e-07,3.42199948784092e-07,7.288900575322019e-07,1.1746153,1.1703368,3955,8849,4180,8936,2.0676550170274735,1.4691864000368201e-09
424,430,0.6291954009504642,0.8657628236452529,1.1698396439031622,1.3039813775472386,149870847.11722413,81927481.42037182,96495909.98113848,78672417.12009282,92662026.81694254,1.220725110674432e-06,2.520406295268935e-06,1.240682688492064e-06,2.561612300068893e-06,1.1509941,1.3446436,7620,14688,8394,14835,2.359944254197276,1.6602272582160077e-09
425,431,0.5758667237343917,1.1691895246407056,1.1385500610730273,1.5727792695952705,150397557.83055526,75247083.269615,130773127.6503528,80117998.13284339,139238369.6704403,1.031705983033669e-06,1.2305922273717731e-06,1.006143165711823e-06,1.2001015596589724e-06,1.1509941,1.3446436,8594,9574,8954,9142,2.495420659647388,1.5572592317589732e-09
426,432,0.3653223254849266,0.4880874753685181,0.9861529622364635,1.0083296231498657,147244361.50066754,55171852.02172786,63036793.647064455,57295487.07322644,65463160.347067006,4.694346466359074e-06,1.1070400701131829e-05,4.623959252775836e-06,1.0904410682247059e-05,0.97498363,1.1400981,17706,37456,19151,38622,2.905978798565031,2.102683046822393e-09
427,433,0.5111647572605831,0.8434423783264925,1.07574055748419,1.2693617922523002,141607844.68560302,69184327.28750339,99452848.31737895,78954217.17542076,113497118.38829783,1.3643072260552701e-06,2.361581939296315e-06,1.2940919498324374e-06,2.2400410392528627e-06,1.0462621,1.2009516,10690,16645,11041,16650,2.7047348656455954,1.838415064382794e-09
428,434,0.39630013594732016,0.4449433687633624,1.002005914346437,0.977272174424861,143101101.7891198,61977514.88436048,59618836.806813255,74120880.47827227,71300062.37675922,3.6357239381822247e-06,1.1342345671512633e-05,3.3846076766805288e-06,1.0558939810639089e-05,0.91502517,1.0679827,15757,43940,16716,44680,2.9181294598426475,2.2704134628110368e-09
429,435,0.20638338015584126,0.3152337530570819,0.9056115216362824,0.9090375558354751,144614418.14484873,28365843.034294374,29737854.4405245,29673476.478131246,31108736.066266034,3.280811508249942e-05,8.159147017362837e-05,3.222197717744365e-05,8.013378650976251e-05,1.0521814,1.5329736,46810,82382,47735,81481,4.0798288161815615,2.8096893693253394e-09
430,436,0.39673205974950776,0.624972231892643,1.0230812902548607,1.146890475348424,150502989.75496867,58236399.51821352,69903539.41410038,60023320.33719591,72048453.77922258,3.0395963222769197e-06,6.56261089898272e-06,3.0030717650026208e-06,6.483752908567309e-06,1.0252928,1.3455712,14323,23960,14383,23662,2.8097623362371054,1.8766262795083796e-09
431,437,0.21507788207234596,0.28051622152140976,0.90366565901817,0.8777750674008672,145221672.04033646,30092457.41990251,31327789.528817393,32567785.631624635,33904732.98509647,2.1817628419082743e-05,5.6986807512559295e-05,2.1138555692091778e-05,5.521309562982251e-05,1.0379335,1.3003482,37134,81052,36873,76875,3.719578234960529,2.7541887176071936e-09
432,438,1.0802011900329012,1.3147384715116586,1.5157585352184313,1.6721619676305577,149273102.78472972,140091928.59283,145953240.68994805,138400530.21908474,144191075.82844964,3.0399602350709623e-07,7.864632390295738e-07,3.054766693717414e-07,7.902937942096398e-07,1.1509941,1.3446436,3571,8319,3930,8703,2.06585419555593,1.4821346437360668e-09
433,439,0.2721762232552317,0.38278572270366484,0.9408072261497932,0.9576297550537696,147346752.82655117,34843169.650698334,41945860.79816961,37415258.95949063,45042263.94371121,7.776391587206044e-06,1.392007120647153e-05,7.557979015719145e-06,1.3529103427471278e-05,1.1509941,1.3446436,22882,39890,20528,31454,3.3589231059862716,2.3708128190521893e-09
434,440,1.650133379123031,1.5529192923226856,2.1091415774486735,1.907310046927348,164463750.2247305,298362855.5818772,341441836.31841296,293246920.86688054,335587239.7729854,7.661050470061462e-08,2.142300506735375e-07,7.714234582101545e-08,2.1571726643616682e-07,0.9095875,0.74800128,1643,5971,1848,6284,1.5684715289163538,1.218550048968565e-09
435,441,1.6195286718840751,1.3872939976032168,2.0718163399594065,1.747918214963225,167309532.72335982,340660265.2646592,209940064.99059784,321820795.6455945,198329789.65325528,9.705115118365033e-08,5.106920166817417e-07,9.928500033406717e-08,5.224467348244499e-07,0.79540414,1.1055894,1609,6605,1811,6856,1.5215271251501443,1.2000668298215814e-09
436,442,1.2003731697462625,1.0549853872061297,1.7113716339362421,1.456067061683513,167363975.35016468,228957802.8486478,203416180.23206836,217444788.72966903,193187512.215942,1.8718280540881656e-07,7.180118030972541e-07,1.9108585063747748e-07,7.329834375701979e-07,0.87745088,0.86800641,2388,9808,2574,9981,1.6403081406818916,1.3108846452252093e-09
437,443,1.3443988952330166,0.8734928644454497,1.809503247872692,1.2833818690006522,159964310.71360654,245091602.8485647,160975405.67041448,240827934.42602393,158175041.4556245,2.0478832631787268e-07,1.2247811214912983e-06,2.062309418293104e-07,1.2334089972874845e-06,0.87745088,0.86800641,2148,13610,2293,13863,1.6719157872053836,1.4835964247485179e-09
438,444,0.4423757493486228,0.5195335646754307,1.1342386430545757,1.032070999219752,163196647.99794286,79340131.35715957,96001919.57950798,77451926.09085885,93717182.62452376,3.275270066730748e-06,7.797206108313712e-06,3.3069786664183586e-06,7.872692551304075e-06,0.90993345,0.88317126,11590,30406,12587,30873,2.3536118495173755,1.7633023533476374e-09
439,445,0.8961043856795784,0.6501572710807362,1.4281264923958021,1.0964491358791528,167154457.55272573,322153954.4260727,129187806.95175095,302657605.8880427,121369524.80251518,2.73156328946295e-07,2.633686938102886e-06,2.800631809167117e-07,2.700280620512028e-06,0.46495733,0.84123021,3709,20994,3984,21231,1.8038793903051544,1.5779313764415853e-09
440,446,0.8836481201765678,0.7222851421527687,1.4610312479474048,1.191747451321676,166014525.11172724,121289568.38720295,128792739.99897651,118264901.18872733,125580961.92723756,7.960043954527374e-07,2.816554860419308e-06,8.040859928874482e-07,2.8451505097206423e-06,1.2094892,0.93102938,3754,17998,3999,18382,1.81415515679009,1.5227900923067717e-09
441,447,0.5360618614614091,0.49189953501500766,1.1678339042816395,0.9833249248728761,165526284.89405188,104142887.8525045,91113019.55265221,100753633.15640451,88147812.46302328,1.9738053014248337e-06,8.457367486967047e-06,2.0001007439578058e-06,8.57003828614528e-06,0.85202485,0.8936407,7986,33583,8327,34018,2.1806811908366908,1.7970647030975003e-09
442,448,0.5502728459932404,0.4963387988464894,1.1626333010199736,0.9785323407881537,171420644.32973537,112067016.6439382,122008498.48400839,114460207.55624753,124613989.72077568,1.9716400916545495e-06,5.9468334398395395e-06,1.955045878028166e-06,5.896782203349209e-06,0.84171176,0.69735074,8646,34437,9838,35816,2.0963419477125758,1.7186871434234967e-09
443,449,0.6227478254764711,0.5329240081625828,1.250648029216501,1.0324295453081997,159990925.66847342,118030078.15391922,90262226.63822278,117597168.10243227,89931163.35509658,1.554029215215509e-06,7.44621651382166e-06,1.5563150299187697e-06,7.457169120776734e-06,0.84414077,0.94461447,6686,30226,7233,30971,2.0941197786287837,1.7952275777145907e-09
444,450,0.44933535591714485,0.5145716305429969,1.1081228744652778,1.0005405172395105,171616003.59542903,112653500.3004679,143341389.3579045,114688904.87043503,145931257.5660502,1.6071847561785118e-06,4.05327765048988e-06,1.5957142316985416e-06,4.024349289680504e-06,0.68451613,0.61607277,10743,31285,11413,31981,2.2920395627810564,1.7011204522124328e-09
445,451,1.5106968047604077,1.3539184876458727,1.9749028172593646,1.7165400271949627,168447351.66694343,290013813.5750735,262744584.5899462,273167957.2910864,247482699.4513186,9.011933343718546e-08,3.243675499032699e-07,9.230251667769323e-08,3.3222550636726195e-07,0.87745088,0.86800641,1689,6547,1809,6582,1.5266782905267358,1.1893760597881463e-09
446,452,1.105303933724338,0.8085711947797226,1.616152305561182,1.238539580152652,170594298.27900612,214893566.41676456,158913153.16676563,209106833.08138034,154633881.07782048,3.2493454553572654e-07,1.6757629871069582e-06,3.2850195729080734e-07,1.6941609588248575e-06,0.87745088,0.86800641,2756,15327,3042,15859,1.675232966444311,1.4328629112155484e-09
447,454,0.6530009544125646,0.6778835030165915,1.2599343978161868,1.1346678867756372,169047660.46463633,125805656.0666036,132020476.95998815,127653610.66175076,133959720.82770875,1.0993325659180519e-06,3.2788658692270877e-06,1.0929389885265728e-06,3.2597964053167955e-06,0.87745088,0.86800641,6296,20376,6977,21036,2.0096705021221077,1.5475374274578235e-09
448,455,0.8903398665836985,0.8950672821163426,1.4377675108733898,1.3059132307193497,169372378.75299746,171860310.97479483,174652713.35499147,166613919.99700928,169321078.5267164,4.415526686002851e-07,1.3604396248258562e-06,4.470624957169825e-07,1.3774155999892645e-06,0.87745088,0.86800641,3907,13146,4382,13648,1.8037939988905927,1.391814160918783e-09
449,457,0.5717366002629704,0.7031835725286055,1.196973827301151,1.1499087439439724,167684273.1744161,109261086.23004384,135843266.7192498,111354965.35916044,138446566.67560923,1.1008713437645485e-06,2.7987388517557283e-06,1.0925440032480972e-06,2.7775683021113945e-06,0.87745088,0.86800641,7089,18602,7276,18699,2.13942841337255,1.54753269953593e-09
450,458,0.23998336569883646,0.38060595067270764,0.9981721626022005,0.9194225941311823,166531331.89618415,35006250.643484235,67137039.23402962,38255848.61841766,73369308.6924138,1.325367207145797e-05,1.9415709499855676e-05,1.279131882700366e-05,1.8738394093812653e-05,1.1416461,0.94408119,23689,42669,22520,39894,3.134698316869537,2.010165254949312e-09
451,459,0.48447978061635355,0.5974392853932565,1.1399234802515217,1.0711260021617939,164817896.55847758,87671166.04914767,87592399.41876772,97872444.24299796,97784512.45210849,1.8449011725284062e-06,5.795263934147855e-06,1.765434650204848e-06,5.5456410938291375e-06,0.91080046,1.1241693,8414,21865,8207,20887,2.271890790103465,1.6550319853005996e-09
452,460,0.5636930727246507,0.49547980719907575,1.1681851278137456,0.977838206686658,172486881.125958,110809234.16087157,98459833.49899405,112184850.06777959,99682140.59441262,2.276154314275817e-06,8.239163489960783e-06,2.264948850537933e-06,8.19860224719345e-06,0.87745088,0.86800641,8203,33241,9324,34118,2.062701701653802,1.7088540896161381e-09
453,461,0.6076263893405494,0.5543688049709736,1.2600007368287216,1.0675212001973158,165942707.8048091,184744668.86130324,164255015.50293592,183582135.41422343,163221416.26269946,6.407777474042684e-07,2.419970711992378e-06,6.423977637526443e-07,2.4260888896786345e-06,0.54578662,0.56006485,7022,27893,7780,28633,2.058951793273977,1.6922478525884276e-09
454,462,0.34176512326503794,0.3726974495563672,1.0558974651593669,0.9189243086302968,168182552.79898494,68922793.66590364,79448055.65350774,70401592.05997288,81152682.68417977,6.87738775477681e-06,1.8976665919294207e-05,6.819235169829877e-06,1.8816206422719386e-05,0.83396113,0.78895837,17541,53935,18746,54676,2.640728988536726,2.0215917131265097e-09
455,464,0.7822877954566039,0.6434222263725441,1.3786633947666735,1.126762975243042,162651599.88598934,196762635.2440438,105857162.59900524,196341892.69522282,105630805.53508596,5.874616222917532e-07,4.086390411685526e-06,5.879648493503205e-07,4.089890865415607e-06,0.64666933,0.98863083,4592,21874,4893,22263,1.918070440492374,1.6342633427956704e-09
456,465,1.1951107801153507,1.3394461083344236,1.7037333929872869,1.7017283900387334,169716237.617885,362299480.8654274,219266271.36826172,348582763.1853393,210964814.424576,9.058782239704432e-08,4.616738786746919e-07,9.19971855723942e-08,4.688565898427913e-07,0.5598399,1.0367566,2315,6683,2468,6792,1.6113654689148467,1.1844259109085657e-09
457,468,0.7832869269516219,0.765222229182705,1.3173632084939157,1.1727157739786227,171855514.56690088,153412778.94073966,151505401.8486162,160177442.7234845,158185960.74241883,5.251480366418098e-07,1.732858165155234e-06,5.161617505223549e-07,1.7032056515971575e-06,0.87745088,0.86800641,4327,15332,4594,15324,1.8210088168780565,1.4191308678521259e-09
458,469,1.2874949337839636,1.1703196619446854,1.7826372956198335,1.5533037565268628,168445078.0972535,251590889.6443103,267556269.12114713,239782699.18399066,254998758.03995645,1.2338098911354514e-07,3.783742555207209e-07,1.257763750703901e-07,3.8572022011881553e-07,0.86200333,0.73679674,2131,8194,2305,8270,1.5921731302349005,1.249273095666913e-09
459,471,0.6919326200457836,0.6114213250472778,1.2644739513882177,1.0648073820078916,171969860.96200377,171868979.9547672,187864363.17806375,172742553.04360288,188819237.36226383,5.176259249388924e-07,1.6988599221868432e-06,5.165772616050173e-07,1.695418185550492e-06,0.69233876,0.55969125,5403,23159,5813,23600,1.920972172069543,1.571910306847884e-09
460,473,0.839011616329879,0.9434801427100261,1.4339730408744655,1.3748096700263719,165459145.6816611,143223806.70030004,142358453.2056557,139189680.2178332,138348700.78173307,5.193016641954463e-07,1.6190515449293115e-06,5.252704682052419e-07,1.6376607696241946e-06,0.96926725,1.0965799,4008,11606,4197,11566,1.850220018273479,1.390088531573482e-09
461,475,0.9265338862682538,0.935659690150445,1.4835514755661094,1.3530509936535529,169597548.98456278,178718450.78811362,115149699.59175901,169363198.52099437,109122037.17966099,4.925540794435704e-07,2.3886892949196313e-06,5.032619059152411e-07,2.440617949116611e-06,0.8792482,1.3780808,3424,11391,3749,11600,1.7313392617889554,1.3241577482760166e-09
462,476,2.1228925232583946,1.5863610461676967,2.5132364890100694,1.927317002672414,172522920.8630729,417399568.61279476,315301405.6984338,404816463.1222981,305796194.99016464,4.803945499724784e-08,2.175107503562565e-07,4.863126914521676e-08,2.2019033819511822e-07,0.87745088,0.86800641,1066,5353,1227,5616,1.3765716073030503,1.1213551963393e-09
463,477,0.7843179900864128,0.5505678559562752,1.3526840189724942,1.0295375057470444,162370792.10047427,210511116.19591883,113707079.81499368,209211467.89899254,113005077.8718161,5.567030299188932e-07,4.199297266706966e-06,5.580837844737004e-07,4.209712512388024e-06,0.60495776,0.78619677,4625,28210,4930,28615,1.9282448172214188,1.7494653568860901e-09
464,478,1.1442383980200366,0.9658372288700149,1.6668394848716226,1.388528403973758,171947170.40552664,224227428.90051922,191326903.4228838,219143320.82750943,186988778.24771708,2.1824847390295145e-07,9.154587633600886e-07,2.2025988849823913e-07,9.238957850953485e-07,0.87745088,0.86800641,2476,11064,2656,11262,1.6255420452899316,1.3206759946795005e-09
465,479,1.3025506235906663,1.1947168292559183,1.8159657882655167,1.598811236341986,164030642.97054154,328586874.23544866,251392622.0332646,323624982.4924606,247596417.51834792,9.363726094873521e-08,4.119466770708096e-07,9.420890799909228e-08,4.144615744574477e-07,0.65023357,0.77953827,2204,8480,2349,8620,1.6554185375554384,1.3117121230907233e-09
466,480,1.100009132437295,1.1714303239164399,1.6247700828333238,1.5565971728501964,170044711.9124251,213175164.88938558,229486245.33296916,206565605.7858666,222370956.3509718,1.7894123184156517e-07,5.209579597532039e-07,1.812098752407653e-07,5.275627418064608e-07,0.87745088,0.86800641,2591,8044,2755,8108,1.6451478631829388,1.229173386436482e-09
467,481,0.5705772466936481,0.5651705025810619,1.2036583681714133,1.0491522782461087,150877250.68708742,94656420.28931138,88253792.91806744,96109281.16615215,89608381.25525121,1.9273113763961433e-06,6.387144667421161e-06,1.9156042144676094e-06,6.348346921608913e-06,0.90946949,0.96620631,8059,27295,8818,27507,2.2645096022354316,1.881973955740636e-09
468,482,0.9868551385453709,0.6202948426908581,1.507868267211442,1.092241691791611,171423943.17993712,231342545.7630579,231425955.39766636,228667986.43288946,228750431.76577067,2.2793574633846708e-07,9.952848281928131e-07,2.2899842559018093e-07,9.999250329586576e-07,0.73125589,0.45947045,3012,22021,3201,22245,1.6829254175487471,1.560338891978542e-09
469,483,0.7257737937277733,0.582100319434673,1.2955042804808217,1.0469281857076933,171531835.78819728,195347135.45471954,120385894.6716378,194315794.91766912,119750314.05268,6.131977479688929e-07,3.7948543860571224e-06,6.144975117116992e-07,3.802898143811557e-06,0.63729274,0.82940561,4964,24825,5265,25036,1.899753694331262,1.6138644545953643e-09
470,484,1.2518259131715388,0.900160577970484,1.707676578144114,1.2906173023709362,171529461.88827136,244714581.93090874,177883547.60227227,248093342.82116884,180339576.04535446,1.963259477154639e-07,1.0224094627557643e-06,1.9525204791402348e-07,1.0168168993079845e-06,0.87745088,0.86800641,2209,12247,2330,12266,1.5975887913284534,1.3564637716183885e-09
471,485,1.2535277339101687,1.268412202000017,1.7341210552336581,1.6207499215707117,170747774.76871398,368181485.7087068,210425835.79776236,365326493.17060137,208794129.11411202,9.993572965649373e-08,5.200189198745228e-07,1.0024739566141142e-07,5.216406843805307e-07,0.58133578,1.0292394,2202,7116,2478,7283,1.5706176024373022,1.1821832660061218e-09
472,486,0.675149521369355,0.6888056708749333,1.285988805168373,1.1506522115996891,156693236.11335266,122925697.26404828,117066024.7951006,120041437.95800966,114319253.54261841,9.601357943176098e-07,3.16785914977493e-06,9.692978673478273e-07,3.198088370528343e-06,0.86061227,0.92196852,5973,19671,6490,19988,2.062931166500325,1.651496533615252e-09
473,487,1.0009957724291834,0.808439302786264,1.532134251015038,1.2385426394469943,170270199.01210138,230629547.98583916,148342617.28855225,226664297.65926734,145792139.18726376,3.0035507958247387e-07,1.7835074237082621e-06,3.0244590775181955e-07,1.7959227541461894e-06,0.73901957,0.92794049,3073,15027,3237,15308,1.726913825132009,1.4350859898872383e-09
474,488,1.077255288948363,0.788138548321005,1.586665079143863,1.2160208867812952,170754293.54162407,356042412.90435916,309313242.9675821,346608486.2319666,301117482.1615796,9.693419563921595e-08,4.293945909644232e-07,9.79810362983388e-08,4.3403183702258446e-07,0.5166406,0.43508658,2782,15448,2976,15654,1.6819887526805588,1.4408922220794025e-09
475,489,1.4757723107944019,1.0090269444133,1.924074639772433,1.3981936431916737,169944079.72968605,285826560.73979527,197554019.7805398,274120171.5589264,189462944.43117297,1.4616459683361454e-07,8.186638532597296e-07,1.4863012000924382e-07,8.32473180189694e-07,0.87745088,0.86800641,1825,10870,1964,11120,1.5677201920355466,1.3396580212146378e-09
476,491,0.30401624517469106,0.33117022313214584,1.0316147231624795,0.8808049244560343,163472205.29388648,69758599.2246601,60653276.85132817,70520472.11377175,61315705.39465355,9.91215259914159e-06,3.5750244075178405e-05,9.86917830779573e-06,3.5595248337450824e-05,0.71243125,0.89256722,22404,68299,24243,69791,2.803000332122478,2.1881047064670574e-09
477,492,0.6956225051851777,0.5477522695051243,1.3065446462745647,1.0424090467553317,169713922.27457747,131618080.89704372,130155911.0884562,125938002.94775717,124538934.18449159,1.0356387665731528e-06,4.125211933729258e-06,1.0540756953180317e-06,4.198650898100354e-06,0.89696509,0.71422946,5473,28781,5909,29559,1.9487222384991492,1.6805245207111838e-09
478,493,2.175600307857337,1.7572751321947369,2.569740245186045,2.084323696505493,172297613.73906752,427204245.8875873,348815755.8193119,410115738.8622706,334862850.2683031,3.5552166908837864e-08,1.5316183036162806e-07,3.613746847239677e-08,1.5568336045620915e-07,0.87745088,0.86800641,1011,4550,1048,4564,1.3936008179061437,1.102587462843937e-09
479,494,0.38479850493967577,0.4509138194560852,1.0400441839204508,0.8632420888174468,171758618.0595482,91670249.32009454,74107069.07054609,88922762.71012935,71885975.73344682,3.937061499071399e-06,1.6598664225761503e-05,3.9852758265076505e-06,1.680193598876902e-05,0.72098047,1.045087,12143,36352,12571,36563,2.388977011815993,1.8020871338082537e-09
480,495,0.7619686000346662,0.4473496382049372,1.3205202459914311,0.8674543407145708,171018841.83334804,163785638.85373923,72560852.60905875,149279091.52783918,66134114.28360063,1.2137083054739311e-06,1.4593549084038324e-05,1.2595779754385143e-06,1.5145082988089011e-05,0.79561913,1.0543594,3941,36442,4027,36538,1.7793817457473944,1.797953849238686e-09
481,496,0.7107637128369513,0.7137992117264474,1.2679568341072558,1.0492216733349675,164517758.02743506,158007546.50940377,86512441.80081618,147041874.22161025,80508506.50429475,8.972486263443493e-07,5.878094957399329e-06,9.234375322518176e-07,6.049664878193407e-06,0.74004853,1.3574076,4632,17267,4924,17587,1.83830221316309,1.5018934415147996e-09
482,497,0.46344981585805406,0.46560992837624154,1.1002429812390926,0.8628272257288461,165501555.258977,86942783.59448014,66526177.41019828,84095293.125777,64347357.63628411,3.7992852988623825e-06,1.774333038487451e-05,3.850229772370854e-06,1.7981250033871377e-05,0.88220853,1.1583285,9252,34532,9770,34751,2.194613977695895,1.8136489267670343e-09
483,498,0.5523847605470833,0.5310672708784796,1.1326262636923314,0.8996409749669027,169640182.46802002,111349464.19251946,78807164.48267718,104496610.5053263,73957083.06002554,1.8075460450505896e-06,9.848452562343618e-06,1.8540598119718504e-06,1.0101883797622121e-05,0.84155458,1.1431746,6362,26201,6478,25983,2.004054907679225,1.6672944915623877e-09
484,499,0.6499278400651618,0.7368791407914237,1.2246845900309284,1.0790588989214318,168766670.95629907,167495701.33713764,137409093.5828643,161370582.25216132,132384206.04942477,6.324374013295116e-07,2.687722923094552e-06,6.419323543827867e-07,2.7280744312775696e-06,0.65485954,0.90503937,5317,16746,5612,17257,1.9064145269363044,1.462823951841623e-09
485,500,0.4077156606458454,0.36950128510898084,1.0566717260609775,0.8117704149903275,172590083.8691019,82972812.69151719,55844020.73458772,77416161.43280695,52104172.24638513,4.974257536288775e-06,2.8439229095617043e-05,5.1141085049548384e-06,2.923879640955743e-05,0.84808117,1.1419711,10344,45664,10418,44234,2.3174306821484065,1.9730651321298128e-09
486,501,0.7158034339247026,0.6770136115548271,1.2739692729995393,1.0385023774635607,171055182.09897184,174699712.0125323,146266754.27513295,166695210.31969157,139565011.78961796,5.177887184181649e-07,2.3893850020184314e-06,5.275944409053153e-07,2.4346344356413365e-06,0.70087057,0.79174989,4411,18419,4522,18472,1.8407631145938121,1.5082481882204126e-09
487,502,0.3921800028139829,0.4457985195838976,1.0548187260588462,0.8611212772202781,170102697.58895057,98336121.06274953,94612949.65790816,95411574.60159235,91799131.45853955,2.501344560914085e-06,8.500796136825034e-06,2.531735457659353e-06,8.604079315673618e-06,0.67839646,0.80149209,11287,33994,11445,32922,2.376678665063085,1.8270931791240063e-09
488,503,0.6033886697878507,0.5903075185095955,1.1752253072243932,0.9587202650897578,171438716.6135807,115577096.36456089,75887008.22538918,104902894.42288421,68878411.57409053,1.7226244930780357e-06,1.0047375805201501e-05,1.7907062164192986e-06,1.0444469114059058e-05,0.89502317,1.3335822,5667,22710,5813,22755,1.9452666953509439,1.5862915440838427e-09
489,504,0.5261711204004507,0.40742744772157324,1.1175969406261006,0.7978455080154602,165185571.69574994,124768163.9319295,60790723.00124817,116103581.97768106,56569083.56292399,2.21502904715401e-06,1.9850828338735028e-05,2.2797262081893425e-06,2.043063664389744e-05,0.69661903,1.1070955,6853,40009,6988,39406,2.0457840329452512,1.9269068823394567e-09
490,505,0.5910072270986084,0.5414122685485877,1.2075008381174475,0.9334275430158888,167436543.46777388,178972026.86221448,82013473.62000564,170929271.3064786,78327901.45452797,1.07801477383009e-06,9.107710570387206e-06,1.0980249256122306e-06,9.276768245036459e-06,0.55291438,1.105333,6147,27030,6437,27204,1.9879400169380703,1.6843270404355443e-09
491,506,0.8088065698410127,0.9264356885007079,1.3722024180244077,1.2370949554437802,164885596.0458207,200591045.25040716,113246849.46576576,190104057.65998048,107326254.63801637,3.3825530222665444e-07,1.9819638381865206e-06,3.455991573214758e-07,2.024994221258135e-06,0.66483802,1.3488755,3473,10389,3446,9952,1.7476902125223184,1.3357910156147977e-09
492,508,0.4635425954814778,0.49855655907174257,1.1271102340380228,0.9034481019415818,168585769.98323664,66367710.87017825,84521889.43475215,60085626.873258516,76521408.44715093,4.219249424875465e-06,1.2253436748883767e-05,4.390456682195841e-06,1.275065250630181e-05,1.1774805,0.99441153,9006,31668,9375,32239,2.1944955524246352,1.7285926435632026e-09
493,509,0.6518767680558357,0.5577461715210711,1.245265532900462,0.9439861021593231,167672795.3202088,154584114.26001665,105638450.63518108,146494272.99018064,100110079.87262942,8.946684504519858e-07,5.323921291076638e-06,9.141128388012746e-07,5.439629398445846e-06,0.70707136,0.88527292,5149,25307,5321,25290,1.9075525443390455,1.6591685113351267e-09
494,512,1.2268607609777926,0.832035726346916,1.7022675110748036,1.1682065162020125,169924460.7782101,268965958.5905424,131917950.87115936,248857842.51641765,122055656.46677287,2.328008486670541e-07,1.9937889207524388e-06,2.401502004583524e-07,2.0567313724664323e-06,0.77509308,1.0717512,2001,13082,2116,13106,1.5173839628129389,1.3719526401259411e-09
495,513,0.2941874294636086,0.3708107718938987,1.0339000668180667,0.8098492661174759,166593770.20413914,71482803.35561736,57111934.84704031,70354740.19542278,56210656.9636329,7.468707651322151e-06,2.981790851792933e-05,7.516380290412819e-06,3.000823574153704e-05,0.68561655,1.0816437,18345,48036,18723,47381,2.728509713493639,2.00748064305453e-09
496,515,1.9693108753547728,0.879251558300681,2.373737074781736,1.2049175565224517,167948889.96789363,413347481.9238792,114734614.4575601,359583649.1418506,99811159.26364951,1.0942294300848153e-07,2.0820118418643296e-06,1.1569498539765996e-07,2.2013512250678353e-06,0.80015868,1.2870512,987,11586,966,11427,1.3356014476301248,1.3359169259553915e-09
497,516,0.4844424526857027,0.592588255904158,1.1885660468293011,0.9473289046246832,167199496.8475087,84610509.61416589,132163313.1158075,83399357.5078518,130271469.23272966,2.4818818976245417e-06,5.142443546793323e-06,2.4962366414025776e-06,5.172186484834769e-06,0.95731056,0.74968201,9228,25526,10069,26641,2.196264221571939,1.6287718418089035e-09
498,518,0.21148425910768356,0.3487913430248203,0.9957053116442577,0.7585485298070977,165220215.64719823,49513804.45230681,62616407.687867455,49973110.623927474,63197257.873262845,1.7557677105062176e-05,3.972436637361559e-05,1.749294873416058e-05,3.9577917984966224e-05,0.70569158,0.92032397,33537,59305,34657,60125,3.2808212304811892,2.102903152208024e-09
499,519,1.6371861395460467,0.5983363811936696,1.9966858915604973,0.8808703113315675,173542759.41016906,342603064.1809368,97222701.53901228,315055434.3487005,89405331.31294726,2.2582292872058355e-07,5.2621172432262035e-06,2.3352304375050647e-07,5.4415450289844765e-06,0.82930315,1.0680319,1147,21201,1177,21296,1.274933521703635,1.4987717789000022e-09
500,520,0.5393121341369425,0.5963197956555938,1.1898923887484643,0.9500818533656248,166775448.669744,155453775.2565019,124570006.95015205,155646042.41032192,124724076.6769768,8.591687035902424e-07,3.778503168417334e-06,8.587440190275954e-07,3.776635465416941e-06,0.57859015,0.79835832,6975,22931,7162,22827,2.111094423779909,1.6307197672156093e-09
501,521,1.1803643019134018,0.46027605405430083,1.571712747230183,0.7490118621750748,176650660.93668324,185040521.14235076,151692265.56112722,168618109.06457743,138229523.02950937,4.683904029121965e-07,3.884273568255162e-06,4.861306898204378e-07,4.031390432952883e-06,1.1268458,0.53600669,1882,34521,2014,35112,1.3824940898846447,1.6767273361101875e-09
502,522,0.8700548278357336,0.6126132295439476,1.4370685968250125,0.9496059429111203,169018271.6670348,279821105.0818851,127181547.05120492,279295720.90669537,126942754.5835056,3.468344940524442e-07,3.653280723664097e-06,3.4709531956579487e-07,3.65602805369183e-06,0.52553278,0.81413406,3319,22925,3463,23546,1.7261309124027286,1.5737308587986368e-09
503,523,0.6711050121411596,0.5819287905835016,1.3186671674102584,0.9385298265693555,167493713.18549868,113930421.23828845,118892700.31436573,112582682.72588456,117486260.58285429,1.1764836060306473e-06,4.649369532288905e-06,1.1820970233617015e-06,4.671553310606974e-06,0.98661858,0.81980991,5006,24466,5185,24660,1.9238328310292714,1.6338724472639283e-09
504,524,0.8115379796998284,0.719642687885528,1.3607469865881092,1.0286334130398982,168342714.21311954,152881679.8365154,125217303.94580619,138431340.51088217,113381794.7246047,6.575743321948582e-07,3.146949039697035e-06,6.842160559548257e-07,3.27444815713135e-06,0.8936094,0.96749091,3711,17087,3943,17429,1.7558139546111384,1.467132959529629e-09
505,525,0.554747399368627,0.3826059462507544,1.1228805671272226,0.7275767020177915,171024326.01203662,145471532.7852615,85822735.37164341,134556891.07014537,79383507.09338321,1.9956327968510453e-06,1.9312473424559647e-05,2.058872538238462e-06,1.9924467688658557e-05,0.65219152,0.76244277,6530,54879,6903,57143,1.9342103031847941,1.9085069495311936e-09
506,526,0.6711894472389544,0.5831381329797983,1.3051239958127088,0.9350107834745648,168027197.01394743,131754580.38945654,124684724.98753484,129555209.57676993,122603370.82045507,1.0653866114076465e-06,4.397818004521641e-06,1.0725846346143958e-06,4.427530782696863e-06,0.85597086,0.78584659,5223,24783,5612,25233,1.9173383854025392,1.6272556603684787e-09
507,527,0.6639125335489346,0.9603746041141686,1.2803610126206746,1.2490158851738278,167554867.89410517,124485907.21184492,166322430.79286718,123441334.13950469,164926803.47710407,6.999516007455875e-07,1.4870494115918434e-06,7.023148376925988e-07,1.4920701160344961e-06,0.8936094,0.96749091,5230,10872,5539,10869,1.9388243771081357,1.3447550349787914e-09
508,528,0.46664085397634536,0.4187303458903072,1.1225869679115945,0.7999940051627801,158119051.87784582,76452326.64008905,56886415.13951792,74120115.05201964,55151070.22036745,4.118549613622776e-06,2.3552417076679184e-05,4.169904903152333e-06,2.3846098423649725e-05,0.96510875,1.163885,8377,40637,8576,40667,2.235647923110649,1.9810513518103107e-09
509,529,0.8356569765222817,0.5718627120417844,1.3576816116209711,0.8882040153344773,168553610.9208911,255518614.42756867,166423987.6759253,241309911.68522406,157169597.44145903,3.014319562342138e-07,2.334081846144387e-06,3.08409853673312e-07,2.3881138868753355e-06,0.5512436,0.57918048,3352,25185,3518,25927,1.6542783646507977,1.582285597098001e-09
510,530,1.638770672698414,0.828176122914546,1.908029566825237,1.0175313514785727,181186056.53766426,739549503.5025723,218095925.12165886,709230714.9050596,209154800.5364545,4.618681653918174e-08,8.011410646320737e-07,4.69666857607203e-08,8.14668415188637e-07,0.4014909,0.6880182,1104,12192,1254,12693,1.1535004613263447,1.18817195347337e-09
511,531,0.8254474498860261,0.7535452152143979,1.3863312124585665,1.0662915831563153,168368092.01671192,155525459.10704458,131136084.92091231,156404095.37460124,131876934.17387995,5.798872586009259e-07,2.6595803172572066e-06,5.785819954757625e-07,2.653593891335551e-06,0.8936094,0.96749091,3598,15759,3752,15894,1.7642654613447095,1.4505240495782881e-09
512,532,0.6487715162152164,0.5639485276286372,1.1899944458721627,0.9344053464163968,175514809.51484826,115636570.73274264,105395698.50608583,101655971.6494683,92653233.06822051,1.446869595409757e-06,6.39683748750597e-06,1.5234012713997764e-06,6.735196034473689e-06,0.98471451,0.93914002,5114,24663,5394,25005,1.8351941317427773,1.5804739387452125e-09
513,533,0.7472242162361282,0.6501045206042995,1.2737585599422951,0.9762365339228524,166793970.49879873,177696071.71346125,135178999.69461882,162955901.95908016,123965688.20431666,5.310215259194731e-07,2.6189794600209038e-06,5.49737318108121e-07,2.7112850878110688e-06,0.70138013,0.80214763,4152,19029,4411,19022,1.7559123123346358,1.5286409406561272e-09
514,534,2.0782201595389944,1.3166978839766657,2.429122388676011,1.5922016500561278,175006005.35332036,569320848.7043816,199746896.2276994,491736093.67990416,172526192.74214566,4.5688121830860184e-08,5.222426082006849e-07,4.8445484734893193e-08,5.537609183664871e-07,0.63883311,1.1536101,920,6206,973,6159,1.2779416928809575,1.1305997209404353e-09
515,535,1.119181751925273,0.6773383102377708,1.5659181604096994,1.0146394694344214,173467575.68613988,276799608.30747217,181957484.84619972,247597140.36909804,162760898.3703044,2.2285264177740283e-07,1.6077297683589574e-06,2.3301599068510268e-07,1.6810513967444477e-06,0.70138013,0.64573455,2239,18573,2433,19065,1.4990057471207434,1.4630779113315135e-09
516,536,0.7778472696634137,0.6793105502029182,1.3057949176426864,1.0407430869612835,175354781.6544901,340264289.8699966,131696236.19798544,316897749.7264813,122652426.77841389,2.649228552110157e-07,2.7350945119419273e-06,2.725701631476169e-07,2.8140462126242557e-06,0.40086263,0.90450841,3771,17826,3922,17945,1.7155747368199568,1.4560328904986262e-09
517,537,0.7845103489139873,0.547690001016579,1.2729964130945635,0.8676320778487621,171463968.00419858,178562406.94090992,125205647.09210692,167813771.2109979,117668842.92947976,5.567382517112656e-07,3.790974133075004e-06,5.70737009046078e-07,3.886295276877047e-06,0.7533235,0.75003886,3513,24575,3598,24607,1.6743528731169408,1.6007332949831127e-09
518,538,0.5587251540565,0.5263752931263848,1.1341598973305145,0.87554013468535,167469125.6609968,140274903.69665003,141723693.44303244,132078757.00344926,133442895.16229871,1.0793165138915683e-06,4.11529506309242e-06,1.10562442501657e-06,4.215603744910542e-06,0.66704172,0.62199628,6890,29446,7438,30414,1.973574350652135,1.6810392562426462e-09
519,539,0.977077775756482,0.6432575190977495,1.4356615703134281,0.9786908638726656,175055160.85333163,192382789.35013828,126239772.0842814,175238542.2684406,114989878.82999918,4.991563088324167e-07,3.6023588799582857e-06,5.18144865246617e-07,3.7393973058098736e-06,0.88907385,0.8919974,2665,19974,2841,20436,1.552726178123491,1.4847562627991807e-09
520,540,0.29402384383396285,0.38362087700964576,0.9566741698769832,0.7712058064887516,170586182.07769212,73013241.97829716,78285860.72222808,68391415.43840006,73330271.03765783,8.0726748231879e-06,2.581796763441198e-05,8.286620980035371e-06,2.650220861698305e-05,0.68694943,0.83591622,19984,53313,21041,55301,2.6791842227054032,1.9402678830747776e-09
521,541,0.845222718853949,0.7330787327624989,1.337245321168203,1.0354146070646617,169426171.1022863,281949947.0913116,160983575.65232834,263024247.71516618,150177662.08957025,2.2720700168626758e-07,1.6376831242821395e-06,2.3361041596891089e-07,1.683838231433954e-06,0.50790167,0.77152419,3258,15790,3365,15967,1.6588851948796108,1.4281227691216748e-09
522,542,1.4209420382809799,0.8506670281747245,1.8124913232902211,1.142911851774575,173765783.02587724,415189951.56415904,216571854.12154824,377155894.59225684,196732486.12350896,8.6581688906086e-08,7.774439247087082e-07,8.99738753735058e-08,8.079034224835228e-07,0.59469432,0.68253016,1509,12316,1600,12518,1.3754861650399428,1.3166262589784606e-09
523,543,1.0340664058162905,0.6788718480420064,1.5365339324843637,1.1501905044526222,176420594.41301948,120400818.5991779,127120012.14684929,119187862.79877606,125839365.07256332,6.22392989462914e-07,2.8136812644040454e-06,6.249188934952837e-07,2.8251002375799713e-06,1.5151941,0.94215673,2393,17397,2371,17238,1.5679870171354497,1.4429892023354815e-09
524,544,1.5487006631175633,1.210681475487155,1.9715989148751831,1.5899026403529744,176745714.2355155,236662164.58466282,193637414.5012308,211502565.8092866,173051784.91695753,1.3380926136007368e-07,6.498396036809756e-07,1.3996242232258095e-07,6.79722196564446e-07,1.1566116,1.1050693,1375,7116,1398,7106,1.3885824576238985,1.156090566492138e-09
525,545,1.295949974933695,1.4458202844163413,1.7596729365256885,1.7987809396846888,176554914.44730663,233746692.5094072,243303191.0822817,239697320.07100558,249497104.0704657,1.1535498797932543e-07,3.8105767602351224e-07,1.1420083954753993e-07,3.772451220377133e-07,0.97886449,1.0491711,1774,5531,1793,5526,1.4707378429801317,1.100354773756232e-09
526,546,1.4262788915961422,1.085447331725962,1.8713828005910054,1.485353235593697,176560647.55041134,183425060.91124302,164791947.55835924,166211875.30430034,149327352.01312894,2.0775718977779382e-07,9.455408261497611e-07,2.1610992428026137e-07,9.835556428235903e-07,1.3729025,1.1629651,1513,8214,1505,8086,1.4138573499648526,1.1974410880688412e-09
527,547,1.6385772586464884,1.8077136723822664,2.0493787280831097,2.119329409471548,176999384.34314135,250755885.53590566,289542209.7784639,222130516.86151356,256489137.1297666,7.081836278331261e-08,2.053902765143492e-07,7.433666025408438e-08,2.155941849638089e-07,1.1566116,1.1050693,1241,3847,1239,3761,1.3523335636425162,1.0147416935047256e-09
528,548,0.6128978261571613,0.7939133764247144,1.2248652789267473,1.2510517171956956,176533500.76160726,151172193.84588405,110075247.85115094,155973599.4326127,113571366.39350578,6.638705748669838e-07,3.054403543803407e-06,6.556193275756774e-07,3.0164403625426403e-06,0.71572024,1.2732409,5201,13455,5117,13234,1.9121666177309709,1.3556452666331615e-09
529,549,2.233702767722872,2.002123665619502,2.5917065258744705,2.302503451545411,176919250.86933112,341674785.4943544,320535751.9833023,310013318.4707161,290833144.20487696,3.9271431944307227e-08,1.4587161727559862e-07,4.0829096398922063e-08,1.5165747793608105e-07,1.1566116,1.1050693,830,3350,837,3254,1.2621079160417454,9.923556062046192e-10
530,550,1.5708884837189938,1.2754583413287572,2.0446298745607243,1.65213211586197,178244271.2524965,237044100.99757755,242884991.25482133,215217191.14445367,220520254.96108863,1.0858856248023231e-07,4.095620243759107e-07,1.1286647488551296e-07,4.256969692061134e-07,1.1812227,0.93601149,1366,6639,1407,6697,1.3812223452707204,1.1389391428084683e-09
531,551,1.3575303709867752,1.5612431589785174,1.865175094449011,1.9595442156824947,176859015.97955987,222852982.7995095,449088262.6051289,198292347.1616982,399594228.2489212,8.678413706888139e-08,1.2986108979582952e-07,9.093380178800962e-08,1.3607051931732817e-07,1.0773537,0.61484557,1788,5016,1910,5008,1.4758775245273525,1.0857899297957928e-09
532,552,1.8380695253596473,1.8908812759614517,2.278828086105873,2.2394344165707007,177694291.97198132,374458823.3674869,407120605.24780655,331107237.19219387,359987722.002011,3.7286403919216056e-08,1.0986422831660825e-07,3.9167392296403465e-08,1.1540655245652623e-07,0.87223065,0.82530534,1155,3802,1219,3796,1.359142872622145,1.0268666103086076e-09
533,553,0.33808655999500936,0.6071951781067639,1.0978465498546932,1.1282659949826206,177529006.16887644,69860647.4882954,112594262.61065663,64092664.73673126,103298016.61219004,3.672269371075123e-06,5.607629746585072e-06,3.8010557694449408e-06,5.804289186696546e-06,0.85914135,0.95737344,15003,21212,15394,21095,2.529758889302854,1.5216375249012818e-09
534,554,0.996644982204584,1.1450028348798038,1.5677622856749789,1.550740644741477,178164987.3985593,203578308.89721322,193833783.4892052,182337478.9229243,173609671.88974148,2.2265856280585919e-07,7.698808316541488e-07,2.3269209202342366e-07,8.045735096320445e-07,0.87223065,1.0524451,2713,8006,2820,8081,1.608962875136291,1.197088449774368e-09
535,555,0.7288821296742234,0.7469187751161022,1.3695527387537314,1.2317524832205402,178195720.30460444,261725630.50697133,225664158.05707046,241995411.52721813,208652437.63166472,2.1123060190268728e-07,8.946679810863802e-07,2.1795783526553483e-07,9.231612024133189e-07,0.49625891,0.58980447,4319,15681,4456,15880,1.7950009201295405,1.3999020206327777e-09
536,556,1.5762816326217275,1.5416196537495017,2.0459046708635107,1.9283382602907135,177698586.0714833,321134114.4310055,331930037.8345984,293195756.63285726,303052445.12724286,5.742535255153465e-08,1.7636903428382645e-07,5.9554581256966657e-08,1.8290848060606603e-07,0.87223065,0.82530534,1404,4917,1464,4752,1.4032877124256522,1.081634010502334e-09
537,557,1.3530716219787546,1.6371403259324966,1.860100086210519,2.02323765263812,177175372.66640663,274848136.63498884,351458948.9440266,260852540.54012206,333562238.58764714,6.801878631410123e-08,1.7161272477870878e-07,6.94557121831494e-08,1.752381167778196e-07,0.87223065,0.82530534,1716,4648,1727,4605,1.473012989081281,1.0699420570882113e-09
538,558,0.47921401984900724,0.6733988713207488,1.1126764202828023,1.1430028225671147,178382716.61429814,95491985.00064635,157883268.1438162,91483603.8884018,151255944.29079512,1.3850520008115554e-06,2.4118636909416977e-06,1.4090147567300483e-06,2.4535912945990675e-06,0.8951903,0.76083249,8283,17585,8534,17485,2.115937717833045,1.4420318174027925e-09
539,559,2.0063804712344013,2.1055691557494587,2.4202947556573715,2.4309388010209716,178003918.37684745,341659606.43675596,854666816.1122994,320110002.3286074,800760146.4779388,2.3999791997112398e-08,3.131975055629406e-08,2.4633449654149798e-08,3.2146674379587405e-08,1.0453199,0.43853295,1014,3281,1075,3344,1.3187670625080343,9.92815606765256e-10
540,560,3.455640623600475,2.0733556246245612,3.7917790027364213,2.374215807683827,177609913.8131501,703662538.4889888,446196693.4487281,613237411.4682897,388857570.6812191,1.221224173649716e-08,6.98208456762486e-08,1.29029706077548e-08,7.376993831335867e-08,0.87223065,0.82530534,498,3271,543,3281,1.1733254917787208,9.882001856914968e-10
541,561,1.2956799866313,1.7023634684409226,1.8116602945192384,2.0778090843549397,176744547.9037283,279110673.1967947,509487394.4847434,252048007.547755,460087323.71203125,5.4566973349919405e-08,8.97239632407635e-08,5.683909256330608e-08,9.345998758415582e-08,0.82047874,0.59056115,1861,4416,1916,4377,1.4950882295066648,1.060157009946885e-09
542,562,1.0853839939489665,1.1503018395233169,1.6419771990206047,1.5940478190324012,177832768.63209274,221291054.92096993,247861428.94097918,195962118.55818662,219491252.10451964,1.576253959352054e-07,4.852353998063495e-07,1.6547899846339678e-07,5.09411998634711e-07,0.87223065,0.82530534,2382,7918,2470,8036,1.562784847694943,1.1870146023858944e-09
543,563,6.204711973086262,2.8537127860759215,6.45403671443496,3.1162666572481488,177283576.58006644,1261126893.7154336,613005132.4371722,1048565965.7092187,509684094.3459651,3.843615754039722e-09,3.049763121517879e-08,4.138139973962602e-09,3.283456904089814e-08,0.87223065,0.82530534,250,2169,267,2239,1.1015952964264417,9.22295155809898e-10
544,564,1.1870253340871924,1.5269624490439062,1.717966523589516,1.9068107979544309,177731380.60743383,241875989.38803294,328834833.66808426,216048001.10833567,293721210.97480303,9.568939035352892e-08,2.1706281812833575e-07,1.0011076733109907e-07,2.2709231610312066e-07,0.87223065,0.82530534,2085,5136,2144,5140,1.524738147672387,1.0863412470201325e-09
545,565,1.902777536914365,3.0337557701811164,2.3008032902643363,3.287249857331454,178132083.49905577,388596441.8766496,654799151.2688441,370392677.8185083,624125146.1297213,1.9355896372612313e-08,3.3823874047892466e-08,1.9730943780888113e-08,3.447925864260742e-08,0.87223065,0.82530534,1035,1941,1025,1893,1.3214797520688615,9.074838268064176e-10
546,566,0.7823903640330948,0.7666530027406847,1.4144339811416557,1.2380440777806145,178186861.23811588,159833506.45841676,165523577.2703703,150743163.1324883,156109617.83680826,4.199727902866417e-07,1.5491423890287627e-06,4.299255296305649e-07,1.5858547922158893e-06,0.87223065,0.82530534,3727,14637,3760,14658,1.7356913875138287,1.3782162613462802e-09
547,567,1.3023677498629218,1.4331017235678558,1.8192277552995855,1.846442352033443,177280065.6145128,157710826.72823727,285252401.0062491,143935550.28114045,260336986.11320388,1.8725878092406834e-07,3.224953444101732e-07,1.9423145615589191e-07,3.345036213478461e-07,1.4639695,0.89065111,1863,5604,1956,5537,1.488084028443595,1.1110517601723941e-09
548,568,0.8773297982361503,1.1618138315105346,1.4504192708268935,1.5910853076629963,177871984.67590785,178911842.21464568,250397182.73808768,167240087.65231955,234061905.96803135,2.1694886537721043e-07,4.7596819071561107e-07,2.228829583614055e-07,4.889871087740884e-07,0.87223065,0.82530534,3174,7540,3226,7480,1.669388294572827,1.1765098683235267e-09
549,569,1.2143015809553779,1.4496010835150257,1.7395991416900278,1.8227150929456177,177772102.85195872,247490667.22534403,312246414.0519725,226473813.0862889,285730515.84398824,8.855443235447341e-08,2.2251730673045962e-07,9.175434455892767e-08,2.305579640592638e-07,0.87223065,0.82530534,1969,5385,1966,5221,1.512148842969359,1.102415230283883e-09
550,570,1.501109564517436,1.3995833192311584,1.97450614651199,1.7577918491401074,178426642.8977359,281262787.4462669,230363461.2245795,263680247.73971963,215962783.6920331,9.217547202916753e-08,4.0378636183541396e-07,9.458651877086807e-08,4.1434825829891484e-07,0.95226938,1.0840389,1460,5774,1508,5803,1.3999295201385977,1.1074583870903894e-09
551,571,1.1104303770769417,1.3367112784298136,1.6618489051826124,1.730126187186514,177941145.17074463,304349618.0157762,260749330.52781048,278389535.7301235,238508218.0842919,9.474216756334308e-08,3.4816517403761244e-07,9.818186066494788e-08,3.608055999235362e-07,0.64922458,0.91220152,2316,6272,2408,6298,1.555117161860976,1.133557670638783e-09
552,572,1.013570783643928,1.2471598505048713,1.59228099109048,1.6566768617227705,177796137.4410809,206607014.27428615,268676565.4410548,186001348.96167633,241880479.14037344,1.6027149056614493e-07,3.8600054138105693e-07,1.6715057045246532e-07,4.0256823255896697e-07,0.87223065,0.82530534,2642,6946,2734,6959,1.6028527145444798,1.1595298307198493e-09
553,573,0.4600196547452552,0.7074272107543563,1.0371137056880322,1.1241118987672647,171311831.27240574,82246325.30354281,170746278.48834562,81182977.66235171,168538731.19911838,2.0291451597277654e-06,2.1900279639262095e-06,2.0397349015282275e-06,2.2014573240006173e-06,0.95818031,0.70977038,11204,17637,12227,17815,2.2545731875393753,1.4502411424859299e-09
554,574,0.586505780570802,0.8085838817198668,1.129125362838949,1.2029849793205345,171478589.70779774,110113582.34450269,191240385.7089625,107470768.80134504,186650464.3696576,8.806152199956497e-07,1.2615350794958954e-06,8.892142252632287e-07,1.273853679660306e-06,0.91335857,0.72502899,7172,13929,7700,13896,2.0299902133932304,1.3740657793761408e-09
555,575,0.5911164306829118,0.6826822821613657,1.1246566094594455,1.0915311927951117,171788878.85511357,117990408.85489938,157847928.181088,114620303.3249019,153339390.7429652,8.701606325528613e-07,1.6165533571259743e-06,8.80305656101201e-07,1.6354004196816275e-06,0.86063969,0.74297601,6863,16585,7317,15746,2.002264410309357,1.4573545941290763e-09
556,576,0.9265678675842376,0.9514718840330152,1.389003954011356,1.3179261007933623,171169974.33106074,173645491.83611387,224630215.08513367,164906025.42785895,213324720.20440036,2.9851725417563074e-07,6.631852971782662e-07,3.04747557522881e-07,6.770265258478357e-07,0.91335857,0.72502899,3542,10867,3904,10926,1.7128363936930846,1.290160980378606e-09
557,577,1.1824487037838698,1.2182196557222005,1.5991610105506722,1.5441398686657433,171472129.6901085,221990578.6695891,288113608.80485135,205107021.22284973,266201045.24203342,1.7376708169184778e-07,4.033406747111316e-07,1.7935319344200153e-07,4.163069169958146e-07,0.91335857,0.72502899,2585,8123,3043,8898,1.5843387477893602,1.1828765087068652e-09
558,578,1.2515210046757366,1.0778485761693188,1.692862362109264,1.5285889691756298,173458152.73833895,211143548.57982638,143949498.42857176,186369836.1412138,127059740.23449793,2.0115659243567053e-07,1.0110935636173428e-06,2.114536310909207e-07,1.062850602164175e-06,1.0281466,1.2988001,2102,8460,2139,8511,1.5629758538187364,1.1946683429514996e-09
559,579,0.7134883904553704,0.8740492951772991,1.2458879088210684,1.3435519924160373,173356325.90105695,110482631.86490746,155103309.89379266,98846639.47773118,138767883.20557973,7.1541560226888e-07,1.3829874200079283e-06,7.479821746147932e-07,1.4459426585075334e-06,1.1195219,0.97691,5044,11828,5350,11852,1.8778027226414715,1.3013727252133086e-09
560,580,1.3943194719558114,1.3176733240329455,1.8409185645664385,1.7481376320342263,170570857.56942368,194892969.23955095,187385451.38056883,176837593.2832831,170025590.80369732,1.6382741633183244e-07,5.213600670782849e-07,1.7032375097419568e-07,5.420338318286565e-07,1.2203122,1.199435,1924,6471,2023,6550,1.5647114735643546,1.1470536311323781e-09
561,581,0.7471612482410757,1.1305490958682645,1.3294806423255972,1.6360410518992619,173138127.77833208,163483048.9925084,197174289.51076877,151504962.14027336,182727710.61869076,3.472238062193576e-07,6.884960427744483e-07,3.579545128465886e-07,7.097735269696267e-07,0.79128754,0.99273163,4881,8151,5323,8413,1.8565118398365477,1.179016317692254e-09
562,582,1.3656124307649133,2.027361863689647,1.8303506198240864,2.4175996718172605,172542180.98052448,193086447.20448887,291641846.03396803,179886289.62485948,271704049.36206937,1.195823977143687e-07,1.9185245191081107e-07,1.2301802437102246e-07,1.9736441195281956e-07,1.2203122,1.199435,2006,3453,2181,3560,1.559821271792046,9.952007595386097e-10
563,583,1.4522647927733778,1.8043140343291055,1.906835533062471,2.217113117873102,172607401.25110653,249023316.6713783,203785656.51189658,218287636.54532948,178633430.46114457,1.0775430348886855e-07,3.360645283747847e-07,1.1358447467708942e-07,3.5424768827907667e-07,1.0066192,1.5282624,1825,4006,1972,4051,1.5315550774031939,1.0250212552939299e-09
564,584,0.8487866380329577,1.5022214793440773,1.3933620820429053,1.9265275640422266,171599009.70068923,119355478.48627008,214917622.2192516,112516892.72595128,202603712.4633687,4.160391264451789e-07,5.206884565725123e-07,4.2597491705705444e-07,5.331234684492302e-07,1.2203122,1.199435,4066,5423,4438,5651,1.7992542816816597,1.0910372847370225e-09
565,585,0.7013488717721788,1.4912390299354044,1.2850927495473508,1.9253321495415325,172235616.8402961,110942193.90043496,189693448.62741938,99590626.04106526,170284078.94698468,5.340574038903842e-07,6.573185594338915e-07,5.576211724802432e-07,6.863208769965534e-07,1.0888306,1.3539976,5255,5368,5567,5510,1.91377653832212,1.0861499388160082e-09
566,586,0.6474135240524169,1.1407681310162512,1.2228979618689937,1.5883164211218914,170933855.56532237,90685719.4506555,162573123.96307814,84878414.20036924,152162314.38836953,8.327202435239938e-07,1.0216095160970267e-06,8.550584060352719e-07,1.0490147336008881e-06,1.2203122,1.199435,5913,7821,6209,7750,1.9792498320825396,1.1986797656963164e-09
567,587,1.072939613716879,1.2340746298132643,1.5586181117535123,1.683463335530171,173302825.0958401,184450157.73733306,177619130.63959476,165537519.65816104,159406913.4480672,2.2650323889062038e-07,6.704702289695059e-07,2.3651977192174678e-07,7.001200795754084e-07,1.008096,1.2040855,2720,7007,2900,7187,1.6374524961124515,1.137606656331252e-09
568,588,1.4373592902612236,1.3203117828610644,1.8806069305200328,1.7515976508018094,170622176.29116768,84087006.07052721,159984880.15904176,74721811.90704894,142166556.78273374,5.109004472690495e-07,8.53382749854505e-07,5.356102517721828e-07,8.946567808872991e-07,2.9165668,1.4080985,1817,6412,1864,6449,1.552505339251496,1.146560023625631e-09
569,589,6.59209752947957,4.71640204499582,6.81748966379463,4.965228625141812,182860324.46977958,1380173933.7539585,713937698.5160846,1153442747.12766,596653972.4559046,2.489938860010724e-09,1.1155211811267414e-08,2.6752464386233764e-09,1.1985411027343072e-08,0.87339216,1.2080085,225,863,276,894,1.033719179753097,6.905604463027724e-10
570,590,0.5179257686796537,0.8279357892026404,1.1671214179354175,1.3544002835304423,181901242.16141766,116973227.72870448,141071437.6911342,118306021.81743616,142678807.01738462,1.048554297755686e-06,2.0648549836329803e-06,1.0438131740738054e-06,2.0555185736029934e-06,0.80540943,1.0675623,7930,12183,8234,12233,2.1038944588106863,1.2688679262388526e-09
571,591,0.6203771544789767,0.8060949456915734,1.2430086326365368,1.3687118395538131,180307571.5021596,156234941.22904754,120727952.65359561,153712548.5015348,118778815.62070557,6.966475212725046e-07,2.4958386088378115e-06,7.011979444780907e-07,2.512141145739555e-06,0.71596467,1.2039053,5931,13016,6179,13165,1.942298618609553,1.292407780140001e-09
572,592,0.8247532278137507,1.2915226401048763,1.4498189402889516,1.7577477553371794,183391398.6928957,162563833.02453825,181466182.3457483,149541727.88686094,166929912.73722744,3.0381859362710974e-07,6.695201248146591e-07,3.1413690718508473e-07,6.922584256498314e-07,0.93042004,1.3052247,3513,5646,3647,5729,1.6592041046165789,1.0129293256263481e-09
573,593,0.9053033968160755,1.088111750689488,1.4776218631730829,1.6082961210708924,180370475.2311204,186960693.47824594,162468421.02222735,177919980.32567254,154612061.68012643,2.995762108268348e-07,9.780840303752412e-07,3.055748158306725e-07,9.976688289898884e-07,0.87339216,1.2080085,3308,8016,3445,8132,1.6904179991942099,1.1412214497147746e-09
574,594,0.3653548839536717,0.646688515406747,1.082568810929986,1.2495126471285662,180910376.80105764,93406785.19203857,88765769.61725226,91998607.91312148,87427559.12575942,3.16450280070664e-06,7.153883256773777e-06,3.1837895437421412e-06,7.19748413715491e-06,0.70761979,1.317993,14901,18924,15772,19143,2.4649343709124527,1.427406796827042e-09
575,595,1.1898753223764544,1.5447707697457969,1.665373472117901,1.9174925975233084,183378097.06268215,320341000.61049074,291327145.76431346,286474947.060071,260528400.98814422,6.759399397540847e-08,1.9048484414544193e-07,7.068356746911782e-08,1.9919148937843738e-07,0.68114001,0.97236776,2035,4193,2158,4260,1.4506640311135057,9.38379134877558e-10
576,596,4.8395464106717965,6.704776105288941,5.0949186589647,6.892744457301852,181623358.7842018,1006391761.1743158,1008059095.7254329,813938508.2441752,815286996.8245037,2.6697943207330487e-09,6.4422898825443984e-09,2.9063505500540196e-09,7.01310681438539e-09,0.87339216,1.2080085,335,594,372,649,1.108862604294721,6.766020279941102e-10
577,597,1.0067190906653636,1.5393437561022745,1.5334651601481322,1.9705127984027266,180731392.5716637,194637581.03529218,244338727.91668788,190848789.1803243,239582459.48558718,1.7753927500551107e-07,3.48877511656409e-07,1.7894079310535084e-07,3.5163159605378156e-07,0.93479246,1.138615,2853,4721,2961,4777,1.6471209859111138,1.0163272020245257e-09
578,598,0.5711941302736951,0.7299381058944037,1.2343128447337421,1.3246895941221484,180655308.382472,141966941.05532554,105930476.59082733,139678736.58911034,104223103.11470959,1.0211140277845152e-06,3.746424579283935e-06,1.0277725472422478e-06,3.7708544081564398e-06,0.72685409,1.2448466,6905,15399,7296,15630,2.001828451708101,1.3423105223185568e-09
579,599,5.418481507351796,5.164243692593276,5.681702084503877,5.395591462122467,183024286.50685847,1135473567.605266,782429939.1804184,963816603.0855182,664144888.659742,2.6986114198953556e-09,9.836971600008219e-09,2.8814653669601152e-09,1.0503510350628046e-08,0.87339216,1.2080085,282,783,310,817,1.0680585456292835,6.865803433976395e-10
580,600,0.22455282272561583,0.47417712152968744,0.9969100822132968,1.1086576460192963,181708978.30428877,40415781.72708547,75541564.65555756,41501300.799644925,77570519.8235739,2.0476759398247493e-05,2.1501942314681905e-05,2.026081621072282e-05,2.1275187784284804e-05,1.0095874,1.1405938,33758,32394,35241,32755,3.1606971515522435,1.654156724091085e-09
581,601,1.0633368537976107,1.1419136141984434,1.5962333520541838,1.642342208029552,180888797.73860496,220228362.3368002,170991661.72564316,210606957.04232407,163521324.74460363,2.321416114397622e-07,8.583961594640805e-07,2.3632692778301557e-07,8.738723140961991e-07,0.87339216,1.2080085,2698,7555,2894,7737,1.6134111626243575,1.122808652615193e-09
582,602,1.84059740407602,1.9041957330601362,2.2708988591663894,2.3221453670448664,179831167.25041816,378978418.59844524,283469645.5773862,312667456.28710103,233870132.61881566,4.1468192685267375e-08,1.5745329322602974e-07,4.4784510054537966e-08,1.7004523556452114e-07,0.87339216,1.2080085,1181,3319,1201,3297,1.3737796271650187,9.37688147437723e-10
583,603,0.8133720760922494,0.9552699139491992,1.4278668791989397,1.4721080863767362,183498196.2101347,178621120.1512254,163345091.88272446,164625186.98668838,150546118.3525493,3.6517603405131575e-07,1.1010973105381623e-06,3.772913762333398e-07,1.1376281051384498e-06,0.83558041,1.0731287,3722,9209,3988,9363,1.661357897171852,1.1413538603060705e-09
584,605,0.5989958498095058,0.9883580816074683,1.2079778486211634,1.477152278615174,181360134.01369724,156003718.15401283,148871334.93363962,152299428.90808603,145336403.2567098,5.402550920878176e-07,1.2779014259197258e-06,5.454733518674513e-07,1.2902445240429538e-06,0.69635499,1.2040515,6199,8878,6405,8762,1.9732134781325583,1.1795093605627023e-09
585,606,0.6048907982356335,0.8571232651005095,1.197366884117105,1.3276966858487673,183118974.74033445,153870946.4247135,136131639.92927924,145627033.85768226,128838142.59752233,7.044073581350385e-07,1.932695132533468e-06,7.200948954927721e-07,1.9757373108165012e-06,0.71986938,1.1529688,6208,11241,6709,11493,1.8824457324579715,1.2018105860703484e-09
586,607,0.7579071004260205,1.0708179930434,1.382527393931905,1.5997086347469516,181625102.49499846,102283591.09002152,146156927.3317866,95985277.0590314,137157026.01496628,8.185656011141421e-07,1.4364522521132976e-06,8.396417555256953e-07,1.4734375461803295e-06,1.3458166,1.3306754,4309,7973,4565,8102,1.7659204911860757,1.1212661198443646e-09
587,608,0.9190139463646788,1.217419959120632,1.4722984320660575,1.708240355742891,180497061.7345674,145105403.49441794,213373676.3532771,139823081.7833795,205606161.31922555,3.498751517718222e-07,6.359215869754732e-07,3.55103527050106e-07,6.454245101966053e-07,1.1431643,1.0298399,3329,6917,3528,7118,1.6956943098099642,1.1033372785946937e-09
588,609,0.4860044672091401,0.8301938345862034,1.1506282228703433,1.3707098197461913,181574516.47158358,101038262.28132069,124785582.29737599,103343455.1573337,127632571.43640263,1.5063207027399038e-06,2.840055587687843e-06,1.4927896020734732e-06,2.8145437043383258e-06,0.87339216,1.2080085,8964,12540,9274,12642,2.197269261894209,1.2883891484007493e-09
589,610,0.6247804346060217,0.9806282479742854,1.252821726729681,1.4984217273762468,181312186.38778389,129701538.20790839,147184272.02609882,125154605.21987174,142024448.70370415,7.418371041522387e-07,1.5047361245531e-06,7.525023634063689e-07,1.5263694464610867e-06,0.87339216,1.2080085,6049,9336,6364,9333,1.9603603747262328,1.1945108889840012e-09
590,611,0.7352660222450573,0.9806420428589079,1.3517753384777853,1.5169316663875563,181076964.28550038,152439814.95140758,146995392.97250193,142781653.07296667,137682174.49892917,5.489433564448779e-07,1.4265445204609347e-06,5.635052106870169e-07,1.4643865548584493e-06,0.87339216,1.2080085,4706,9379,5069,9524,1.8072608272390376,1.1781046857719801e-09
591,612,0.5977277655810999,0.7930334284935461,1.3368087550537873,1.4011020620779706,182641986.59513602,114806744.20250735,92898714.633673,103031784.22225918,83370714.73587514,1.3843806391316605e-06,4.675201470051031e-06,1.4456194710104153e-06,4.882011554453356e-06,0.95090395,1.5591303,6214,13238,6619,13633,1.9034912010678982,1.251825222533177e-09
592,613,2.35934482598916,2.3892194772933397,2.861572768271217,2.845501471896849,173441194.1898615,450067893.4689142,439942884.6121107,398232727.2813411,389273834.74689484,2.6509419479008915e-08,7.270569105686182e-08,2.783919360349207e-08,7.635277758573271e-08,0.90921301,0.94191563,1015,2879,1160,3071,1.4132260424005822,9.715557341284896e-10
593,614,1.5644437429110187,2.31611768852986,2.178250146105993,2.8713193709300353,175934874.1801492,302723575.2719506,432613984.8830398,295120662.4761857,421748870.0721455,5.7646492948974994e-08,9.448091470498771e-08,5.823600060856906e-08,9.54471005049347e-08,0.90921301,0.94191563,1766,2989,1974,3123,1.5468214514331717,9.771082542682563e-10
594,615,0.515145027493411,0.8087980953496209,1.2820657243292068,1.552394291806195,178421897.21637133,80238800.80059195,136321366.8528406,79741242.08061472,135476041.59722754,1.6991528044662064e-06,2.446048787551351e-06,1.703385750733695e-06,2.452142408477112e-06,1.1454951,1.0585816,8219,13141,8353,13012,2.1714870037267167,1.3340016573388999e-09
595,616,1.1718178915933006,1.6710220414501653,1.8530357721324346,2.325054358629372,176504587.37960678,152338939.66434097,356738065.54370487,145851540.7337921,341546269.2111744,1.894888021480083e-07,2.041007251506062e-07,1.9281619719883092e-07,2.0768470338592685e-07,1.3577043,0.82677764,2505,4567,2647,4682,1.6442428255654364,1.0465526058923637e-09
596,617,0.5760675320695351,0.7786170939164117,1.2323986697382834,1.390608632258645,179633527.0812439,113813860.43149357,148490725.0407907,113405350.27810109,147957749.80707315,1.1414904422669188e-06,2.234514508732273e-06,1.1431334246328486e-06,2.2377307143160627e-06,0.90921301,0.94191563,7304,14533,7915,14956,2.0238495850900997,1.326566927897757e-09
597,618,0.4035029878918766,0.6324385404483435,1.2781056984951624,1.4461760165588349,175843359.34449542,94428545.25354254,114042972.3344678,95749544.75184654,115638366.06667481,2.6566209450275855e-06,5.153212194111712e-06,2.641899087498661e-06,5.1246552952134984e-06,0.75139695,0.97515976,14027,22006,15259,22807,2.419082935425705,1.5070347078949046e-09
598,619,0.7220077433058075,1.3165336039040914,1.4040339731351064,1.920599751967269,178117403.93116155,110167743.31637493,205842465.15259793,112826453.82471286,210810121.82494852,6.594132425658654e-07,7.545763693353922e-07,6.53153217512966e-07,7.474129296719954e-07,1.1673303,1.1392088,5214,6409,5569,6530,1.9170897378490042,1.1170533539454534e-09
599,620,1.1331332436829777,1.225428099578114,1.7683877171234983,1.817852110450489,173760664.42458814,205697099.15077823,241551201.6769903,185298382.28581476,217596879.56091213,1.5776921638785218e-07,3.868604028696333e-07,1.6449961436952646e-07,4.033637774459677e-07,0.95720351,0.8815158,2575,7127,2706,7205,1.646031115779853,1.1567249361191043e-09
600,621,1.3435704305216671,1.7606821403215487,1.9943880469999045,2.373589097944744,175639830.4355018,267262650.1436521,451754009.9149274,260144240.28158322,439721762.9934847,7.0554493061877e-08,1.094467558700917e-07,7.132048667464309e-08,1.1063499367460594e-07,0.88296843,0.68454492,2125,4385,2268,4538,1.6038782746912021,1.0495900382563689e-09
601,622,2.5328623770646983,3.260375612558843,3.0374861643853093,3.716951270710535,175459904.62031966,488791720.1010664,607342288.1898571,440016374.36113757,546737067.4573647,1.4277829789292368e-08,2.902807442008573e-08,1.4891011575288465e-08,3.0274726521953796e-08,0.90921301,0.94191563,877,1784,880,1727,1.3840349971167345,8.94820909787979e-10
602,623,2.2709015358390747,3.326700926662856,2.7842627608146273,3.7883895604644175,176237681.36888126,440181142.25324374,622444345.5968242,406839164.5239827,575296652.2577626,1.6228990119228023e-08,3.136355040441456e-08,1.6748463361978697e-08,3.236746531920967e-08,0.90921301,0.94191563,1004,1777,944,1761,1.4272691144373828,8.974455008557089e-10
603,624,0.694479334141079,0.8855063015210217,1.3363299234305317,1.5200866015629226,179107617.27189526,149779985.97428486,184067333.2310392,146540407.28336295,180086156.39655566,5.718380275547145e-07,1.1969499353754737e-06,5.768615457357466e-07,1.2074649754259862e-06,0.83046168,0.86164623,5521,11822,6032,12169,1.9020892101810298,1.2674625757878534e-09
604,625,2.293083635865652,2.974993792355937,2.767082002335195,3.43226603713695,177283796.98631015,447119178.12684643,559942078.378679,416878762.71552896,522071009.8027659,2.0529662324901067e-08,4.153576874988904e-08,2.1112867245560055e-08,4.2715713375130505e-08,0.90921301,0.94191563,1019,2040,1063,2076,1.419296556062119,9.057556715330407e-10
605,626,0.4669494724875363,0.7208908734090348,1.3100930280415974,1.5481227465202374,177463889.40050247,91141095.24362297,135821186.2653692,90175197.26245116,134381776.20272502,1.8329113237719117e-06,2.9107929246169795e-06,1.8407394124146947e-06,2.9232244834922864e-06,0.90921301,0.94191563,10263,16469,10855,16640,2.2622593306600067,1.4059791119046348e-09
606,627,1.8302393082965214,1.8859491690805885,2.392052637237636,2.4441264876879005,174977313.9474809,237108394.3954233,392593600.55753917,208006013.3067212,344407164.11549085,7.074347706064042e-08,1.1323182860150806e-07,7.45477976043499e-08,1.1932101434200052e-07,1.3506496,0.8405596,1353,3751,1474,3791,1.4582366304114551,1.0061399214998915e-09
607,628,1.541542180692097,1.601700550230523,2.1719176764584076,2.238511322182739,175317566.41313493,144012327.36755103,702236494.9619765,135273856.8991339,659625747.7763667,1.4260898245139576e-07,7.859413856943298e-08,1.462248550831127e-07,8.058690501220202e-08,1.8766409,0.39987418,1777,4963,1990,5147,1.5368861366714983,1.068678739656109e-09
608,629,2.0648027690197557,2.0170752653341792,2.6162008359784887,2.608814896790721,175755898.81797987,399137784.611024,376374342.82975423,355247729.86649823,334987405.41581994,3.36906144145266e-08,1.013276692319129e-07,3.5297629782401144e-08,1.0616091803061639e-07,0.90921301,0.94191563,1143,3430,1198,3478,1.4286512388494939,9.889457614916946e-10
609,630,1.411093637820804,2.2812876731025127,1.999576924290794,2.793760535118057,176693031.1793903,274226621.7071736,427944521.9023078,271848937.01166695,424234024.599316,6.60995936560583e-08,9.753760016492919e-08,6.633024163806505e-08,9.787794795533895e-08,0.90921301,0.94191563,1977,2961,2149,3061,1.571446838986815,9.65855825813238e-10
610,631,1.3784587209349057,2.542366806412155,1.9176025351443589,3.0060116770808243,178621139.4226041,270807681.6679277,482124344.6098738,270930324.5405794,482342688.17470217,6.016891970782701e-08,7.421759539603745e-08,6.015802348713473e-08,7.4204155046724e-08,0.90921301,0.94191563,2023,2514,2056,2448,1.6090470785952382,9.47588490547825e-10
611,632,0.6519547576316967,0.9716001828356144,1.3232043496814454,1.5916734495174074,179061686.2525418,132116824.17992425,145967398.2851393,130410618.94409913,144082321.64361554,7.251682801084062e-07,1.5439355558470555e-06,7.28948534143458e-07,1.5519839892589225e-06,0.88361281,1.1918851,5889,9828,6288,9925,1.941056535799539,1.2167431656932202e-09
612,633,0.9318266541881297,1.8239448035200438,1.548626456989867,2.362051972646202,178741876.252369,183187484.86842892,346119446.34779143,188608537.18577355,356362130.9288335,1.7522826804383703e-07,1.9891203403141681e-07,1.7319603668902963e-07,1.9660512729245368e-07,0.90921301,0.94191563,3486,3952,3645,3994,1.7648266243157535,1.012791305184504e-09
613,634,0.8227586766568591,1.7123496444189221,1.4684351068185253,2.265649721133683,178596934.9428217,112382467.53069547,282417973.8495908,117288870.35573494,294747800.5136929,4.711820226392208e-07,3.8534061031103613e-07,4.6319665678874666e-07,3.788100433485213e-07,1.3075187,1.0828645,4279,4387,4554,4497,1.8406661090170455,1.0329369335037676e-09
614,635,0.5964357389363188,0.7943570140864677,1.4034526932503006,1.515032882930485,174631109.09708315,154808094.85297492,169620664.2091061,151235822.94012898,165706585.07023463,6.877606192771529e-07,1.5910017458105743e-06,6.942132550121347e-07,1.6059286759541258e-06,0.67280871,0.81782162,7472,15141,8299,15794,2.0566862487535054,1.3730098247580726e-09
615,636,0.7654278319395912,1.0192544669676884,1.5095670020463046,1.706628035838344,175483048.83446336,179442572.70780176,166194008.9777232,179504189.77959695,166251076.7517112,4.2930159497606087e-07,1.1815975895038985e-06,4.2924264363513246e-07,1.1814353334975054e-06,0.74853814,1.0762234,4970,10068,5475,10481,1.885433408698684,1.246778779014638e-09
616,637,0.5728220693287136,0.9790241408448255,1.3826557969174482,1.7311824815627368,176899502.16541502,158855967.47744933,266400499.98426843,158769170.0706552,266254941.2562302,4.349601312073305e-07,5.55579526639676e-07,4.350552308325781e-07,5.557009984735013e-07,0.63788563,0.6501072,7546,10071,8109,10163,2.0829984247993125,1.2478415177285906e-09
617,638,0.8076325396022522,1.502689492387187,1.5057900381345817,2.1188442907909883,177898300.71846187,158022877.82945004,283810883.5747514,152478744.1770486,273853556.55883163,2.713087294335079e-07,3.3387716109717897e-07,2.7521242154761716e-07,3.3868111135553463e-07,0.90921301,0.94191563,4284,5247,4476,5317,1.8444950318792526,1.0733505987292314e-09
618,639,0.8792747212700863,1.2036633477060645,1.6021373606710965,1.8970867854442783,176211323.89075124,168537148.8374423,217904181.83716688,162801022.04853487,210487858.35315737,2.883844947959091e-07,5.547486403601128e-07,2.924066954516893e-07,5.624859160643033e-07,0.91931164,0.97335953,3828,7338,4029,7320,1.7991388290194195,1.1697067113564067e-09
619,640,0.5996789416667976,0.9824429754994919,1.3308415856663858,1.702439384448426,178696569.10933974,117860796.38585089,186385259.43913928,117842636.7510051,186356541.76238975,8.354990570271119e-07,1.1672283238968467e-06,8.355505550480121e-07,1.1673002688596973e-06,0.90921301,0.94191563,7037,10052,7563,10199,2.0535030335270625,1.2401301981190326e-09
620,641,5.386970203184856,4.700271201969603,5.699017226570847,5.03261821143908,174442217.05440906,1033547711.1679327,870487444.0066035,886017541.6141018,746232744.5659225,4.356655552338463e-09,1.1455509411641347e-08,4.63349297222309e-09,1.2183433304380728e-08,0.90921301,0.94191563,377,1163,472,1198,1.266214146407327,8.486982838654641e-10
621,642,0.686652816307471,0.9382893476415531,1.2959298080387442,1.4915968811438218,179852707.86556998,161965821.342955,174401948.06346977,158239765.9763782,170389797.17178658,4.810645333886949e-07,1.1442698829852935e-06,4.855639524679352e-07,1.1549722927161395e-06,0.76248413,0.96761465,5326,10440,5683,10652,1.8804874704785082,1.2224066008036664e-09
622,643,4.401877411770525,3.193799069526251,4.732016765920739,3.5615780766022027,173041898.52850616,837767625.4572276,586741568.8912593,712193031.967626,498793751.67075163,7.055159998370569e-09,2.8212144244859796e-08,7.528651748755134e-09,3.0105541072668896e-08,0.90921301,0.94191563,468,1917,507,1957,1.3014028230489014,9.176310756831006e-10
623,644,1.5680380380373964,1.674319777167658,2.1734766481079,2.2356500136391,174249130.74378693,300511829.56698936,309739807.3313588,271239161.9610017,279568248.23693603,7.71529786951527e-08,2.001416943730088e-07,8.038154867338112e-08,2.0851689228205675e-07,0.90921301,0.94191563,1760,4751,1988,4978,1.5392883286978805,1.0659571040333273e-09
624,645,0.5449387253706544,0.8012599995273668,1.355490467084879,1.4934420447119072,174146172.66393793,104374874.00192857,148141041.28031045,105500702.0570099,149738948.2668066,1.2511940523612634e-06,2.086629735352265e-06,1.2458361172973764e-06,2.077694249603037e-06,0.90921301,0.94191563,8442,14486,9216,14836,2.131041005889216,1.37107900102562e-09
625,646,0.36584330122107617,0.7798721196230313,1.1860874304496212,1.5441573608918078,178375726.83865696,75330165.31312975,134248824.32753125,80565903.61082925,143579637.66148627,3.4318093723767133e-06,3.631048615153227e-06,3.3407979555152325e-06,3.5347533833090565e-06,0.86628729,1.0362121,16277,15049,17540,15515,2.531141523577836,1.3613469584167252e-09
626,647,0.617546331786407,0.6696357839057314,1.1926603834614606,1.13881714313259,171189764.53122377,144012106.56117204,179229388.01390857,138836353.6122115,172787936.27971464,8.163875915916974e-07,1.8341940586460672e-06,8.284279002819166e-07,1.8612452569877852e-06,0.73408836,0.63959819,7368,20458,8107,20905,2.0813337256699103,1.524210234133959e-09
627,648,0.6685495344116532,0.8169937638936031,1.230579724331052,1.2851627549348572,172036534.76805305,139102029.26872578,168618325.0264678,135247922.41626874,163946408.6974912,9.777590935764865e-07,1.9140919207997214e-06,9.888103624180117e-07,1.9357262318924203e-06,0.82683873,0.83355576,7340,15634,8307,16131,2.1193002536654886,1.4459354765359872e-09
628,649,0.8506888177443583,1.0217727490412587,1.3829476905313198,1.45472803872456,171362798.81143114,176305743.11179242,210056539.01900953,169471631.2907935,201914150.39881766,4.3639425608726296e-07,9.404276946477313e-07,4.4335009468017215e-07,9.55417496096821e-07,0.82683873,0.83355576,4821,11105,5384,11509,1.934046607285434,1.3389151237889706e-09
629,650,0.693763401402645,1.1290437585669157,1.2575868445037768,1.5493753147259324,171844780.33502826,229126396.26101038,191091437.32877195,225860150.8577575,188367388.33676895,3.576830436904898e-07,9.074861739022034e-07,3.597431695557765e-07,9.1271296832879e-07,0.5203225,1.0153269,6595,9342,7192,9351,2.0845735002896584,1.3019890467396842e-09
630,651,0.7213335465841274,0.918209786357124,1.25877398613897,1.3228274114898753,171705237.85314333,149795532.90601063,189143231.12053582,149779051.95091915,189122421.01333514,5.086926001230908e-07,1.0850926876415646e-06,5.087149890033869e-07,1.0851404453842326e-06,0.82683873,0.83355576,5378,12012,5763,12194,1.9314321079551624,1.3352748563424656e-09
631,652,0.7681175287027086,0.9479591579133569,1.3217853221339169,1.394354857784268,171325368.52647218,174212367.11524546,363903582.7192652,174231599.9098686,363943757.1511093,3.2747131402234987e-07,3.92127711931512e-07,3.274568541950548e-07,3.9211039713553035e-07,0.7553885,0.44629803,5526,12171,6094,12351,1.9889363497186967,1.370952160158652e-09
632,653,0.4494497718642218,0.7405492512321487,1.0930568887909582,1.2403222588534077,171429919.94992113,114177146.42646115,178698601.49825862,113910499.37953885,178281272.32276252,1.512557035250532e-06,2.0016496067686203e-06,1.5139723077309001e-06,2.003522514393112e-06,0.67482102,0.71042693,13095,17771,14119,17748,2.459587181777584,1.5118405639468936e-09
633,654,0.5983531925582228,0.7627640999433674,1.1919823809151753,1.2345970705781415,171302152.22719407,123965153.00781359,156753918.85233614,118192519.3316967,149454424.3663877,1.0564542462876899e-06,2.1766322077530268e-06,1.0767987565643617e-06,2.218548378259011e-06,0.82683873,0.83355576,7798,16871,8418,17204,2.1406471822363633,1.4660657566814449e-09
634,655,1.1414564773599392,1.2194386916214452,1.5964302353235114,1.580573691183786,171621426.54178908,236924543.89488763,251071155.49933368,232228328.85644865,246094532.49189496,1.9934371717805902e-07,4.6814249497167237e-07,2.0094652248630787e-07,4.7190655278387434e-07,0.82683873,0.83355576,2978,8002,3560,8293,1.6800056775444376,1.218575363785039e-09
635,656,1.3332236259502894,1.6442384301929271,1.7638794151224555,1.977423580038253,171854307.68602985,277103883.6416691,338992867.24570173,269953899.1907957,330245989.728467,1.0690289386701347e-07,2.1625327251318598e-07,1.0802658940413413e-07,2.1852638999785483e-07,0.82683873,0.83355576,2422,5328,2730,5478,1.6699244085573333,1.1417058943350032e-09
636,657,0.4253099225447107,0.7450493576683246,1.0745279266953567,1.248922580013321,171837928.49197808,88390121.80424437,153592290.26982403,88221434.40466592,153299168.32913595,3.001453605366256e-06,3.1013752773077856e-06,3.0037479106952905e-06,3.103745962569534e-06,0.82683873,0.83355576,15609,17841,17625,18065,2.522598663799967,1.5058300998222089e-09
637,658,0.5216784396764352,0.6535505992736,1.120155266739842,1.1357429660262839,171987092.16452974,153891048.8612099,120037825.19711041,151090603.38527477,117853426.64370583,1.2217820148106367e-06,3.910688349926956e-06,1.2307903696990879e-06,3.939522354755333e-06,0.58302259,0.9363904,9973,21419,11003,21928,2.2359101161606274,1.539152678137428e-09
638,659,0.6005330748524857,0.5466908139084128,1.1572094975829605,1.0152248427083552,171815169.73760867,93907641.28834802,133609037.8041873,93762407.90471849,133402404.00551479,1.6391549116952825e-06,3.872242357192118e-06,1.6401700284685614e-06,3.874640408858218e-06,1.0987465,0.70301962,7011,27319,7512,27735,2.0381682918040656,1.6255759823510956e-09
639,660,0.731561852598212,0.7384006026484901,1.274580273269576,1.184019974898528,171320286.84422505,132556270.51534232,131522948.59475116,130311225.83065487,129295404.80893765,9.159280403518391e-07,2.737560861732111e-06,9.222076773030731e-07,2.7563296815369738e-06,0.94549572,0.96183217,5476,17260,5991,17602,1.9387445622631605,1.4590993992083183e-09
640,661,0.5108306703203376,0.803229918652206,1.1353133568449036,1.2912455844400037,171571308.87660253,99542035.76443587,161922075.9363181,98104859.77979784,159584264.4064322,1.6424082269469603e-06,2.289573238668578e-06,1.6519903671099376e-06,2.3029310697646306e-06,0.88047111,0.85109586,10436,15854,11132,16054,2.3330488975783616,1.4627451924005683e-09
641,662,0.684946440515232,0.9003914416912016,1.252500541339027,1.3533753483571827,171727926.1830074,109103958.16334684,267627114.7288097,106610197.29963851,261510031.20578408,8.76515565063089e-07,8.722303000671764e-07,8.846598887817426e-07,8.803348063693025e-07,1.078095,0.57775295,6702,13380,7372,13689,2.0817067799500752,1.3997931213056984e-09
642,663,0.3914978590143868,0.6110357838710769,1.0510744699328207,1.1313928077044242,171325121.43041363,81120315.004338,125589414.52223933,81036808.47243749,125460130.79781583,3.7279385867224098e-06,4.9592218088671426e-06,3.729474733284935e-06,4.96126532201986e-06,0.82683873,0.83355576,16588,23846,18134,23929,2.578097517493994,1.6129684577885165e-09
643,664,0.5724855409098206,0.749797737910408,1.1558658672217814,1.1912493903761607,171695367.45214006,147932064.0970098,175008675.37338707,154720395.81878456,183039503.23937207,7.272228146818042e-07,1.6523724038550503e-06,7.142880672474612e-07,1.6229824847273135e-06,0.66444767,0.73560238,7807,16819,8419,17279,2.099357092310816,1.4393040622713299e-09
644,665,0.5425692344710467,0.9875324610115939,1.126269116303607,1.3934198145747108,172440403.69343454,113154904.8552975,204294066.94665533,115389789.36099665,208329010.4200223,1.124948032723254e-06,1.1697849952309165e-06,1.1161816073414319e-06,1.1606691671436026e-06,0.82683873,0.83355576,9581,10933,10579,10912,2.2191581333389525,1.3281729111643195e-09
645,666,0.7739528604935303,0.8926649258193017,1.2889996259598908,1.3110008537928781,172577147.23032883,226021619.9691575,161083181.60753945,216225486.1379026,154101582.21360925,4.3555571520299217e-07,1.546815410511974e-06,4.4334412444372496e-07,1.5744748603054975e-06,0.59094602,0.95636034,5496,13109,6172,13544,1.9493308365507285,1.3663133413195392e-09
646,667,0.12177645272979842,0.23672113771502004,0.8987776672640853,0.869519041907893,170398901.17341352,23340936.382278495,42108196.06376394,26355334.702720344,47546318.74284454,0.00026166769137898725,0.00022477654982647408,0.0002492585121484666,0.00021411687503469825,0.88902062,0.95793754,148090,125846,160870,128248,4.596516688153822,2.492350611767918e-09
647,668,0.44459476556145383,0.6213838133037817,1.084608371754939,1.1464820559112827,171917647.04631788,93412921.08177292,143297253.76085204,90850952.16488577,139367143.17487413,2.638791380760646e-06,3.957712205764264e-06,2.6683085309499654e-06,4.001982619270758e-06,0.81823462,0.74549121,13600,24019,15010,24709,2.439498479081177,1.5957804690937954e-09
648,669,0.40385503515587684,0.5870259085613193,1.0355559693934402,1.0755511896703582,172101372.23163998,72678381.58586068,118544126.29585025,68258086.7208667,111334279.55316098,4.334300222473864e-06,5.862673770244655e-06,4.444464533888426e-06,6.01168454148712e-06,0.95632297,0.85223931,15369,25245,16977,25768,2.4699561588703904,1.60095105636089e-09
649,670,0.59031943973474,1.0859765070941192,1.1818482487320783,1.5228082816995576,171527261.51154742,113833506.05762127,184339728.10754028,116768852.4129565,189093169.93485305,1.0194414152304606e-06,1.2477984503019546e-06,1.0091123309103085e-06,1.2351556292284057e-06,0.88950855,1.0104961,8407,9802,8883,9571,2.2411658006302364,1.3298301560748955e-09
650,671,0.8131761244405498,0.9506562219756373,1.342878611189103,1.3703829840936348,171450731.05112347,156219683.90638378,286810565.275019,148478702.0678917,272598557.40658647,3.618300846344086e-07,5.317955651737969e-07,3.6926088877431115e-07,5.427169032689086e-07,0.89245886,0.56828696,4703,11613,5079,11723,1.8964209241923946,1.339772146568651e-09
651,672,0.5510598539228879,0.7126150090041853,1.1419977543199809,1.1914197653981313,172182296.18962196,185849737.21742374,111639913.09855114,180633560.55204383,108506556.4506026,1.0208698240753021e-06,4.102716999990028e-06,1.032561124920658e-06,4.149702519200263e-06,0.51053476,1.0990665,9473,18980,10407,19428,2.239833596002773,1.5076824294962625e-09
652,673,0.6508508593442786,0.8758225214085219,1.20732668744241,1.3095067073607136,172184272.29222965,156119432.2594252,178727955.55299354,149962375.97733375,171679261.7062576,7.573995392804729e-07,1.485726070481207e-06,7.696883211272959e-07,1.509831925604417e-06,0.71782404,0.84375644,7392,13623,8437,14080,2.07633458212875,1.381355854086816e-09
653,674,0.3952255339095291,0.6062511719738508,1.0118818345070235,1.0647806868759604,172767442.99129307,71563485.35460682,156284307.9648404,70193753.1835014,153293010.8892766,4.1743966278730055e-06,3.6869776150589105e-06,4.206790831763158e-06,3.7155893439500157e-06,0.95414728,0.67019182,16471,23031,18473,23229,2.4712502179073197,1.564586006568868e-09
654,675,0.8326643068630155,1.3040361450832056,1.3676777955682498,1.7132619606976738,171707578.2278246,172917361.53699353,268623767.1656007,172567522.6252402,268080299.2018232,4.082768795645066e-07,5.336096672089582e-07,4.086077514787354e-07,5.34042110143833e-07,0.82683873,0.83355576,5345,7798,6109,7920,1.9996824755501248,1.2623812091216071e-09
655,676,0.682159179679353,1.4817538802893595,1.2559149686986588,1.8723993301402582,171622611.6503196,143404316.11495858,227560474.08561033,143443838.45861596,227623189.93338463,6.059988219388681e-07,7.064136166656751e-07,6.059320293211248e-07,7.063357564241062e-07,0.81639063,1.117516,7023,6521,7695,6553,2.138889332686626,1.227291814873098e-09
656,677,0.30076535142933314,0.5431270420118737,0.9848692695391246,1.0686491121548507,171808296.39112982,78369406.5816207,128716560.05089308,80695375.8930379,132536810.6002928,4.482971448106013e-06,5.443945667745166e-06,4.430830500441023e-06,5.380627734664671e-06,0.65936422,0.72495514,24132,28122,25141,27768,2.908806760782313,1.6932745395660015e-09
657,678,0.3979301211588164,0.5253767648857789,1.0635596413687576,1.0746410377352424,171705388.6658115,74375680.0075553,147428605.51383072,72139885.42183332,142996779.43903205,4.08153254609784e-06,4.962337906365767e-06,4.131668455451672e-06,5.023293275616588e-06,0.91867054,0.61188954,16090,31546,17717,32340,2.5348405192233145,1.7094464459334823e-09
658,679,0.3862313847703499,0.9066920984127866,1.050055156541158,1.3785685141564308,171646793.53143945,66268553.24668393,187806227.59634686,69898522.5231501,198093623.39275146,2.8230299274267853e-06,1.8488381800421185e-06,2.7634478899231927e-06,1.8098171463962752e-06,1.0004048,0.82867748,15121,12510,14921,11797,2.6462653679604347,1.418340387472107e-09
659,680,0.38013792901118676,0.6246708328879458,1.0576097570526821,1.1753932014368034,171553452.46274996,74130609.14347312,108782506.01523122,75093604.96482372,110195648.30475384,5.437390424220614e-06,7.215266801171951e-06,5.409390874863274e-06,7.178112173094136e-06,0.87971723,0.98512566,18623,24118,20861,24720,2.6395405849293163,1.612712017424678e-09
660,681,0.8995907643405356,0.8152059271080637,1.4050868992682632,1.2474581341226145,171437670.3525624,186522158.81230238,167663654.5598428,180200194.70381862,161980878.78041816,4.0508315745926046e-07,1.413256694494224e-06,4.1070903561275687e-07,1.4328842939548043e-06,0.82683873,0.83355576,3955,14620,4274,14791,1.8155093962000133,1.4071901550770169e-09
661,682,0.6946398005763909,0.8908871451497951,1.2594764494723152,1.339085981514281,171613422.0832604,144175047.6445969,183416873.83834124,140713211.3417599,179012788.6462096,6.794387700073326e-07,1.3485429824741203e-06,6.860762988615889e-07,1.3617170804981118e-06,0.82683873,0.83355576,6295,13254,6858,13502,2.039435762092455,1.3873525583414855e-09
662,683,0.5280059271051497,0.6273819723318335,1.0721433874397523,1.0425407759185537,173569796.78410062,205969253.7764727,140278679.8254441,197684131.82038802,134635963.98857623,7.118230242814445e-07,2.5537139767724484e-06,7.236095096413595e-07,2.5959988023174255e-06,0.44494933,0.77627307,9186,20821,10187,20948,2.117348108759385,1.5077280248798883e-09
663,684,0.6877646670907186,1.2112640200822382,1.247823438982488,1.6223269108524236,171773699.57400045,142881407.23941842,249609338.54071435,145467856.13598278,254127783.66744095,5.701897473391935e-07,6.668218447385452e-07,5.661126717582081e-07,6.620538125655045e-07,0.82683873,0.83355576,6839,8551,7254,8415,2.15507507748225,1.3000728281801826e-09
664,685,1.2491560209569068,1.5381163396962498,1.6994334782762783,1.8846548217349608,171514944.1006348,279171797.9578742,330623229.0354204,264290788.44126886,312999645.8021696,1.0710261152760218e-07,2.3210759096405354e-07,1.0947523026851257e-07,2.372494153544602e-07,0.76744473,0.79791713,2597,5829,2844,5928,1.6966038501311824,1.1651307337814655e-09
665,686,0.40179471534850786,0.7281461693505926,1.062628916981695,1.2456243803907419,171737923.10903,73229758.28621306,137018225.2786885,74516856.2560309,139426479.56917748,3.8370680288107805e-06,3.810118113013941e-06,3.810418960266405e-06,3.7836562160672395e-06,0.94228619,0.91265458,16090,18052,17370,17808,2.5995023361599565,1.5264061773680797e-09
666,687,0.5630033460604713,0.6913679598373196,1.1569600505025384,1.156317832588843,171475014.9522649,94216856.34977266,147042068.80863112,90262071.91039334,140869928.1940083,1.6461208214084294e-06,2.8320244361348738e-06,1.6745997911487549e-06,2.881020316128385e-06,1.0246681,0.80624771,8309,19325,9024,19731,2.1424279868379155,1.5011168208061382e-09
667,688,0.4292666064333358,0.6690916180443996,1.0523605862954768,1.1439053977010616,172133262.1282294,111858311.34083003,175580264.74953464,112800149.04225194,177058636.01211235,2.1221545959558364e-06,2.5099523001007405e-06,2.115049094001953e-06,2.5015483548808647e-06,0.6605773,0.65595597,15547,20826,17873,21288,2.461174191441652,1.539573352593532e-09
668,689,1.0542880535209371,1.1016227641302405,1.511904629327099,1.4802558636310155,172559055.62754333,220027127.75074503,228053110.49151435,210621434.7163697,218304323.71805975,2.312968218841315e-07,6.089167812237747e-07,2.353743482700979e-07,6.196513612412272e-07,0.82683873,0.83355576,3284,9201,3577,9341,1.7554909697682997,1.2618699337841222e-09
669,690,0.6469023251001067,1.318995806025837,1.2254920528480284,1.7250529697476924,171516207.7242196,134190900.28493288,271402549.78707355,134971548.64201546,272981419.54761195,5.128701507773162e-07,5.727346710783606e-07,5.116815503774818e-07,5.714073318717194e-07,0.82683873,0.83355576,6927,7609,6925,7671,2.1679049036762046,1.2578961117685378e-09
670,691,0.43376361056345053,0.5631362507032588,1.0783294410162279,1.1137883857309132,172716164.82954657,98156389.86393559,93466399.40661834,96325502.2070383,91722993.01967373,2.7877512840679012e-06,7.858153396846838e-06,2.808826685392443e-06,7.917561041084991e-06,0.76325125,1.0406171,12720,27695,13795,28521,2.3973279139793595,1.6377230900791106e-09
671,692,0.581738579460982,0.7223412823356041,1.1835597303782397,1.2262220129462802,172524225.722018,118602455.95402749,136553468.50706953,113316691.72155984,130467680.19983713,1.0399674524415198e-06,2.5053807207603558e-06,1.0591065787184257e-06,2.5514887002685456e-06,0.84622192,0.91261959,7495,17559,7989,17846,2.10884660400654,1.4660447545538999e-09
672,693,0.652975707520165,0.8720821759815314,1.2419179979928479,1.3736135632146225,173704577.91429076,119114198.55278118,144722852.795701,118470783.34831247,143941108.175377,1.1748327859959043e-06,2.3734377598694313e-06,1.177380847934935e-06,2.3785854425802564e-06,0.95223635,1.0467225,7098,14134,8191,15054,2.043749193847307,1.3644793582546058e-09
673,694,0.9857045742179273,0.8702162033298871,1.4648843387941581,1.3198535543607592,174373946.55392134,193911654.9960589,168084655.95977747,177098943.80900538,153511221.6002779,3.245577424772579e-07,1.237885544075861e-06,3.365481058624792e-07,1.2836176143986696e-06,0.8863892,0.90277743,3280,12881,3531,13223,1.7267458967399298,1.3332665058388374e-09
674,695,0.8980547307491287,1.067236635689259,1.4235573945069926,1.526521833062198,174553733.4825997,164768925.50856528,231417279.3646082,160029536.72933683,224760827.283277,3.8003958332269205e-07,7.161620847139036e-07,3.845022609596794e-07,7.245717363927321e-07,0.95138574,0.80499667,4151,9970,4689,10443,1.8320535429695899,1.2633854023963533e-09
675,696,0.5351113321790745,0.6957903485263104,1.141639238521284,1.2150568837908682,177164512.01785448,113535632.62704006,135853119.56668356,105654296.86451952,126422564.3751861,1.459752530595745e-06,3.216943795935179e-06,1.502371183188702e-06,3.31086506490128e-06,0.83500427,0.9073723,8733,18779,9608,19485,2.118553868548332,1.4343220270381274e-09
676,697,0.5878766619173486,0.7983624938743492,1.1953805574938272,1.3164555839892722,173448932.7348891,150844506.212967,144503781.23518112,151802632.07367986,145421632.4267701,8.216613475800127e-07,2.187304946171413e-06,8.195829891793467e-07,2.1817722487613638e-06,0.67597145,0.95828027,7884,15688,8577,16106,2.1447900406407863,1.42638924879194e-09
677,698,0.27720494125052153,0.40049784529314647,0.9974835901891094,1.0248931032243374,173710592.9969804,50283332.084071755,75956293.12341857,49758771.616719976,75163909.9028215,1.3291800330249968e-05,2.323986257551428e-05,1.3347673294903129e-05,2.333755287990976e-05,0.95764208,0.91593093,26373,49919,27998,51182,2.9338254380952016,1.9125143000491016e-09
678,699,0.5873764975347529,0.7211699950380597,1.177308115111828,1.2286306635933877,171082960.27584267,134091771.4254894,115422994.20407885,130749892.1909287,112546384.37619118,9.55818825226938e-07,3.124460261544909e-06,9.655169343150066e-07,3.1561622490534763e-06,0.74941295,1.0689369,7390,17659,7849,17988,2.1166097340995256,1.4710996866060495e-09
679,700,0.8357020163516906,0.9360331893851899,1.3560204513815213,1.3939250401324728,176072899.0491415,161550340.66855612,145739946.91186783,150414738.513824,135694149.05006102,5.190980648088715e-07,1.6558909982440065e-06,5.341416010952295e-07,1.703878956603106e-06,0.9108274,1.1308504,4241,11489,4611,11847,1.81352535296293,1.2834536446034452e-09
680,701,2.8949547999176057,2.4224343696063615,3.1625362632875125,2.6708027730932566,172334305.3142008,597482003.7265339,460085175.9033819,479740168.529977,369419226.7706463,1.1696754384361924e-08,4.5394596469178896e-08,1.277005796502872e-08,4.9560041115809546e-08,0.83500427,0.9073723,685,2513,707,2525,1.2828461824507587,9.271335241262909e-10
681,702,3.190754204758422,2.5279223512796145,3.449438864194421,2.783912694605225,177027779.74813646,676466160.5747408,493196101.7795218,558586638.4582334,407252821.5744939,8.560207046921688e-09,3.519351165579318e-08,9.241585429261476e-09,3.7994857220151256e-08,0.83500427,0.9073723,565,2180,554,2096,1.212055150869727,8.735648930206147e-10
682,703,0.38098177519101206,0.5190354244801869,1.0440415301160504,1.080493440542903,171938452.34464172,89616275.0025413,76813903.77144049,83731011.93618697,71769395.60776447,3.8041383385613106e-06,1.181823142647689e-05,3.908917648912912e-06,1.2143746964618489e-05,0.73095447,1.1617968,15252,31114,16253,31768,2.5339177995668782,1.7005710393979247e-09
683,704,0.6937551205455704,0.9736572530078739,1.2570111578976342,1.4331151323756832,174851718.28005043,145273837.81280124,187624907.33325288,140522804.9862032,181488825.93519434,5.699053411460278e-07,1.1796816821474296e-06,5.775358755385909e-07,1.1954765887713984e-06,0.83500427,0.9073723,5873,11594,6181,11774,2.01919697352501,1.3352911862994967e-09
684,705,0.29859173984281884,0.36531959221884963,1.005863239560593,1.004000452772766,174960654.13540298,54836956.30557603,70878249.83462267,50447050.392047755,65204177.656807326,1.3668237778850253e-05,3.10115922178665e-05,1.4132127618594782e-05,3.206410262754266e-05,0.95267516,0.90177953,24035,60232,25959,62222,2.8126170216789843,1.988580422833059e-09
685,706,0.534636874693087,0.6999865662476341,1.1259140822739835,1.1888104155368857,170667467.52940297,108798155.67155392,148645923.50676012,101336783.32838506,138451793.14000687,1.2301127250372601e-06,2.3969321921416503e-06,1.2655714779404374e-06,2.4660252310127406e-06,0.83866423,0.80368793,8871,18998,9716,19756,2.1704189290913685,1.4813894445968436e-09
686,707,0.8655535047184411,1.295623785258562,1.3993850861326897,1.7206092500704722,173774446.70940602,177565974.1271606,242457476.90427077,175252732.5847013,239298861.01171708,2.8208185955645683e-07,5.051377567835157e-07,2.8356533456804e-07,5.077942879081113e-07,0.84707153,0.92860121,4271,7360,4546,7426,1.8872101712957372,1.2106868542244758e-09
687,708,2.949953244944153,3.2956887307113267,3.220503962518722,3.516980899941434,177602508.0369043,627444809.226767,645074336.3923423,525998937.5709599,540778106.0692997,8.864543182936973e-09,2.2782152752535395e-08,9.512455224057892e-09,2.4447306927590498e-08,0.83500427,0.9073723,644,1588,704,1665,1.2254385204839373,8.159088382605864e-10
688,709,0.7923049201748984,0.877706677936325,1.3363765304579205,1.368889888683114,175059443.7881022,218468370.78530023,170893189.8493539,210303846.72065592,164506628.92067802,3.5067664753409517e-07,1.3097513071499598e-06,3.560601639004201e-07,1.3298583420707032e-06,0.63487661,0.89910454,4742,13147,5189,13685,1.8724813047328044,1.3304549184544752e-09
689,710,0.745604403013995,0.8770422240201152,1.2951207623502647,1.3540449037561266,174378507.95546135,326339908.8624452,185506062.95932972,318682050.2089119,181152996.81284508,2.0165235847990527e-07,1.0287544715320522e-06,2.0357682648097694e-07,1.0385723832904217e-06,0.39841092,0.82443297,5156,13200,5503,13567,1.935747316494506,1.3548428037097112e-09
690,711,1.5223486396836687,1.186930319525603,1.8861664779231655,1.5363038547527443,175701627.34833327,320332653.3694756,229834643.0563569,271210135.3868009,194589855.27771163,7.854034219057709e-08,3.8471519575913587e-07,8.394810698802532e-08,4.1120412150918517e-07,0.83500427,0.9073723,1547,7163,1635,7370,1.4254785357746311,1.1226408610088794e-09
691,712,0.856117908698406,0.9193490957082546,1.3699921863538755,1.386125309796712,176541637.1513958,171642981.31241933,179775109.99529982,157777696.9879107,165252914.00746834,3.4895565049650013e-07,9.592264884506622e-07,3.6091290380201565e-07,9.920951755845298e-07,0.88055134,0.90281349,3855,10911,4051,10861,1.7743701490158499,1.2698052011626041e-09
692,713,1.004460476035105,0.9676444664279271,1.4976517496226613,1.430108942353758,175390458.16761366,210984290.0600453,187040761.89029592,199610530.09421927,176957751.78105977,2.865526684571977e-07,1.0204498122805734e-06,2.9297537945815037e-07,1.043321887667418e-06,0.83500427,0.9073723,3308,11342,3634,11909,1.7331421673227687,1.2807385804778769e-09
693,714,0.5260023364330387,0.6467652560246818,1.1403321990401758,1.1820314984659641,172176355.3432523,178230116.4541744,129222555.53381127,177974286.1486285,129037070.35025568,7.813982722961561e-07,3.009391713734163e-06,7.818473691236265e-07,3.0111213160626687e-06,0.50813615,0.86175114,9098,21642,9733,22103,2.2337469497340026,1.550027198946286e-09
694,715,0.8201246394447644,1.0334932723301593,1.3590844255996806,1.4924149268101727,174266856.06296074,225358223.5213778,206975527.16036952,227085837.56823555,208562217.996367,2.447810412311492e-07,7.459337745836627e-07,2.4403444025890156e-07,7.436586192916701e-07,0.63419271,0.87016869,4458,10197,4657,10343,1.896281737595081,1.2878260179474962e-09
695,716,0.45228286634954473,0.6204874086235038,1.1059867657448803,1.18331414221363,174662855.96297985,96439395.28083736,124382501.39846364,95811336.8791464,123572464.43380667,2.3629924683269414e-06,4.846304828129731e-06,2.3691762412871156e-06,4.858987242125815e-06,0.81913638,0.8713131,11986,24170,13130,25316,2.331930326171107,1.5483323507899797e-09
696,717,0.8260846520897165,1.0864562743197175,1.3312275345028186,1.4885154811377557,170196107.10329163,97777774.01547168,228512994.00741118,88340330.46350662,206457076.86724156,6.869221755518188e-07,7.233602886660836e-07,7.15385259527766e-07,7.533332104524978e-07,1.4379177,0.80919087,4551,9246,5157,9650,1.845974281613622,1.2468979347651567e-09
697,718,1.3691504270055945,1.132402689063099,1.795232479491864,1.5480022597985565,172297826.6517311,282515492.9235914,215028078.57386428,246966216.21165138,187970827.35215345,1.1965180450831288e-07,5.192520773907676e-07,1.2626446451302542e-07,5.479489905600736e-07,0.83500427,0.9073723,2105,8632,2180,8706,1.6317884903219992,1.2461082802722185e-09
698,719,0.8095870134744328,1.0304730889915263,1.3393679827614893,1.4716266373175595,171619254.0795582,179340503.51512718,286529450.86474603,176418164.0600558,281860475.90989786,2.3353868794786334e-07,3.9208988859434616e-07,2.3507847818578868e-07,3.946750541964651e-07,0.7747314,0.61721063,4503,9911,4656,9812,1.9159980540964672,1.2992701860592229e-09
699,720,0.8196631437439552,0.8446175382194165,1.3667698282605796,1.3554261642440486,174077799.45615602,153986016.07371438,189586391.30907175,150991265.21300393,185899277.22541344,5.345084763025278e-07,1.2532743775233654e-06,5.387240701448121e-07,1.2631587778328376e-06,0.92661113,0.77552593,4749,14312,5285,14806,1.8953625527714522,1.3810183226426582e-09
700,721,0.6999898995336188,0.5798890532305435,1.2322969559342738,1.0830019854162474,174726063.66801775,106669238.70358515,98679412.73619202,95026606.01507233,87908845.97890791,1.516126734293466e-06,5.8304583447439296e-06,1.587863247820566e-06,6.106330238864858e-06,1.1465956,1.0267768,5414,24598,5846,25105,1.903756204717306,1.5645358102406932e-09
701,722,0.4326422373772798,0.6016563373541958,1.086279275637654,1.1587649383936474,173013865.4768354,92102622.96548368,118769949.12755062,92903558.82868458,119802787.37540868,2.696154110002484e-06,5.284469936540336e-06,2.686832368413514e-06,5.266199295778238e-06,0.81271416,0.8764413,13231,25430,14558,26459,2.4090128890355396,1.593688404333395e-09
702,723,0.9844679365700971,1.0193780514776867,1.4647439343224062,1.4553650139722036,177323300.73571363,209063726.0826065,199212033.23659277,181646778.9194377,173087052.62968925,2.5699020979343116e-07,7.952873053558324e-07,2.718547796850993e-07,8.412875158071193e-07,0.83500427,0.9073723,3246,9788,3535,10067,1.696310248614297,1.2246371577609815e-09
703,724,0.9780296664432896,0.9802185254140258,1.4552345196461716,1.4203532790013644,177508458.64974546,207913354.26832372,191759302.75386417,196828926.10898095,181536091.15333495,2.5092360023264237e-07,8.259959760868359e-07,2.5648318312142983e-07,8.442971366416901e-07,0.83500427,0.9073723,3175,10089,3381,10242,1.6891933935002952,1.2317472952932918e-09
704,725,0.2347242710582313,0.3938392754549687,0.9691242229062688,1.009369910693465,171751091.4286422,51601643.37074199,77920403.80326109,50945164.859158024,76929096.79500812,1.2748845860688057e-05,2.030335560269502e-05,1.2814306123490356e-05,2.0407605274237384e-05,0.78125709,0.86809516,33571,49555,35074,50270,3.193064990235069,1.9393250485747937e-09
705,726,0.999098576105832,1.0191186765812057,1.4837218888640602,1.4629889380320633,176903893.59846973,196847174.21991736,206574688.63176626,192152299.73514396,201647809.49976623,2.4149690158242803e-07,7.085798381843907e-07,2.4384002960053174e-07,7.154548467705633e-07,0.89787638,0.87274033,3096,9656,3222,9726,1.703883615878581,1.2358312869142584e-09
706,727,0.5126916651397712,0.5717932203921562,1.1188624724952791,1.1131594125399875,176478820.39487964,117558391.33279707,167301096.67448175,111944968.8975259,159312456.1455432,1.227389898815924e-06,2.6503956994673905e-06,1.2516478757216042e-06,2.702777780931983e-06,0.76965344,0.60316038,8974,25782,9609,26477,2.1606304647294756,1.5690378902990923e-09
707,728,1.15603349572709,1.5393168595951436,1.62517362062615,1.9587294629569971,177192441.8109408,212862865.11459157,284625716.82663983,181173717.11824936,242253147.71164253,1.245063985431949e-07,2.4474403853915435e-07,1.3279861767590917e-07,2.610441742971415e-07,0.96231157,0.95829469,2335,4788,2534,5002,1.5372827324667895,1.0043043972082804e-09
708,729,1.5623367674610715,1.6988924036833661,1.989566539550337,2.120324426323571,176240566.8606667,329456550.7645104,233870956.85883483,287156935.4517759,203843775.7783745,6.484839780169491e-08,2.618836349856937e-07,6.851265308548913e-08,2.7668135591274e-07,0.83576155,1.280252,1517,4131,1614,4255,1.4303412898043628,9.862163407890314e-10
709,730,1.3198843390924728,1.731393795152311,1.7904559059601828,2.1648524616306397,176628676.1208383,281333081.44854945,247613542.96049902,247453226.28505683,217794401.4332159,7.78396111577972e-08,2.348386473052185e-07,8.193920213831108e-08,2.4720693108835394e-07,0.82865983,1.2350447,1887,3935,1980,4008,1.4867879071443255,9.736150280704527e-10
710,731,0.7278291026503658,0.8207520458167012,1.2409881454305385,1.297168385734147,178029160.3843602,172534031.9623748,162218315.83908463,154127150.0062073,144911971.36421904,3.973982724349483e-07,1.2647390379984636e-06,4.157423094898347e-07,1.3231198146325718e-06,0.75101012,0.90074784,4538,12490,4756,12620,1.792978582077337,1.2730768507023367e-09
711,732,1.0412417571858499,1.2057913885587677,1.4821218537229588,1.6031810081141866,177255825.39989418,203606068.9909769,234458476.7569854,185103543.26239797,213152265.1102599,1.6474210041222375e-07,4.108082098467457e-07,1.7114136581054847e-07,4.267657019270454e-07,0.90648657,0.91160512,2673,6854,2800,6943,1.5998864829615245,1.1038895542497614e-09
712,733,0.26412236595990546,0.46906172786204037,0.9450667051395056,1.054385078302453,176637355.91135967,44469795.70777757,96500927.61678267,41381341.70033392,89798880.26359558,1.2069419930161337e-05,1.2613951205984251e-05,1.242197424882681e-05,1.298241157929449e-05,1.0491138,0.85858059,26062,34366,27454,35060,2.8845076470124353,1.6766135941588262e-09
713,734,1.2677379811811185,2.2472977882051275,1.706836942453155,2.5810388923786047,176097107.46934593,231988265.0013478,412965494.0748777,198676836.76952106,353667363.55083483,6.813707536421824e-08,9.019164252543614e-08,7.24954918229783e-08,9.596078857586811e-08,0.96231157,0.95829469,2024,2751,2111,2806,1.5202677298584966,9.146446581603757e-10
714,735,1.24875992298487,1.5078018618106026,1.7208746622807514,1.9520880438021633,175428731.4861717,216681171.08998972,173660349.09227404,195164303.76327625,156415534.1758116,1.561111856640349e-07,5.296808075891089e-07,1.6278048466330993e-07,5.523095491809619e-07,1.0110171,1.5231558,2096,4924,2225,5011,1.5281205330096999,1.0320614688424771e-09
715,736,0.38780917661969916,0.6483521858839886,1.0527343738245893,1.188798551870704,169099466.18350416,72476517.16600141,93075582.12083247,76862336.69841959,98707926.52725257,3.705208304852249e-06,6.596490554693649e-06,3.619146152063028e-06,6.4432715906620616e-06,0.90482169,1.1779245,15262,21890,16411,22443,2.5565781561025753,1.5796551076203391e-09
716,737,0.5633157079313692,0.7032895199137428,1.1763202413729124,1.2435351740304825,169378700.5827073,98988338.6228752,108547818.73918326,98208779.23113248,107692975.90892121,1.6637111722130274e-06,4.0564645422281606e-06,1.6689811132094647e-06,4.069313724916071e-06,0.96388811,1.0974174,8497,19297,9270,19852,2.2145295280384305,1.5297889223085692e-09
717,738,0.4658786441106635,0.7959706496496463,1.1490522284657811,1.3500347264201267,172464391.87373754,75975748.87964825,103520183.83822672,75712990.94678631,103162164.99779503,2.550296775169469e-06,4.1504486515565825e-06,2.5538333641418186e-06,4.156204229132617e-06,1.0575411,1.3260853,10822,14797,11485,14906,2.329218465684888,1.4150752677723131e-09
718,739,1.8457043216434756,1.4667823306901506,2.271274066155768,1.9092516901610928,171388367.66530704,328183580.22828823,229073668.2116572,308054504.34025466,215023479.44787085,8.18693477324039e-08,3.6206596272861523e-07,8.39686255327932e-08,3.713499873224978e-07,0.96388811,1.0974174,1477,6007,1600,6215,1.5586155666261614,1.1556199239999698e-09
719,740,0.5602739097958134,0.7959757773168019,1.2050349005425647,1.3452077479485578,173043175.0781994,100583849.16123119,125511200.9270467,101202202.85335733,126282799.10253529,1.491302654374991e-06,2.891066609823435e-06,1.4876511593099958e-06,2.883987754684693e-06,0.96388811,1.0974174,8335,15120,9177,15626,2.140783783028689,1.39782125372831e-09
720,741,0.6171480433478256,0.8353171036934856,1.2780422584749498,1.4125094548925292,173406605.91732246,138523528.68734768,125176242.28549652,140612112.64425853,127063582.9697925,8.705927952442243e-07,2.3782780675004532e-06,8.653970168874454e-07,2.3640842839347917e-06,0.77255863,1.1571645,7018,13699,7680,14007,2.0540707338982216,1.3652811247762578e-09
721,742,0.35311166400102045,0.5721106334074387,1.0515776597211741,1.152813509845488,170853074.38141719,58975464.41133382,79895576.278091,60234928.77242377,81601804.9943105,6.558931429092575e-06,1.0794733141485502e-05,6.503726623356926e-06,1.0703876703590659e-05,1.0229714,1.2234327,18022,26257,19429,26737,2.6518372398261993,1.6419381847607584e-09
722,743,2.1572419906582323,2.157600438021838,2.543160960468275,2.516638035982833,170685469.3963795,325234281.8994485,327500185.2247576,304506108.5095884,306627598.90051264,5.2231407848060114e-08,1.4244115016345236e-07,5.3625561806630973e-08,1.4624317085455534e-07,1.1321373,1.1244911,1220,3515,1325,3638,1.5281303388581253,1.0545187231421962e-09
723,744,0.8115769011897129,1.1818033204706757,1.362046063105707,1.6278395676611168,169763972.91262016,170398774.9555591,232485859.31973037,167197665.62989265,228118382.77802363,2.902359875287451e-07,5.138420349587656e-07,2.92446053334423e-07,5.17754798226518e-07,0.80855346,0.86296701,4733,8355,5082,8430,1.951548365113923,1.2659152899681062e-09
724,745,0.5664135307348869,0.8281241087599099,1.2213968539847313,1.3847504862344218,173444644.7862416,120211760.14383186,118106010.70613827,121671926.38208047,119540599.21196325,1.1542808011287895e-06,2.8233791784420784e-06,1.148719784488539e-06,2.809776891565524e-06,0.81723613,1.2161421,8001,13950,8706,14310,2.1212956512130794,1.3698769618075577e-09
725,746,0.47228187126407484,0.71379243534979,1.1495631884301003,1.2786675875245042,170790835.70515564,74034987.92256482,220403427.4129535,74092422.70095485,220574411.73219332,2.017276811473083e-06,1.5483306387783397e-06,2.0166511669194977e-06,1.5478504346606936e-06,1.089504,0.55311847,11396,18468,12531,18945,2.34962580751803,1.4997030215194436e-09
726,747,1.1143312082866483,1.3386799978493265,1.5977079408129415,1.75649560106328,168463551.83237994,194757245.49152946,205499554.86823905,188119857.28386992,198496065.3769017,2.2682539992009392e-07,5.52601506711841e-07,2.2999334967581305e-07,5.603193981332361e-07,0.96388811,1.0974174,3104,7196,3469,7423,1.8020391433572085,1.2348411093840975e-09
727,748,0.511845977839724,0.629337025591268,1.127129957642443,1.1675415105875209,167698674.98904133,89051718.13167393,96170322.53470743,90760816.44007945,98016042.5164359,2.0412224524202645e-06,5.1381782626215345e-06,2.0257595750232283e-06,5.099255008360428e-06,0.96388811,1.0974174,9582,22444,10217,22589,2.2964362775854097,1.610499916307156e-09
728,749,0.23431243163312485,0.47135806097812183,0.9963734839220889,1.0920472031378845,171386669.13737082,44119700.07224427,71933636.70766872,45433493.8348993,74075672.1946933,1.8183327296527037e-05,2.0935339937789156e-05,1.797115220647469e-05,2.0691052543950882e-05,0.91020626,1.1230419,37359,36733,40283,37590,3.205727097307428,1.7806454441166124e-09
729,750,1.2360486201863534,1.279151841706192,1.7429290131026707,1.7474899053678516,171947074.81889454,220497527.0158424,200421842.61939105,202888328.52394664,184415912.5005341,1.9315539189745557e-07,5.933942025130785e-07,1.9969422215030563e-07,6.134821944927084e-07,0.96388811,1.0974174,2564,7370,2834,7647,1.6982375826632472,1.2020590405546734e-09
730,751,0.544855847938908,0.856614205318101,1.1954272917732411,1.3906274232920715,172192209.6376369,97334878.8279885,134408560.3351215,98211820.95100386,135619519.13705334,1.3372093284539811e-06,2.24214347268775e-06,1.3324204488858887e-06,2.2341137986220595e-06,0.96388811,1.0974174,8511,13252,9071,13359,2.1994043353747226,1.3813750242668941e-09
731,752,0.608284085886687,0.8463534263597737,1.2007045620668924,1.3428683941271438,168443721.8865639,110258105.08008625,123458699.74351509,110706915.86749497,123961244.17055832,1.063828079748962e-06,2.416859400891241e-06,1.062100854440609e-06,2.412935401512568e-06,0.92928892,1.1547418,7380,14228,7903,14449,2.160926168764573,1.4372336908042072e-09
732,753,1.7188920387273758,1.537052276232186,2.1665364228226145,1.9807073604314596,172706548.12741458,307985862.18923205,241894280.9904838,284720387.7731331,223621412.34066588,8.055425753411326e-08,3.029478609164642e-07,8.312533048563896e-08,3.126171332152628e-07,0.96388811,1.0974174,1553,5379,1659,5480,1.5395791626823823,1.1147080027265924e-09
733,754,0.9512005932403897,1.3298705368835726,1.5329143231411013,1.8204902426010956,173631069.1545453,108204212.58966242,297224872.3174128,103309972.77055725,283780942.82050055,4.411617296053207e-07,3.9444552071580747e-07,4.4940572384377705e-07,4.0181652862956104e-07,1.5263544,0.77687591,3563,6654,3929,6902,1.7606656567023962,1.1481148755853254e-09
734,755,0.7784613811108906,0.9922038839881772,1.3374609171635934,1.47477535807942,168731189.6026543,129224735.39283006,142369815.8735235,128503823.12139793,141575570.5068547,6.630133368223684e-07,1.5589221829594662e-06,6.644986542229058e-07,1.5624145625479837e-06,1.0164518,1.1759216,5174,11222,5647,11477,1.996473325642861,1.3588113255720109e-09
735,756,0.5730551541799418,0.7700284638086182,1.1562306377711227,1.2439651970577723,151872572.89882222,87022667.11379436,94869809.57599035,88224337.94594209,96179839.32800661,1.3792887331392704e-06,3.29310842439242e-06,1.371743090410244e-06,3.275092892878684e-06,1.0000999,1.232702,8909,18236,9687,18764,2.454985299154983,1.7321243465251207e-09
736,757,0.4672329116245392,0.6536867997735243,1.0956142255158678,1.1705898648497277,148935281.61846465,61695549.49935235,73507586.67703985,64626245.351201214,76999384.40154319,2.6125672433979785e-06,5.954615794152986e-06,2.564516171256293e-06,5.845096824325928e-06,1.1279171,1.3244487,11791,23376,12189,23659,2.6934071046630184,1.8947858163826774e-09
737,758,0.14397902462230475,0.22737272001715467,0.8879903738826576,0.8570780842365778,143594738.9565045,19502830.206836503,17803499.611721963,22096312.09245652,20171004.904746484,7.839376045697709e-05,0.00020632986246054894,7.457489238379274e-05,0.00019627872421048965,1.0600836,1.8338825,70736,112764,70634,107464,4.537259047299062,3.0862093068134913e-09
738,759,0.14348473705712383,0.22890524788244765,0.8981405843884755,0.8674293557850361,146261357.55159575,20588025.892259184,26544505.072888654,23106916.873785447,29792155.6629492,4.2510198916659895e-05,7.786028231800582e-05,4.0592165322460576e-05,7.4347275064557e-05,1.0193436,1.2612777,61188,95399,57192,84658,4.4594875358045805,2.9958354614083183e-09
739,760,0.12611888731898233,0.20322754480653074,0.8835889330705026,0.8466112589568867,147144444.92278448,15989743.983094653,21159339.18349583,17423970.014464896,23057260.44450208,0.0001476398638490531,0.0002823543327454817,0.00014265315923022332,0.0002728174934492327,1.1605998,1.4132674,94879,153237,97576,153247,4.74132258602613,3.1436822690475148e-09
740,761,0.44996558992738933,0.39305523033721756,1.1002085533379597,1.013085900347096,149527396.82757324,68576120.77353702,49805663.213769004,70383397.16948314,51118257.13852512,2.0335553854423013e-06,6.8575060492327225e-06,2.0125055233109962e-06,6.786522215728949e-06,0.98113137,1.180037,10618,34924,9188,25761,2.6926101516003698,2.2848807098125213e-09
741,762,0.9729762948232217,1.2627500283647901,1.4925162349562364,1.6916692973005056,150760787.60096285,158975006.52741703,130625287.03145571,151513360.7637587,124494262.78496937,2.992750479344975e-07,9.464842520807913e-07,3.05085577196179e-07,9.648605733958908e-07,0.92270273,1.4573992,4032,8580,4374,8758,2.0688890204594546,1.4732213158251821e-09
742,763,1.3497289558273633,1.6214074201056792,1.8280241005173063,2.0346563729140037,145677557.84524217,174325948.2793009,178340371.53205702,172302953.65973324,176270790.8665154,1.5263595125497584e-07,4.01318989729645e-07,1.5335027645120058e-07,4.031971335334496e-07,1.1279171,1.3244487,2680,6341,2823,6321,1.9901796915768093,1.456295698144649e-09
743,764,1.0897271989286275,1.1709356567271878,1.5852348306510065,1.6116666049354165,149924413.29864037,174189783.91528627,143995288.3113732,171214869.14377385,141536052.7546311,2.234653937750911e-07,7.605067377408875e-07,2.2501048614242765e-07,7.65765060454489e-07,0.93792361,1.2191499,3368,9340,3604,9436,1.9828217534525732,1.48830627907957e-09
744,767,0.6712225393309199,0.898396752222755,1.2618556994602053,1.3982831411834473,152029948.18282273,117796760.00111885,129728759.18474893,121007362.0257136,133264573.04654583,6.469244166398816e-07,1.4345729892905539e-06,6.400032268393307e-07,1.419225057312357e-06,0.86628807,1.0528368,7046,14078,7720,14086,2.3189587443372726,1.6440889729010364e-09
745,768,0.26553510769025923,0.49283762268776343,0.9733244125931023,1.051123783119727,148314523.8382268,38010940.04521531,51658753.83350498,40626036.29073037,55212799.40662915,1.069807802504981e-05,1.7966990629531744e-05,1.041711417702885e-05,1.7495123177003395e-05,1.0360889,1.4149582,28697,36384,30100,37016,3.3242889228286674,2.103023129510523e-09
746,769,0.868695918891362,1.3732048650285182,1.412077264894275,1.7875467219568117,151327299.08660808,116548820.06256397,156898023.5454615,113570301.45890571,152888341.75068653,4.142353811962822e-07,7.26931316272609e-07,4.1854719106828237e-07,7.344980036393869e-07,1.1279171,1.3244487,4748,7640,5157,7707,2.1344725574630985,1.4467752370009474e-09
747,770,0.6837768965820076,1.0392909469573754,1.2800373391260451,1.5135686152427905,148530007.84556863,223538182.5311879,126229057.01057845,215022062.83930618,121420116.78424613,2.490719094291046e-07,1.0973698024038261e-06,2.529718674723177e-07,1.1145523750876485e-06,0.45433575,1.222903,6758,11631,7237,11846,2.319856252610904,1.6001547163465687e-09
748,771,1.2847301547775847,1.3055846961911657,1.7575595322620756,1.7363648182294131,144339896.1862166,164407310.757057,142284076.0163425,159537198.49633324,138069303.44982997,2.0131092156501783e-07,6.606759471575246e-07,2.0374689667161266e-07,6.686704968237328e-07,1.1279171,1.3244487,2834,8384,3047,8516,1.9933875172367723,1.5186086005007288e-09
749,772,1.221419970210063,1.0994443046487836,1.6992402735058267,1.5628879369686253,149793954.3487415,216107747.7565192,118686396.34538081,219453657.0506815,120523970.05916573,2.0900458977885971e-07,1.140139516974221e-06,2.0772407288325508e-07,1.1331541779614427e-06,0.84662086,1.3876073,3066,10656,3189,10614,2.042436584985094,1.579320938997083e-09
750,773,0.838090969706766,1.088275247381332,1.3842858688935131,1.5467675235645877,151980667.98557386,112928180.10181037,124879732.26081197,111067336.79325445,122821949.92568284,5.77139171550181e-07,1.302794561924562e-06,5.809877026653661e-07,1.3114819733071469e-06,1.1279171,1.3244487,5087,10656,5565,10698,2.173431884394765,1.547625091414737e-09
751,774,0.44710293942461454,0.6194123183938517,1.108447344682127,1.184280062825969,151334023.47856236,68940802.73795447,80990644.01849869,69958126.80345036,82185781.41127333,2.4306715927335273e-06,5.211617426927455e-06,2.4164707959780796e-06,5.181169414095036e-06,0.98144907,1.1573949,12633,24457,13391,24347,2.655651586423119,1.875294947478275e-09
752,775,0.8687189809002005,1.1851221369202045,1.4117968586174257,1.6185734528503943,149862123.07553792,156734432.42937723,197869756.60107166,151952659.2864349,191832995.73589373,2.8071330318619245e-07,5.336390625273776e-07,2.842139816607821e-07,5.402938906320177e-07,0.8306284,0.89758497,4911,9566,5868,10323,2.0806717066449427,1.4780805219385294e-09
753,776,0.5663206406672188,0.8655446410220282,1.2043707816845906,1.38311677879854,148888804.58659458,68882154.05007946,116995389.64849512,70804137.35912539,120259851.81929556,1.3928033094311295e-06,2.0385312547456526e-06,1.377555241433562e-06,2.016213916053929e-06,1.2241023,1.1014956,8897,15196,9385,15265,2.474457655161285,1.7041999232261155e-09
754,777,0.9545003508817298,1.3018902310715408,1.4803404098944661,1.7245186250618008,145670444.92955714,173062175.91437617,149753271.63459334,174982585.02698782,151415030.16716126,2.1946747474809382e-07,6.50713655566683e-07,2.1850083413653836e-07,6.478475987776921e-07,0.80342507,1.2663959,4262,8495,4623,8696,2.1374798839538,1.5207807070937556e-09
755,779,0.9239414748477125,1.1749334664450284,1.4744031331499474,1.6416586889372131,146636611.56291974,192577203.14886126,149739669.30689487,193908578.16072044,150774888.69288394,1.9909050979595354e-07,6.664519114918432e-07,1.9854259774545387e-07,6.646177857278418e-07,0.703529,1.1505853,4362,9577,4698,9616,2.117836421203019,1.5419677083670664e-09
756,780,0.5472487585840267,0.7464149755652338,1.1726296558347027,1.267894513415493,148029060.2854507,76376118.37775819,99211886.6087557,80621877.91012241,104727089.81939216,1.5151199622783421e-06,2.9581351270840068e-06,1.4826849844021371e-06,2.894808757033733e-06,1.0606551,1.1136882,9694,19235,10522,19565,2.535540816162179,1.8105352244228165e-09
757,781,0.9779065339635258,1.7328119452504795,1.4791796126336478,2.0859842642843014,152301284.2048637,151601940.8557975,217340840.6540217,153066305.6249127,219440195.50493595,2.2108884758576056e-07,3.793167970032028e-07,2.202403559885205e-07,3.778610604589866e-07,0.98241764,1.2142655,4095,5823,4383,6084,2.110192942675092,1.391839236521701e-09
758,783,0.17121627854614513,0.27338360326554056,0.931876345075574,0.9211766652438411,152238098.77145943,25597458.096512914,38261565.04783853,26809403.991542663,40073110.0271214,4.891878373671308e-05,7.770750856267665e-05,4.802192037433792e-05,7.628284073392573e-05,1.0182902,1.08776,60870,94633,64174,95430,3.974664074708646,2.62497425230948e-09
759,784,0.09830555897391471,0.16178880359795988,0.8669440904085775,0.8187259119910217,141891741.74935213,7910809.652765026,22015050.138452627,9400063.218724556,26159504.797655415,0.00018439801307781808,0.00011931618203652475,0.00017210452986712602,0.00011136158721119503,1.7632515,1.0427637,101566,128090,92196,100875,5.466863850377009,3.67029305944525e-09
760,785,0.28701481286865016,0.4505530938368071,1.026608566080429,1.0750482391508067,148085886.1780574,47688079.36987568,51876627.77591616,51875145.769250825,56431453.38314414,8.39015283006974e-06,1.9140845357313684e-05,8.112413374466769e-06,1.8507225436795887e-05,0.89126766,1.286139,26117,42901,27933,44160,3.1722026132034764,2.164465922370645e-09
761,786,1.0035843859906959,0.9765328712347207,1.5097326052843192,1.435572240836428,143914998.1045018,128050940.09795456,106110358.45535469,121453093.18513018,100643003.81963083,4.005551429010445e-07,1.417899624928823e-06,4.0912120394903135e-07,1.44822207855928e-06,1.1279171,1.3244487,3855,12393,4187,12622,2.0616806038037385,1.623751957483149e-09
762,787,0.13448101216082076,0.23579828093995492,0.8877726236899496,0.8630194218470172,143864598.3601765,19469140.97041261,21976003.58052967,22003069.608105764,24836202.954471096,7.110209753408534e-05,0.00015373863542398038,6.770610330994743e-05,0.0001463957364655299,0.99372935,1.5436394,77425,110114,76722,106793,4.658878867961546,3.0128035486275933e-09
763,788,0.6601866750625591,0.9050410706505208,1.3081800965982484,1.4654868327268316,145916749.3585469,85407246.32595418,99709902.7431587,89206878.67278343,104145837.49178873,9.547616195697234e-07,2.2089569014318887e-06,9.382822548632503e-07,2.170829890821657e-06,1.1279171,1.3244487,7001,14305,7477,14732,2.3228836741143133,1.6777068702280122e-09
764,789,0.7117041396511165,0.8750097700221013,1.2809137821957846,1.3583530665256895,148367502.840524,93618374.93313977,98020417.50597087,97543216.26586628,102129809.34655023,9.808506006519568e-07,2.483781924571027e-06,9.64869266155713e-07,2.4433128156915405e-06,1.1279171,1.3244487,6665,15310,7290,15721,2.36526360288567,1.7296402835239423e-09
765,791,0.9992306594075581,1.1914916695771463,1.8011316924353795,1.615713968847503,173946205.96366566,171466277.59667233,260280037.82426605,167257196.70532343,253890794.70917,3.9778480621182454e-07,8.336105969321679e-07,4.017591284747175e-07,8.4193931412356e-07,1.0136826,0.79627872,3423,9488,4148,11066,1.7098114016310137,1.215399724569105e-09
766,792,0.6476525778804786,0.6878134766756567,1.7021352691328153,1.2587317627168801,173524775.8151808,108682299.24000756,94389498.19430533,109458545.19179358,95063660.09902027,1.7007916065952892e-06,6.737105525785352e-06,1.695956709242778e-06,6.717953729913419e-06,1.0340577,1.2644699,5890,19726,6200,20084,2.010502290452494,1.4989037541080867e-09
767,793,0.9244090940853369,1.1136439434204688,1.6885582068721994,1.5262452113964478,174807621.925017,159514594.34583512,299300044.2316182,155475080.980374,291720634.1223746,2.9178424888604537e-07,5.095071032617167e-07,2.947933598493374e-07,5.147615452549127e-07,1.0130343,0.65042907,3358,9315,3517,9565,1.760260812941092,1.254068021433385e-09
768,794,0.14227258039121563,0.24587916416325142,1.3180727519142938,0.9198558771783273,172798560.6668855,27290510.618358027,54370781.043955386,27136489.848369464,54063926.04668625,0.00010824187358589218,0.00012690650859009184,0.00010848719927530193,0.00012719413689583938,0.90084416,0.78144115,82405,115681,87081,117697,4.118089751448715,2.3992990651403097e-09
769,795,0.5873269480163273,0.5909071714469836,1.4522256719695468,1.0979079443230906,175090415.22474325,122490502.98154782,124830784.32574296,118373941.8076893,120635572.88037015,1.3832510201945676e-06,4.875643337277224e-06,1.402295442310304e-06,4.942770567581254e-06,0.83953708,0.82881945,6747,25051,7157,25553,2.049676398619446,1.5794665466961077e-09
770,796,1.0026424241049965,0.9977322485422013,1.843920407337727,1.4705859800884697,173776955.09188527,256797918.7042893,150288386.43901116,255375092.36148936,149455691.702538,2.6880933664697426e-07,1.5407596683092657e-06,2.694074084713942e-07,1.5441876926380062e-06,0.67849517,1.1536678,3026,10725,3205,10804,1.7197142587984833,1.2959901548429124e-09
771,797,0.7539323992845662,0.965628046360631,1.5997671714241366,1.4200620140335705,174418297.5385168,219631760.3482333,147146429.4967903,215034195.29058304,144066204.2983044,3.9577258195738667e-07,1.713611409734854e-06,3.9913586148529083e-07,1.7281736973613496e-06,0.59872764,1.1445959,4634,11154,4942,11193,1.8770110521665584,1.3053229004870327e-09
772,798,0.4635154523573602,0.5424456790873021,1.38535894061994,1.0700039730241095,175016300.37794006,135876028.5296999,134462613.19031686,135094712.1341942,133689424.23708534,1.3508871820189354e-06,4.533206941745207e-06,1.3540069033757633e-06,4.54367587112682e-06,0.59703511,0.70604634,9667,28365,10087,28623,2.2594589321183256,1.6399552296079874e-09
773,799,1.016943389483223,1.321835000009496,1.8657701478447783,1.7447807058517746,173536230.04549474,210206941.64051184,276762644.31757057,213579817.07832414,281203439.2686675,2.116780544021699e-07,4.6043422569977476e-07,2.1033452859064155e-07,4.5751183835789463e-07,0.83953708,0.82881945,3108,7303,3404,7500,1.7370672789197437,1.2001253519191352e-09
774,800,2.082979117316506,1.2499485853392227,2.6881063931799964,1.6642278710546399,174452360.2206549,432834513.1655184,263092861.62009844,408069004.83205324,248039467.63523355,5.8320629374459536e-08,4.0209904258084617e-07,5.971143546328398e-08,4.116881331433158e-07,0.83953708,0.82881945,1077,7638,1110,7752,1.4239976734796849,1.1984156309995558e-09
775,801,0.8790042309315249,1.1881822041667411,1.6978519429860786,1.6092651364058392,174212560.83810708,182402399.73452014,249748319.16668287,171134967.07448778,234320767.92688245,2.854115322226015e-07,6.147793793717048e-07,2.9278460276578705e-07,6.306610492443438e-07,0.83953708,0.82881945,3681,8353,3948,8614,1.7795926946661504,1.216811153956663e-09
776,802,2.1970695355247734,1.6799359268628609,2.865594196498828,2.0741614886833366,173697073.24616694,172445173.1195551,263177481.4354464,163615493.73555243,249702051.8822327,1.7233301337017304e-07,4.079637045281755e-07,1.7599451308574876e-07,4.166315677476651e-07,2.2130196,1.1087573,1060,5195,1120,5292,1.4493827502358625,1.12993615067468e-09
777,803,1.9001275857642559,0.879758153647983,2.582860157689445,1.3861149574011418,174098624.8904022,394038104.6634375,184798612.99856442,369875396.3972976,173466625.25162935,9.501883296166771e-08,9.599220206555603e-07,9.745470319834407e-08,9.845302525898379e-07,0.83953708,0.82881945,1183,12309,1167,11942,1.4469110173365867,1.3468211046015436e-09
778,804,2.189838142106451,1.2665791089260858,2.779519887607809,1.6506696173607318,174829114.59929195,456022101.48982257,267169048.92073628,394571429.92864144,231167027.47724774,4.434831414300205e-08,3.284858106436143e-07,4.699170659621098e-08,3.480652902612981e-07,0.83953708,0.82881945,924,6962,915,6865,1.3476217316308081,1.158522383273223e-09
779,805,1.2520507222991508,1.1940105334718836,2.1112693089132595,1.6576759318013594,173809689.11326915,259212549.36930183,250393013.3646317,248445079.63880408,239991899.68903324,1.440807230840856e-07,5.06179255517435e-07,1.4654672882243568e-07,5.148427388899559e-07,0.83953708,0.82881945,2191,8222,2304,8199,1.619658001471495,1.2333108807762672e-09
780,806,1.51065044828655,1.3113027792569272,2.3414692043306657,1.760060028856061,173590887.9836738,444433645.7589183,274643909.31784886,430253328.0821109,265880986.1699467,6.149491233932883e-08,3.6440632605130614e-07,6.22977359010512e-08,3.6916369496957306e-07,0.59004343,0.82881945,1686,7259,1729,7294,1.5561308568207464,1.2027971371416295e-09
781,807,4.399620960593215,1.0181925802310146,4.851222452906617,1.5028490424990009,173914368.3445512,911403818.3006957,213651259.56441498,865704611.7498031,202938452.7441661,2.816358310335304e-08,6.488244935942872e-07,2.8749106521460868e-08,6.623136129952975e-07,0.83953708,0.82881945,442,10293,438,10221,1.297067064933165,1.2918130595765608e-09
782,808,1.3956761345948203,0.893558393109389,2.0758876227992484,1.3440254041632853,174893023.7290348,290748348.2751464,188553887.3989487,289560714.1398149,187783692.02431312,1.7227196109825012e-07,1.1409409652102683e-06,1.7255424368065297e-07,1.1428104961541058e-06,0.83953708,0.82881945,1834,12762,1942,13028,1.5434735778218673,1.3369694430057998e-09
783,809,1.4523626569780288,1.104836140994077,2.1101448833403635,1.505542445096011,175024391.05749115,336705667.2066115,275967740.7003168,324547950.38518065,266003139.65537593,8.866723217852133e-08,4.1643750766885533e-07,8.998119861433463e-08,4.226087266665221e-07,0.75495875,0.7007097,1695,8947,1776,8987,1.5109070532366138,1.2330393810136774e-09
784,810,0.7562501384505096,0.5850290966392018,1.5214130420800376,1.0563122112102683,175403147.01621473,257980667.1345972,140468176.74131396,251072062.1783918,136706502.84224668,3.9919271772436804e-07,3.119112166613791e-06,4.035507128484933e-07,3.1531635784010383e-06,0.5141806,0.73052806,4267,24193,4446,24451,1.8178619532712614,1.5524800883465642e-09
785,811,6.259627170025281,1.5684169213344332,6.622017734639076,1.9694378682681,173427766.4566983,1581394535.613995,357843166.6110053,1552548225.6990454,351315728.54761255,8.192596530796341e-09,1.6363816363885994e-07,8.253147769582873e-09,1.64847608469182e-07,0.68647838,0.76012921,305,5606,311,5610,1.2774203760977514,1.1438924863276829e-09
786,812,3.243332183181448,1.6293603432622703,3.7547904262573875,2.0047806154219185,174324895.37211043,673458691.651957,342701985.77345306,611064253.2208664,310951414.85260916,2.1834667808463242e-08,1.8178944445699742e-07,2.2700541785213897e-08,1.8899847326311742e-07,0.83953708,0.82881945,613,5188,623,5254,1.3166500546738407,1.109781395255452e-09
787,813,0.5754979490388699,0.6540959763117257,1.457463427584806,1.1702385221822749,174735834.3312239,128199958.7165178,160327289.84208947,125676957.41647775,157172016.1216201,1.0148439815395725e-06,2.6748277002619173e-06,1.0229447349941889e-06,2.6961788834265733e-06,0.78440052,0.7128793,6964,20974,7340,21287,2.074037092019157,1.5128712777354166e-09
788,814,0.8077732373807343,1.7905126068908501,1.8799183956992862,2.268474651786235,174170615.0298394,171083058.11140758,273571185.0405262,179975734.3451637,287791061.64494246,2.9006691770343676e-07,4.7591699751819205e-07,2.8424669271374187e-07,4.6636766999092153e-07,0.82235122,1.1399398,4219,4921,4466,5286,1.8726882524110409,1.1122631683831145e-09
789,815,1.2340731115381156,0.8529651470912882,2.1105825298847964,1.3287026713830747,174643423.97706172,198399014.09049767,179884840.69139683,194451583.182296,176305775.62740284,1.9044449816334264e-07,1.107978415190847e-06,1.9198161517395845e-07,1.116921138586953e-06,1.0863096,0.82811177,1827,12475,1597,12188,1.5457983312791959,1.3298936004528596e-09
790,816,0.7574819816269234,1.2935832377353702,1.855418342678832,1.8368055954744018,173889560.22163275,163667419.57882428,226026442.30766767,164166775.24362773,226716057.776966,4.0939075987285177e-07,8.133421551486342e-07,4.0889219748726336e-07,8.123516545196106e-07,0.80479187,0.99519604,4739,7745,5084,8168,1.9206763485294864,1.2106648622600245e-09
791,817,0.7897766336115577,1.5179670227782474,1.9425666065387646,2.0454984294111798,174047557.6616944,124199828.43379645,265473778.33773094,122460440.13645875,261755882.83728096,4.461284149637349e-07,5.423679253230617e-07,4.486523607778799e-07,5.454363406244204e-07,1.1067543,0.99519604,4233,5881,4375,5915,1.879242398218246,1.152182033356181e-09
792,818,0.9726732079114111,1.3529968630366564,2.11286371533254,1.8994353093526781,174207394.29800332,153102513.40674886,236839827.05858478,148273771.60033697,229370071.34462836,3.1782702097988427e-07,6.269625351825538e-07,3.219274514428268e-07,6.350512630398022e-07,1.1067543,0.99519604,3076,6903,3184,6985,1.7408282488236109,1.1833877316165547e-09
793,819,1.122099542636653,1.6470930894860571,2.2671267404324245,2.1283578552279514,173350391.16037592,175753909.09883314,286902499.47132033,171971536.53296944,280728115.3643483,2.028947360860263e-07,3.722406023517102e-07,2.0466809557609434e-07,3.7549409437177505e-07,1.1067543,0.99519604,2563,5306,2605,5315,1.7074801835279205,1.138804285204422e-09
794,820,0.9885169655768542,1.3747486382360925,2.0312047442037717,1.8550873956411773,173161036.4215801,154661809.11120337,239202015.93257713,139843838.54695967,216284345.1037809,3.167287222644211e-07,5.920771185146617e-07,3.2974889478566717e-07,6.16416389591275e-07,1.1067543,0.99519604,3093,6718,3270,6798,1.746233292007651,1.1775135919538898e-09
795,821,5.348037640077793,1.9233635728807588,5.728452719104981,2.2404704048356905,172341867.41412166,964541777.6884693,174138676.22701874,844233039.4495391,152418098.74650982,2.3169882719792532e-08,5.310435723808879e-07,2.4438093101555826e-08,5.601103993392654e-07,0.95557374,1.9035178,327,3959,350,4027,1.2080548320223794,1.0437007050446814e-09
796,822,1.4917098068914267,1.3937519296795404,2.3749958650277865,1.8748089224463116,173728050.24603134,234154804.08265096,243302621.33063787,221023980.00446182,229658810.21614456,1.3640448390663653e-07,4.7248990196264424e-07,1.3958993908274004e-07,4.835239630195647e-07,1.1067543,0.99519604,1648,6445,1698,6541,1.5278660636468397,1.154844426104525e-09
797,823,4.465419106385216,1.5144164740673411,5.020549322995792,1.9686213528029537,174664288.03387606,704717613.4663682,265791326.12881485,660994302.70037,249300640.31485575,2.538444172667343e-08,3.035931783448729e-07,2.6043214056248744e-08,3.114719722728588e-07,1.1067543,0.99519604,415,5674,426,5666,1.257796306203403,1.12720026625631e-09
798,825,0.9655630190518184,1.4491837716742588,2.0072344903442367,1.944495179321445,173361122.01083428,151245030.94769254,252444859.6653803,158708866.49380183,264902835.3436337,3.452209700118812e-07,6.009606318312891e-07,3.3863289121938197e-07,5.8949210489459e-07,1.1067543,0.99519604,3398,6687,3481,6739,1.8477820515337309,1.2027032446147972e-09
799,826,0.7632447960258457,1.3891063745759427,1.9399271187541343,1.934972548653746,174270246.06619653,80430259.75472474,243248465.60831544,79105039.95880745,239240550.1429957,9.116863537475097e-07,8.340183911840247e-07,9.177651895871059e-07,8.395793616497688e-07,1.6537415,0.99519604,4393,6725,4514,6862,1.8897587158364584,1.1778920694267966e-09
800,827,1.5307031281491215,1.5693316982699264,2.3850740227562306,2.020137198896775,173279464.9845364,279463137.0054867,273245618.07891315,250946375.81116208,245363300.1401468,1.0510278282473052e-07,3.6478214407310144e-07,1.0972653266235822e-07,3.808298769122991e-07,0.94910342,0.99519604,1721,5732,1755,5809,1.5971408152437025,1.1503479561302579e-09
801,828,4.876443537297961,1.3376866413920527,5.335762333999776,1.7309013743247659,174330155.39862707,768111910.3397965,234324807.0687099,709360360.5465229,216401708.38351133,2.690857665436579e-08,4.1754049769915325e-07,2.7778817805885322e-08,4.310440333261406e-07,1.1067543,0.99519604,358,6627,390,6730,1.2012334148694386,1.1430097872293255e-09
802,830,0.6446321766758194,0.9668112030590231,1.7082573250353283,1.4787899726134943,173160923.48861337,111549940.67363396,168222052.77347943,97841331.30221207,147548887.05770943,8.207032860059419e-07,1.6272244396880303e-06,8.648981504574391e-07,1.7148504608949872e-06,1.0006738,0.99519604,5519,11099,5654,11272,1.9804632522029777,1.2978494927915778e-09
803,831,5.635136028216859,2.4038201828301555,6.132320856138539,2.821827076087317,174001121.10122794,885941881.1091624,420286446.0133963,882950943.6390666,418867560.07250243,1.1233397627593944e-08,9.479257945551696e-08,1.1248603141775832e-08,9.492089058266054e-08,1.1067543,0.99519604,334,3113,333,3125,1.276818228521184,1.028282362720452e-09
804,832,1.043845671310464,1.556911674776283,2.1415454823218334,2.094684317565553,173890801.9632914,128287951.1631154,180555074.07525456,127798960.94397181,179866859.28626564,4.5515932885363203e-07,9.574601567382456e-07,4.558551514108585e-07,9.589238691845707e-07,1.4149042,1.4994462,2824,5709,2927,5810,1.7234702376869129,1.143965954599507e-09
805,833,1.120580513940798,1.804755671996905,2.138684318806592,2.2868509170414457,173697278.8618565,175867205.59128368,314994369.58809,175658374.16865274,314620333.2684666,2.0127631658314287e-07,3.219323102762144e-07,2.0137199739088805e-07,3.2208534737471367e-07,1.1067543,0.99519604,2598,4707,2748,4888,1.695042399918828,1.1040352748677018e-09
806,834,1.0900576210286852,1.2565614899999358,2.074647460362119,1.8295907533212332,174233432.70769536,209989157.2226886,219991853.8773378,218148143.41256678,228539488.05717045,2.2226151658591614e-07,7.080961878454543e-07,2.188983122773009e-07,6.973814577992599e-07,0.90444899,0.99519604,2677,7831,2762,7997,1.7112442767975473,1.2160242494044633e-09
807,835,1.220231185675738,1.542842661440147,2.1303214861427553,2.017914131065707,174360883.33945933,178241963.56218335,270309967.5743348,174156571.53775203,264114332.362612,1.962139065214297e-07,4.0542846065780327e-07,1.9804223593535111e-07,4.092062600656173e-07,1.1936616,0.99519604,2221,5637,2283,5658,1.6304826390312104,1.1331753925345949e-09
808,836,0.9125051956130145,1.1578432349661547,1.961661360579406,1.6682423049895274,173168704.0003779,139052084.00175172,164315906.28826678,124664189.56388487,147313932.3077242,4.7650554622372026e-07,1.296704133329497e-06,4.977855362821021e-07,1.354612905398561e-06,1.1363896,1.220224,3338,8540,3395,8604,1.7812335834038207,1.2354017240373219e-09
809,837,0.8228524811185751,0.7808323187054956,1.9640215915029118,1.3582688614039073,174626388.17749804,118963680.61513436,129714590.06689955,117229249.83976917,127823416.4258136,1.1189256570886191e-06,3.5704720320128683e-06,1.1255183888823232e-06,3.591509322859545e-06,1.2078624,1.0511842,4171,16409,4706,17255,1.7885260624120864,1.3993065015545566e-09
810,838,0.7543678350806842,1.0265790671366584,1.84211734001552,1.5971245263285019,173672746.46890566,120956161.17192823,177786895.87137604,118565141.37690735,174272465.65794072,6.911911966367751e-07,1.4446439049958174e-06,6.967333301868912e-07,1.456227399538002e-06,1.0831456,1.0028231,4603,10567,4742,10705,1.9280451116122905,1.3009170848460218e-09
811,839,0.19291341632746598,0.4192949870491449,1.5816906975248608,1.1906362930905343,173301001.15565944,34438821.02141696,83787827.55820991,37601472.91098209,91482392.1016574,3.807537542487016e-05,3.594448970721299e-05,3.676051283231444e-05,3.4703213307515365e-05,0.9707675,0.86724102,47834,50677,50856,53741,3.5152265708014303,1.857986409478829e-09
812,840,2.5559187600874975,1.199486776720219,3.310989409109189,1.7061263757318346,174390295.22087854,402733856.22467476,210188590.68790007,362887319.27361196,189392505.83908895,7.317635250261761e-08,6.344530419939824e-07,7.62902955514877e-08,6.614515267829171e-07,1.1067543,0.99519604,815,8040,841,8109,1.3614932734796061,1.2103422760937487e-09
813,841,0.705830603259868,1.2514580047942414,1.8567871541808632,1.8173990333431735,173608326.98962525,146144124.0257957,199377293.79509756,150529132.60024542,205359546.92138657,4.451258488103037e-07,8.961445141623242e-07,4.3989308455674207e-07,8.856097114941189e-07,0.83847415,1.0897105,4874,7654,4890,7575,1.9599152351303981,1.2193454673447593e-09
814,842,7.139996042510313,1.5203540215434026,7.546537098021409,2.024344614583954,173377443.97467023,1118508655.2992826,264867507.10121986,1074932516.699428,254548496.02753946,1.719209662599718e-08,3.255044739323593e-07,1.7467554334443863e-08,3.3071981900801263e-07,1.1067543,0.99519604,272,5957,287,6043,1.2982738743465878,1.1606700402191442e-09
815,843,2.69610167256432,1.7573745298410675,3.4460721925945106,2.2342135513176022,174394727.42658067,424833150.68322104,307956261.680913,408023149.2521152,295770900.9310542,4.556850050031652e-08,2.41211233311748e-07,4.6310361981267726e-08,2.451381855002554e-07,1.1067543,0.99519604,796,4796,830,4886,1.3868728300979776,1.103595781343398e-09
816,844,1.7454693278438667,1.1453794390676668,2.537865411930855,1.6715970735713583,173827941.30617014,274145164.7146651,200060030.2906636,284071446.64627075,207303828.53885666,1.4398740576042755e-07,8.026305454864045e-07,1.4195337090912104e-07,7.912922031249979e-07,1.1067543,0.99519604,1408,8871,1451,8995,1.5218239763143326,1.2476074093923275e-09
817,845,3.689222132407582,1.2993043525534027,4.279576195002857,1.7510402150206876,174776530.4009951,582594930.2214211,228184093.93409067,539043109.631208,211126216.8310735,4.045626624157586e-08,4.819798255482144e-07,4.1733333850160746e-08,4.971942998529753e-07,1.1067543,0.99519604,513,7084,542,7181,1.2692725402225697,1.1694155383379448e-09
818,846,0.9463356319262411,1.383801351360197,2.0137300906431497,1.9026442825126852,173486220.70016938,148340234.41046503,241229322.66417357,149783815.69859573,243576859.31011724,2.98511382406476e-07,5.706261653124693e-07,2.973572447950559e-07,5.684199475323018e-07,1.1067543,0.99519604,3135,6614,3075,6537,1.7828259353870886,1.1839934644505616e-09
819,847,1.721448972372683,1.8527660643108406,2.5558551350051766,2.2814616571873745,174529132.81678376,271463138.9609671,324922569.5437217,267920044.9487134,320681731.4873917,8.05369067748281e-08,2.2383119851792575e-07,8.096125079258163e-08,2.2501055136224644e-07,1.1067543,0.99519604,1374,4343,1421,4392,1.4832228363606879,1.0741654674396482e-09
820,848,1.0692551929571952,1.2944808952271312,2.057429469797166,1.8012062302675067,173494307.77321035,201782111.27944642,225669172.52110124,202206665.51614773,226143985.68803272,2.3036102510915588e-07,6.557125237563288e-07,2.301674361967303e-07,6.551614814336196e-07,0.91935647,0.99519604,2808,7539,2891,7602,1.7420424583134144,1.2159539646995425e-09
821,849,1.7841850826149326,2.1769572998826057,2.69602175545218,2.619012796872313,173844271.35916576,84021028.19253086,380278397.78995556,73823473.38899218,334124358.9084165,3.669822646696842e-07,2.6261827295022367e-07,3.8647595871258574e-07,2.7656826660339044e-07,3.6915801,0.99519604,1327,3547,1343,3565,1.496375527652317,1.0496561752087298e-09
822,850,5.503226394244328,1.7518050931427616,5.936034793691119,2.159510194006332,173098790.8557752,860716632.9954903,304699105.75407904,766644415.1041182,271396948.4946711,1.6727617327858965e-08,2.0492973825740585e-07,1.7520261035306634e-08,2.1464040202468976e-07,1.1067543,0.99519604,345,4694,346,4714,1.2823147990264476,1.0961699116658822e-09
823,851,0.8770879520022897,1.3102341293178292,2.0014432591080102,1.8726148489837486,173586019.40788385,137564594.29043156,228536205.79181215,145931763.95197397,242436593.58802196,4.2406646270262245e-07,7.482141777769283e-07,4.14168116988812e-07,7.30749739414105e-07,1.1067543,0.99519604,3708,7430,3832,7519,1.846695203582611,1.2169301633070194e-09
824,852,0.9161446575902786,1.2913200405551772,2.042151489727335,1.8545883816740945,173559717.7075502,116058169.25921826,225203007.95093483,120531804.02890006,233883792.88005093,5.092213301362727e-07,8.091708484813562e-07,5.015753795832901e-07,7.970211604571962e-07,1.3700527,0.99519604,3442,7576,3492,7639,1.8241194087787664,1.2224710754559696e-09
825,853,3.8037399268281136,1.4887548005745215,4.447188107117414,1.9873162463847458,174402081.51747647,599392440.3907504,260895266.51385403,561208617.2878644,244275139.14212582,3.330340603244775e-08,3.4327245305520964e-07,3.4191914940133566e-08,3.524306944676811e-07,1.1067543,0.99519604,515,5971,525,6018,1.308115480462471,1.147574077489287e-09
826,854,0.9303557383275033,1.2852889932511393,1.9618678880206666,1.8370263873359571,174013962.53861505,146278978.62868723,224737862.4244707,146399243.7088257,224922633.45095727,3.769721425461088e-07,7.353342371715396e-07,3.7684824091463243e-07,7.350925505815157e-07,1.1067543,0.99519604,3379,7525,3491,7573,1.7989147401553287,1.2120906304201414e-09
827,855,0.7176553911669954,0.6988495597990935,1.6117008741060137,1.1667296938692302,171959020.82834265,96187909.75432363,122797738.76968001,93653692.1132433,119562444.47261363,1.3513428220692128e-06,4.012079398010871e-06,1.3658524082335292e-06,4.055157742582516e-06,1.2829816,0.97862947,4664,18595,4921,19154,1.854738725744371,1.4551945022349934e-09
828,856,0.5905630670152332,0.5935995778121115,1.264108430612663,1.128013684264279,174746023.46032506,114019494.73919183,128077663.21343267,108325811.7640501,121681970.86097744,1.4143210166897662e-06,4.368021146735891e-06,1.443599952121701e-06,4.4584468758394125e-06,0.90509564,0.80989271,6814,24563,7294,25175,2.037563816030506,1.584900775302399e-09
829,857,0.6472506605639867,0.6902835095861317,1.3518410779563104,1.257961109939251,175054418.75319862,202050552.1739856,158957343.01085484,195510006.78442255,153811760.849458,5.105170051620831e-07,2.2741089632955857e-06,5.172811267076018e-07,2.3042398879855498e-06,0.56077099,0.7601862,5898,19759,6154,20222,2.027898129219088,1.521474203602586e-09
830,858,0.797105110387175,0.697288955292125,1.4156519994675667,1.2083740769070284,174066889.32666337,163894110.32175806,151098347.10627773,156630842.39883,144402146.8853551,5.831785730154025e-07,2.2908021011703676e-06,5.938489381357625e-07,2.33271669812064e-06,0.8465808,0.80328423,4313,18752,4569,18915,1.8591655818201402,1.5030103538550834e-09
831,859,1.1223167014015278,0.9223832224900598,1.6756766854418845,1.3897693212523399,175409851.36439738,232541779.5638913,201417005.23362106,218977969.97136298,189668656.55920362,1.9078258124975384e-07,8.411578893672062e-07,1.954244718579558e-07,8.61623923955328e-07,0.8465808,0.80328423,2435,11550,2462,11440,1.6402288068601683,1.3327457581751022e-09
832,860,0.7694957269833893,0.9386183308076543,1.419188888393807,1.4327290767571434,174900042.50898373,144221587.72562587,182025299.97360513,140439245.753719,177251521.35352153,5.306332929817603e-07,1.268473714978153e-06,5.363042129618399e-07,1.282029993918085e-06,0.93318093,0.90187675,4520,11749,4786,11838,1.8764468950639626,1.3439729260031548e-09
833,861,0.8382804893689916,0.7592777855587836,1.4113028839768031,1.2255447579617333,173266490.41613618,192543688.10106397,151729187.19249082,192839833.60728425,151962557.1740917,4.5756840482833016e-07,2.0233659162620504e-06,4.572871988032765e-07,2.0221224241840633e-06,0.75435305,0.86705399,3975,16243,4333,16670,1.7795789282317485,1.4278926170261238e-09
834,862,0.3671009386848442,0.4124616837873185,1.1306227386809755,1.0094900225351193,174118485.5930189,82813817.97851056,79889273.456518,79384775.17919627,76581326.24945155,5.057337198766965e-06,1.6521665750488934e-05,5.143611356954638e-06,1.680351225359121e-05,0.77184051,0.89895928,14964,44166,15834,44413,2.520336843162976,1.8777384317634035e-09
835,863,0.599197368960085,0.6447470889148426,1.3112896657538153,1.2068708289774368,174753413.54385784,160708143.75094992,133749635.19495551,153455155.54411364,127713323.00755939,7.992604115252189e-07,3.2279726915365865e-06,8.141620644246221e-07,3.2881559909023564e-06,0.6515649,0.84240794,6558,21214,6820,21304,2.0660797475242427,1.5548751739507134e-09
836,864,1.0911293541873186,0.8312002447706976,1.632026196696665,1.2924509388669136,174008918.97626165,200138947.253348,246109230.44846994,192723503.26559368,236990519.48138496,2.1449170631135063e-07,6.812237002013409e-07,2.1775557160833706e-07,6.915897065743071e-07,0.94867212,0.58769131,2597,13835,2713,13909,1.6417575250461571,1.3840206523274083e-09
837,865,1.0570765867722933,0.8903830787688016,1.6286224208358877,1.3748823283033447,174247512.99772888,120072217.06574282,190226400.3345555,112805843.0812067,178714526.89420632,5.373987421300986e-07,1.2562572404677384e-06,5.509865774683072e-07,1.2880210225306587e-06,1.5340182,0.81559151,2822,12882,2966,13041,1.699340349900229,1.37348155832298e-09
838,866,0.5671471486989292,0.6983557470802626,1.2773873105837619,1.248178459662201,174606971.8060416,116779475.6047061,171827790.4772537,114287105.77032954,168160550.15548074,9.668143366764559e-07,2.060577411844046e-06,9.75193496311721e-07,2.0784359669147296e-06,0.84799016,0.70965111,7116,18692,7396,18836,2.099397261242316,1.5001126628785347e-09
839,867,0.9106604517210849,0.8797785535175613,1.5660527871652643,1.414990814652924,174887525.6187657,188125165.46603465,191541534.82776967,179010318.54616186,182261161.49532568,3.508573852868381e-07,1.2070685015929659e-06,3.578970793871288e-07,1.2312874388753145e-06,0.8465808,0.80328423,3557,13360,3725,13506,1.8091913949283986,1.398063585551046e-09
840,868,0.6359394547265816,0.7265358550027,1.347260910123659,1.3035014913694147,175385672.32302448,125511832.12501971,203562977.95577323,125987992.92412478,204335245.46721452,7.226883226056726e-07,1.4546662941813256e-06,7.215945459798804e-07,1.4524646812022109e-06,0.88863868,0.62596834,5924,17461,6119,17485,2.0249155763190956,1.4850841522231969e-09
841,869,0.573843450914765,0.566689183667144,1.2268183955942658,1.087085088856858,173073370.3386474,124728833.61098665,114394885.39439633,121675127.47741212,111594182.83777712,1.3464098651977615e-06,4.921539127233139e-06,1.3598258900235136e-06,4.970578793993283e-06,0.79626352,0.85737056,7080,25457,7551,25634,2.050772491603205,1.6132438632125269e-09
842,870,1.0515606984105774,1.108878978197371,1.5841536363191535,1.5141545856874317,173096684.20485777,215008030.1077173,238948142.06726763,203050817.43541607,225659551.16711307,1.9364412441793462e-07,5.436302586802546e-07,1.981272900149328e-07,5.562161529361654e-07,0.8465808,0.80328423,2786,8796,2977,8808,1.6618945353774512,1.2515001231322854e-09
843,871,1.1792383182370711,1.1170642047705972,1.6892233739368374,1.5224248812534509,173465289.73438224,198982520.71238214,237803412.6485296,181868557.81596154,217350567.01093844,2.037022181549203e-07,5.54406290402638e-07,2.1116341661720098e-07,5.747130666316773e-07,1.0280145,0.81484056,2363,8692,2548,8749,1.6028343364032973,1.2431415315577098e-09
844,872,0.5165656136667993,0.709614313528673,1.189921536123325,1.1877700115232346,172815676.98974013,95372080.33437283,175187735.1493071,94162537.76193573,172965942.11418596,1.47780284481895e-06,2.1497520291099907e-06,1.4853668895292944e-06,2.1607554051837007e-06,0.93602484,0.70000607,8774,18174,9502,18483,2.161726158261704,1.4795508070628357e-09
845,873,0.7696201169154686,0.763099771936194,1.4346172282592478,1.3255524047315743,174723729.8079535,190892203.45441735,165751390.40036944,180668686.25763255,156874327.01336837,4.773415058986027e-07,1.914254080504636e-06,4.879679751762713e-07,1.956868774439203e-06,0.70443368,0.80440736,4647,16956,4984,17503,1.8970028846970841,1.459854285195143e-09
846,874,1.21425036571018,0.9732786594460763,1.764525635369807,1.4472533649102453,174601669.65157238,231489293.9991016,247941955.46286774,216330429.3353375,231705703.3131453,1.7582103640984787e-07,6.161051030836388e-07,1.8064924675169156e-07,6.330239262865516e-07,0.9158529,0.68538654,2298,11162,2406,11266,1.630717787010518,1.3311309040554558e-09
847,875,1.5266194083841915,1.499592783881717,2.043050199595215,1.9121771877527132,175021327.97595045,353225739.8931861,311884224.4376823,336853656.4794246,297428328.5013495,6.413143769402119e-08,2.4672206503486605e-07,6.536050620303047e-08,2.5145045303793685e-07,0.75643116,0.84153253,1660,5877,1670,5775,1.5545455409020619,1.175983263285262e-09
848,876,0.774468307852215,0.6263801694900029,1.4125576810235208,1.1645828282978254,173898343.81405193,159085530.9640515,135601409.81763905,154157991.1000218,131401270.75756304,6.493321733253932e-07,3.032707251721988e-06,6.575560497866641e-07,3.0711168836575733e-06,0.8465808,0.80328423,4374,22116,4501,22155,1.8735105532635128,1.5703497508098824e-09
849,877,1.299043779202813,1.2049687665489466,1.8416891201141066,1.6448800308204856,174660530.83848125,341940754.60606897,289497634.87500757,317557490.39415085,268854008.0923069,9.564861024154115e-08,3.912429557857737e-07,9.852128463526096e-08,4.0299339960268674e-07,0.6635409,0.72698516,2154,8398,2341,8740,1.6095526319019187,1.249695475089227e-09
850,878,1.3577675737740118,0.8327206149720074,1.862068570067749,1.3027722975056093,174093492.99533013,364194253.9157445,185539562.33476493,338946774.42068934,172677178.46900463,2.59607264827439e-07,1.793791878148375e-06,2.671760194625767e-07,1.8460892227594064e-06,0.64904511,0.78134948,2437,17018,3403,19532,1.5591544345098685,1.3913141565597767e-09
851,879,1.3309503731308994,1.1729980653976642,1.8666409781089295,1.6185615536642068,175027131.9331629,269567652.5362665,312751231.2719867,260921316.35100278,302719789.2110037,1.0569349496169249e-07,3.1806234717316844e-07,1.0708078474432418e-07,3.222371040456999e-07,0.86417055,0.65645301,1996,8273,2078,8232,1.5842839022300583,1.2478082211809688e-09
852,880,1.1748849288773122,0.8754031992822164,1.689196647030107,1.3257774262414013,174544284.01688838,237304593.87625593,177130006.27470005,220849912.440412,164847825.89896291,2.037779719389228e-07,1.095038500090614e-06,2.0972045988093253e-07,1.1269715545857058e-06,0.86416131,0.86262417,2250,12341,2270,12220,1.6010498581448547,1.3497470510513512e-09
853,881,1.724571334628257,1.219743391134727,2.178847421492248,1.6257881873773516,173661756.23355243,388939603.9554976,173579244.7924661,373293620.38258296,166596623.36486626,1.0843826099193601e-07,8.641270071311152e-07,1.1023390290149466e-07,8.78436187811369e-07,0.77002209,1.2203232,1471,8043,1624,8166,1.499887523770628,1.240513927838734e-09
854,882,0.9056104075872758,0.8154920231495492,1.4538274720630615,1.2606277716657388,173098258.750142,148802095.0237773,142938690.9958003,143155636.06906575,137514725.347877,5.485377627777849e-07,1.9591253134274508e-06,5.570918036531663e-07,1.9896764243048283e-06,1.053477,0.98755801,3422,13885,3662,13952,1.721254550521543,1.3786727604139243e-09
855,883,1.7054597602074324,1.409810712410692,2.191217764737385,1.8295809859251133,175148306.8721884,352840968.5631663,307395502.19852614,343453796.63363755,299217386.0312001,6.566839884625151e-08,2.6855411275520313e-07,6.638052774795054e-08,2.7146639855359574e-07,0.8465808,0.80328423,1434,6403,1484,6396,1.5029446721970017,1.186989905235517e-09
856,884,1.0286989526662842,0.8660745699823702,1.5767673673048093,1.3207635733088534,173266452.54827565,287962706.8608213,189105704.89768955,277514099.1221131,182244082.59538615,2.0322564630296517e-07,1.0881164281603788e-06,2.062523907613568e-07,1.1043223078263218e-06,0.61896563,0.79353327,3027,13486,3283,13711,1.7170988555996312,1.3871329144780499e-09
857,885,0.23522545898001976,0.29703315028312355,1.055524578236613,0.9331643574708902,173629243.75961092,56982932.10538515,80728749.05491436,56079094.267833315,79448265.66667603,1.3271065712146452e-05,3.086331390406101e-05,1.3356212504569892e-05,3.106133207679022e-05,0.71674126,0.63885099,30576,81279,31639,82551,3.1407009532815073,2.2099049093501906e-09
858,886,0.3434243466360779,0.6280344317608094,1.1432995140063387,1.191232774080244,175461365.97111422,57816246.30131629,125016162.84203994,59216240.178159975,128043371.86514397,4.0982228327640515e-06,5.096952188741983e-06,4.059188258530067e-06,5.048404960663531e-06,1.0422279,0.88145226,14500,21413,14243,20945,2.640872287222089,1.5768388158444907e-09
859,887,0.5427176904154822,0.6073480690350438,1.205258121284218,1.1077749226864415,172925752.4982229,97136069.5499759,170381910.10093895,95635906.67521492,167750543.4289244,1.6108327954063943e-06,2.5027118730691246e-06,1.6208927574455231e-06,2.5183417922697703e-06,0.96616906,0.61641592,8492,22930,9464,23047,2.1159149575503218,1.5747464774493913e-09
860,888,1.6114432046094318,1.2880443084305213,2.12641743243836,1.744402618076236,174981924.4694671,368385983.84995705,218560827.99252737,349330239.394641,207255188.06930968,9.753684636360066e-08,5.995735523926374e-07,9.963122637767442e-08,6.124480189344116e-07,0.76542932,1.0312208,1630,7693,1713,7816,1.5733042323585358,1.2485749155025875e-09
861,889,1.354641071033391,0.8461126184927554,1.8531426912987188,1.3038129999048844,173775764.9596182,507364475.9252729,213131666.6515395,485345296.76852125,203881936.7735878,7.953602974569025e-08,7.94285627919027e-07,8.096020523484834e-08,8.085081397327263e-07,0.46397373,0.6898734,1958,13796,2091,14044,1.5550385901492239,1.3822705664846334e-09
862,890,1.4663161444378594,1.2756225822941474,1.9787815699055038,1.7176441372611972,175072764.69880077,230267399.3580102,258673976.07495794,215361545.3115625,241929284.71292603,1.4238431379002364e-07,4.426482525144433e-07,1.4624730286403661e-07,4.5465761869796765e-07,1.1148431,0.8633523,1791,7488,1873,7519,1.5727780992543896,1.2259622234692999e-09
863,891,1.4014588872794018,1.2795369338495015,1.9348009503316308,1.7246255789902445,175172458.13238725,289986494.20848316,279029043.02452815,279995855.7396801,269415911.56210226,1.1171411303402996e-07,3.9623961979956247e-07,1.1329180836081766e-07,4.018355591081033e-07,0.8465808,0.80328423,1969,7686,2077,7764,1.62985865095985,1.2461965727714187e-09
864,892,1.1110265438939182,0.7962958997239769,1.6452081820986344,1.2584189713834888,173516244.35827407,493941105.49503714,351677723.44293076,474170758.3547928,337601570.2404364,5.7706997143800715e-08,3.1642134334783156e-07,5.865764683310991e-08,3.2163398421692466e-07,0.39029178,0.3928889,2584,14877,2745,14952,1.6417294405179437,1.4130786992318208e-09
865,893,2.212604691415045,1.880593737528599,2.645428616275281,2.2534569423645046,175182281.02231747,457852501.3120643,410124695.9828221,452368926.0516633,405212743.70533955,3.268783002724969e-08,1.2985981562519546e-07,3.284575291295958e-08,1.3048720009226437e-07,0.8465808,0.80328423,1051,4425,1065,4459,1.463827004554842,1.1205106947424139e-09
866,894,0.1486536195385184,0.31553421783188296,1.0434873020323405,0.9792728492744169,175231647.9723717,24533215.551724326,55899140.35399064,26036438.133474573,59324245.79536191,7.396502958739953e-05,7.511251221001959e-05,7.222633812917435e-05,7.334684694747714e-05,1.0617776,0.98913115,62886,69666,63997,69763,4.036556761087015,2.1357252447245297e-09
867,895,0.4903718959604996,0.6734273210827386,1.2327480979377579,1.2283537157717836,175497592.48440868,101654900.7053817,147127092.93850508,103129459.27646777,149261249.9188971,1.477861486059102e-06,3.002308338620664e-06,1.4693726883682716e-06,2.98506315811325e-06,0.8465808,0.80328423,8885,19635,9176,19646,2.2470529840027496,1.526619198958435e-09
868,896,0.9278044743758868,1.3891855453609934,1.551841972950443,1.8204465600784911,175405223.9329956,192234163.11111438,303342693.11937773,192704842.0659571,304085417.6145762,1.9710633153248737e-07,3.617207258221398e-07,1.9691361842898005e-07,3.613670673519419e-07,0.8465808,0.80328423,3373,6704,3443,6659,1.7950666399819548,1.2144729815408767e-09
869,897,1.7594994511915245,3.1966482516571695,2.2345028830004163,3.473869329373828,174711209.02949846,363112742.9353586,695258614.6114888,354716043.7862991,679181301.0738479,3.3099519089675465e-08,4.563972032269426e-08,3.3410728641777184e-08,4.606883582981665e-08,0.8465808,0.80328423,1455,2250,1602,2328,1.5183618953918907,1.0119514631768414e-09
870,898,0.7984516707028905,0.6999661231771668,1.411684606668144,1.1949601253426831,173609122.91653454,191079232.57982135,133606159.87374544,184326348.9594424,128884417.81725979,4.807764253527306e-07,2.4858397657095994e-06,4.877458592217931e-07,2.521875009832661e-06,0.72545034,0.90954268,4165,18020,4332,17865,1.8333022260719531,1.4912061597398251e-09
871,899,2.61273536190242,1.1909233262241872,3.6001515049193635,1.5454010019230666,174481440.19152403,792918014.2913927,208452541.62605265,698789820.8638545,183706904.87043676,4.811422343638509e-08,7.621402356653089e-07,5.0608814773018415e-08,8.016551294618199e-07,0.57493186,0.99684089,785,8550,1008,9209,1.2543565331204247,1.1950616049362e-09
872,900,2.897331635223244,1.0824298649084574,3.5389952385882473,1.4703727206418202,173928997.83643857,600194048.8687869,231741271.5985005,556260647.5654368,214778120.5927974,4.109280337023136e-08,5.530745543967847e-07,4.2361478476427596e-08,5.701498537554574e-07,0.83961177,0.81239712,656,9294,678,9431,1.2756015053984493,1.2378905013805786e-09
873,901,1.3773428276213768,0.7780708757250098,2.235379826388184,1.2138476265420692,173623751.06550333,221465055.16338795,312266925.7500121,202199578.1144356,285102498.8983563,1.6155663284658104e-07,5.469713748641833e-07,1.6754627570033862e-07,5.672501039323755e-07,1.0798066,0.43261573,1783,15781,1920,16225,1.4906287051129365,1.3927529968092065e-09
874,903,1.024245490279702,0.8561616327598774,2.8024933635299853,1.3168606375737997,172505757.1543389,96788704.0409957,138438773.95366332,100895874.15856841,144313339.59776014,1.1332649978646218e-06,3.2829210180749935e-06,1.1145818901315237e-06,3.2287984896500273e-06,1.8255048,1.0668457,2845,14797,3202,15872,1.6073088407147103,1.373170727826606e-09
875,904,0.170934502103656,0.2744518321693607,1.5812145610127109,0.8465202721934522,174299027.07641405,38750165.64696494,70955486.12362091,42279316.347394936,77417719.23596223,4.829226929554757e-05,7.44321022568643e-05,4.663756384855229e-05,7.188173121751662e-05,0.76886684,0.67417884,58067,104195,61401,107928,3.67970189902413,2.2830960293947325e-09
876,905,2.9375134110907193,1.1667533388820166,3.8827430818632656,1.5340501615948277,173885624.88821122,608366120.3379874,249732093.3657499,560794859.8163297,230204262.87525368,4.0217351110386013e-08,4.867566408637628e-07,4.1548740300028004e-08,5.028706441916722e-07,0.83961177,0.81239712,637,8500,698,8731,1.2406405832906184,1.2156692962414385e-09
877,906,2.6292266370409094,1.6668129975772115,3.585300564048177,1.9961093910773797,174808552.3912801,547409313.151619,358658542.77455175,531905143.15589637,348500324.9949163,2.8930405209278354e-08,1.884768492779208e-07,2.926481031085565e-08,1.906554437176398e-07,0.83961177,0.81239712,743,5148,783,5272,1.2876986715934546,1.1023009324144368e-09
878,907,4.874245131077013,1.1792916515446465,5.351047626216794,1.4963740978313815,175663908.22665468,1019791503.6133081,254997187.1507851,885476278.0568966,221411886.05045807,1.6565258699280596e-08,3.6701489848835603e-07,1.752798552899208e-08,3.883447850957968e-07,0.83961177,0.81239712,326,7627,333,7625,1.130799105177941,1.1597163503981085e-09
879,908,0.5561396513912753,0.4938486961577583,2.0945415034199826,1.049690402240045,174659165.49229804,92779962.95213766,66045577.9277989,88033859.393868,62667055.85862318,3.799969660656406e-06,2.2346771593169077e-05,3.880627083919053e-06,2.282109985784069e-05,1.0469382,1.3059951,7108,34711,7563,35654,2.0265998233445424,1.7013107017795567e-09
880,909,1.68210162164182,1.1045442148893876,2.7053212931634403,1.443334221577032,171908558.17051673,558619641.9236625,188618069.50716686,517059504.621051,174585278.17982107,6.221811859587398e-08,8.501797787192276e-07,6.417223200217253e-08,8.76881770692822e-07,0.51764679,1.0066936,1279,9043,1328,9331,1.3842581323394685,1.2268303940753308e-09
881,910,1.1960835089369974,0.6835718793960512,2.4884815901267383,1.15359142448158,173614308.81738895,592068354.9384657,146083555.00860098,586283433.5023178,144656216.62479937,1.3099488025463833e-07,2.8251729261760405e-06,1.3151037402673876e-07,2.8362906053228855e-06,0.35073182,0.81239712,2171,20726,2331,21704,1.540308739784944,1.4836584632553941e-09
882,911,3.791382262615377,1.126659209573317,4.930711172282448,1.5517860685890998,174182300.90480772,786544102.5344634,241561778.873702,749858961.4889665,230295115.12194547,3.0667280273581586e-08,5.512669510835833e-07,3.125882574794753e-08,5.619004166916152e-07,0.83961177,0.81239712,469,9191,507,9419,1.2042771208673473,1.2386792048944342e-09
883,912,15.53632214229954,2.3727981062955688,15.9101143834345,2.6545824718100826,174206372.32715657,3223544995.9403024,508810949.94834286,2931075243.1250105,462646924.64436305,3.4621530416517577e-09,1.7361621169048726e-07,3.5964081184874704e-09,1.8034868641358943e-07,0.83961177,0.81239712,98,4248,127,6582,1.0799712169516316,1.028640395634095e-09
884,913,2.8702548727252117,1.0755528024988823,3.8074428226882158,1.448862181726361,172317927.64449155,927225867.353447,228136000.7761137,877355817.6384727,215865901.22318202,3.419583542851704e-08,7.526702776233112e-07,3.496045931393297e-08,7.695000951990937e-07,0.5334152,0.81239712,675,10387,792,11446,1.2514844996631875,1.2492558306801206e-09
885,914,7.255729525264936,1.4603379399264076,7.918138150725928,1.8251150898600261,174527295.72694644,1508224274.381778,313724439.967015,1426969693.3119996,296822744.1291598,1.2065507508291508e-08,2.9978104970885243e-07,1.233576436523639e-08,3.0649588405877725e-07,0.83961177,0.81239712,225,6580,283,7267,1.1240283343512847,1.1376534241739087e-09
886,915,1.6463637903358284,1.2674869647467844,2.616312843021745,1.618688622434641,174309826.04515883,341797716.70004886,217314452.01427567,325494171.7701738,206948683.7273121,1.0870085687795764e-07,6.782417329684765e-07,1.108468468902483e-07,6.916316916741673e-07,0.83961177,1.0166624,1430,7733,1576,8121,1.4329378596512965,1.1845496255723365e-09
887,916,2.522796488863118,0.9544002297243181,3.8216745509862724,1.3998892695724876,173946724.6213959,522660831.8319516,204351775.56815186,513927746.32548875,200937282.99334192,1.2108290857579816e-07,2.00762865228223e-06,1.2190176696063169e-07,2.0212058249392958e-06,0.83961177,0.81239712,861,15865,1154,19775,1.283913593701473,1.3181743821032784e-09
888,917,7.472027911329047,1.3226965548932823,7.990357210549778,1.64743537148333,172724152.6489499,1537138634.3876677,281219167.36438876,1503735122.3560843,275108002.3527109,1.0678100803539668e-08,3.0472823988558276e-07,1.077235592323136e-08,3.0741806247222976e-07,0.83961177,0.81239712,213,6897,237,6990,1.1200758880761563,1.1654837946852311e-09
889,918,2.1311489348277197,0.9899555185650779,2.882739231776223,1.3885399806896088,174144910.13701004,210352724.023554,212206211.19404346,201568851.22160783,203344940.79422358,1.7050514210630217e-07,8.275053594909071e-07,1.7343924283037448e-07,8.417453058318934e-07,1.7643163,0.81239712,979,10720,1037,10930,1.3482498457980288,1.2752532374406784e-09
890,919,2.119272905216145,1.348390233887962,2.923733822535377,1.6839026076424046,173358810.26776597,437576797.5251025,287735297.1456765,399598497.4988528,262762086.71736595,5.132285920165903e-08,3.254767737753012e-07,5.322099853290572e-08,3.375143000417686e-07,0.83961177,0.81239712,1000,6843,1061,6954,1.3611708501107511,1.1679381969536159e-09
891,920,1.778740223729466,0.9228109109735738,2.6796570166887257,1.3059180338653873,171723746.3183278,363801397.0979998,195062910.58221745,347133417.93037736,186125879.12523165,1.1475160953010321e-07,1.3396750117201948e-06,1.1692461834323482e-07,1.3650439422225291e-06,0.83961177,0.81239712,1215,13583,1249,15070,1.3958133493469513,1.333384561847366e-09
892,921,1.2246704565203284,0.7007174916352689,2.2941046989643072,1.1380419960102792,172065164.0444272,250976856.84126824,148411493.81108353,231290981.90111053,136770539.56686503,2.427246178889497e-07,1.5995257877554947e-06,2.507863048822637e-07,1.6526513271044468e-06,0.83961177,0.81239712,2061,16176,2144,14602,1.541756904944565,1.487473418221428e-09
893,922,8.709341291912969,1.780262401049864,9.190463951936685,2.0695875191699473,172022968.9570232,1784404173.7228923,376965915.0824616,1766401975.1107316,373162844.3582036,5.728056670516172e-09,1.3224202430529326e-07,5.751336545032053e-09,1.3277948018407315e-07,0.83961177,0.81239712,179,4537,193,4605,1.1102971364876961,1.0777931616992454e-09
894,923,7.301731777261415,1.3972630638874968,7.890738895399153,1.7467453283315997,172412961.36112502,1499399179.1971557,296537563.6060381,1442394723.907266,285263739.71652234,1.0778838566102453e-08,2.8522673117454196e-07,1.094725476274601e-08,2.8968331533719544e-07,0.83961177,0.81239712,227,6687,247,6755,1.1495284819775082,1.1792776338293337e-09
895,924,0.4846904090370321,0.5381566291048336,1.7045477690406645,1.0393716165099427,174271285.6452604,95774286.70276286,149740257.3932493,94275922.7639692,147397609.80392247,2.0792105775258813e-06,4.706310736371276e-06,2.0923663625412026e-06,4.736088967076832e-06,0.88194466,0.62631953,9150,30202,9758,31102,2.1793297494779202,1.6456868089308643e-09
896,925,6.7678046953266655,2.410475824358035,7.365616397354534,2.6711339598886714,173157616.03713587,1395760479.6889641,513778590.5260068,1280638623.5542707,471402304.73462164,1.9616435677045986e-08,2.528530357415756e-07,2.0303636012366043e-08,2.6171094926924206e-07,0.83961177,0.81239712,282,4712,628,8366,1.1344163686335729,1.0114730171586224e-09
897,926,1.2143155587120014,0.4905753139126969,2.928475160091616,1.0540348138608107,174247463.11934718,336140734.3259541,114372176.46083376,341268032.6594737,116116744.16681133,2.79957639235872e-07,3.4955400654115875e-06,2.7826753243718775e-07,3.4744374584395104e-06,0.62947267,0.74739772,2105,26832,2262,23787,1.5182358795278283,1.7156563984291552e-09
898,927,1.5229806715672598,0.7151069255381072,2.36860061776489,1.0900014710711585,175991963.3419048,330927572.7258208,230509389.91898483,300024428.7459454,208983637.90411258,1.0269722873416856e-07,8.535677847271683e-07,1.0680442811863153e-07,8.877047631368148e-07,0.80994266,0.54597807,1361,16578,1346,16596,1.3794795090308964,1.396157506210699e-09
899,928,0.7178384708579224,0.4451622059729613,1.8363508679876548,0.9530719772668244,174409827.61931643,229009966.8251377,89992928.2510607,223522702.30864832,87836624.71207945,9.710101431881247e-07,1.1426383262146124e-05,9.804757672247793e-07,1.1537770201630694e-05,0.54669273,0.86274183,5048,40002,5325,39707,1.9274282246105292,1.81887126437935e-09
900,929,1.943145471882909,1.0959769810860247,2.731636738102029,1.4678895634535112,174304870.13144645,403400394.3549513,235148698.4041183,403007384.0481984,234919606.25798857,8.721906325828848e-08,6.839254498429073e-07,8.725307550627136e-08,6.841921557800367e-07,0.83961177,0.81239712,1189,9934,1277,10349,1.430337800782993,1.2713052289351672e-09
901,930,2.030189677763456,0.6293635341156493,3.1472667022738836,1.1154090940262325,173299776.14184466,342120663.7616792,102323650.56999937,332031517.0495622,99306123.62097166,8.751508626575558e-08,1.6925395575611501e-06,8.85692411509385e-08,1.7129268864103771e-06,1.028384,1.0659174,862,14623,563,10505,1.3375659921601117,1.5375714670758417e-09
902,931,2.6681086550740583,1.3911279819915539,3.7412321318279216,1.7724452588964656,174595606.16269192,445959955.83727473,135310233.9674506,411788263.50120664,124942084.03709166,1.002039809488227e-07,1.4804726863312529e-06,1.0345077188104904e-07,1.528442689597331e-06,1.0445782,1.7950219,739,6757,813,6990,1.2823319352486315,1.1615820915589563e-09
903,932,4.653392901824326,1.433462154323243,5.379679871114425,1.7919992363275334,174390776.416799,966528614.9115864,307709827.9921619,926988533.4724084,295121611.28472537,1.6236040047649326e-08,2.7124998302748213e-07,1.6509588761181415e-08,2.7582006807808603e-07,0.83961177,0.81239712,373,6431,383,6613,1.1953414320284028,1.1523976670232913e-09
904,933,0.7409888360088561,0.6573109254141887,1.898711721971793,1.0827158943019184,175298050.31982374,196364557.81447935,191718234.2688353,180312899.7809289,176046386.10269675,3.986263002688898e-07,1.6992457113689462e-06,4.1245870259616956e-07,1.758209834701263e-06,0.6614936,0.6010139,4236,20266,4392,20606,1.7877449059899795,1.4744041723067674e-09
905,934,0.452891549040611,0.6503399505526057,0.991684383432391,1.0461395998697094,163202239.29666343,67340035.878007,111131912.28252451,64906434.00349985,107115715.57989337,2.063281208862861e-06,3.2838288246714157e-06,2.0938842033525825e-06,3.3325352225172012e-06,1.0976073,0.95505363,10175,19552,10750,19663,2.2508241722485165,1.5507711582696114e-09
906,935,1.1967838357379579,0.970380942225105,1.5802429105538425,1.3065079173952021,165409933.19756392,265450394.51275918,173454762.2321978,254690377.137907,166423782.8328449,1.1836221982641808e-07,6.550091067521629e-07,1.2033762529201873e-07,6.659408768000209e-07,0.74575114,0.92537469,2186,10215,2323,10360,1.5485939746458657,1.2939616778209782e-09
907,936,0.7267942196307379,0.7950705301729004,1.1929933761477047,1.1618377360629015,164188275.27067634,160671184.17616692,177481071.1922554,154676760.89644212,170859493.89872622,3.039513819592024e-07,8.260828131742662e-07,3.086095011656735e-07,8.387427069815567e-07,0.74270374,0.73552215,4716,13799,4999,13719,1.849660140877087,1.4172524521979068e-09
908,937,0.6336516066306427,0.8122297044954859,1.1202498188677337,1.1766629304664025,162751998.78006282,158582803.65714398,157585722.6370808,154084267.95665824,153115471.24272153,3.4810497328177693e-07,1.004942289744567e-06,3.5213512286659545e-07,1.016576905916805e-06,0.65031052,0.83885777,5804,13582,6071,13587,1.9620358297793725,1.4203547673199283e-09
909,938,0.4979693266526446,0.6218520809064345,1.0250792690534523,1.0228450083924765,163986998.99064887,102308846.41682519,126857895.23429817,97475082.00238913,120864267.10584179,1.178726566199464e-06,2.5486457783237964e-06,1.2017687403466764e-06,2.598467629758811e-06,0.79817629,0.80385739,9231,21355,10087,21656,2.151311035538278,1.5743026271455548e-09
910,939,0.834444451000415,0.8585912340527095,1.2790940706430678,1.2122821804435766,165176069.79344904,88686273.14768307,160472383.70712245,82293612.10253473,148905254.77344462,6.304437343871715e-07,1.11455580958476e-06,6.495946580252253e-07,1.1484125552949149e-06,1.5541329,0.88375783,3751,12288,3966,12330,1.7459164700633347,1.362693990852513e-09
911,940,0.626607934781505,0.49090968341139835,1.1665827969948344,0.9435294485151849,172148390.33151123,156584849.26367962,90209072.83449121,146733311.48520333,84533567.87236173,9.56300239234914e-07,7.373340692158594e-06,9.814827527888822e-07,7.567504872298152e-06,0.68888879,0.9368161,5567,31957,5708,32363,1.9283926373798872,1.6911137245356836e-09
912,941,1.1400150255529384,1.0425109800746388,1.5813631228967246,1.3915306336209459,172462420.2059739,231140078.78715426,221166132.910144,211896074.67507923,202752528.51272663,1.502590019773358e-07,5.830831432179232e-07,1.5557558334258892e-07,6.037142463986378e-07,0.85060865,0.81293625,2335,9667,2469,10025,1.5690453964944957,1.2439605807174723e-09
913,942,0.9646508958597775,0.7787174438904284,1.4269062274546993,1.160764128180345,172185424.08708766,190714942.91164926,129042055.68369643,177683773.45393303,120224870.88887253,3.799721224002016e-07,2.127634722106731e-06,3.9088275994619945e-07,2.188728286383367e-06,0.87092716,1.0390705,3032,14980,3274,15366,1.6393380051107813,1.3741634432369422e-09
914,943,1.7490318282070139,1.471601228560735,2.1306984406652747,1.7875556292258137,173256592.52946937,356252308.01583725,313634204.92395777,338326393.7966176,297852749.6823258,5.2040321318318933e-08,2.2510744364567198e-07,5.312619257667043e-08,2.298045265403114e-07,0.85060865,0.81293625,1289,5910,1399,6332,1.3932148238274464,1.1141311623354712e-09
915,944,0.7420948915071186,0.6493405362991614,1.299825729526893,1.0910526068023745,173647594.35304895,151495041.45284438,138702662.16356823,144310292.35374483,132124599.822613,5.975162492759727e-07,2.608201249466132e-06,6.092424627320305e-07,2.6593870115682616e-06,0.85060865,0.81293625,4366,20365,4558,20818,1.8003168251135855,1.489229944983753e-09
916,945,0.9229781475508623,0.5177714221694336,1.4035400120980497,0.964801612748027,172633879.45000538,185164467.81114924,161315522.86499152,175955021.43910357,153292241.32309845,3.9488937113019077e-07,2.267981059921066e-06,4.0303043080162367e-07,2.314737874594636e-06,0.86051768,0.55409974,3137,28989,3288,29327,1.662396055780612,1.6423318999132803e-09
917,946,1.0801037004948588,0.6890973953356374,1.4987297812722202,1.0739795465041488,171203133.77463934,217393907.6757617,145122859.95046064,206052358.58402526,137551727.63098374,2.5371650659822835e-07,1.7439923928016723e-06,2.5921291418480987e-07,1.781773509794249e-06,0.85060865,0.81293625,2442,18005,2553,18362,1.5709149723728557,1.44947281538256e-09
918,947,1.1676968887576797,0.9616812738660703,1.62845672055299,1.3384723229398277,173453742.1170493,357869945.7088058,252273540.64173377,340675094.9161395,240152361.0280596,7.73237818063436e-08,4.4127140161647866e-07,7.88618613544508e-08,4.5004891484896287e-07,0.56596369,0.66121566,2167,10624,2203,10761,1.548316171689122,1.276057518399391e-09
919,948,2.148281759549276,1.1778791358468754,2.5047170244352066,1.5249460547608096,173474586.12147844,438124264.44303393,251350700.12213305,418915498.6748284,240330683.39135852,4.730818998681878e-08,3.5135540090167375e-07,4.816423684998548e-08,3.577132152438069e-07,0.85060865,0.81293625,957,7770,1018,7911,1.3184836488709972,1.1835611635955806e-09
920,949,0.8586199409720545,0.754711335280235,1.3454592904002383,1.1454105115143114,172211008.1283997,303117960.57650083,156532024.77746865,280078406.5545193,144634253.90908605,1.7977535786363668e-07,1.3373179815513532e-06,1.8555086328834394e-07,1.3802809735252975e-06,0.48780945,0.83030677,3436,15328,3521,15388,1.7139824776657113,1.4001224461169463e-09
921,950,0.34386447077143245,0.5512434339198241,1.015222161609353,1.0162999038932947,172851629.00872126,62282427.03549221,97046309.55217788,61163677.67637641,95303113.24811953,5.174334146492463e-06,1.01836931433312e-05,5.211986063770018e-06,1.0257796508316362e-05,0.9543227,0.98183358,15858,29931,16615,31784,2.5407142312518656,1.6165434361206486e-09
922,951,0.7670052306262295,0.614956805576089,1.2765467100610068,1.0368790694122318,172284392.87136212,133374773.19299094,103785809.05969346,121079009.7212521,94217839.5751305,8.361878920241276e-07,4.418021525543169e-06,8.691721618404689e-07,4.592294814409106e-06,0.9907648,1.020828,4171,21967,4354,22327,1.784146417806767,1.524938256040298e-09
923,952,0.8898754130604,0.8237761467947745,1.393051278693373,1.2233715220520829,172892516.4741167,180873777.27990025,175197908.85287738,171877664.9910117,166484097.01944646,3.1848175901599463e-07,1.2488329303743352e-06,3.250476484880489e-07,1.2745791427013267e-06,0.85060865,0.81293625,3402,14178,3527,14471,1.7291351259219518,1.3740592005751598e-09
924,953,1.4417158010128739,0.9572087488274026,1.8375290703139737,1.3193574544683933,172853222.24315646,295986275.9360095,206025648.2325104,282583865.4492423,196696701.13966823,1.0095523849163948e-07,6.429452719003786e-07,1.0284390162557965e-07,6.549734444877768e-07,0.84194857,0.80308747,1609,10758,1646,10990,1.4548384578626627,1.2769617323347462e-09
925,954,1.2384262993204946,0.9619482020327664,1.6925006552026818,1.3407237588684566,173589001.783137,198606250.59048125,171377912.06337717,186154545.31494713,160633299.31627035,2.2218721448200347e-07,1.057258221908654e-06,2.2801676061340162e-07,1.0849976019255706e-06,1.0824291,0.9743591,2031,10872,2121,11212,1.5197510582686424,1.2751335332615758e-09
926,955,1.3465328902154272,0.9682669393419701,1.79754689738378,1.3502086317333994,173647046.8394923,208560823.22244102,276114482.41056216,198822647.56995633,263222073.9113823,1.4407975220361606e-07,4.3978263017451435e-07,1.468620901354221e-07,4.482753147812642e-07,1.1211188,0.60893834,1829,10701,1959,11009,1.4785295524235595,1.2700365772208664e-09
927,956,0.8283376676073951,0.5811444775190113,1.3584592947270628,1.0313536769374148,173290806.72549254,320294752.44310814,180167590.6159177,302798131.7239777,170325643.55046836,2.0562135562282854e-07,1.6138283277474067e-06,2.1029399474031103e-07,1.6505017430660277e-06,0.44816002,0.55896288,3736,24370,3949,24850,1.7271095773626055,1.5613008153950176e-09
928,957,1.2916894362581242,1.037070236072698,1.7316167038794623,1.4102866883440488,173193081.11509094,263001879.0772459,220944003.31906134,254437613.29552612,213749289.82902634,1.1946456664804742e-07,5.527543339890271e-07,1.2105706138772513e-07,5.60122697629477e-07,0.85060865,0.81293625,1926,9583,2017,9765,1.507591620513287,1.2474622044409065e-09
929,958,0.9306136573655975,0.8847402035080474,1.4184478861485441,1.269565209749967,173078332.285828,154548800.4759718,410763587.91920507,147592692.3049293,392275473.21697706,1.924684843885387e-07,2.6763541061322687e-07,1.960468821749226e-07,2.7261132115743307e-07,1.042189,0.37279195,3090,12273,3225,12537,1.6649898125499771,1.3190763393280466e-09
930,959,1.2566163271566095,0.6491496519859941,1.6430574005513856,1.038036625033784,169925818.96641308,159827288.17792153,119304317.09304552,149074859.4124001,111278083.36546007,3.7467550031913295e-07,2.5961909480595036e-06,3.852599862806324e-07,2.66953267074941e-06,1.3360144,0.92458755,1935,19666,1993,19955,1.5005049765242924,1.4944620552085268e-09
931,960,0.8753826552438784,0.600834732777054,1.38422525198183,1.0460614186888486,173115428.32232502,181991580.38814813,131009392.45257188,174178749.86342892,125385208.20077652,4.445098988161292e-07,2.807462377405321e-06,4.5238051183737966e-07,2.857172068917539e-06,0.83268821,0.79394126,3362,22689,3453,22873,1.7086441055583839,1.546594019988378e-09
932,978,0.7177206329719586,0.9645211047524501,1.4734556783924888,1.3963428740112256,173953075.22701755,173277871.78495076,205415429.30526638,166291659.6154132,197133496.03103814,4.047558119696353e-07,9.563889704865758e-07,4.114737633159245e-07,9.722626760192797e-07,0.72051734,0.8167907,4953,10865,5298,11043,1.8961341416493203,1.2822372032905907e-09
933,979,1.1691463597947362,1.2550694085918828,1.7757992017514972,1.6211758124969187,173787997.19907928,444574238.7765514,246327995.97264203,428004943.1657453,237147343.95438698,6.630370234907606e-08,3.789753354882208e-07,6.731874069986116e-08,3.8477704015769704e-07,0.45702964,0.88546979,2273,7005,2367,6983,1.5924289256517612,1.1610479596162813e-09
934,980,0.8847327654983599,0.8174553242914151,1.5774460251947533,1.236974506242959,175251602.8730697,189619506.65331736,194859328.07240137,183025800.8958219,188083416.16286466,3.385367116887226e-07,1.1878275288498978e-06,3.433634389683072e-07,1.2047631205862914e-06,0.81769454,0.73519886,3441,14009,3638,14197,1.7293230869893195,1.3508338183997013e-09
935,981,0.7680516760165157,1.1735215840357043,1.5103863789123415,1.565028500170292,173968481.25803235,185445618.28904706,249948692.72900862,175127161.4069014,236041193.41752294,2.49446851319652e-07,5.044750273361261e-07,2.5522502411838995e-07,5.161606584241724e-07,0.72051734,0.8167907,4211,7796,4338,7739,1.8324713159753414,1.1937737389063562e-09
936,982,0.5848049233648284,0.7841493906828723,1.4094883512431884,1.2531744651531946,174329103.1270803,126849982.45972256,220045771.42458794,123100420.90391058,213541433.39431188,6.870827290513546e-07,1.103600117896701e-06,6.953786962575212e-07,1.116925195066714e-06,0.80369359,0.62123466,6667,14661,6888,14313,2.069554660196326,1.4016670175442678e-09
937,983,6.5691858472197,1.8651661401102142,6.849142178895703,2.179542356030346,174471974.91708454,1590716509.8369212,398412004.4627157,1466913877.6134813,367404307.89523757,6.719306851982449e-09,9.836759020299393e-08,6.940643584500993e-09,1.0160785909990107e-07,0.72051734,0.8167907,264,4016,314,4055,1.1809786713510375,1.0333726457179183e-09
938,984,4.150982117155271,1.6471644548063296,4.528800545662762,1.9743786355696682,174693722.65823463,1006430350.0782015,352292564.59511495,866714706.5360861,303386266.8332438,1.1940534147826454e-08,1.4850574377161188e-07,1.2676132748714016e-08,1.5765446492509977e-07,0.72051734,0.8167907,438,4843,451,4948,1.2367159927068823,1.068560313493931e-09
939,985,0.7011792473720619,1.0109051405885583,1.4982550929720972,1.4815870830740723,174107533.29843846,130615027.28908502,243030725.57744622,127085398.57424751,236463271.23938298,5.691341234545467e-07,7.716929119761195e-07,5.754049867119071e-07,7.801956190327681e-07,0.9346596,0.72421378,5322,10148,5778,10111,1.933949211464798,1.2802724961306329e-09
940,986,1.00578628052617,0.9803919581474475,1.6670616389345858,1.3951708040267208,173835147.03857994,242660372.2884076,208653918.56200475,232538447.67700717,199950481.6817227,1.916148237301298e-07,7.429300019460461e-07,1.9490848250280343e-07,7.557001930552597e-07,0.72051734,0.8167907,2883,10283,2989,10223,1.6934391973409793,1.2740004235279724e-09
941,987,0.32199242892938057,0.5640838186833456,1.2293872543232418,1.0818847405458152,173891211.0946997,95983704.45711404,127730308.72276168,93830534.28579414,124864977.65150452,2.6940700306829395e-06,4.648801814164153e-06,2.7186306445756303e-06,4.691182830663707e-06,0.58334541,0.76794004,17782,24589,18595,24374,2.655797507127064,1.5871091605133194e-09
942,988,0.24821386588726943,0.3915170212331565,1.2227534758868743,0.9657629156003696,174448519.15737304,58633583.410376556,72863801.95205389,59986853.460993506,74545507.1322689,1.4383314413218198e-05,2.8106561979793713e-05,1.4252633448090668e-05,2.7851197149378777e-05,0.73849386,0.93735933,30716,49701,32895,50643,3.037969233804504,1.8852250164615028e-09
943,989,1.1614587576115387,1.967730936377749,1.8192138612622164,2.289848480952039,174068757.87856758,227597610.95490956,550463659.4524435,215881408.14470482,522127053.2519943,8.335705036639998e-08,9.235206890476916e-08,8.513797596425715e-08,9.432517331291014e-08,0.8882944,0.62223995,2367,3856,2438,3856,1.6355224201311533,1.046567541243504e-09
944,990,0.6610992481232538,0.7521979256078112,1.4112624193243721,1.2164397879771431,173792182.34993565,163283750.38670662,143075535.0606824,163994636.99739015,143698441.3936772,6.409724183173279e-07,2.1266304956424257e-06,6.398595706018369e-07,2.1229382682998174e-06,0.70364553,0.91368604,5576,15380,5988,15300,1.9316489146219178,1.3990128415303101e-09
945,991,1.1712715326373642,1.0755546124539803,1.831864929496887,1.4884615801670942,174161257.505502,283116188.438324,229336528.71026576,269976479.3927954,218692788.14076146,1.307663044814633e-07,5.709479876294053e-07,1.3327581893568946e-07,5.819049557355923e-07,0.72051734,0.8167907,2270,9023,2371,9132,1.5915369246351938,1.223427872929308e-09
946,992,0.9429897963131741,1.1767916395004097,1.6665614887284572,1.6109478943684772,174158012.72349793,192721637.10686663,411203069.981006,185666494.34020323,396149771.3044408,1.7473077067126645e-07,2.405851872628403e-07,1.7735693216601018e-07,2.4420112481389737e-07,0.85215771,0.49840993,3309,8171,3476,8183,1.7602197996728195,1.2222281641175573e-09
947,993,0.4468768448694041,0.5912212800748878,1.305005435449109,1.0784695442648409,174900284.65107235,116671098.92533712,121802137.7820049,114667682.6133249,119710613.90061428,1.7499335485881504e-06,4.7500486292862696e-06,1.7620996233918892e-06,4.783072424385186e-06,0.66990787,0.84895694,10492,23706,11132,23844,2.2779391073271684,1.553626883660193e-09
948,994,0.769993945848747,0.908275143385145,1.5340309820950453,1.3614798931491532,174250115.4739749,191515816.4083111,186916525.84422505,183709311.93101808,179297496.13039678,3.549134732098429e-07,1.1055095340037599e-06,3.6087091150881417e-07,1.1240661832574159e-06,0.70057678,0.84672582,4363,11795,4532,11680,1.8648717699867405,1.3227458037974312e-09
949,995,0.8121287459583125,0.9185815941832577,1.4882216888732502,1.356577924554625,172510896.3967561,165213094.8099281,215288010.3329808,160837776.9208806,209586564.66978434,3.6570195590369304e-07,9.333775736595914e-07,3.696492633472831e-07,9.434522483631546e-07,0.84800214,0.73606205,3988,11983,4164,12244,1.8581564789247063,1.332156917058977e-09
950,996,0.443100360696016,0.5552967293107219,1.206413735779558,1.0822509260554265,172947863.9340638,106742629.35869765,149676175.69111222,105970987.77770495,148594167.86030343,1.6274546165676904e-06,3.6181607494453536e-06,1.6321845109518954e-06,3.628676261236426e-06,0.71792555,0.6416344,10364,26643,10838,26960,2.329951825944329,1.6277036450253391e-09
951,997,1.567882276050842,1.7935026246227466,2.0873361777633654,2.169705599438523,173411080.6982772,313012622.104589,311277172.73687756,293692253.82663673,292063923.20923793,7.037725918210034e-08,2.2097445954620097e-07,7.219383172005984e-08,2.2667823572997378e-07,0.86861724,0.99915206,1561,4407,1646,4493,1.5163730497726131,1.078502713395907e-09
952,998,2.283255694210619,2.4516945953465186,2.726115053406073,2.7758367218804674,173214640.00363544,455313681.21238655,425029796.4974479,448549810.8509069,418715805.5898613,2.78443473605772e-08,9.573538075556102e-08,2.801154426021326e-08,9.631024281429507e-08,0.86861724,0.99915206,958,2910,1004,3001,1.4126289023356695,1.0065439035503515e-09
953,999,0.07981780930406648,0.16116229912937957,1.0468817264799084,0.8144498104326434,165724680.09204,14015756.705748301,24086788.565128926,14689808.056957422,25245179.98982844,0.0005309753565277657,0.0007262143053069701,0.000521092157212744,0.0007126970664435625,0.94377929,1.1088473,174620,209123,177578,206718,5.824967502392269,3.1130673330644322e-09
954,1000,0.6966581619074179,0.6407345680836503,1.3536232591517328,1.1058410364875035,172923131.84579006,409729751.0346261,162143586.36723915,364626402.2410375,144294702.53076392,1.9803630362005186e-07,1.8675540000126156e-06,2.0749353350810814e-07,1.9567390998333236e-06,0.29401895,0.68333155,4908,20511,5067,20560,1.9360288103595111,1.5256375051105608e-09
955,1001,0.5141474454228274,0.6492031387443933,1.2612918273128826,1.1297222809856757,171671778.70450595,122121121.936121,91081457.05738617,118757244.11258145,88572579.89778003,1.403088007801215e-06,6.000826349988844e-06,1.418852280741459e-06,6.068248111077429e-06,0.72276282,1.2236284,7717,19855,7721,19505,2.2528164463274676,1.548165223333882e-09
956,1002,0.3174411631770917,0.3981683487350589,1.095729148849719,0.9424954122647531,173675042.84887844,66352212.66536085,82755933.6585301,63031484.90134727,78614249.2218299,7.241787190369992e-06,1.925047069078565e-05,7.392050190230007e-06,1.9649907100427918e-05,0.83089328,0.83561265,17763,47860,18508,48921,2.6773862191862468,1.8777360741499666e-09
957,1003,1.2200208377807917,1.2507301696555826,1.812131021896549,1.6520259212716872,172728482.07697374,286539602.8620762,227387249.4028885,281132386.54963493,223096282.17905146,1.2457867114398265e-07,5.332080402591389e-07,1.2553164042241327e-07,5.372868354229747e-07,0.73543882,0.95008284,2203,7454,2293,7597,1.6349878798664779,1.1980125523364189e-09
958,1004,0.8411304354833659,0.8458030134181918,1.5188206390193937,1.3024737639128237,172926732.541308,134574616.34244508,158885244.32674485,132693707.70403372,156664553.4067737,6.389833129114244e-07,1.8277178077129072e-06,6.425910096356784e-07,1.8380370937013045e-06,1.0808423,0.92055088,3869,13624,4160,13971,1.8158099932262184,1.3611101529895088e-09
959,1005,0.5265701051760086,0.6226988112363364,1.2506595188204535,1.1117834323888656,172711370.65240255,94499344.22688133,108063456.72755286,95735440.57541169,109476978.11612245,2.0803806396714093e-06,5.670479819927818e-06,2.0695943272673544e-06,5.641079639185754e-06,0.96238387,0.99522233,8028,22160,8530,22483,2.177149060082273,1.5525678714035416e-09
960,1006,1.2550858657398243,1.577584493343327,1.8447279068440328,2.000746865385641,173302190.38812277,420056364.0954539,475672863.70699835,409222286.3897201,463404327.36662406,3.9454029459554625e-08,1.0538876955606634e-07,3.986857205139985e-08,1.0649608696525358e-07,0.51780939,0.57476234,2097,5213,2187,5263,1.5989168984506572,1.111344006306945e-09
961,1007,1.0086696218021354,1.1947709877486283,1.6098976078249938,1.6017651702438283,173071523.1613224,200976885.75908372,206956321.22162947,197282340.1863761,203151856.0592536,2.3736726569753139e-07,7.395583346042348e-07,2.3913546425666683e-07,7.450674597896349e-07,0.86861724,0.99915206,2912,8049,3027,8199,1.730862751479759,1.2238554581235825e-09
962,1008,0.9188839229453711,1.0151746179599648,1.5520690977857141,1.4295737405095206,172506734.9490941,182489660.62948617,175273079.80275545,182716267.17222586,175490725.15599045,3.133182831009913e-07,1.0825109088459384e-06,3.131627930442819e-07,1.0819736925656146e-06,0.86861724,0.99915206,3252,9979,3325,9987,1.7810346328447155,1.2825523655722288e-09
963,1009,1.538283726073462,1.5934999187657268,2.0764294393860947,1.948524629674378,172775333.45752048,244693448.28389302,326920392.6705613,236142445.1239441,315495904.88642424,9.42456329519774e-08,2.2464165019722679e-07,9.55961824930789e-08,2.2786078797670077e-07,1.0861651,0.8421545,1609,5183,1671,5137,1.5468667780909149,1.1207814701554596e-09
964,1010,0.9561844510785045,1.1797995328585313,1.6238146318816318,1.570634523532105,173166279.13145408,322222687.9758309,215561330.5493166,335841715.0231541,224672220.93866226,1.3764484363420628e-07,5.874964439759633e-07,1.3538437289484546e-07,5.778482909030052e-07,0.51386482,0.94776505,3189,7943,3425,7926,1.7371708327859803,1.2090070025395907e-09
965,1011,0.94369424591547,0.7783906856319476,1.507569200352738,1.2096647773359983,174107738.22667968,165787178.4168146,135262582.05485392,159144055.8780392,129842585.67104177,4.7571311731352733e-07,2.2687331076391955e-06,4.835588477645971e-07,2.3061503403791196e-06,0.99105656,1.0019315,3036,14706,3117,14704,1.7075112258373932,1.391378301899534e-09
966,1012,0.8441358225446969,0.9231162821848315,1.5378271797689074,1.3702188664474135,173045618.08705604,172252724.45841146,169051996.21939757,164949021.55225453,161884007.67256126,4.3469786207915266e-07,1.4237653436552776e-06,4.422970539680994e-07,1.4486549669893316e-06,0.84802145,0.94492364,3862,11909,4143,12178,1.819016183564013,1.3222240003058908e-09
967,1013,0.6436562228859711,0.8853123178296357,1.3039756666212339,1.316317274284788,173714937.99213395,128724938.55508512,153922491.4328331,123675904.88327971,147885123.29876336,7.892350463846826e-07,1.8949616385636761e-06,8.019686670599343e-07,1.9255351955922907e-06,0.86861724,0.99915206,5718,12435,6069,12668,1.9720760983631567,1.3323021196387313e-09
968,1014,0.9488253777620608,1.1527194415425484,1.609594698233259,1.5575672907155322,173010319.42833343,188986096.67052343,199601608.98084563,182055004.62530276,192281191.5078487,2.4640717215860084e-07,7.427525661071867e-07,2.5011759144998034e-07,7.539369948146104e-07,0.86861724,0.99915206,3069,8196,3070,8045,1.75537934479374,1.2300056498792362e-09
969,1015,0.3484188827845919,0.6195751775044881,1.1626855102617417,1.1037319693284622,170829127.51492912,61685046.42809963,90700747.6990699,60420943.028191485,88842029.4167671,3.1823423980443107e-06,6.1965296903191195e-06,3.2088089740820286e-06,6.248064347406802e-06,0.96490312,1.1669307,12421,19823,11240,18097,2.6960449109740305,1.6046924241059562e-09
970,1016,0.7854460245520075,0.9032918697641985,1.4592934736625884,1.3882170349863476,173161519.28009108,167083424.41818112,226686918.06031263,165721829.94915417,224839603.43346387,3.5931793597011175e-07,8.559553236471469e-07,3.604959211698812e-07,8.587614810970886e-07,0.81401867,0.69000626,4190,12138,4386,12326,1.8578744574315973,1.3342052672854026e-09
971,1017,1.675385125977317,2.016665525566706,2.2039822292590805,2.3968117813681893,173246989.56657854,334158034.2570602,349677737.00745183,328316792.3507152,343565203.290688,5.275677247330793e-08,1.5452432428007536e-07,5.313023577772831e-08,1.556181964419511e-07,0.86861724,0.99915206,1411,3700,1446,3682,1.4969759680750303,1.0481835562933866e-09
972,1018,0.4275206955626877,0.5188270113097654,1.192038575453941,1.0244125430332376,172278525.33404824,84792969.31905982,89458607.94393794,87834927.31917423,92667946.29238272,2.9051598328002942e-06,8.591483507840642e-06,2.864488413629693e-06,8.471205159262526e-06,0.86861724,0.99915206,10454,27963,10626,27319,2.3882579757466234,1.6874335405260737e-09
973,1019,0.9117071034672662,1.0136193198257952,1.5494797413496915,1.4911032793087793,173482744.6755832,246444185.2990846,170481962.72662687,240164516.797274,166137895.08241767,2.35287903182963e-07,1.0907842013454524e-06,2.3772972752965975e-07,1.1021043898626083e-06,0.64179015,1.0314608,3312,9931,3465,9995,1.749017032564967,1.2704506786770353e-09
974,1020,0.7117400473609027,0.8205054559103886,1.3750993000440705,1.253741327294645,172504414.9487517,141349140.69353417,141660933.60612231,142726403.02384183,143041233.95018274,6.949883499056602e-07,2.2268392041545246e-06,6.922979813431423e-07,2.21821888959896e-06,0.86861724,0.99915206,4900,14146,5101,14209,1.960792985888681,1.4045335916904569e-09
975,1021,1.6402085330115568,2.8504712421506806,2.056801642184526,3.177469617936782,174318348.55569714,206935580.7168869,305641565.3912242,178207279.27479216,263210181.7046958,7.782355593408443e-08,1.2484558575204213e-07,8.26180543115061e-08,1.3253698395573518e-07,1.3816785,1.625726,1446,2023,1508,2056,1.4438078684165703,8.808263545982427e-10
976,1022,0.6349517409218889,0.9047040631670029,1.2478609698356637,1.4513277237100393,172577298.22145,102864438.08566749,112146890.30290267,97530430.42457244,106331543.58856508,1.1114302093872663e-06,2.434809431145153e-06,1.1353564822455407e-06,2.4872247014117366e-06,1.0652686,1.3922043,6305,11341,6817,11427,1.9835588081440516,1.2927425282896363e-09
977,1023,1.3631723669609697,2.3331179035222642,1.8569665587842792,2.741057299090366,174512230.84546664,172174822.71400613,250446637.4832958,154139063.85690135,224211703.19371912,1.4209375304490654e-07,2.2373380412576834e-07,1.4852438274771248e-07,2.3385915598327217e-07,1.3816785,1.625726,1926,2704,2061,2758,1.528402503043941,9.329907361972889e-10
978,1024,0.5324572519312096,1.2644826212165077,1.198689508166151,1.79486416712108,174483073.3979256,71029431.71423432,134566455.54076314,64272437.5731905,121765216.25550285,1.5826513922643841e-06,1.5970931355401577e-06,1.6472165295439394e-06,1.662247431709481e-06,1.3079758,1.6395677,7820,6525,8181,6586,2.100512717444087,1.1151702890687371e-09
979,1025,1.4036493439163547,1.7671192605539514,1.8255749915158561,2.144233592837459,174534846.11293265,248439049.87411502,182569053.26275367,212175666.93543455,155920378.28764707,1.181023421089739e-07,4.332673562100918e-07,1.25796403174091e-07,4.6149359996338136e-07,0.9860999,1.6893547,1818,4035,1959,4195,1.493649800848351,9.958643164837387e-10
980,1026,0.8346619323597335,0.8953730764064919,1.3523968697031585,1.399218411085447,175303677.73176283,103161250.50286141,95437901.74050175,91608002.45845555,84749607.96477762,8.744519009251088e-07,2.9230511256897703e-06,9.169997135981132e-07,3.0652767090499176e-06,1.4183553,1.6446526,3659,10812,3728,10747,1.7393473074139638,1.2549795733251768e-09
981,1027,1.2391744065106896,2.2497971378500656,1.7342980975289564,2.648234463160748,173786839.33209133,163915577.29220694,202756974.14592028,147824152.3901582,182852528.9630229,1.693837523182538e-07,3.1681597600343966e-07,1.765312845860396e-07,3.301847459146173e-07,1.3137995,1.9283437,2168,2841,2220,2829,1.5828013471615199,9.508155833147575e-10
982,1028,1.4166221106107515,2.001335782792782,1.8746382968801056,2.4146185058680834,174915030.52269298,148204288.16928068,255107700.01074687,132077925.31131935,227348993.504669,1.6685033067781958e-07,2.428967182756056e-07,1.747186576036629e-07,2.54351240306475e-07,1.6719388,1.3722193,1774,3273,1874,3324,1.4928245870975212,9.553592165855808e-10
983,1029,1.036541038664505,1.8771922439402116,1.5793954240204289,2.3315135464042958,174492375.6553407,119566263.34121402,218252851.1844831,111415186.72874245,203374108.1245094,2.994876361984047e-07,3.562124399062295e-07,3.080665917421196e-07,3.66416302492561e-07,1.5127052,1.5008085,2804,3570,2917,3497,1.657423580554309,9.882822554394606e-10
984,1030,0.7129912429834008,1.1781022614015104,1.331933199132959,1.7211381598992719,173846479.74310863,65154871.084472835,105170615.66753452,60899761.111972146,98302172.40163094,1.6389692599128712e-06,2.4105242033934352e-06,1.6838497176893238e-06,2.4765324150027654e-06,1.902406,1.9473969,4964,7384,5188,7454,1.885677475614066,1.1558853881619066e-09
985,1031,0.10630314111143352,0.20561604155410632,0.8876944502705942,0.7859351375759847,168236199.11867756,20998822.399808273,39085767.208275564,23019201.02156812,42846361.34918334,0.0002863585112262186,0.00031521620816255897,0.000276027259643593,0.0003038438276612648,0.85166854,0.88502961,155662,170334,165044,174828,4.944273240153552,2.71490563271618e-09
986,1032,0.2652010101209152,0.3193736611768677,0.9617085041218809,0.849957289922889,169561148.74673435,62521431.25825571,73038211.83652364,61885441.96461057,72295242.26880631,1.0982520564238441e-05,2.8013259682769402e-05,1.1027528553469972e-05,2.812806215300084e-05,0.71923798,0.74143881,27261,70274,28524,70578,3.0214477369259574,2.1644877980671345e-09
987,1033,0.4141583410613453,0.5741761699501398,1.0447536841740304,1.0130459879696692,169802468.8320605,83575314.70036346,162206162.1536209,81334590.30796194,157857278.68918478,2.2454514905712428e-06,3.250100640551699e-06,2.2699943284930935e-06,3.2856243174539647e-06,0.8414579,0.60106552,12547,26309,13194,26735,2.4238231205437657,1.644649032156218e-09
988,1034,0.3196322369195623,0.32553822482367,0.9750388814454157,0.8402580869795423,170397447.65904424,91918090.19002993,85613412.2294745,88782001.71072014,82692428.61012186,5.0416118571426855e-06,1.8747745200224396e-05,5.112105773376641e-06,1.9009883979878324e-05,0.59253317,0.64792281,19408,68505,20409,69405,2.712687960739864,2.1198510607667005e-09
989,1035,0.7683091738679517,0.45134437307929737,1.3022777303792856,0.9272697703803158,169028370.43962693,140769133.67886454,99972520.18915217,134042847.34800686,95195593.75339155,1.2012653926802766e-06,7.903305894960018e-06,1.2250236776491202e-06,8.059615229094292e-06,0.92254633,0.76310974,4747,39381,5036,40055,1.9048548925030473,1.827144079690587e-09
990,1036,1.1993666326924497,1.0382779796813424,1.61955532562889,1.3616197904784493,172290702.6394731,278386363.895472,237317467.82871845,249426074.81007984,212629539.95336634,1.2886559991677114e-07,5.405940482021383e-07,1.3465405686399092e-07,5.648767534078903e-07,0.74227673,0.75378203,2273,9730,2420,9997,1.580031832406912,1.251594227014308e-09
991,1037,0.4672195924381202,0.40649189096993077,1.0344772248265477,0.8475452435005737,173082627.90250117,118175953.85053818,111208376.90511818,112084110.3952765,105475704.5555763,1.9151478680347238e-06,8.116537723495937e-06,1.95612380490403e-06,8.290196761999631e-06,0.68429822,0.63265634,9550,45152,10022,45941,2.203531219717239,1.8482275673375563e-09
992,1038,0.5326367626411302,0.5553791472988243,1.1107889747130735,1.0078436065867138,170631160.13268462,103514623.73928814,160917753.83664384,101995016.53481098,158555461.7350532,1.3773181465023453e-06,2.755772899708242e-06,1.385489923394834e-06,2.7721231971031973e-06,0.87798637,0.58890325,8586,27014,8999,26844,2.213778968020939,1.6704420765454938e-09
993,1039,0.48091137110360327,0.4166866248806561,1.0828807920561823,0.8992879123231784,169649593.90824714,106365659.64457531,90585213.37028989,105323385.8710214,89697571.69643454,2.538013748875712e-06,1.114555835584097e-05,2.548030491106565e-06,1.1189546370137124e-05,0.76703721,0.7803781,9803,44355,10418,44968,2.244876263212514,1.881631485311393e-09
994,1040,0.3703954175970197,0.41164276336094335,1.0090095155179322,0.8909445069591548,170404412.68005675,76347693.19505744,102273638.40961611,73555588.00634283,98533397.6174988,4.21663815224298e-06,1.012473138857906e-05,4.279947415071611e-06,1.0276745684661799e-05,0.82670492,0.68586338,14832,44598,15493,44840,2.5364160924935124,1.893855747228343e-09
995,1041,0.39250057299206204,0.47610027180839765,1.0250576896347479,0.9439159272538798,170384760.03713503,141522864.6104942,109563836.23241805,141465486.4248445,109519415.32450935,1.9158465770454914e-06,6.9687062735119874e-06,1.916157365013016e-06,6.969836734627701e-06,0.47254637,0.74039239,14627,36055,15812,36708,2.487322897468483,1.7776493250253743e-09
996,1042,0.6835386677735786,0.5469381624267252,1.1894472386607677,0.9399019461531898,173539594.13088483,159807007.52695367,125918930.06818677,147091399.57565054,115899746.47184439,7.121628580354131e-07,3.4899609093051813e-06,7.361778314713201e-07,3.6076465167244196e-06,0.74227673,0.75378203,4973,25187,5204,25113,1.8529919771576984,1.5860737979623242e-09
997,1043,0.5195473836582551,0.5906970069607977,1.092987834763753,1.0023687907725591,171557624.72309038,108836953.89031073,176776967.01764193,103151202.15485822,167541960.78968766,1.0983602540152622e-06,2.1509117933798815e-06,1.1221880578071589e-06,2.197573627690594e-06,0.81895268,0.57325667,8135,23601,8459,23665,2.1473317178980404,1.5813583870856809e-09
998,1044,0.6106062264156873,0.5610783824480431,1.182938170279948,1.0082317322804515,169143828.40523964,136907896.17905492,107966257.05572143,132379924.25879847,104395475.57468742,1.2475626871833542e-06,5.554981429648031e-06,1.2644595026515036e-06,5.630217325294823e-06,0.75437778,0.87900561,6876,27564,7361,28129,2.0751394163829606,1.664779126169202e-09
999,1045,0.2927309344699201,0.3144893883736828,0.9598947791626227,0.8171946046818919,170803134.5322935,52176557.43903598,78065780.75675736,49804600.2532248,74516894.07813151,1.2020502612252912e-05,2.8933750370231593e-05,1.2246303327794319e-05,2.947726021733525e-05,0.95827252,0.68808347,21601,74060,22561,75629,2.800384210371603,2.14068393554872e-09
1000,1046,0.3818675966401939,0.5943294354882335,1.0291545687640613,1.0462929323753376,169984716.61098847,91566933.21750285,141145471.50931162,91406564.58732462,140898271.94581807,2.4427846701349715e-06,3.78930397724856e-06,2.4444980701985755e-06,3.7919618429847463e-06,0.70889843,0.71576452,15142,24703,16083,24709,2.5547611169200533,1.6379907388141396e-09
1001,1047,0.6385181047771497,0.4998408991406083,1.204456942913305,0.9706288243651705,169324543.3504078,186955186.78308365,121137288.24239631,182137460.68928936,118015650.99585119,7.991646503905118e-07,4.8613518795022475e-06,8.075539798828804e-07,4.912384520492513e-06,0.57830322,0.69867283,6411,33425,6736,33916,2.0682686958721885,1.7611598446240702e-09
1002,1048,0.6298345245636285,0.5944189910313528,1.1816675204909897,1.0317781085615383,170317648.29788294,181759464.67422286,154959795.9650905,181043388.56273133,154349302.26490775,6.341148798169061e-07,2.41038337393327e-06,6.351169310002779e-07,2.414192348598755e-06,0.59018624,0.65333104,6700,24553,7197,24713,2.064276164810147,1.620228882734478e-09
1003,1049,0.9283414028842367,0.7202158098457587,1.426204516705226,1.130772062472333,168402743.1463139,259587760.6571175,136724120.08596325,248599761.4572444,130936772.80000128,3.0579529231763007e-07,2.2136754550778534e-06,3.111316534627415e-07,2.252305780603251e-06,0.60224426,0.88708794,3536,17987,3689,18130,1.798808604375097,1.506855000507168e-09
1004,1050,0.5219110844604379,0.4922291510691298,1.1139146203365724,0.9611355205545841,169396446.75877962,139727462.7043179,87428658.51605576,132594572.32579537,82965548.50842635,1.6574688402609247e-06,9.420288269232933e-06,1.6925744586280038e-06,9.619812409207416e-06,0.6327309,0.95371324,9018,34532,9162,34547,2.3082892124512364,1.793702465674458e-09
1005,1051,0.5596564260350638,0.6492453000714011,1.1468323241096008,1.0822054028290977,169699430.27393913,127948745.80979964,146165009.43933278,126064340.9749331,144012318.93242282,1.0169283670282401e-06,2.6416827614037002e-06,1.022981717604356e-06,2.6574075974729198e-06,0.74227673,0.75378203,7894,21260,8259,21127,2.1799872243386385,1.5837105983333743e-09
1006,1052,0.755800671314526,1.0224226067650668,1.2753072096045706,1.385138245302067,170672439.67355493,121980686.7550502,360274655.1487703,128538609.3264743,379643731.97366637,4.817388272058228e-07,4.0632345998501366e-07,4.7175296877304456e-07,3.979008701496434e-07,1.0574981,0.48435092,5207,10468,5711,10517,1.9447790605177881,1.3200894263365778e-09
1007,1053,0.33911090088894613,0.33292022391813963,0.9913581048982846,0.8445990317015039,170001100.8915742,88819913.36121994,94943940.6160115,87750062.03362657,93800324.31341629,4.450496774072035e-06,1.4200479716325899e-05,4.472122135446612e-06,1.4269481115753255e-05,0.64905745,0.5961076,17541,63978,18478,64196,2.6357913448515458,2.101871455133671e-09
1008,1054,2.5103990233315834,0.9333770155145918,2.829715327738438,1.3031046290751405,168535798.92178878,801736013.5332128,216504815.53160235,741695845.3735163,200291267.29068506,3.550181248716887e-08,6.309416630665821e-07,3.662458768989218e-08,6.508957331274331e-07,0.52771997,0.7265771,937,12162,957,12353,1.4424831421100193,1.3713063169119359e-09
1009,1055,0.3642598453209267,0.3548319192636639,1.0288570822507324,0.8637070694471436,167280644.1608412,85970326.4483086,77058829.21838672,83314042.46186596,74677889.85799134,4.535653180756922e-06,1.9884338996602085e-05,4.592952840605156e-06,2.0135541153249815e-05,0.70877504,0.77027529,14666,59781,15097,60901,2.5472862555079328,2.054702526076635e-09
1010,1056,0.770238441392652,1.099295057243176,1.295071113924625,1.4570145006650317,170383514.5339236,207131296.16601026,232249232.71408358,211790427.8273836,237473357.5735186,2.783767919820074e-07,6.494129937060144e-07,2.759108529616435e-07,6.436603128517337e-07,0.63358814,0.80646878,4981,9643,5304,9721,1.956230317616078,1.311085444691807e-09
1011,1057,0.29756715484764384,0.3866548229046837,0.9638345495205249,0.8881549438274327,170446649.48999548,72995256.22676618,85073857.77206588,73360858.4056184,85499956.52659598,7.126763190091591e-06,1.6272221731778815e-05,7.112535079208202e-06,1.6239735318389814e-05,0.69483042,0.77466828,23395,50667,24947,51090,2.8455481144215207,1.9572287727174306e-09
1012,1058,0.5241593466032823,0.5306583045779893,1.0803159328041259,0.9400760527286228,172954501.08613524,134529915.09717506,106433021.34868312,127252770.71430084,100675725.9330097,1.3768358996561248e-06,6.041293011439641e-06,1.407806057852708e-06,6.17718415164228e-06,0.67387033,0.86232394,8030,28599,8508,29173,2.098746874788727,1.6299123628079928e-09
1013,1059,0.295520170807241,0.45496351744236785,0.9717037203061092,0.9338732169765673,169788338.5059547,60986050.15647694,84622792.41003807,60596767.543427415,84082633.11675043,7.304641674789122e-06,1.3189899733684112e-05,7.323376063157234e-06,1.3223728183476542e-05,0.82274354,0.91284508,22138,37566,22827,37150,2.8813023942450844,1.8345732891842305e-09
1014,1060,0.9838215335090932,0.6616553335594517,1.4637353576526655,1.079605405337731,168807177.73130193,237930568.59300667,119848452.31594211,231788812.77906105,116754776.99226847,3.97364459036226e-07,3.214121685012946e-06,4.015430644147124e-07,3.2479207474471646e-06,0.69800252,0.93194503,3246,20709,3491,21149,1.736824855022208,1.5415790888257336e-09
1015,1061,0.5924926663421433,0.7834217759579947,1.1649548337963846,1.1992450001655774,170517723.5200198,124082756.47190237,161485076.97008827,127355116.1542494,165743825.48763338,9.210448938845728e-07,1.882292793398645e-06,9.115044931532696e-07,1.8627955597003737e-06,0.8142187,0.82724237,7384,15785,7843,15776,2.1310907055859722,1.4597996621386726e-09
1016,1062,0.36227743558979775,0.4792332533908062,1.003999566811113,0.9533708054895611,170585680.23616642,147025953.9832886,145745404.90033433,150043542.61623624,148736711.3004383,1.5607131838698196e-06,4.2015955371347536e-06,1.5480813462874755e-06,4.167589370620423e-06,0.42032948,0.56091189,16924,36089,18246,36809,2.5903643619378713,1.7791096173057595e-09
1017,1063,0.8621102593758705,1.01187080160146,1.400441565087728,1.385963720878194,171015062.46214288,203042005.72075018,228115618.88025096,198092205.63431963,222554569.05688316,2.2508108925611556e-07,6.360190551683058e-07,2.2731411875347405e-07,6.423290002452857e-07,0.72612482,0.75858527,3598,10073,3757,10162,1.7703192110083774,1.2841039651627688e-09
1018,1064,0.9598448784813555,0.6064965945746048,1.4707270084321544,1.0410290178986843,169570876.32571214,334880504.4898119,183243023.09215206,321947165.5950048,176166038.6574494,1.8306602312434535e-07,1.5270081026705912e-06,1.8597298029216525e-07,1.5512558963005552e-06,0.4860293,0.56124461,3114,23371,3294,23794,1.697752795142531,1.579982992034021e-09
1019,1065,0.5954949231608495,0.7547767181601547,1.1962405059146153,1.1744222898574044,171816334.37851128,134468595.9476859,179947950.59270874,139993135.791462,187340975.08180234,4.873592716095774e-07,1.1012060444853266e-06,4.795731763437651e-07,1.0836130783325872e-06,0.76088959,0.72066933,5750,14140,5404,12892,2.0796581882025555,1.4424305448797184e-09
1020,1066,0.4696878907565232,0.48005391744833753,1.1034663397549995,0.9490072107821604,170556291.7781342,108602274.21878752,90929494.77064052,104725050.61869504,87683209.31662722,2.1320158093747864e-06,9.969151357874644e-06,2.1632452416910603e-06,1.0115177919315918e-05,0.73762935,0.90043628,9149,35223,9456,36221,2.2215709998493622,1.7364480112482209e-09
1021,1067,1.3795761957145551,0.8588497435975914,1.7805833117171979,1.1991195278855704,173451926.0320913,373577559.3301494,168707767.0528923,351906579.7789974,158921144.49323073,1.0185351050988623e-07,1.000220483049576e-06,1.0431754537418861e-07,1.024417765302153e-06,0.64053673,0.88300109,1656,11998,1666,11868,1.461468984667622,1.3112997174771084e-09
1022,1068,0.4142326710419273,0.37142558429784833,1.0407098520322273,0.8392694546927953,173011816.1115339,92274364.34046927,84641280.00891125,86470159.99933696,79317208.81776182,3.4232688473483682e-06,1.5974574621746358e-05,3.513394585983316e-06,1.639514349943739e-05,0.77667451,0.75921601,10881,52656,11188,53409,2.321332248697336,1.9382995349106855e-09
1023,1069,1.174717550080373,0.67763868839635,1.6357405817166193,1.0868540905227,170318660.03603336,388468130.51476425,151963461.24946538,366487720.9996904,143365023.31540594,1.520357495754629e-07,1.8754167362434663e-06,1.5561953257420658e-07,1.9196240140296206e-06,0.51503921,0.75948858,2270,19375,2361,19750,1.5897435907800974,1.497754652055205e-09
1024,1070,0.6734045000922544,0.5827787633095287,1.2295946409737266,1.0179957391385834,167805611.608988,201665354.80988455,166114653.12153786,196355488.32948965,161740839.73478132,4.0014452589237344e-07,1.8554673471705292e-06,4.044382103988946e-07,1.875377131974245e-06,0.56033945,0.58871114,5299,24165,5487,24217,1.9292740068096832,1.6111757540675944e-09
1025,1071,0.7837298627336344,0.9057259257920232,1.3243474387207395,1.2761039283904998,172504752.24736306,186189925.03207022,205965014.8924807,180814122.9078218,200018252.9267667,2.86411317625726e-07,8.118775848498075e-07,2.8978753885656203e-07,8.21448010912341e-07,0.72612482,0.75858527,4012,11345,4162,11293,1.8033991701267624,1.3044993016518842e-09
1026,1072,0.20154706675296577,0.43935741268865686,0.971091742230872,0.954270244143045,171598744.02753252,41163378.84926098,81377390.28478467,45579796.10414325,90108367.20305736,1.912932017116505e-05,2.2266571427282824e-05,1.8365171627903022e-05,2.1377100815292863e-05,0.84019399,0.92646348,38626,41008,40026,42252,3.411185541595731,1.8207497097739736e-09
1027,1073,0.5795331322693564,0.4088585527003284,1.1739090379004207,0.9019837925803441,166378434.04938594,140042574.38766432,118770000.40031406,134404004.3336425,113987933.44316478,1.0889571600573267e-06,6.115057054282266e-06,1.10700592645311e-06,6.216410202337986e-06,0.68851787,0.57274771,6605,45292,6808,45958,2.04192660322923,1.909171640411962e-09
1028,1074,1.3283670934137701,0.8023192695748962,1.7690656480290599,1.1925673464955875,168871574.9888973,523593065.9159684,242879645.026575,499724231.2048147,231807584.52917066,6.377263526957028e-08,6.095784161343719e-07,6.497402255029343e-08,6.210620211736111e-07,0.42843089,0.55784386,1968,14977,2093,15365,1.547846945534522,1.4125193950608618e-09
1029,1075,1.1215542524502458,0.6760553996374278,1.5951083739747218,1.0950839405055137,167811051.7770804,155948169.67784348,172226937.51106393,150616828.92410728,166339080.71389395,3.944820382783559e-07,1.6319328655027902e-06,4.000091690506502e-07,1.6547980544949293e-06,1.2068702,0.65872139,2508,19707,2658,20146,1.6266075919958904,1.5193125634134092e-09
1030,1076,0.7093539604384931,0.46023717734416947,1.2553168970410913,0.9161404491008796,171120094.97660172,249273400.96036458,112152325.9317148,235851752.25912637,106113698.81031732,5.42225772119185e-07,6.168290796501105e-06,5.543638325825351e-07,6.306371814581151e-06,0.48695415,0.70222199,4726,37590,4891,38583,1.8658626169197532,1.7620699458641311e-09
1031,1077,0.8217899894703008,0.642767622949922,1.3555084619507125,1.0704124905387513,169796121.7416608,514476649.77198225,162998462.73484167,507507478.9826859,160790463.35198274,1.23835310626363e-07,1.648869206288534e-06,1.2451273895835015e-07,1.6578891757175382e-06,0.27122077,0.66957349,3783,20713,3876,20905,1.7866621748772529,1.5322986202512425e-09
1032,1078,1.0247120671947547,0.7186357472377878,1.5187220842577194,1.133448607495817,171235542.5874131,111188802.3508028,83954191.48537365,104235788.15067011,78704250.18537864,1.1008982622430478e-06,6.215276958992155e-06,1.1297045171852257e-06,6.377906748462606e-06,1.5781007,1.4657515,2778,17383,2909,17682,1.6664227807821013,1.4525469906578143e-09
1033,1079,1.0980882588325174,1.0858280414651513,1.5871280849439569,1.450314119956669,171160038.55162856,191325451.24723732,240114634.43606603,188235283.04884776,236236454.07655162,2.1180873079045402e-07,5.375214947695322e-07,2.1319280504980226e-07,5.410339546288612e-07,0.98235142,0.77400684,2600,8996,2807,9041,1.6511383031639597,1.2534553040011343e-09
1034,1080,0.6050714089106697,0.4767007106724313,1.1688811662560827,0.9127023443057996,172965356.0815517,84746553.39609689,97286680.60923961,78526714.51419282,90146478.97866097,2.2725401059402853e-06,8.784208822212585e-06,2.3428981171222682e-06,9.056168582536546e-06,1.2349339,0.84752309,5980,34308,6192,34875,1.9772373455814345,1.7206578993838955e-09
1035,1081,0.5562540504112966,0.4597147774072469,1.1326445417519702,0.8949744640173939,173420465.74142262,170110262.0114056,103136399.19614412,162122867.35362846,98293710.02371536,9.627366667495377e-07,6.574522061721879e-06,9.814360526592465e-07,6.702220039216711e-06,0.56707829,0.77299529,6622,34139,6817,34152,2.018461512400739,1.7243543436653248e-09
1036,1082,0.3733652548753187,0.6034996183619457,1.0575998491834595,1.0639826289168879,171445207.69201383,154704478.27372974,246074020.4523599,150489889.22878405,239370265.76848298,5.020704366639566e-07,9.092491245240396e-07,5.076482283050643e-07,9.193505003392605e-07,0.41376749,0.42047152,11644,20812,11043,19680,2.522150773078161,1.5826557496933113e-09
1037,1083,0.38683765758039834,0.4738386224218385,1.031222959330255,0.9218372467064866,171921138.65377375,82155984.0060771,87517263.8037958,79611091.21425638,84806298.11445932,3.838389353954555e-06,1.1059221196610001e-05,3.887006582134192e-06,1.1199297835747905e-05,0.80950367,0.93082064,13122,34315,13870,34754,2.406990998992158,1.7278567373792197e-09
1038,1084,1.2136849386116704,0.7331967031998973,1.6753428037064453,1.1370363695935755,169573059.55905086,314867342.80021906,170282921.71474287,299030453.88285375,161718198.2609299,1.5392893674801414e-07,1.3356329074522976e-06,1.5713942120377284e-07,1.3634901042767973e-06,0.65363485,0.73014021,2159,16915,2196,17058,1.5842490032305365,1.4621163706539139e-09
1039,1085,0.5656425313885688,0.8046627334507019,1.1768901240437788,1.2148584211373354,171781876.50694662,133816022.80730166,182216132.81176764,127740318.74655424,173942898.5993566,5.029517854985171e-07,1.108266410393532e-06,5.123873547489882e-07,1.1290579151952782e-06,0.72612482,0.75858527,6212,13234,5859,12358,2.120222289566657,1.4105768999909723e-09
1040,1086,1.2955307007591588,0.693006345434341,1.7302847828826367,1.1034821194061077,166753403.55108377,352272487.6914259,171976504.37692517,340932932.66608995,166440627.73998696,1.306295482136472e-07,1.2462582074767243e-06,1.3235042299638546e-07,1.2626760421194627e-06,0.61325866,0.67195904,2018,18192,2092,18215,1.5626510466673564,1.5035659100912626e-09
1041,1087,0.8906224905720039,0.9143175328902935,1.4005788894791067,1.272945413178488,172913764.58149123,309959666.5612989,276297006.6848993,290724662.05990136,259150988.2165394,1.126005558376486e-07,4.2800855939651073e-07,1.1552337243494117e-07,4.3911854470591836e-07,0.4968417,0.5722034,3274,11197,3411,11258,1.7048040624919703,1.2879220503669872e-09
1042,1088,0.7028924768541072,0.5528503300483771,1.4589214432918738,1.00203004079831,173087001.75294873,259967484.54960313,103134173.48260114,234414835.35600993,92996938.97637868,5.718211087388529e-07,6.202612954482002e-06,5.959828446013428e-07,6.464698235303448e-06,0.46798757,0.92783219,4791,27062,5045,27602,1.8621724933295283,1.6012973172144125e-09
1043,1089,0.9424905437842488,0.7373559081964779,1.6753974470395496,1.1120129372047047,172774795.29001775,149953317.160787,189529669.40425253,142893650.07329622,180606783.30523065,4.405818957659388e-07,1.5198973068081578e-06,4.4916293007776675e-07,1.5494997282092961e-06,1.0859287,0.67217189,3027,16972,3058,17043,1.7097240662179964,1.4491416021539305e-09
1044,1090,0.7818697368179502,0.9242602944904974,1.4480218126128463,1.2517649601432688,169596958.71053576,191379914.40750125,179442751.88491508,175287849.8670998,164354416.44710743,3.0814997541396266e-07,1.068990322731693e-06,3.191684498161512e-07,1.1072140561309353e-06,0.69287694,0.87354732,3904,11141,3969,10921,1.7989501684980496,1.325390302420937e-09
1045,1091,0.7546549246928321,0.666765057853562,1.388569529908877,1.0316519404001832,167801535.68563077,118970920.59396769,154670367.42226067,107775869.82812312,140116032.57623917,7.62155507990231e-07,2.40025340360747e-06,7.928870172886061e-07,2.497036027387137e-06,1.0643967,0.72337192,4144,19527,4295,19903,1.8068455964122063,1.5096819323589196e-09
1046,1092,0.8775842302997695,0.6799255849743753,1.5509161805029759,1.0748924535716742,172089663.53919455,301442644.6259355,122894567.93598227,274881375.8434648,112065855.71145986,2.955513215140558e-07,3.054146532752529e-06,3.066596641686811e-07,3.1689371079712472e-06,0.50100136,0.95210201,3321,18561,3425,18624,1.7193432726360927,1.4719301185606787e-09
1047,1093,0.7010893884322034,0.43803097996564,1.4338030491360243,0.8717519350182321,171020353.73493177,184526428.97856477,87034035.03075387,170263218.10278234,80306625.83584617,1.1463501903055655e-06,1.2091243055248354e-05,1.1838383460987966e-06,1.2486653120359567e-05,0.64977443,0.8607232,4886,40489,5155,41047,1.8837069562830542,1.8225848075874986e-09
1048,1094,0.37889352285360584,0.4822084409738545,1.2430007755146388,0.8990448629954909,170772817.22556162,101794386.806074,120438787.53294569,99470076.03742972,117688761.92142954,2.5532265307040367e-06,7.011592590689681e-06,2.576925723849167e-06,7.076674589902614e-06,0.63564128,0.683734,13214,34721,13828,35303,2.4438542657295557,1.7498695735837526e-09
1049,1095,0.23453253025426812,0.39746189869567833,1.0918320485308899,0.818007026078245,167468271.38921708,64189268.57418919,74814988.52365232,63967383.87690292,74556373.62664878,9.946811579541687e-06,2.281565665178679e-05,9.960598310827904e-06,2.284728018510311e-05,0.61188978,0.88969147,29112,47100,30110,47500,3.108118113533246,1.946691627628462e-09
1050,1096,0.588983802739473,0.6653005532001334,1.420055107284044,1.0675189364535778,173133516.8210117,139697814.12758923,190734754.52380764,132223405.32493654,180529659.06767914,7.56830133209965e-07,1.938305252631327e-06,7.736613910647098e-07,1.981411511323584e-06,0.72995299,0.6039058,6447,20489,6755,20911,2.023316376214747,1.504603469393821e-09
1051,1097,0.3635467757742845,0.45664165600039364,1.2724404217741991,0.8677417605022841,170737800.30766422,80949574.37221445,81453088.17763798,77638548.63765797,78121467.55817457,5.09517405113286e-06,1.5905643469541693e-05,5.181003535761711e-06,1.6173578022509023e-05,0.76678818,0.9571889,14523,37808,15369,38434,2.481481424249693,1.7875938336395491e-09
1052,1098,0.7668677497158933,0.6386660315246289,1.4138625781876577,1.0018207475145977,167135015.40263695,169434404.7346383,144659678.8881523,155619791.42814466,132865040.55592449,5.543625898625358e-07,2.6965014197575466e-06,5.735464868911019e-07,2.7898147250201512e-06,0.75646061,0.73789364,4153,21205,4309,21487,1.8295768086741842,1.5641201709674362e-09
1053,1099,0.433970416004024,0.4655909575338409,1.196407127332296,0.8609875042618106,167696909.17199907,160354979.39837968,76738562.45367157,152602978.19820404,73028809.0648309,1.7821890847141604e-06,1.3085995601158447e-05,1.8178646974470531e-06,1.3347949237445104e-05,0.45383996,1.0174567,10324,35085,10708,35071,2.308812437250665,1.801445547707826e-09
1054,1100,0.4824461265760679,0.47432242896964605,1.2698298490336029,0.8847094906317996,169602009.53299177,87686485.19391017,92809705.20053764,83425382.65601404,88299641.08407938,2.855383517800549e-06,1.0138883140676054e-05,2.912850734221271e-06,1.0342937478062734e-05,0.93314075,0.86678475,8652,34225,8964,34266,2.1948149407608324,1.769374807302472e-09
1055,1101,0.2824938354738747,0.3611158757814842,1.2564694616909151,0.843370655850861,172903108.36243752,66683813.493759036,61043010.95087662,66573204.761580825,60941758.64246974,1.1415595543871893e-05,4.07544781185047e-05,1.1423178388962123e-05,4.078154940822569e-05,0.73247254,1.0228535,22046,57978,23076,58995,2.818536274819647,1.9859560994355858e-09
1056,1102,0.4863974059255967,0.5588348421925308,1.3459211962954771,0.9820250241103864,173598484.79288328,122544046.41076511,71644306.41058536,119756317.94799533,70014485.31338808,2.4227998216944438e-06,1.405132098991708e-05,2.445203708790707e-06,1.4181255046454734e-05,0.68904084,1.3540906,8784,26846,9260,27328,2.1701258794732383,1.5997079369438784e-09
1057,1103,0.5115249243474436,0.3704635409279061,1.4102013429870048,0.8376489324700498,172309630.48356906,122361515.82947206,78616690.49112172,119191498.72967112,76579969.61939003,2.9865378853138014e-06,2.2524864709943504e-05,3.0180599024541333e-06,2.2762607942655215e-05,0.72033,0.81197053,8239,57085,8771,58686,2.1281956324961313,1.9697871360437214e-09
1058,1104,0.6617687903140279,0.6440900889441201,1.3508750654993857,1.01189093150268,168000723.33046445,211763855.09970635,163957004.0877358,197633672.04087833,153016787.30500907,4.0243703559589074e-07,1.987574847812285e-06,4.1370836204770797e-07,2.0432422018964872e-06,0.52500761,0.65997547,5111,20503,5227,20536,1.9274536616708953,1.552522157014698e-09
1059,1105,0.5627936678799027,0.5663546146992905,1.450742015651787,0.9558330086378815,171303895.72917864,149260460.31548607,140761118.10189125,138123574.96728256,130258400.70123313,9.207447011474455e-07,3.4124087771038404e-06,9.49751558054001e-07,3.5199122500869277e-06,0.64590949,0.68924397,6844,25051,7163,24878,2.044747711770609,1.617967104896939e-09
1060,1106,0.7462466667982116,1.0521831219314057,1.361954668753624,1.4880715621193905,174818453.4506757,177792291.91529268,165884812.62664795,174426137.5938898,162744103.47180822,3.1932019661865386e-07,1.0019683702876178e-06,3.217710248512216e-07,1.0096586210016163e-06,0.73376459,1.1088479,4234,9058,4319,8968,1.814072977616309,1.2449447181276967e-09
1061,1107,1.9765674249866074,1.6115940505625108,2.342821788954947,1.926670497617174,175137983.20304224,337428319.90885085,339391359.45966285,329843983.0879363,331762899.6287112,4.28311996361794e-08,1.5481525667926272e-07,4.3222454303069236e-08,1.5622946389727264e-07,1.0259128,0.83163971,1033,4754,1083,4829,1.3253437709667357,1.0635826105815785e-09
1062,1108,1.0626442985538118,1.1181128547804895,1.5943654844890007,1.5145487792605359,175705909.85653147,181996835.72644106,236230947.2589876,166157369.46616724,215671402.342693,1.983135281123161e-07,5.324969182614917e-07,2.056695664790943e-07,5.522488121348346e-07,1.0259128,0.83163971,2508,8442,2577,8536,1.6049271763424278,1.2159058998873876e-09
1063,1109,1.3824270264469405,1.5308975872397854,1.8353743083970078,1.8780152500814373,174398419.15018865,235003489.578103,321035799.37934494,228732659.04606223,312469283.63849235,8.287669862443413e-08,1.9739196642287483e-07,8.377817502231049e-08,1.995390620699517e-07,1.0259128,0.83163971,1701,5144,1762,5177,1.462967883067559,1.0864556349855102e-09
1064,1110,0.33669779160823715,0.5279783929567318,1.086198318825476,1.0470854786803383,175878443.14142743,70922675.18157251,113933839.35302618,68642249.93787576,110270446.75387846,3.848253913989101e-06,7.39595045845362e-06,3.898891585333228e-06,7.493270884018887e-06,0.83496404,0.81503457,15351,29982,15784,31077,2.5499630096406367,1.6360350198070097e-09
1065,1111,1.011350721094341,0.8218932109506769,1.5718455737128199,1.2605895997916985,177342708.63726056,149052523.21781465,134022101.30144674,138032962.4209027,124113750.46284334,4.7181237755769595e-07,2.0963313118913454e-06,4.865325933395319e-07,2.161735380815939e-06,1.2033052,1.0875577,2628,13321,2727,13406,1.5912265759928201,1.3474748825258129e-09
1066,1112,1.1179109807054188,0.9935461052041796,1.6427795904739513,1.4020999140598804,178030227.68458518,240154015.65948105,242557277.5629836,228637443.7589705,230925457.3771948,1.431841543472163e-07,5.513760943320249e-07,1.4602659470160083e-07,5.623218143253961e-07,0.82872629,0.72923493,2227,9901,2302,10074,1.5257299230051977,1.2458964695170289e-09
1067,1113,0.5832300086378019,0.5790304682523,1.221623302922308,1.0612046204673584,177153944.82749677,127180733.34332468,130379703.5151745,121840416.91972047,124905062.39868437,9.917194494564975e-07,3.6201649994162115e-06,1.0088830137465849e-06,3.6828187416033363e-06,0.81239897,0.78675997,6167,23816,6369,24007,1.9661169030732835,1.5663348450724836e-09
1068,1114,1.724700163267977,1.56641247502235,2.1677124496310554,1.9029135631665006,177946971.1364563,299153271.2839612,335167202.971329,282483098.24955153,316490170.80982006,5.627465044625315e-08,1.8561227098948862e-07,5.7580220200186484e-08,1.8991846862983112e-07,1.0259128,0.83163971,1204,4965,1235,5025,1.3522826646699897,1.075005263979861e-09
1069,1115,1.2719481330057398,0.7274671372802599,1.8005582276218497,1.192339868035631,177184578.92174822,110994735.83329721,176271429.20379987,102362853.12443653,162563082.67378372,4.770532096497098e-07,1.5132967841358302e-06,4.927547529089347e-07,1.563104844200245e-06,2.030453,0.73123568,1838,16206,1852,16313,1.4805820029072638,1.4137182560946595e-09
1070,1116,0.923333528202163,0.9080915014050164,1.4876840289409796,1.363227034325371,174891977.85478806,201416739.3194787,245731053.5909555,193352366.8551427,235892413.81897542,1.8894500026806894e-07,5.746620989552968e-07,1.9205863226229257e-07,5.841319779922458e-07,0.80173886,0.64630789,3054,11574,3095,11677,1.6821406741822083,1.3097024871210883e-09
1071,1117,2.3314152948327744,1.3656024841274244,2.7193230026655217,1.7232580399121673,175734001.747262,564330883.8698994,312585424.10674083,505015354.8158895,279730284.798544,2.4910961881771967e-08,1.931266948664547e-07,2.6042471128753482e-08,2.0189892301715778e-07,0.72600836,0.76773506,828,6071,827,6063,1.294296862540128,1.1268820949335338e-09
1072,1118,2.1088195683022115,1.5433173266645048,2.4895847679372585,1.8663847049443036,177879167.88105872,592735241.4473304,318143189.23850596,533550290.07339966,286376410.63588536,2.3911020250506084e-08,1.7959466960785814e-07,2.493861110376032e-08,1.8731286138088986e-07,0.63285434,0.86289448,913,5050,930,5123,1.286765024338748,1.0760885995913284e-09
1073,1119,0.8654032820980492,0.7787050352421501,1.435773160737908,1.2225314085560026,176138711.9703703,183864865.79255033,143517161.57543066,167977572.03439578,131116209.95557106,3.780072522092881e-07,1.8760746717354519e-06,3.9192152091285025e-07,1.9451320957343474e-06,0.82903832,0.95570523,3353,14689,3433,14780,1.7070619438618044,1.3844281614900187e-09
1074,1120,1.0222429464838156,0.7906012272858289,1.5447613723649973,1.2182111788079544,177502149.35191837,128167953.87283765,213366334.33004618,121119517.30345523,201632519.2216372,4.1316292706059034e-07,1.0106197198943397e-06,4.226174968970474e-07,1.0337461286160024e-06,1.415723,0.65771115,2609,14252,2742,14437,1.581616346306408,1.3657363999133263e-09
1075,1121,0.9596074763474369,0.8366223002414045,1.4926796940158336,1.2547396558126622,177029246.59970978,165587746.41395995,178089879.2101354,156128615.67636174,167916569.36702415,3.270330189199842e-07,1.198611695232912e-06,3.3481883279959775e-07,1.2271475525718152e-06,1.0259128,0.83163971,2827,12996,2889,13062,1.63099841052104,1.3443981586924887e-09
1076,1122,1.6357017167696126,1.8561644689633763,2.088202503580483,2.1844200732515895,175230219.5882595,349954695.9657528,438639560.6242198,325014059.75754356,407378515.02554035,3.6299390254376274e-08,9.409355214276831e-08,3.7388944131367677e-08,9.691784185724048e-08,0.81903279,0.74151111,1366,3995,1403,4017,1.4202540464154771,1.0450279802088523e-09
1077,1123,1.557106824713602,2.0492843247434407,1.9956694759774876,2.3582098273315895,174642598.40398526,265068514.45908687,430345418.86143315,255864647.83281735,415402709.25101626,4.981235551846358e-08,9.147044343536128e-08,5.052149842184783e-08,9.27726427623446e-08,1.0259128,0.83163971,1441,3397,1474,3339,1.4252453219537728,1.0121774217245543e-09
1078,1124,0.9092905546681416,0.9543584114824626,1.4829107052150632,1.3950585746336535,174912304.83392966,155028874.46255368,200722773.79593307,143920454.9336854,186340209.33461443,3.155980135978134e-07,8.100525072643293e-07,3.2512494324654527e-07,8.345054914910323e-07,1.0259128,0.83163971,3186,10513,3319,10509,1.6806179428084158,1.278705712875111e-09
1079,1125,1.3955494839599059,1.2866031400018336,1.8815904344107788,1.6775977515064355,175410524.94175005,238610988.73471066,271372000.95871514,226850374.58486232,257996668.11561605,1.0353283079915778e-07,3.3230579329974117e-07,1.0564731511398791e-07,3.3909258143482616e-07,1.0259128,0.83163971,1699,6823,1751,6933,1.4774986817791027,1.1584234077825992e-09
1080,1126,1.1290806776832003,0.9124556043560985,1.6421274501597496,1.3225448145387775,176600537.41282216,194359846.62759507,193761971.86955926,180882519.33219934,180326102.48810777,2.1404316972957508e-07,8.735044086759439e-07,2.2028521711443522e-07,8.989780358733367e-07,1.0259128,0.83163971,2214,11262,2245,11302,1.5472735396307296,1.296127723520286e-09
1081,1127,2.249014589851499,2.0589374917996848,2.598777935943955,2.341416279333403,174021144.3252262,180442396.04614624,282586210.93778527,176410876.18089283,276272551.0219026,9.339837250949674e-08,1.9574137802945412e-07,9.424636306978572e-08,1.9751857003363018e-07,2.1689808,1.2679269,880,3328,928,3327,1.2935126504728451,9.947951098371507e-10
1082,1128,3.1427646384481265,1.2890587260559125,3.484819144997273,1.6559387365913953,176373247.55247423,540298947.0217874,273382176.27960134,477198467.4949166,241454395.34937727,2.9450170524861458e-08,2.772410417333101e-07,3.0950085005842046e-08,2.913610908130562e-07,1.0259128,0.83163971,568,6689,584,6782,1.2176083576459393,1.1459513166383891e-09
1083,1129,1.3645054864089161,1.4413308744358015,1.856425035981168,1.8197721658504893,174883539.85202843,232602175.94585535,303094047.08362526,212244872.25702965,276567306.57629275,9.473123603579212e-08,2.4340772118497323e-07,9.826612499702456e-08,2.524904620284519e-07,1.0259128,0.83163971,1767,5740,1821,5772,1.4931790950519785,1.1222448882908644e-09
1084,1130,0.5531987027950728,0.6111401788809114,1.1534689483326133,1.1232278838136323,156809472.02093682,87818708.14685468,80972297.85845006,87812565.28988948,80966633.90307672,1.9374927071970207e-06,6.363802052413018e-06,1.9375469203532746e-06,6.363980118525862e-06,0.98779404,1.1835229,9111,26144,9724,26657,2.360003285757166,1.7937819268602177e-09
1085,1131,0.5615856546292795,0.5783510232107179,1.1473604814428795,1.0818392497834357,158441105.24997365,70145243.0902015,87191198.51507312,67558585.6731195,83975958.9577269,2.511533946253041e-06,6.169629375839612e-06,2.549565200410189e-06,6.263053851824903e-06,1.2684859,1.0509613,8720,27481,9418,27924,2.2870996523492844,1.785370549253105e-09
1086,1132,0.1654085388821803,0.2748363992541804,0.9202990486687973,0.8902615632446468,155293203.96618485,29167971.202210367,34214928.26543915,30577581.06532372,35868444.03499065,5.751932815914639e-05,0.00011886076277282798,5.6443643899691875e-05,0.00011663791602420584,0.88065165,1.2474153,67543,101779,71512,104327,3.964332084080167,2.5558810644490338e-09
1087,1133,0.462728894614545,0.5506702859563831,1.064457670656548,1.0501721163064819,150264299.9510662,60274349.26503541,58627250.44393333,60713123.71104878,59054034.63403236,3.989844912357467e-06,1.1738654518796573e-05,3.9782859468120515e-06,1.1704646504421865e-05,1.1535858,1.4113929,12259,31123,13224,31800,2.5381679480548307,1.9262079969646015e-09
1088,1134,0.9122688874561197,0.7258436469293148,1.4107498427392702,1.1973078919530493,162293515.8365027,152080730.2109676,148949352.50593552,134508196.57109013,131738641.43216822,4.287813877637384e-07,1.5162532742434814e-06,4.503665235337768e-07,1.5925824567133708e-06,0.97353113,0.79087096,4014,18328,4256,18526,1.9181207777138591,1.5762554790610663e-09
1089,1135,0.5847012462731201,0.5841429925764936,1.181405018252087,1.1256486503725984,160764374.49736464,91726782.54103857,125079071.06859279,89247164.98922946,121697852.94021352,1.4118288480224195e-06,3.282556700716937e-06,1.4273903094491242e-06,3.318737700666561e-06,1.024773,0.75080013,8199,27407,8803,27936,2.2687367014030895,1.7688015725838245e-09
1090,1136,0.8803396485545014,0.8283937034920177,1.3622361775268843,1.2427519733011911,156234473.3226556,143379665.1649761,115926432.20804285,132701912.3859371,107293173.21521966,4.5916328537873765e-07,1.8062471806775194e-06,4.735995780283215e-07,1.8630363746921024e-06,0.95926714,1.1164292,4202,14915,4513,15254,1.930299396269442,1.5282766225871433e-09
1091,1137,0.3715162652077419,0.453936602460967,1.0243073853782894,1.011077993720143,151233069.85585624,55405207.26853769,62837131.460163966,55718966.12585402,63192977.19264934,6.106660820155273e-06,1.5237177696175987e-05,6.092882635834548e-06,1.5202798737034742e-05,1.0140842,1.0925105,18080,44251,19718,45668,2.78809266653381,2.102908856246202e-09
1092,1138,0.7556331407787029,0.7967965829850002,1.2965253128379788,1.258384793715165,157835672.6161812,136563007.99720424,119659329.56531195,132832418.25304344,116390509.74202095,6.080073289604383e-07,2.041438273038012e-06,6.147809650216103e-07,2.064181353991575e-06,0.87333947,1.0510081,5638,16692,5981,16687,2.120375656660171,1.6096560180261165e-09
1093,1139,0.6386352225127829,0.7543525144550471,1.191718653067097,1.2035651558687745,152535628.18213513,98814799.92761126,105487148.41769122,88605742.1090261,94588736.4581183,9.516338173071498e-07,2.590323711236894e-06,9.940630202618846e-07,2.7058149521572017e-06,0.98583031,1.0908024,7132,18255,7543,18556,2.2316295797179486,1.6651670412268536e-09
1094,1140,0.39997071814315566,0.40311584641533793,1.0581840927638362,0.9892802350561178,159354454.2415134,63574859.74524693,72640000.73006247,63211482.545291655,72224809.56525597,4.843634684189325e-06,1.4066228409779196e-05,4.854753172396755e-06,1.4098517218678771e-05,1.0025522,0.8843379,14698,50409,15479,50961,2.6316236926953485,2.0970544623499655e-09
1095,1141,0.5221797263412646,0.5524351983619611,1.1162208470336104,1.066154846310363,152885256.99226177,78702361.14022031,81685658.75297284,79719724.05079801,82741585.8984535,2.2316370778643595e-06,6.518173759011941e-06,2.2202013299389e-06,6.484772184543687e-06,1.0143734,1.0339538,10219,31021,11003,31529,2.4407036138421203,1.9145975240364996e-09
1096,1142,0.964013331273695,0.8356748780903837,1.442363986769819,1.2659720101184742,156121929.69127715,152666863.65786996,119606607.54137823,144549119.565816,113246774.05507873,4.3221617548075185e-07,1.7806357835054866e-06,4.4176646935134505e-07,1.8199808982274335e-06,0.98583031,1.0908024,3883,15304,4207,15664,1.9366643518102842,1.5579685643266442e-09
1097,1143,0.9713272939206691,1.0313444031062713,1.4658214838606385,1.4546976024152156,157304941.26269224,130706179.64203085,182553563.28115502,129574150.92157516,180972491.3133126,3.8411965484504283e-07,8.253742160145028e-07,3.8545850236994866e-07,8.282510545524264e-07,1.1689928,0.8887012,4003,11794,4258,12035,1.9996191797998826,1.4995391126636237e-09
1098,1144,0.7433173930014869,0.8061147030488811,1.2898170674653315,1.2689187363134942,158634669.73145476,119610756.48448752,117232726.73751816,116758761.10933198,114437433.03401552,7.720463051226524e-07,2.3121401601645123e-06,7.7953505971168e-07,2.334567636495943e-06,0.98583031,1.0908024,5819,16660,6241,16892,2.1283789662692465,1.5994691694538311e-09
1099,1145,0.7269781234570691,0.7289195799345147,1.2763121832212654,1.2090277401472047,161438143.1733324,119048884.16196378,107879688.84860675,115672690.28300776,104820250.30184282,9.192159931985682e-07,3.1474552541003866e-06,9.2985529616545e-07,3.1838849183695595e-06,0.98583031,1.0908024,5881,19180,6335,19604,2.103286236072085,1.6146486732529424e-09
1100,1146,0.43085892168092266,0.5279936535291365,1.0796436888137146,1.0698065911220258,159938807.8388592,91723873.89401384,86888998.37841332,92175517.64046915,87316835.44075459,2.4113502254096036e-06,7.2276835741727526e-06,2.4066171841353864e-06,7.2134969478116936e-06,0.75128818,0.97189146,13424,32755,14334,33212,2.567754408950636,1.875705554360721e-09
1101,1147,1.2783530252068915,1.6817863212263893,1.729806066843728,2.0502085239638825,161562839.41345426,209502936.18503624,249095687.12357354,203309329.87748381,241731586.90117836,1.3857514828921709e-07,3.103715495900648e-07,1.4024858040943395e-07,3.141195933533051e-07,0.98583031,1.0908024,2677,5714,2893,5856,1.824366442766589,1.2661031536231435e-09
1102,1148,0.6458297343070626,0.8354966753234743,1.2031534761856246,1.2737659293015646,155069016.3819874,64899359.87217961,93293504.88134737,63984212.30229974,91977970.73053458,1.8526792791896009e-06,3.510594294611937e-06,1.8632334762175497e-06,3.530593170988821e-06,1.5431305,1.3887317,7068,15598,7447,15680,2.2329328181524692,1.5986396735842453e-09
1103,1149,0.9006795986928453,0.9220396563311997,1.3958728881707037,1.344236247014179,161789963.78513613,147815418.3091879,136758740.72727028,132599595.54220347,122681070.18014593,4.1492133348741445e-07,1.3277441621472367e-06,4.333479834230638e-07,1.3867092596377741e-06,0.98583031,1.0908024,4042,12386,4298,12430,1.909370646154613,1.4376489536080057e-09
1104,1150,0.8173235587473828,1.0672539581268086,1.3369473710013253,1.4770362277646254,152671972.2006518,96346679.26146203,109648205.7554635,94918359.48164834,108022693.57069375,8.469765170157789e-07,1.9812327271470415e-06,8.520517646651941e-07,1.993104658114887e-06,1.2951396,1.4860231,5325,11523,5761,11745,2.14251574695811,1.5396437704325353e-09
1105,1151,0.8543084058136825,0.7925836780509918,1.3783994927005205,1.2670669294190275,157769760.72981605,120894814.4104812,140507812.70797387,119993858.86916423,139460693.41609296,6.257033228123475e-07,1.7184324215105064e-06,6.275783058665755e-07,1.7235818774150814e-06,1.1148868,0.88995576,4841,17531,5205,17908,2.070294491730412,1.6306738738162887e-09
1106,1152,0.5515669039463388,0.621836971345741,1.1447766004352453,1.1180911353227936,158287077.65703106,88138864.40775594,89570837.13382468,86148059.32921304,87547687.88345079,2.0478741000218094e-06,5.76187804588096e-06,2.066674278267036e-06,5.814774038993362e-06,0.99054956,1.0988929,9417,25616,10528,26701,2.3157948685565155,1.7462758885471927e-09
1107,1153,0.4966906807478818,0.517895054482664,1.0959065390323988,1.0372201217587436,153561564.50356174,77368891.21413182,72908507.36578433,76403470.9138889,71998744.38525344,2.578530849546757e-06,8.532287562588163e-06,2.591514513881778e-06,8.575250150273312e-06,0.98583031,1.0908024,10805,33981,11519,34448,2.4664439494582213,1.9480078914675202e-09
1108,1154,0.513913293850456,0.7757643089946746,1.112090078387141,1.2359916564581854,151498563.6595691,72579466.41579759,109781664.92057788,75064012.72152017,113539719.96677932,1.8214258980649166e-06,3.013799616838748e-06,1.7970671480776362e-06,2.9734947153567114e-06,1.0727156,1.0705538,10762,18946,11587,19211,2.4950623797578086,1.7388656133297586e-09
1109,1155,0.2939907774909664,0.3828507704825204,0.9941554393330686,0.9667407479663234,160790329.35978314,50127995.22384712,55528660.94493915,50916924.228701204,56402587.20160561,1.0911361763047974e-05,2.7997016660106047e-05,1.0843418633184133e-05,2.782268416338876e-05,0.94300348,1.1085933,24166,54814,25515,55689,2.964433977363926,2.1157850570213178e-09
1110,1156,0.4955914112023079,0.6295993067517976,1.1128754767696796,1.142861244436902,153012695.45213377,85729581.9668891,84459590.80742899,88821277.09801224,87505485.81455539,1.8319510204448068e-06,5.178567646857444e-06,1.806172955608995e-06,5.105698093541048e-06,0.88454622,1.1406246,10866,24962,11464,25131,2.489733941303885,1.823406539466454e-09
1111,1157,0.4707990444966362,0.5789457797398915,1.0897569841585604,1.0923861797514616,153778967.97332317,96198353.11907159,72751957.78141566,95292601.03961195,72066964.38071041,1.8954105963615903e-06,7.112007489837641e-06,1.9025964696852643e-06,7.138970505132109e-06,0.75260115,1.2237428,11594,28010,12171,28086,2.5208324969505322,1.8637240849109885e-09
1112,1158,0.5791923758769527,0.6595416806258125,1.1752394512165742,1.1628019342157718,158706337.7760607,107156764.59659714,125644999.94465292,108241326.9136173,126916686.64380787,1.0517853010230691e-06,2.6813008146965167e-06,1.0475570671139758e-06,2.6705218401147727e-06,0.85782266,0.83308882,8414,23033,8882,23315,2.321479042318948,1.7338794442031154e-09
1113,1159,0.35114986159718903,0.4078763656682594,1.0337552096603002,0.9934229416339329,159407645.66855782,54889673.1486325,65965247.43733187,56863329.59768103,68337145.98490076,7.3860854054465225e-06,1.854718607012679e-05,7.282452633945909e-06,1.8286953999892746e-05,1.0197906,0.98564947,18674,50711,19877,51642,2.7918055667289403,2.1000942291501827e-09
1114,1160,1.3653434574050474,1.083783732615556,1.7979503748019832,1.5024657995021102,160838650.2920474,222756387.83525062,159803748.83880273,212105659.19603792,152162996.6208695,1.8866326998830316e-07,8.623946285094521e-07,1.9239710009246555e-07,8.794622592453985e-07,0.98583031,1.0908024,2435,10479,2546,10518,1.8088149221251826,1.4288449345230631e-09
1115,1161,0.6243541864458527,0.742860394521215,1.194134113820762,1.2139905685465322,155771227.81561437,98654319.33665083,106083627.74977516,97975342.07328525,105353519.106365,1.1689374537674118e-06,3.158711553303501e-06,1.1721710753032945e-06,3.167449469666335e-06,0.98583031,1.0908024,7668,19564,8282,20226,2.270004589498915,1.6768282559465596e-09
1116,1162,2.786350451210337,2.1420941562308595,3.072119960693199,2.4140866250411506,161873082.6898878,461446609.17160094,325118608.92730707,386394097.717783,272239320.97637546,2.0244790157704918e-08,8.980982358117517e-08,2.1734500795703643e-08,9.641846948678591e-08,0.97743732,1.0665258,805,3354,838,3407,1.4022744525514448,1.0557459138213749e-09
1117,1163,2.3785440904226203,1.3129470140039483,2.7265017285069204,1.7275222252080331,169539072.57829162,535753509.662424,221756868.5137056,479836681.50983185,198612007.14611325,3.7825229427454674e-08,3.279071559933893e-07,3.953030842577648e-08,3.4268849674258627e-07,0.75268972,1.0037832,996,6707,1043,6780,1.4418535574832945,1.1741837583326706e-09
1118,1164,0.5967153902863696,0.7951481608888451,1.1998231866192521,1.29088299273129,167220694.0492271,102086506.90106873,124671365.03945723,94717647.91466025,115672274.59639692,1.1989081164961172e-06,2.5295297769220645e-06,1.2353808812588167e-06,2.6064822499635803e-06,0.97743732,1.0665258,7530,15501,8331,16109,2.104114410880307,1.4328236810314443e-09
1119,1165,0.5503974005044792,0.8304001452549767,1.1536433709892777,1.3111624166685807,169864811.2314927,104141042.00623094,141901282.71338847,99212080.83631869,135185141.8050501,1.045325928033209e-06,1.8467045041768493e-06,1.0657974254191861e-06,1.8828700726527588e-06,0.89775509,0.9940415,8056,13583,8638,13782,2.136409725475121,1.3748597668834791e-09
1120,1166,0.42534745536646723,0.7115013997406375,1.086679407878108,1.2242377287250912,168196520.9677723,89928673.5784329,112078663.4070498,84393466.18871957,105180100.1209048,1.7831535883013374e-06,3.4541962919625798e-06,1.8290454489541147e-06,3.5430946885662595e-06,0.79554117,1.0677506,11961,17788,12518,18067,2.4006819359867384,1.4861752757584372e-09
1121,1167,0.33487104760525954,0.7102961202997723,1.0381322362031027,1.2376297945489902,169347589.03383952,61249682.11094684,101857716.89697067,60278700.250062846,100242982.05934547,4.030826831803318e-06,5.20544963034447e-06,4.056674150654528e-06,5.238829113506051e-06,0.9258759,1.180931,17530,18043,18089,18315,2.6852660592994813,1.4887184217385792e-09
1122,1168,1.1924800933504986,1.2097316419181343,1.6437502858115176,1.621047561502268,171006800.25333872,320487639.3797277,174593330.2924976,290358045.0366446,158179510.94239125,1.195778701395903e-07,6.262490722544206e-07,1.2439467275736445e-07,6.514754637856659e-07,0.63628727,1.1848811,2476,7466,2713,7630,1.6314461439274175,1.1808965963643182e-09
1123,1169,0.777241739257434,0.9854062716341425,1.328497382127601,1.4406721595073442,167316805.51321337,80541991.86680336,228572523.08878127,72994134.23004621,207152232.57992944,8.185193343973223e-07,7.807006962202485e-07,8.513785496946048e-07,8.120416935330707e-07,1.6146311,0.7213248,4839,10855,5237,11181,1.9193118879180524,1.3222218329056054e-09
1124,1170,1.0224818810931957,1.2467368295050332,1.52312993742312,1.6629248623556507,167381100.75033903,175094749.5586278,195663511.25171116,154839332.14063382,173028645.8210562,2.392929260044788e-07,5.702673669726034e-07,2.5135445886992847e-07,5.99011629093853e-07,0.97743732,1.0665258,3256,7567,3515,7677,1.779193712741089,1.231182396509115e-09
1125,1171,0.8336525708775651,0.7618298881973378,1.3403375795535224,1.2245990512975433,168625923.80814973,130448593.2050282,97431335.92985018,119823042.52460144,89495170.6378476,7.085389865918239e-07,3.198652445273791e-06,7.330327439156013e-07,3.3092278945295957e-06,1.0776309,1.3185108,4016,15328,4199,15493,1.8200354064620308,1.4216943921760678e-09
1126,1172,1.1465482949806864,1.009176834727079,1.6318360609634373,1.4630481377520184,168774257.12784755,197974676.00947094,159698968.92479804,173999262.92053497,140358875.39856336,2.3826724084538366e-07,9.61529938680597e-07,2.5089339520461036e-07,1.0124829164534715e-06,0.97743732,1.0665258,2657,10239,2845,10522,1.6892686947806483,1.289636384044825e-09
1127,1173,1.2673607422206874,1.0663251270878096,1.7064667602478383,1.4864946048223033,168867687.27573156,149396996.84814608,200494011.5581312,137649807.99422365,184729029.21214837,2.66253607205631e-07,6.384922907054132e-07,2.7511989896164714e-07,6.597541958220231e-07,1.432534,0.89812088,2296,9290,2497,9551,1.6274564931065372,1.2565250053884492e-09
1128,1174,1.3637759671265044,1.3694314364086955,1.7895374578894754,1.7415919692304391,165777628.64486092,231302346.66411516,212860388.48714134,203854501.5313714,187600986.39998928,1.2470386370335224e-07,3.96332235070646e-07,1.3116676350194885e-07,4.168725410896212e-07,0.97743732,1.0665258,2139,6578,2337,6807,1.6332707046564372,1.1892468664306562e-09
1129,1175,0.3779086291770227,0.6954637787284229,1.0600659109580313,1.227773203259965,169514660.8272964,72817016.01643561,113225433.6415154,74406144.8257547,115696419.24887353,3.2883852142604653e-06,4.7516587355367196e-06,3.2601104710717648e-06,4.710802229466502e-06,0.87975389,1.0412087,15671,19706,16934,20675,2.5452456967329695,1.4998148839607156e-09
1130,1176,0.8847660768281242,1.278146732577108,1.413430014788118,1.6988884352562017,170335158.11750793,154185610.1765438,204133201.26985943,146944797.37649658,194546766.48533586,3.1795354800655214e-07,5.677813058563666e-07,3.241302225200831e-07,5.788112199527178e-07,0.97743732,1.0665258,3970,7011,4375,7160,1.813407324819149,1.1767449708638028e-09
1131,1177,1.0741892188915978,0.8283704234938729,1.4619008487110883,1.1781547020611365,163165601.09309614,265584773.1083603,142359410.75081578,235148203.9655037,126044725.24478465,1.5012929454126121e-07,1.0283013660312687e-06,1.5761953653559554e-07,1.0796053177231344e-06,0.65994269,0.94943887,2584,13052,2761,13145,1.6080473884424185,1.3965225727997753e-09
1132,1178,0.9488990430687971,0.8434375749776855,1.3521199582020629,1.1770374538819277,168730047.36354968,184252700.20686755,164557155.31750235,167950309.99561614,149997396.05738032,2.266454197547757e-07,9.093760127016974e-07,2.3520154348528206e-07,9.437059969151387e-07,0.86895758,0.86482573,2899,12178,3016,12159,1.6223541588673782,1.335556382442196e-09
1133,1179,1.6515254534948385,1.7659861100690928,1.9646700607599232,2.020254026280332,161100039.96761286,343746452.69897884,327566147.1786886,309576819.8580795,295004894.8593653,3.26784730825579e-08,9.89235359541803e-08,3.407608335548396e-08,1.0315435021941374e-07,0.77400309,0.86852819,1429,4207,1578,4257,1.4352849005996562,1.09876210666043e-09
1134,1180,0.7608237832814264,1.0327737479870285,1.1874354780862193,1.3544468280975952,162699766.71133327,239671211.0559414,239702012.30843183,226754091.08218136,226783232.2960213,1.2853055655754451e-07,3.576431235097764e-07,1.314106863906825e-07,3.656572382636948e-07,0.51648194,0.70100391,4411,9495,4789,9818,1.7939797595337803,1.2930264103749644e-09
1135,1181,0.917848764129762,0.7850186066215903,1.3271297732089253,1.1272440611307304,169944129.1775799,177821017.8732786,179153959.56154457,163980429.4575687,165209622.45791197,2.599960541652554e-07,9.793435634087292e-07,2.6856114874952823e-07,1.0116062463099202e-06,0.87719107,0.74466288,3093,14194,3269,14505,1.6358962543914046,1.3639499309002928e-09
1136,1182,0.5240865882691211,0.7395051591849032,1.019982370982785,1.0986013685862417,164783444.95304018,109142528.10074706,128864118.09718293,100458239.83546638,118610615.92821997,7.178260609794541e-07,1.7126334976699607e-06,7.420319400108903e-07,1.7703853703356303e-06,0.7912662,0.94563335,7310,15063,7476,14925,2.075138285702538,1.4477201979542387e-09
1137,1183,1.680337148070791,1.268186814279045,1.9921649448447527,1.5581708193733996,163788743.8422175,482045972.15144473,229670334.1707819,411574285.307675,196094167.57664979,3.433933226060828e-08,2.484655878160411e-07,3.6580356712217855e-08,2.646807388112174e-07,0.57094204,0.90440381,1355,6692,1483,6774,1.4032387468282852,1.187962848860357e-09
1138,1184,0.8474691019168806,0.7422388231961308,1.2714457667068981,1.0949200583495162,169007705.8461845,134605559.28543928,191428027.84202898,126624910.48842573,180078423.35152987,3.351348891473219e-07,9.010856672821477e-07,3.4342917020966517e-07,9.233867109147665e-07,1.0640631,0.65530676,3399,15158,3485,15215,1.6921848976385634,1.4089181887070265e-09
1139,1185,0.505907957340543,0.47148578809742525,1.0048427174582626,0.8826982038456652,167142054.4003188,116176912.12810197,89363055.09138326,100165188.09681721,77046868.07534347,1.3735574809753447e-06,6.63724109192488e-06,1.457498263159312e-06,7.042855867073664e-06,0.72784251,0.88185328,8027,33219,8422,33589,2.089242627663227,1.752085293156582e-09
1140,1186,0.27620254004284794,0.3695081973695242,0.8625178394048425,0.8105858539375633,169794763.527302,56965835.46262859,68487203.1517173,54917908.28719163,66025081.71761517,8.47941639658138e-06,2.1117726794141324e-05,8.604510245523433e-06,2.1429269193055814e-05,0.8232609,0.91609168,22304,51375,23259,52056,2.7892715159038475,1.951559595934852e-09
1141,1187,0.8277368217223061,0.7161725538933514,1.2531639418911862,1.0762953915715476,165774852.74657512,243832852.6478808,127666040.68813656,215049029.330053,112595402.26124421,2.1654483052471693e-07,1.5533373709471665e-06,2.277035039413972e-07,1.63338169426961e-06,0.56275415,0.92995286,3584,16007,3676,15957,1.726721747323978,1.4566420948474522e-09
1142,1188,0.8533863259646532,0.7716178311392419,1.292529218450646,1.1436781737724442,162289725.9804816,170070879.56612116,115691754.94339246,159571150.55320978,108549250.12991261,4.439143119769438e-07,2.099639905475251e-06,4.553752048526016e-07,2.153847997858986e-06,0.81434184,1.0824077,4104,15921,4636,16497,1.7907837638928017,1.4700967901965208e-09
1143,1189,0.7369152443296808,0.7299756952617269,1.1985148375735772,1.1024409273938434,166795444.86541608,145078078.70171022,102598279.8740011,136896320.68325388,96812193.46762632,6.022515981206923e-07,2.958899095452005e-06,6.163990616880209e-07,3.0284064529798797e-06,0.84722728,1.1867316,4548,16475,4790,16801,1.8269586140443603,1.448124213078332e-09
1144,1190,0.5231016828696755,0.5189124962434074,1.033042250681908,0.9290420504073568,167867905.80877098,114320234.09846,85580878.61644319,105849415.98227604,79239568.50017153,1.3963513277933506e-06,6.585591315744802e-06,1.4400201126881754e-06,6.791545766353557e-06,0.76812285,1.017853,7695,28382,8048,28644,2.0781370742310465,1.6720727025954477e-09
1145,1191,1.101147351587001,0.7406598032039156,1.4895819557012615,1.0984466029712385,169439928.33342713,746122335.876687,151268386.92514664,677787522.6573657,137414228.60622677,5.6002771107336636e-08,1.2625873082687393e-06,5.81963980561834e-08,1.3120428171645727e-06,0.25006399,0.82963365,2331,15912,2405,16343,1.5511198387184628,1.4047476388355997e-09
1146,1192,0.2590564870445213,0.40262635548835923,0.8754878223345698,0.8651792814608757,161906691.27904865,47458469.06248025,67854887.1663179,47297021.044159144,67624052.98049572,1.016622627735047e-05,1.8011598870915336e-05,1.0180093022580936e-05,1.8036166714077827e-05,0.8837828,0.96069574,27696,46856,29330,47804,2.9721598884801375,1.9657976706031075e-09
1147,1193,0.657904472520112,0.6882997824730047,1.142210775691825,1.0749555052212785,165887522.96435326,181919126.9105701,91537207.91946764,168488567.0933003,84779282.20079027,5.892950525317707e-07,3.819580585552738e-06,6.076534464191457e-07,3.938572531222207e-06,0.59992671,1.2473654,5641,18415,6007,18726,1.9329918573352969,1.5064384195962736e-09
1148,1194,0.7175851642980928,0.5987286467807015,1.1771558291373607,0.9877870993063006,168653643.57603967,153306148.9972937,87876566.80378166,140179525.3061664,80352259.19285984,7.57393630329301e-07,5.1246440232923155e-06,7.850035923356053e-07,5.311457354053253e-06,0.78942269,1.1490864,4654,22488,4914,22842,1.8185782932446781,1.5566831764082492e-09
1149,1196,0.4649285084753595,0.41178029186026227,1.0005589791841136,0.8673876757448028,163134903.80791828,111523123.14413981,64581903.03987824,106054851.36595902,61415282.63132191,2.2667686375189975e-06,1.389538502635007e-05,2.312815283657908e-06,1.4177652862017924e-05,0.68009275,1.0401635,10233,43562,10972,43976,2.248277241831444,1.932714346429041e-09
1150,1197,0.3933974769141053,0.4795880012937988,0.9595791647939454,0.9187588569284085,165501509.75473884,106855734.2813624,76829445.22278456,104773412.21107784,75332252.29709777,2.293560326445891e-06,9.692475139860038e-06,2.3116861214002495e-06,9.76907387369738e-06,0.60930634,1.0331005,13231,34326,14078,35088,2.4004180945210396,1.771145608236875e-09
1151,1198,0.9525081154808082,0.7670845792623081,1.37340890003252,1.1357042024360604,164621581.581245,175397587.06623557,118943311.77023189,168243068.3059045,114091579.37351042,3.5323168217727834e-07,1.9989121112642557e-06,3.5916517737212284e-07,2.0324893241971277e-06,0.89398831,1.0616711,3178,15644,3368,16049,1.7013993802611074,1.4483565728940086e-09
1152,1199,0.6904246569780238,0.7783066743342499,1.1593431598865278,1.1493191568071484,160861695.02314854,146907927.0806123,119111999.94257219,137691736.79326117,111639572.28810441,4.2693554394828723e-07,1.581092448196898e-06,4.381443886419397e-07,1.6226027416108668e-06,0.75600332,1.0511093,5144,14448,5345,14237,1.9231155748926205,1.4683424872646856e-09
1153,1200,0.5265802444597312,0.6453059100854368,1.0395270285158935,1.0293898028928978,168381759.3065301,117283225.65857545,103374353.58158031,116613856.93255267,102784366.74440236,1.0674891239790068e-06,3.667875503607201e-06,1.069935890264139e-06,3.676282553307939e-06,0.75600332,1.0511093,7680,19716,8086,19983,2.0674377024161155,1.5051549094875571e-09
1154,1201,1.4465934928087818,1.2161718039522469,1.7944846904933414,1.519185225759063,162836664.00688723,282527164.38387764,209092025.53180492,247709510.61728296,183324259.9217318,7.686603223360691e-08,3.4071286160151175e-07,8.10179920510089e-08,3.591166489381895e-07,0.83375508,0.94713014,1756,7352,1887,7363,1.5110929410993366,1.2300905101672593e-09
1155,1202,0.7074509469109992,0.7156576473465708,1.1748902484792638,1.0901627035666661,165331735.85540307,158240880.1161018,129685599.60917768,149511893.2379827,122531797.78224805,4.946742406389289e-07,1.978354413024355e-06,5.060302453265593e-07,2.0237705680258387e-06,0.73915219,0.91236746,5110,17461,5541,17953,1.8710963416533655,1.4789201610922672e-09
1156,1203,0.59362788070826,0.6349516744191905,1.0917484035685632,1.0296097590161786,164169251.6824362,93579620.38439682,82342204.65264602,89192680.72222091,78482066.28087369,1.5857553019123456e-06,5.610243964217293e-06,1.616504794122587e-06,5.719032598168074e-06,1.0414174,1.2659309,6894,21306,7482,21776,2.0198560630782234,1.5729955151312089e-09
1157,1204,0.6274669275642523,0.8475611365108651,1.0636666899627918,1.1699703428146875,184786632.97133097,108125718.78618707,121556021.5857464,95291813.70198323,107128016.28822975,1.0761205183354147e-06,3.3475642710625056e-06,1.1319057808701435e-06,3.5210994360661098e-06,1.0723397,1.2884427,4894,12575,5027,13015,1.8079838297487358,1.2856638400323097e-09
1158,1205,1.7577563782775718,1.3437647453161907,2.0625680420046204,1.6082786368686897,174006096.11403286,347177542.773839,227619178.0631768,337342320.3442657,221170934.81679168,4.755157651666728e-08,2.5990434225248646e-07,4.8101347073196005e-08,2.6290924272795856e-07,0.8809911,1.0272564,1085,5385,1104,5175,1.2800337294631936,1.0702322790202192e-09
1159,1206,1.4136163871997236,1.2335818588362217,1.744189888865289,1.5041830647009713,177802619.360963,536924997.83643,258689926.87318382,484549974.0825402,233455692.81913337,3.744681652718265e-08,2.82694494564994e-07,3.90161958484712e-08,2.945420943119677e-07,0.46811882,0.84786481,1482,6491,1577,6573,1.3382372774883202,1.0977264082985625e-09
1160,1207,1.3578556363770913,0.7009803370787603,1.6734162500063678,1.055838259590947,190724958.08420068,255309061.6975387,243215228.25477824,226848270.0639606,216102606.84037304,1.733327199937561e-07,1.0219894273436218e-06,1.8172423750765165e-07,1.0714667688339014e-06,1.0143665,0.54969603,1462,16682,1553,16897,1.2960509912337754,1.4012064632226215e-09
1161,1208,0.5253885514497981,0.469748473655163,0.9840639281163556,0.8794059786453102,189432382.93733406,116512851.63663813,91047805.54118076,105028597.3546219,82073549.60317156,1.5087515445302785e-06,9.226699858975e-06,1.572694015346693e-06,9.617737063611635e-06,0.85420281,0.97735,5522,29167,5274,28189,1.9353158694206176,1.6947387082514507e-09
1162,1209,0.47370036358918977,0.5252883204798343,0.9507289467794748,0.9159776526200184,187907698.45765853,84847025.215059,108649191.17406537,76000604.46605717,97321080.88701281,2.484900354429574e-06,7.198379204137998e-06,2.5967898655758624e-06,7.522506136938689e-06,1.0490874,0.90848094,7542,25870,7671,25661,2.043670104426991,1.6017247365563006e-09
1163,1210,1.2723844901876413,0.9553586676808159,1.6181321211825601,1.267365560469403,173376546.29728356,356650035.9540728,161241912.22140267,316848942.9620755,143247789.9851219,8.548502054805113e-08,8.000096600220415e-07,8.962847853447657e-08,8.387861192634893e-07,0.61853808,1.0272564,1708,9693,1715,9664,1.4185039127321668,1.24518140652955e-09
1164,1211,2.3651763337268448,1.8871985090587042,2.6246203446366563,2.093121692239278,178609951.94525033,479509987.4550323,328128824.52143717,474235284.60652274,324519343.82100934,2.3418344140283567e-08,1.2618404156443637e-07,2.3522187160820564e-08,1.2674357437944345e-07,0.8809911,1.0272564,696,3368,760,3512,1.131312425927381,9.189969596631129e-10
1165,1212,0.7180566639829064,0.6375153519662763,1.155708405742279,1.0006292436033688,173194795.80497187,141163375.31096372,107484695.35583717,125221218.47867629,95346009.47744484,6.55135827907688e-07,3.4496660412459535e-06,6.873041941764309e-07,3.619050947386792e-06,0.8809911,1.0272564,4192,19314,4325,19531,1.746199416679255,1.4767947789271739e-09
1166,1213,1.116927488154297,0.9904677908100539,1.4856747593635429,1.2971541924498504,174765052.65378118,260559863.4720834,186891677.2959821,228043523.5246611,163568694.11921513,1.151475908929441e-07,6.37962708636275e-07,1.2145370459382318e-07,6.729010460029811e-07,0.74915564,0.92620045,2032,9132,2036,9124,1.466920575944948,1.2172775240447596e-09
1167,1214,0.664756577185123,1.0847752352618634,1.1280561577908912,1.3860749860372603,175354194.80055323,136260391.4116068,228071768.8623806,136041421.9014043,227705259.10116938,3.7861705371189185e-07,5.228539163577966e-07,3.7886070183326797e-07,5.231903839659663e-07,0.85547864,0.83403522,4988,7651,5297,7503,1.7956292417701585,1.1540969231390765e-09
1168,1215,1.0901118241295493,0.9818197203022181,1.4563971537567337,1.284165590021919,179452155.01649895,222048685.90501577,171514788.952329,194630931.592198,150336774.20595342,1.8996218657258607e-07,9.520122697869164e-07,2.0024500806212852e-07,1.0035455375529852e-06,0.8809911,1.0272564,2132,9418,2218,9533,1.4582797879533353,1.2071165232427764e-09
1169,1216,0.7633633881371442,0.7033181197536175,1.185784905332628,1.0578765187320016,177896457.5813814,132209661.12171827,100896668.81680639,118321706.52113779,90297985.30163151,7.186334157143597e-07,3.7265523189784807e-06,7.512542025983249e-07,3.895710983676118e-06,1.0271537,1.2400588,3637,15929,3698,15884,1.6809996540078809,1.406318108640062e-09
1170,1217,2.366935594846945,1.1795248513558279,2.6272253394634526,1.463988044002909,176205189.56975368,473405843.9289609,202323782.1009333,428166632.0474234,182989486.66601756,3.844758313388749e-08,4.102047745164937e-07,4.002371183786849e-08,4.2702079952836624e-07,0.8809911,1.0272564,714,6811,733,6707,1.1779948642034155,1.134209461046184e-09
1171,1218,1.0699952007198221,1.542313068146377,1.4557480756043013,1.796690576439555,175090347.22725558,290078627.574001,302549687.8890789,275927066.2368501,287789722.6289499,6.863584155090034e-08,1.8296843601556497e-07,7.002280992105538e-08,1.8666579628326313e-07,0.645845,0.89256126,2311,4633,2420,4668,1.5004623309856173,1.020608254707603e-09
1172,1219,0.4162614581636457,0.5170229179549574,0.9117268349851259,0.9073969915365219,185550202.35383925,101721678.70705946,88078901.11022572,91898656.88805096,79573330.04221705,2.744053392087384e-06,1.018987703358377e-05,2.8578162354998787e-06,1.0612328502169205e-05,0.75930125,1.0891792,10005,26937,10388,26892,2.1917769099029214,1.6110525323747564e-09
1173,1220,0.13191484630071743,0.27990499609170066,0.752359371219779,0.7402203344923104,183028818.25240567,25082697.331269447,47651127.92768082,23011302.154945973,43715972.34085641,6.785459637496375e-05,9.650789162164158e-05,7.023482239045815e-05,9.989322742216667e-05,0.96258461,1.07512,57915,74371,57666,73432,4.176816886800413,2.2063164037225237e-09
1174,1221,0.6215244350044604,0.5599115417736333,1.0613376682760003,0.9477469810146522,186731998.6210931,149548639.00440058,100053619.76708908,133077953.01966827,89034116.25444904,1.2084968091018253e-06,7.682528939582016e-06,1.2662400602142232e-06,8.049608268542967e-06,0.77605855,1.0449737,5152,24971,5390,25447,1.8074649273746468,1.558161754368527e-09
1175,1222,0.9549084252884215,0.614638486397181,1.3296305915525666,0.993442033947389,187994741.09791708,255944287.77369818,101926158.05065212,224225449.83667397,89294583.74643987,4.6275083062110436e-07,6.03866703581746e-06,4.879006783217833e-07,6.3668599772803145e-06,0.7013939,1.1336521,2530,20976,2630,21234,1.5057981178427209,1.495142853586808e-09
1176,1223,0.4597249057929805,0.531229625920763,0.9508463550326229,0.9132750891334395,181012337.4588122,104627488.25635295,90656151.91011582,93345436.1422537,80880638.34901759,2.1246266283908583e-06,8.519189695885484e-06,2.2238408542583056e-06,8.917012447140072e-06,0.79535389,1.0607015,8546,26391,8872,26675,2.096378357299963,1.5873603970295495e-09
1177,1224,0.8312793206630901,0.7725900903628294,1.2357735716755955,1.110648310567997,180578859.2741485,159043822.63683248,144952620.49172175,137986605.48210648,125761062.11343426,4.4399967213327707e-07,1.938719021776088e-06,4.699531871005972e-07,2.0520447206608166e-06,0.94383717,0.96247613,3214,14048,3320,14216,1.6161235127065952,1.3422655704339334e-09
1178,1225,0.9154903904109973,0.7889847166927815,1.2963996063103227,1.128025755535158,187286143.3847994,284821236.3642308,243426045.7683625,254072449.18050623,217146208.73143926,1.6650431990855534e-07,8.171194987003122e-07,1.7428957983400938e-07,8.553256406852912e-07,0.60198694,0.60702586,2729,13723,2852,13880,1.533345326182766,1.3354043994652587e-09
1179,1226,0.615540569775891,0.47969732671171783,1.0699386217250837,0.8803117526911012,179082013.15573984,110897787.50541057,69524946.52239239,97919063.66980816,61388218.99250247,2.075167797538405e-06,1.4889754387207646e-05,2.181099465438858e-06,1.5649835821940785e-05,0.99399859,1.235602,5372,31977,5619,32434,1.8374083749094037,1.6767287096115596e-09
1180,1227,0.17015820907354448,0.2417220193584415,0.8772353548460171,0.8465747906706123,151844858.9859689,25230817.816606604,26345786.23010231,28220693.62884443,29467786.855540838,8.924515264443037e-05,0.00023336424337276848,8.533557009561866e-05,0.00022314120328182006,1.0240512,1.3931733,69017,137516,74195,142607,4.038745732879463,2.8347924271331655e-09
1181,1228,0.3626296256878665,0.45674927257863485,1.000371994158951,1.0049008262176276,144054076.55750793,66267928.60772736,45616166.73449041,69894141.5483297,48112305.328054264,4.8861075297546405e-06,2.0164218235127762e-05,4.783084667455643e-06,1.9739058644194893e-05,0.78828895,1.4423964,18659,43988,19806,44670,2.9083946786142105,2.2179847582162453e-09
1182,1229,0.3550834114367068,0.40465336264609253,0.9784805611778737,0.9431415300856006,148979696.09901845,48151336.499575526,60043238.796322025,48954035.76020079,61044180.138579026,7.6039278300100235e-06,1.7925654172427395e-05,7.553807695091893e-06,1.7807499946650553e-05,1.0986241,1.0040287,19499,53240,21169,54606,2.8751309752724494,2.238599047556488e-09
1183,1230,0.4946083757635513,1.0897865049980864,1.0697247137285388,1.485713486461044,150093402.25845057,74291091.32890613,129231536.41997454,73022247.53136523,127024345.34901278,7.340503485172871e-07,1.2477736343151378e-06,7.391259770737744e-07,1.2564014287207317e-06,0.99927801,1.2657109,9191,10831,7207,9672,2.5959460501411202,1.5985505132643072e-09
1184,1231,0.4121655855402232,0.4322120230562539,1.0147327405370286,0.9583261932635655,143367101.94470897,62982676.9406613,49230900.703029074,61753746.27823866,48270297.46494128,4.477279451875988e-06,1.7504190100746438e-05,4.512708951632201e-06,1.764270383560997e-05,0.93821013,1.2586604,15098,46785,16352,47653,2.711502501261763,2.2318274700745255e-09
1185,1232,0.3122759292234386,0.4459279303499835,0.9399171843006654,0.9624987966348881,152221266.83630145,53783314.05976866,50667627.53103292,54150663.001317665,51013695.81763274,8.771912770365694e-06,2.3288926900767255e-05,8.74806128272844e-06,2.3225602564718782e-05,0.883825,1.3397058,24077,44759,26367,46182,2.983370631715284,2.0946764088190574e-09
1186,1233,0.29533579185318226,0.4636098679579844,0.9477330928774856,1.0077344720236308,150445353.6430172,51442407.76215358,62413888.037140064,54560952.21438559,66197546.165670566,8.174593084765901e-06,1.6209396400852057e-05,7.984392574838333e-06,1.5832247908065834e-05,0.86372119,1.1175069,26936,43482,29417,45084,3.116583385649558,2.114076804387553e-09
1187,1234,0.2727107780561104,0.3709903350657219,0.9259553617980029,0.9208969059536561,149015355.08913812,41395801.770312205,56719051.081388816,42431468.19342681,58138084.27421961,1.3240949240249013e-05,2.5076902582773548e-05,1.3110716195025382e-05,2.483025550869493e-05,0.98169601,0.97468585,30792,62273,33842,64554,3.177655935365419,2.3137115938526645e-09
1188,1235,0.19730454162821054,0.301280309053222,0.8879896579189042,0.8756824711414787,152607663.74313828,28384942.652391125,35746688.67483732,28997200.282732163,36517737.71899493,3.839080225160483e-05,8.340219946556968e-05,3.806448592099972e-05,8.269329269369147e-05,1.0607802,1.2862082,47594,86828,48871,87562,3.751369884518717,2.5445858498944883e-09
1189,1236,0.4837895234926868,0.576480762139151,1.071003741414479,1.0796527821477597,144536030.09347653,85516098.39570695,72745858.61757654,90295577.19586752,76811611.096757,1.9080606012445453e-06,6.532837904485109e-06,1.8670017455578692e-06,6.392260163626278e-06,0.8176825,1.1453881,11991,30599,12847,31401,2.6161200965790044,2.013972419955224e-09
1190,1237,0.35488269122003124,0.4394519760560583,0.971424602629118,0.9585659517858705,152783659.1264203,58568399.365260825,61391435.33972135,60373757.098179735,63283812.52138797,5.2943546053181134e-06,1.4458167939084584e-05,5.230450386618026e-06,1.4283654141868628e-05,0.92575991,1.0936555,18291,44129,18936,43773,2.883249897019695,2.133046920820339e-09
1191,1238,0.7166968508840306,0.658325437162504,1.2249613203041043,1.123059339337797,144663250.11331415,143246611.6265292,93443686.64762206,144009723.06508008,93941485.1318688,6.317485197314335e-07,3.078323742665117e-06,6.304073239442864e-07,3.071788492156113e-06,0.72378463,1.0191753,6608,24265,7241,25057,2.2735930133324302,1.880234025969093e-09
1192,1239,0.2647037803179084,0.3694893551554438,0.9240216315720216,0.9186700719518565,151206412.36694038,33165621.629020866,36025744.060694985,34541014.40278755,37519747.35738853,2.24183343361876e-05,5.477548471604057e-05,2.2056904525165116e-05,5.389239087005281e-05,1.2068192,1.5508121,30355,60402,31825,60511,3.283395281626744,2.3285425806545896e-09
1193,1240,0.6484698655036296,0.7999492551925871,1.1899731785842917,1.2562577150040934,145121680.49798205,117753629.24545592,84541606.0174476,121216339.85033268,87027670.50298214,9.179811442592927e-07,3.4519702026783208e-06,9.074005009345397e-07,3.4121828217385026e-06,0.79918587,1.3731698,8010,18755,8735,19117,2.4174813915440736,1.8140497395276983e-09
1194,1241,0.3312181519247949,0.41905985623471576,0.9549623558408467,0.947321466195724,152580172.6458574,51351364.66380997,47345096.5663605,50887045.725673296,46917002.29646929,7.847495934305432e-06,2.5019599266506365e-05,7.876059707136627e-06,2.5110667061349288e-05,0.98414761,1.3505142,20034,47808,20487,47598,2.9624459582310236,2.1762857522789964e-09
1195,1242,0.15482691489554462,0.2721173912544369,0.8757899389484355,0.871181830173376,149822689.65234247,20133199.699992705,33934033.81447551,22241837.871334683,37488093.77886549,8.441046697596301e-05,0.00011795165917920583,8.111350257083298e-05,0.00011334461889413538,1.1521559,1.2014298,75502,104363,79171,106093,4.21600936640621,2.6911650657377195e-09
1196,1243,0.6224801360501444,0.7059157062430728,1.1593818765838273,1.1601721412784545,142603743.37197515,88832133.48750362,79533345.42298225,90882178.38619609,81368795.30647814,1.2329582096265319e-06,3.8822447147107395e-06,1.221757187096043e-06,3.846975789795987e-06,0.99927801,1.2657109,8152,21667,8804,21886,2.395687575471481,1.871048019633908e-09
1197,1244,0.6117768353341672,0.7263862100776193,1.159904525670176,1.1927925572701017,145594275.0028137,93500474.6961229,65525241.1112352,96058558.36879754,67317949.1159751,1.4881560959853662e-06,5.965951866154199e-06,1.472175507765659e-06,5.901886395892844e-06,0.95262837,1.613999,8432,21052,9006,21310,2.4284201903096445,1.8409171238830305e-09
1198,1245,0.5192915894516271,0.7408224038954476,1.0859818941549386,1.1871106665585351,147248737.88447738,76520278.01630126,86184897.33330826,78795053.43477152,88746980.10377896,2.0123183211696692e-06,4.386417788208355e-06,1.988876037062271e-06,4.3353186897589815e-06,0.99927801,1.2657109,11174,20757,12628,21732,2.515543326213655,1.7911449370539979e-09
1199,1246,0.5693865962464406,0.9422480564502174,1.1205947816885682,1.3675891040847379,150273907.82575813,86424312.4183589,128641649.50236894,90445868.22994332,134627691.60894358,1.151332459651789e-06,1.871341635878216e-06,1.1305756546901332e-06,1.8376041406595907e-06,0.99004489,1.1006956,9506,14585,10217,14937,2.4952521011391604,1.6726245532999653e-09
1200,1247,0.6115774105247391,0.8990311989841369,1.1615287015585471,1.3320183623818256,146364702.42252788,88902699.72618435,75438310.47308174,96364977.18782137,81770419.68597499,1.3476575238689681e-06,4.038001808939123e-06,1.3049018020893334e-06,3.909892345792276e-06,1.0068687,1.7442919,8469,15458,9023,15606,2.4376364692164496,1.7233102205778802e-09
1201,1248,0.9127540398681799,1.0458356778350832,1.3810998641916574,1.440658586597919,146798492.6224842,142323743.21154082,149104758.2797574,141469711.3463736,148210036.06443667,3.269945326909511e-07,9.124581165424528e-07,3.2778271443741e-07,9.146574891923519e-07,0.94145161,1.0296593,4647,12166,4855,12387,2.1549641317730814,1.6180626689784493e-09
1202,1249,0.9873356292475222,0.9447689333276067,1.4625897779406782,1.3840080835336006,170021893.16460332,152931459.59325993,158840334.9149946,144288867.52802414,149863815.4870964,4.699879008970864e-07,1.3594797109009216e-06,4.810522843759928e-07,1.3914843749028876e-06,1.0976726,1.0112759,3605,12197,4037,12675,1.8171006546554456,1.3804484694722916e-09
1203,1250,0.7598850344046202,0.8057251405212181,1.300342178590019,1.292188532258107,165168424.5317513,154534790.7357872,145058501.2319242,149089825.5802128,139947428.95514426,5.833697313203135e-07,1.7342219651646134e-06,5.918003208538938e-07,1.7592841388830404e-06,0.81217319,0.91742539,5731,16310,6237,16414,2.1053494183729784,1.5492344091472078e-09
1204,1251,0.36435739086615027,0.509206751145395,1.0169078582260436,1.0579098508412814,169552381.34269154,87564048.9140189,81548185.86981212,87056866.2714622,81075847.90785049,3.972202539643458e-06,1.069391658711532e-05,3.981443037566802e-06,1.0718793746079255e-05,0.70551401,1.0587264,17266,32852,18696,33541,2.6276331695571424,1.7716223161648672e-09
1205,1252,0.641319041574604,0.8214565805250474,1.253022734387609,1.3614563621984244,163473201.79137725,127441732.69493291,119596366.7727047,131551034.27403304,123452698.04222812,1.0399723249143507e-06,2.9143357312094034e-06,1.0268541024152096e-06,2.877574267809548e-06,0.82263851,1.1228279,7875,17213,8679,17819,2.297281287869341,1.5915418625268478e-09
1206,1253,0.7689731651565926,0.7477583766962939,1.2357848825745337,1.19088757278239,170743911.45168987,157196999.58007717,117284649.726956,155661449.25470465,116138975.93845797,6.19375043728317e-07,2.579232418190791e-06,6.218118233779958e-07,2.5893797774234245e-06,0.83524168,1.0885925,4759,16351,5177,16541,1.8621619425911171,1.4581085180301362e-09
1207,1254,0.48180054354417245,0.6725937095276376,1.1408687182817783,1.2383778215434071,164605572.43131322,75050007.6915217,112199238.42817312,76735192.91858488,114718578.59751806,2.814367760610937e-06,4.762842181178756e-06,2.789480359249107e-06,4.7207244570330255e-06,1.0567228,0.98675066,11989,23008,13050,23651,2.507913284568506,1.6834722877440872e-09
1208,1255,0.865869235617122,1.0283247091657748,1.4019191472587045,1.4922685236963198,162815685.12847066,125200302.26014112,170134984.85768032,121747521.50917758,165442992.9840386,5.590568794702579e-07,1.106573074034437e-06,5.653457028568002e-07,1.1190208997968171e-06,1.1260124,0.98408562,4815,11630,5245,11879,2.0503481366637617,1.445535818838027e-09
1209,1256,0.6299252324314664,0.6891467051065175,1.1781579897271435,1.1727084521829685,170619301.65070575,114050810.68296003,141026139.16681078,109427749.19616346,135309629.9310627,1.116401372631238e-06,2.594685603619543e-06,1.13503362065597e-06,2.637989765454186e-06,0.94236422,0.83375841,7033,19814,7778,20432,2.0810355589394565,1.5406443856431505e-09
1210,1257,0.8683650866367492,1.0596445253596107,1.4068778165846754,1.5278007336321033,164521804.56215686,163315326.45160162,163954505.79047275,170346819.16788492,171013518.18273088,4.815795723545396e-07,1.3102076442700377e-06,4.7352751857402965e-07,1.288300854570223e-06,0.87478006,1.063311,5186,12223,5473,12250,2.176626229068406,1.5216950312574814e-09
1211,1258,0.7618127287643073,1.014822358910636,1.3282460687173452,1.495897316810794,162804797.29136676,159168893.2632214,166666187.59969276,158843835.83562115,166325819.06977212,4.537534747553376e-07,1.1071731161097275e-06,4.541246707407546e-07,1.1080788462886163e-06,0.77921486,0.99131054,5883,12058,6303,12089,2.164231988635492,1.482013479593904e-09
1212,1259,0.36298804733680223,0.44076776158937425,1.0505224089509115,1.0559397781118,163537946.03791505,60566308.872568674,59244080.03885897,61897728.394064374,60546433.2144958,7.837227442968777e-06,2.354885372918652e-05,7.769355771402015e-06,2.3344916804079796e-05,0.98012114,1.2166997,18177,45627,19344,46822,2.7843830221001142,2.001712302809238e-09
1213,1260,0.4726168822581117,0.7288479767742221,1.1371929449408826,1.2849010731508215,165412385.64036715,90183424.90610573,113251342.86507559,91077103.64334393,114373614.69260448,2.1162992755368846e-06,4.2099674163641385e-06,2.107968363352652e-06,4.193394680527752e-06,0.86686313,1.0645391,12148,20420,12939,20960,2.5378203132743002,1.6396101412126353e-09
1214,1261,0.35706744642906374,0.5744611701703991,1.0370132212742973,1.1389149910262137,166698451.46377775,81451243.62145308,105781744.24927746,84820187.00470923,110157032.96818456,3.3849048238903322e-06,6.2794526559879365e-06,3.3304725566415158e-06,6.178473496179779e-06,0.73077571,0.90527707,18505,28828,19498,29199,2.807029719519825,1.7752064861754266e-09
1215,1262,0.5761532432549117,0.49825603398253837,1.1287357268500442,1.0242350364804997,171752105.09135556,129583039.73742343,89190662.12632275,126115365.9823404,86803898.24981053,1.649835978599092e-06,8.240409320919863e-06,1.6678340411667415e-06,8.330303955577359e-06,0.76364571,0.9594785,7817,33116,8526,33893,2.1207257414924414,1.7429092005990064e-09
1216,1263,0.5180618198817991,0.6086902836254399,1.134673222888499,1.1578673951060199,166269310.78384823,111873157.94351482,110963902.80453847,109643124.61046454,108751994.1879567,1.573114490471677e-06,4.475715084945513e-06,1.5858354761392963e-06,4.5119079417228146e-06,0.76995933,0.912067,10192,25781,10900,26180,2.400142212109868,1.7187796496981012e-09
1217,1264,1.163174282848633,1.2692625460093463,1.612900800286588,1.6609139773277102,169446262.3198189,235974256.76270932,197568690.14238194,221311385.7872545,185292248.41484028,1.8506754988411883e-07,6.311233343146077e-07,1.8987798883332135e-07,6.475280485448362e-07,0.83524168,1.0885925,2844,7884,3140,8216,1.7518073031572858,1.2651575277374122e-09
1218,1265,0.3306881515669373,0.5308025240478269,1.0386954039454377,1.1295861128600275,165726647.2571529,56157890.17744613,78070424.51007533,59617050.49482132,82879332.2801601,7.681391401949042e-06,1.3297773088533647e-05,7.499909345053816e-06,1.2983597298504156e-05,0.97588849,1.1267791,21576,33765,22764,34131,2.9468165714330214,1.870054925132828e-09
1219,1266,0.22247379985474078,0.38678233088016495,0.973004640576339,1.0242757871573698,166741357.93029842,52717500.7038026,65216384.465696536,57719350.88159053,71404131.9855804,1.6341617037322165e-05,3.007008501541006e-05,1.5759715687292154e-05,2.8999332774305556e-05,0.70366734,0.98890197,42224,57376,45034,58965,3.4633548122745657,2.097265233374763e-09
1220,1267,1.0032813542172525,0.9350581991458834,1.4774210168697448,1.3765236181786717,168867467.50109398,202841387.74987313,145050521.7111995,186286001.65064815,133211875.67617981,3.320751102011845e-07,1.4560890876600776e-06,3.435792016117293e-07,1.5065324405394605e-06,0.83524168,1.0885925,3483,12391,3807,12808,1.8216703147035043,1.3956459191064887e-09
1221,1268,1.0739431244972268,1.0573870868405342,1.5238428034948575,1.4633881561149438,167251080.0646238,224392592.7695143,196222436.40477356,206075104.37790063,180204518.18092877,2.0516102030190723e-07,6.94174974611413e-07,2.1226971925059961e-07,7.182276962491151e-07,0.8004638,0.90126866,3191,10249,3517,10569,1.797741550207745,1.3476538192179982e-09
1222,1269,0.8958076758129853,1.3047801499647944,1.404460805085703,1.7060909339624004,166792591.4267494,172858230.03288212,166030282.22156194,164974113.81123722,158457590.76742467,3.598148632404409e-07,9.05393939550736e-07,3.6659691189603595e-07,9.224594540078493e-07,0.86437356,1.3107709,4449,7940,4817,7993,1.9931843838600642,1.319114758769585e-09
1223,1270,0.8273680518029801,1.021867316012762,1.384913912431613,1.5123087920217637,165272469.8396716,102009102.25286157,156411932.75164455,103307392.93496768,158402619.3705533,9.352347420206072e-07,1.6342113439504026e-06,9.305155627776589e-07,1.6259651401831011e-06,1.34048,1.0797548,5436,12406,5788,12556,2.1680553103467406,1.49157268413972e-09
1224,1271,0.29286720997803206,0.5355956134263714,0.9983349522068858,1.107860791914017,166933277.3091382,44652102.30369175,75251348.67856088,46723810.21580334,78742759.08056459,1.1981960712249092e-05,1.567341135404615e-05,1.1766555705316643e-05,1.5391643506324696e-05,1.0948932,1.1881346,25693,32244,27333,32948,3.021844472945411,1.8087894602753618e-09
1225,1272,1.041040083131238,1.0501610271325648,1.5144318291682097,1.4791483233994391,168987079.6933868,239179312.9432606,185109230.23005462,217974914.80266982,168698405.35981384,2.116918978904929e-07,8.186966961447717e-07,2.1970051527931862e-07,8.496692022361993e-07,0.73552483,0.9586969,3353,10462,3619,10738,1.8298737151956184,1.3533488330169807e-09
1226,1273,0.3373535518798063,0.42118875703227293,1.0477800380912643,1.0625445651984593,164767111.8687342,71391118.97733907,61816023.097918995,73291101.94319828,63461177.18130696,7.505144354592218e-06,2.454030317801283e-05,7.426705881781995e-06,2.428382524599206e-05,0.77859503,1.1226548,21330,50508,22891,51910,2.9130635486129934,2.056201461232974e-09
1227,1274,0.4567971918768562,0.6401983596342846,1.1281043882505704,1.2263786265472851,166023409.6140722,98004539.56224082,88545016.21967587,102951606.62914845,93014586.0542545,2.634004314867803e-06,7.5736157663896364e-06,2.582627123095712e-06,7.425889694931982e-06,0.77383178,1.2003828,13164,25499,14152,26232,2.594518719241076,1.7313609990751395e-09
1228,1275,0.3376670780306258,0.4942059059363482,1.0449619634444762,1.1109250950633753,166267389.85230148,66774930.866817474,72804409.98725875,71589911.9799803,78054162.4691114,6.870354374452196e-06,1.573736109621897e-05,6.6816509773099135e-06,1.530511359644599e-05,0.84077996,1.1286449,21295,38184,22683,38706,2.932081614702381,1.9237008264054334e-09
1229,1276,0.4892644173292968,0.5576537712953986,1.113431140550761,1.113243461774865,163391146.99594685,95710590.41466588,83700456.61583246,91368138.63928641,79902912.42707779,2.338257288832775e-06,7.511685528438421e-06,2.3820911955541196e-06,7.652502590934572e-06,0.83524168,1.0885925,11175,29395,11980,29529,2.456304919878251,1.8018871516793582e-09
1230,1277,0.690633577506966,0.986557849579621,1.280468768098652,1.4815839128806088,165908035.60623005,176214136.97936767,114847054.78219613,185694392.92113423,121025784.20854624,7.155608290393723e-07,2.815111546479387e-06,7.007181090056109e-07,2.756718310219799e-06,0.65024102,1.4251813,7211,13518,7808,14015,2.296446037818643,1.519725377488172e-09
1231,1278,0.9623602594513845,1.1986942507410279,1.490272149989165,1.6509726532052007,164386556.2619069,189405165.86112934,181012839.87374917,183453814.7130771,175325186.2794186,2.8762107519061345e-07,8.028659956708957e-07,2.9131760753994453e-07,8.131845028359514e-07,0.83524168,1.0885925,4099,9280,4395,9413,1.9892580016600594,1.3763968893337628e-09
1232,1279,0.44210623637528473,0.6159877059770127,1.1068936547231074,1.187924369453676,166213940.5593851,100034981.22854313,76949171.78805035,102372614.11601348,78747331.91589998,3.02511027280813e-06,9.903322768694621e-06,2.997287835273612e-06,9.812240277721358e-06,0.73458523,1.3305633,13853,26536,15257,27575,2.5700032561962387,1.7154841760075447e-09
1233,1280,0.4946428902358411,0.6282872561250579,1.1628760115007737,1.233323756822903,163487782.24948505,89156732.50240603,92771205.66596653,91952694.07734771,95680517.38054797,2.42453321571524e-06,6.441763889527599e-06,2.394771122571576e-06,6.362688719244542e-06,0.90703267,1.1072109,11403,25910,12138,26419,2.5151370351817133,1.7568315495256319e-09
1234,1281,0.2638021770339931,0.3486660039009707,1.014815684641524,1.0282161911243726,164733496.72174686,58072070.4598775,50881823.92844449,60085603.477199875,52646049.51313914,1.5183336292320876e-05,4.765481291619625e-05,1.4977728861711385e-05,4.700948810409744e-05,0.7483297,1.1288308,32098,69704,34448,71675,3.2250912065272863,2.2352703077235744e-09
1235,1282,0.4378365259807071,0.5378372406246075,1.0962042090908415,1.1259075807203822,166900603.88502476,75582251.42716557,84412430.39127034,78192213.64112669,87327311.19396967,4.1088020920678235e-06,1.0333294654278401e-05,4.053384007257844e-06,1.01939227919483e-05,0.9668299,1.063414,13720,32773,14719,33655,2.595868951605642,1.8160876721212404e-09
1236,1283,0.7102846571198508,0.8821393364004035,1.2934678296862905,1.3971156270909673,166348557.59408608,168165974.83240658,154728862.1576233,173785697.6799654,159899547.38518223,6.111090164596354e-07,1.7647164031703876e-06,6.031263883848259e-07,1.7416647473698628e-06,0.70260841,0.94838548,6848,15547,7484,16011,2.249940623058962,1.5493240286339134e-09
1237,1284,0.632486570238258,0.7021246422907463,1.2355230941727355,1.2491844761067696,165296281.18399966,116278531.82831721,112511334.930614,114258518.40973483,110556765.99403659,1.2435437386057811e-06,3.7524074284234073e-06,1.2522915370671699e-06,3.7788040101517422e-06,0.89911419,1.031528,7634,21046,8255,21712,2.2516107418206603,1.6275335869122443e-09
1238,1285,0.7013644577855517,0.8863309993044464,1.2890957579773485,1.395561770082398,164954418.84202284,140673395.20442474,144184862.63526857,131582466.29781604,134867007.37399784,6.610315904508464e-07,1.7541279638465745e-06,6.789343682839232e-07,1.8016351687686783e-06,0.82242393,1.0140053,6436,14488,6883,14814,2.1723049171102033,1.5014719411285245e-09
1239,1286,0.8086714642094173,0.9049882467064759,1.3727164077608207,1.4149167037697499,164102989.82260534,158882642.28024322,136425041.5457118,153342188.85788548,131667715.14756423,5.718184728438123e-07,1.87189832066885e-06,5.79994799514751e-07,1.8986642488286253e-06,0.83524168,1.0885925,5354,14300,5931,14897,2.079584780437953,1.4954567338095655e-09
1240,1287,0.41489345644713627,0.5705355126036354,1.0924025175238272,1.1660496228670356,165935317.4881334,86098388.17019303,79693803.95781998,89311673.37797308,82668063.13794759,3.6263527940124613e-06,1.0544013471198999e-05,3.5735903813642997e-06,1.0390601042421044e-05,0.79961401,1.1879467,15170,30668,15908,31134,2.7250021775351643,1.8316349587949684e-09
1241,1288,0.7594379767583949,0.970679391126615,1.33257657816144,1.4630590905732008,164328474.24004173,142704090.04386246,185671837.40142986,143268091.4274511,186405657.80668712,5.511036631553398e-07,1.1003758050278685e-06,5.502348274443844e-07,1.0986410210683395e-06,0.87451792,0.85909778,6007,13044,6643,13502,2.150099161401464,1.4791625159088583e-09
1242,1289,1.265098642941485,1.723067382328357,1.743273004757521,2.1205135071220806,163373409.31797862,244822897.72079444,237461743.16885096,261368199.82462648,253509573.3163066,1.5454420367977327e-07,4.081053048712981e-07,1.5055404764219944e-07,3.975684888185117e-07,0.84421629,1.1854684,3056,6083,3315,6234,1.9591457293507786,1.3221850773528349e-09
1243,1290,0.5829011289344526,0.7589151818379877,1.1912529744981977,1.2819791545425647,166955079.17273283,144493963.40578634,105570659.51208532,139912410.49725002,102223270.10741265,1.082790780435115e-06,3.857215801904633e-06,1.0968366033153609e-06,3.907251109688347e-06,0.67351121,1.200189,8704,18454,9516,19023,2.3038286019701055,1.5662567668937447e-09
1244,1291,0.8678300969490191,0.8938146853108756,1.3777035118113834,1.355730398284988,168170859.2804481,152084364.4113174,117800291.03855379,143693930.27321884,111301295.64718878,5.940839754360025e-07,2.3066634259513498e-06,6.077238709550203e-07,2.359623359947929e-06,0.95962352,1.2760035,4405,13414,4651,13581,1.9615006758895994,1.4443085961213058e-09
1245,1292,0.5754172726527552,0.840185675168478,1.2092901268339569,1.3703441978212803,164573106.58321398,119118955.56197014,134457514.54749086,121017426.69569306,136600445.6106141,9.49301444010005e-07,2.1771775253789378e-06,9.433162734951031e-07,2.163450822641016e-06,0.79498857,1.0283692,8551,15718,8968,15900,2.3233886924179403,1.5406029106861841e-09
1246,1293,0.5381964560618058,0.5462710393683144,1.1547387041691057,1.1082580973124887,163134508.62868243,102635626.93228173,80324574.67266692,98776321.0668982,77304209.21639904,2.1202393830028535e-06,8.339204391912723e-06,2.1529949653427004e-06,8.46803677673582e-06,0.85543799,1.1094445,9542,30671,10382,31485,2.330797991951954,1.7837724520962691e-09
1247,1294,0.7381713958414858,0.736204582673079,1.2979541358646227,1.2571325126553843,164394465.4710989,155217662.66025946,99198951.75513245,156727655.6440651,100163981.88497654,7.948731801626022e-07,3.803161089039495e-06,7.918009973743123e-07,3.7884618812533542e-06,0.78181368,1.2200528,6030,19291,6258,19187,2.1851292575582764,1.6397121631263476e-09
1248,1295,0.2724932474496996,0.4319879888745894,1.0231462161539344,1.0827593511421767,164771948.96227252,56437623.881378084,59620610.62817143,58553510.41680691,61855829.59357894,1.1434159485424837e-05,2.6271224591951488e-05,1.126705875461017e-05,2.5887292494948012e-05,0.79555517,1.1938741,29537,47076,31342,47986,3.165764450805821,2.0159763957018227e-09
1249,1296,0.4598928787177686,0.673385471900392,1.146097297172165,1.2723439307456539,163628454.13589057,112428731.46759956,114386868.71693479,114375158.32329097,116367195.90112306,1.6192560218144594e-06,4.174786228654416e-06,1.6081766858201404e-06,4.146221345332328e-06,0.66932678,0.96326637,12803,23687,13629,24416,2.5851665052384147,1.7198267412963138e-09
1250,1297,1.7026898771944416,1.6826111686589864,2.131565373783982,2.014970367203346,160084513.90788785,313085432.33683455,241352526.69362706,305521864.0861348,235521893.51947755,5.821799969678136e-08,2.3042953286165539e-07,5.8790276899851005e-08,2.3269463247444753e-07,0.87060672,1.1160438,1625,5211,1678,5181,1.6251201227979828,1.2258516616175856e-09
1251,1298,1.1996785791785176,1.3345984325202558,1.6510776482001122,1.6743611023083977,159146931.02053747,219301275.4224318,190312642.46118173,211414237.8084031,183468163.48300338,1.2857203908408804e-07,4.4185880298302367e-07,1.3046959129350547e-07,4.483800509450523e-07,0.87060672,1.1160438,2458,7023,2720,7292,1.6463305421454837,1.2580530971287798e-09
1252,1299,0.47188290442074743,0.5801675526670178,1.1487049317126352,1.0907953691864565,158990372.9387381,86391014.45535158,92588468.79575363,83204212.74839269,89173054.67817186,1.9723728817326146e-06,5.259491151105496e-06,2.0022501088910974e-06,5.3391611837423125e-06,0.86843336,0.99624777,10849,26587,11733,27273,2.3638646921340207,1.7463100221052967e-09
1253,1300,1.7657868279889064,0.8341709652103513,2.1658499807501017,1.2361446164814267,165412322.9004798,335493506.1432962,123635073.32918255,315049188.6337134,116100993.98583232,1.3299861311964598e-07,1.577917650301421e-06,1.3638588099314994e-07,1.6181047593135475e-06,0.87060672,1.1160438,1429,13833,1490,13790,1.5241275369179026,1.4488246328052926e-09
1254,1301,1.4870259301865763,0.9174472214852478,1.866437054415913,1.2751370646236035,156090497.05228505,147418525.97899857,78739389.82142162,134764419.07217366,71980560.49544956,3.457189660453618e-07,2.5907108196382995e-06,3.583553840397052e-07,2.685404221026993e-06,1.574501,1.8187186,1684,11480,1791,11619,1.5127555521240783,1.4036396098886177e-09
1255,1302,0.6292217481625324,0.5113468941740763,1.2342405338634854,1.005072383582534,162910868.27778974,137976554.95956066,119731404.68454891,131112309.04936376,113774843.4037652,8.762458783944996e-07,3.881681569181419e-06,8.943154234006587e-07,3.9617278456243e-06,0.74293101,0.69575703,6671,33070,7218,34143,2.0759894059598745,1.8017333696051388e-09
1256,1303,0.3653521944715072,0.40721222014403147,1.0417002576444692,0.9568925245162446,155377617.04944563,69628126.67866847,50338632.68641939,70376438.74573538,50879635.411549956,5.57441556176091e-06,2.3910128144665845e-05,5.550630415271375e-06,2.3808107422636145e-05,0.81529629,1.2569206,17070,49748,18293,50895,2.722495932620102,2.1146106037813707e-09
1257,1304,0.6474817412675119,0.5266609639605301,1.2355869846856629,0.9961965046697477,165317764.08990252,90383755.00396934,56569662.62078973,86334251.35214885,54035146.81808734,2.4556987875797085e-06,1.586877338490828e-05,2.5011399718866477e-06,1.6162415202771198e-05,1.1842862,1.5391008,5979,30457,6283,31241,2.018747208497642,1.739579561830425e-09
1258,1305,0.8382857562726398,1.013007706189714,1.3754954209419858,1.4319862526075597,153372126.1618036,147678240.72238988,139212408.79310304,146172114.41925767,137792622.98322308,4.005619873991846e-07,1.1561605994625435e-06,4.02207834159272e-07,1.1609110831245634e-06,0.87060672,1.1160438,4977,12035,5505,12395,2.0904702549200733,1.5370574366030373e-09
1259,1306,1.2414306978379654,0.9148187506442669,1.7119007064191096,1.3109778823252547,163867110.52714044,233664244.3724751,134321525.12663448,222071277.778957,127657326.42663473,2.0798752314056434e-07,1.3124163416491413e-06,2.1226443348807344e-07,1.3394039558438916e-06,0.87060672,1.1160438,2371,12312,2538,12493,1.6711497102628619,1.412856462613284e-09
1260,1307,1.2391891885089068,0.9274868293059737,1.6632840583660806,1.3027279657176245,148714312.38997734,211674414.93008012,142644833.7553297,178623410.4954257,120372160.72309174,1.4387998292963902e-07,7.50357129947728e-07,1.5398994858146778e-07,8.030822182880993e-07,0.87060672,0.96695101,2474,12100,2621,12307,1.7387997864936744,1.4925587182017248e-09
1261,1308,0.8694011764235106,0.6659841949869265,1.4007681780095456,1.105850094891825,164313361.40304178,172651793.574111,96474672.33165808,162575284.7864124,90844103.06031708,5.42258067919775e-07,3.7077202893585362e-06,5.5545982204679e-07,3.7979880318370085e-06,0.82741237,1.1342884,3906,20353,4143,20664,1.840451626952675,1.5912623610158815e-09
1262,1309,0.4613881881981753,0.5374958185966051,1.1441831802541698,1.0541515902612455,161156263.14332956,99131750.24376002,90214376.45545085,96676163.68000154,87979681.61613727,1.845123080889923e-06,6.274620286518793e-06,1.8637286774667285e-06,6.337891433540216e-06,0.75006843,0.96016645,10952,30258,11719,31132,2.35995707301594,1.7800642907518017e-09
1263,1311,0.4430826164769054,0.573249105971462,1.0673611584516867,1.031750871266774,150661098.930695,101221545.84141333,85262085.4198014,102070274.8258582,85976996.48511328,1.370202939071236e-06,4.399376670052268e-06,1.3656341461789498e-06,4.384707426331152e-06,0.65949708,1.0129513,11867,26300,12820,26799,2.422842669268311,1.8034400624753644e-09
1264,1312,4.460245989962693,2.171699799124779,4.681487573746705,2.408537464818068,161465393.95535484,827210908.6260188,314194087.7396097,763050419.8712271,289824430.5904763,8.022352339196076e-09,7.93052585305922e-08,8.285656773628931e-09,8.190816418245757e-08,0.87060672,1.1160438,396,3136,416,3208,1.2030762817454674,1.0308270627432229e-09
1265,1313,0.43238276068608283,0.4457207538170016,1.1071287407351595,0.9621250521066361,162985213.90718946,91617952.47075686,60143481.90240139,87659430.7982079,57544872.45793467,3.401878234741969e-06,1.7728135606284055e-05,3.4625140056693434e-06,1.80441255081606e-05,0.76919419,1.2078764,12002,41392,12802,42485,2.403990555773205,1.915170268145945e-09
1266,1314,0.4263712545843586,0.8395772264544787,1.0953699197449238,1.2987752608792713,153280292.69626614,105969217.44578446,125928625.2878973,104085160.5391239,123689704.3829532,1.0207486808922222e-06,1.7772934456606628e-06,1.0280996035535994e-06,1.790092626213318e-06,0.6167292,1.0219332,13455,15173,14592,15333,2.562310573932218,1.6017824857785052e-09
1267,1315,0.18892809893635268,0.2887236947955313,0.9596130169915421,0.8846010460404188,156582942.4374294,28409440.14680401,41077570.2644508,30735546.772676487,44440917.37277566,5.022644935874686e-05,8.753700174144015e-05,4.866998031312024e-05,8.482431479468134e-05,1.0413059,1.1005813,55116,94524,59461,98050,3.670883417312889,2.4629845893934922e-09
1268,1316,1.2483636153821054,0.8976150054416794,1.7248175088186835,1.3048958604226346,163236517.8653045,221207110.45059618,108079625.19137427,214628182.9090377,104865225.7021153,2.625905957872491e-07,2.057369147039237e-06,2.6578110467002e-07,2.082366441855102e-06,0.92121148,1.3557,2354,12884,2470,13150,1.6824851051174847,1.433955324898091e-09
1269,1317,0.5982986388003694,0.5614294963606756,1.2088948961985448,1.0693856229654104,154866908.78964004,106427688.41028771,77906306.72801757,99139342.88462691,72571152.96734434,1.2817726725143789e-06,6.024296993012782e-06,1.3186648975111554e-06,6.197689455560496e-06,0.87060672,1.1160438,7383,28090,7832,28715,2.2013101490449833,1.8123463374711505e-09
1270,1318,0.8589383002881876,0.6143303197091357,1.3999836704380693,1.0611566779691177,165907533.23790756,163683935.96177885,91324397.78456527,154236466.3028534,86053358.37486544,6.669417557813998e-07,4.867589965827685e-06,6.829918253711284e-07,4.9847293666952556e-06,0.87060672,1.1160438,3934,23366,4187,23838,1.8308839496045906,1.6297844755180379e-09
1271,1319,1.5968595805537382,1.0909361695011235,2.0272530887933704,1.4871504961026827,158950599.34750277,291545862.8699978,155374688.69239044,282081722.1751938,150330926.7959925,1.0738763246545928e-07,7.081861712176479e-07,1.088145680425368e-07,7.175963427588616e-07,0.87060672,1.1160438,1794,9633,1863,9584,1.662389354752379,1.3909870231631986e-09
1272,1320,0.44280142863685235,0.5665287839936874,1.1010659280762467,1.0662420748494088,156659835.45789704,81497055.28221741,86778061.78790778,79883010.42324044,85059426.87507896,2.0065692724079526e-06,5.470603817587537e-06,2.0226891966357934e-06,5.514552322248043e-06,0.85118657,1.0227505,11769,27541,12126,27514,2.50386035334689,1.8196557446902577e-09
1273,1321,2.001158402353787,1.4328469512318411,2.323063858832019,1.7245521873827372,154117595.61693677,503009419.1163424,126119878.21030165,447998984.4031989,112327076.20173186,4.126644881016909e-08,5.775040919791043e-07,4.3223181687896226e-08,6.048876269422341e-07,0.61313707,1.7509288,1142,5873,1217,5964,1.4259601320714872,1.2137714104208851e-09
1274,1322,2.9597075039489837,1.2995449752802313,3.2448776908142163,1.6076060689534557,160269749.5466089,544851733.2707042,186621481.80270052,504647346.2457485,172850758.82724714,2.5914665144665475e-08,3.231841941445591e-07,2.6721555700021677e-08,3.3324700114746306e-07,0.87060672,1.1160438,652,6514,674,6557,1.2807131605249962,1.2035934352453623e-09
1275,1323,2.16065557827974,1.5430475290956087,2.4988117180396316,1.8558794755442083,157491319.41714182,390859029.69975215,217748256.18907428,372144833.8037961,207322544.58288354,3.885940082181189e-08,2.469397731996528e-07,3.962957017183219e-08,2.518339671552267e-07,0.87060672,1.1160438,1093,5636,1168,5790,1.4528287068902588,1.2144564953926605e-09
1276,1324,1.3612968572301136,1.039421178089717,1.8227912439929672,1.43059870471314,162143077.02981713,386952751.75043577,165309560.25340796,373592244.3915419,159601836.0253978,8.28206248202658e-08,6.77372718532676e-07,8.399289252192762e-08,6.869604530087918e-07,0.57041812,1.0195112,2111,10095,2196,10049,1.6630305326518526,1.3741845388661294e-09
1277,1325,1.6916773493004973,1.9725686256657737,2.1205328153651823,2.278041472485794,160195316.52096394,311275782.9649402,283139653.9704369,309903121.4292882,281891066.91839886,5.345221108070026e-08,1.6491021675263277e-07,5.3546788414693065e-08,1.652020057793784e-07,0.87060672,1.1160438,1665,4253,1790,4308,1.624902121256376,1.1811647811373248e-09
1278,1326,0.9709593888819028,0.8973151726305104,1.4290640209223195,1.261842378247587,155680911.2585771,165744672.53973788,100995820.67285457,152268130.2284625,92783946.16911519,3.168150029861952e-07,1.835501037247426e-06,3.277464263336335e-07,1.8988333880000448e-06,0.91200423,1.3831745,3143,12392,3362,12843,1.7151883993728159,1.4256833625330715e-09
1279,1327,2.211262345074304,1.5460706283709902,2.5489438155642143,1.8549664513998483,161666564.4389542,410618455.1405575,223958886.62139705,387664799.8786102,211439539.2515926,1.3680874265187418e-07,5.761283631769516e-07,1.399931191115316e-07,5.895383950351495e-07,0.87060672,1.1160438,1512,7213,2936,9645,1.4181030820978988,1.192116468757796e-09
1280,1328,0.8362896370145652,0.7812828100277849,1.3495275506435032,1.200808056368775,146185926.15470856,140423652.04872212,102336979.22309586,128079500.89465275,93340894.00703524,3.9556467967374076e-07,1.7378484203481869e-06,4.103947165244959e-07,1.8030017503574463e-06,0.87060672,1.1160438,4483,16194,4778,16375,1.9891012683550715,1.6447935985009003e-09
1281,1329,1.3595553430781355,1.766363502708069,1.8103072861687586,2.090526583534295,153833011.29323113,240228437.98576647,243471642.1165923,223836330.1904673,226858232.6629199,9.839321068385477e-08,2.3792537367761668e-07,1.0121448473449244e-07,2.4474751799102586e-07,0.87060672,1.1160438,2478,5238,2903,5476,1.7898386933831547,1.2766841980684432e-09
1282,1330,1.8141558523351748,0.7615581182854286,2.191509373750373,1.1586484458984148,167722497.45111364,326653195.6426594,186933846.0174066,307622853.5342947,176043350.8721051,1.0990032598554108e-07,9.495439137538056e-07,1.1257094362290024e-07,9.726181740053317e-07,0.93149173,0.68329215,1342,16490,1458,17173,1.4694121098850659,1.4555012994379254e-09
1283,1331,0.9787686417623617,0.8706367329447282,1.477930659727123,1.3022232074895912,154720802.5307206,145845663.79054973,104480826.03421275,145117419.3398031,103959126.72693607,4.6988345148676966e-07,2.1525733077777937e-06,4.708252439388863e-07,2.156887733594405e-06,1.0383296,1.2892855,3839,14763,4079,15049,1.9829587501469292,1.5882509954511734e-09
1284,1332,1.2904129257572055,0.5488615372821275,1.7250507076917156,0.9894328677051247,168188164.72940618,486283019.35320604,93679685.59510618,455496244.86433554,87748786.83898492,1.9029619723681842e-07,5.043280303622151e-06,1.9534029135392125e-07,5.176960224081849e-06,0.44630837,0.98540056,2132,27412,2335,28028,1.5798671582234014,1.6579231709819673e-09
1285,1333,1.3001959470025384,0.6401490692323785,1.7603567364432473,1.0819372557557028,165979987.86270338,247880590.1045853,95204090.32469071,233135839.15307227,89541038.60769004,3.2629648918002444e-07,4.115325247398228e-06,3.3439963369410774e-07,4.217523941861427e-06,0.87060672,1.1160438,2161,21963,2286,22491,1.628612287986668,1.6024411419404474e-09
1286,1334,0.3575458956599844,0.3421185600061294,1.0410932717589783,0.9204073348223681,155253891.3524712,63626471.75675371,60918995.83516818,64284033.11344166,61548576.203895584,5.8633842007309224e-06,2.0576020648663264e-05,5.839319554251102e-06,2.049157203572573e-05,0.87244177,0.87189943,17684,65579,18910,66401,2.7543525752029905,2.2966492020981495e-09
1287,1335,0.7698819980311331,0.6211552602350686,1.3159297915961699,1.0661054973235495,164908853.0213332,113653295.27571765,64826206.04975361,103315203.6270422,58929507.16607894,1.4068228963722933e-06,9.703076861198033e-06,1.4615260024885563e-06,1.0080372713121605e-05,1.1170847,1.5801326,4641,23292,4935,24063,1.899910711734409,1.6244669645047776e-09
1288,1336,0.33719347522455617,0.47121419663644015,1.0312948396413377,1.0002222870241415,155854465.90484878,61172654.039720714,57652471.302290246,60074740.11596905,56617736.87765048,4.829045003779826e-06,1.4899079326616425e-05,4.864155181176676e-06,1.5007404951620497e-05,0.8590948,1.2738541,17770,37434,17957,37364,2.819754065003968,1.9847692725233895e-09
1289,1337,0.4219890483145107,0.4516475216849878,1.0844527745685477,1.0016293520220287,154231589.98313072,80435220.30289142,65288601.51303027,82063578.2161771,66610326.13218044,3.122824494144426e-06,1.212624876340251e-05,3.097889335231349e-06,1.202942297620188e-05,0.80914855,1.0669292,13586,41925,14539,42816,2.5932583889460767,2.042279764480957e-09
1290,1338,1.0277600959582707,0.9548600660386621,1.563513235082921,1.3864506142221495,160699271.4930649,189707125.95709872,137490407.6257875,181353432.12727153,131436060.62090111,2.685945000420263e-07,1.2015596183560112e-06,2.7347665653221905e-07,1.223399983993403e-06,0.87060672,1.1160438,3229,11846,3449,12036,1.8108366082617315,1.4325607184162709e-09
1291,1339,0.7971139847331041,0.9076652549100621,1.289981016824331,1.337316831842387,169857579.52739406,143878939.9667466,149758639.02442032,132992389.19770057,138427202.83772478,4.520763914504927e-07,1.2851963304235997e-06,4.665304599098006e-07,1.3262874293947086e-06,0.9410401,1.029482,4308,11643,4577,11894,1.83044429642106,1.3150283463909306e-09
1292,1340,0.6163216887348896,0.9062791144074661,1.1639297309508405,1.3478306776696838,169817697.8127637,111219840.99618462,149494826.31504598,103682022.25625452,139362956.91812062,7.544850728358861e-07,1.4503680865504282e-06,7.759650773858361e-07,1.4916597094331808e-06,0.9410401,1.029482,6429,11712,6787,11926,2.019441069887015,1.3219900135497033e-09
1293,1341,0.5152717435625536,0.6293269899187712,1.091082728348143,1.132583839970427,170545494.29250765,99115545.87452686,91846399.32549386,93283639.45843168,86442205.65642332,1.6649835280579804e-06,5.103776994096363e-06,1.705864217643436e-06,5.229091100508218e-06,0.88661444,1.1685693,8517,20730,8961,20841,2.1642219927355346,1.5290771837142586e-09
1294,1342,0.6075717153701637,0.7662116581645416,1.1265420044836378,1.1881528018234555,168617441.64835083,171973150.4751424,171086678.8124308,151637225.6165245,150855579.74244553,4.0617061780983566e-07,1.145812591445992e-06,4.2714018415629413e-07,1.2049680106304084e-06,0.59571618,0.75515318,6503,15100,6943,15451,1.9980527660734553,1.4004600289130337e-09
1295,1343,1.20974193193035,0.9218214880223875,1.6131974753418166,1.3134585673342318,167178049.82922044,126047305.70508996,132542705.86873856,104832871.7121488,110235061.37630557,3.6984154953867716e-07,1.259648650859956e-06,3.9813479435553187e-07,1.3560130201593398e-06,1.6044952,1.1627069,2229,10788,2287,10749,1.5957936510369652,1.3095977121038266e-09
1296,1344,1.0368353372550536,1.3868341610688903,1.487686964717363,1.7528871758680686,170161544.58252335,187483511.5581806,229227750.390284,180172867.61061558,220289351.21012658,1.705676273341509e-07,3.7258780985111567e-07,1.7330300117229582e-07,3.785629586141448e-07,0.9410401,1.029482,2923,6065,3067,6124,1.6985304237370211,1.142434558076645e-09
1297,1345,0.2650474799218253,0.5146864504516037,0.927068540549233,1.0265012681103074,131632835.6672368,37753925.76996369,55876330.25756146,42090540.81039009,62294580.260891035,6.42162505677261e-06,9.707417820328949e-06,6.148313292471995e-06,9.294258928643242e-06,0.92411453,1.2124926,29537,35535,30669,35335,3.443468461634977,2.305766820844374e-09
1298,1346,0.09256933095716488,0.15384760797556557,0.8380646264109024,0.7871870748611797,124056372.32451445,9134820.86550498,13817161.277941477,9723709.678839758,14707903.61743807,0.0003178043726198093,0.0005403104041886551,0.00030996102540440285,0.0005269756534134731,1.2571473,1.3813095,161646,257671,164558,254623,5.668085444510527,4.225565029980003e-09
1299,1347,0.6695330386357283,0.9997118643083587,1.1889675927441203,1.3962243421047393,135721291.85215682,81452614.58223288,106275408.27126937,84887877.45164444,110757572.11387093,6.967198168843506e-07,1.3817494289964292e-06,6.853018518162441e-07,1.3591050799613908e-06,1.1156166,1.2767035,7059,12679,7378,12786,2.419480665162089,1.7400698549402853e-09
1300,1348,0.17657637613449484,0.27067169057080914,0.8895703890222195,0.8786846511652392,136234956.53765857,22864238.816068195,29537568.759266302,25658009.33983252,33146750.311608516,3.866123708988856e-05,8.079826770389678e-05,3.69189432982602e-05,7.715704122509783e-05,1.0521179,1.2484083,55795,100711,57684,101599,4.034650314333319,2.922319388117119e-09
1301,1349,0.11648611135973547,0.2712653814593996,0.8474811729388367,0.8492010061645655,126121912.09141134,10137446.538209299,26658367.097108554,12104444.159599913,31830965.98308334,0.00012655057730290376,0.00010131512993278655,0.00011788474840072328,9.437735374944893e-05,1.449226,1.2833685,106822,98626,107666,97336,5.030315172717196,3.127036748146224e-09
1302,1350,0.5279560258067977,0.7652515279338555,1.090072148156695,1.2099635313612784,137261239.49907547,56111810.692638926,67201999.67624769,59306448.475576535,71028039.94485848,2.2182878263815643e-06,4.8975527274268805e-06,2.1696957697651096e-06,4.790270815412157e-06,1.291491,1.5630394,10388,19674,10964,20001,2.6669510596147186,1.9365088124679354e-09
1303,1351,0.8876105862765233,0.896035857690008,1.3702157771148937,1.323275250072896,144457911.0752746,148658366.98129207,103234800.67916447,150123763.40471295,104252435.3455459,3.8531924411005766e-07,1.582406967291972e-06,3.83810335494942e-07,1.576210267952232e-06,0.86253047,1.2538356,4622,14127,5071,14326,2.1373505075279837,1.6731127901937671e-09
1304,1352,0.3958985287421358,0.807203661598752,1.0076228051740104,1.2499987296524386,135467592.77860677,39991839.787887946,72060339.69195195,41995708.319444045,75671062.4755954,3.5411430061954027e-06,4.348589209643646e-06,3.4725623722603867e-06,4.264370920746935e-06,1.3410591,1.5174774,15469,17546,16070,17440,2.896352535023449,1.895414310911053e-09
1305,1353,0.46866826986763377,0.6327846776969253,1.0646862004910456,1.1187433504677846,142663174.065551,65948195.15860934,77219004.83345687,67672929.51054497,79238503.16753918,2.0349987704692105e-06,4.5400357860848004e-06,2.0140921003568012e-06,4.4933934824846256e-06,1.0138519,1.1690784,11728,24126,12660,24494,2.590050191909451,1.907953363010977e-09
1306,1354,0.13131953918684983,0.21403154451430473,0.8427916056171615,0.7975036892992498,118610316.62370163,12517454.864351043,17914628.76087643,12914374.369155854,18482688.774160743,3.867322770403728e-05,7.952996062287357e-05,3.8193326467020354e-05,7.854306274160776e-05,1.2443306,1.4170737,61300,109193,52604,94991,4.68003330544485,3.6655575341892557e-09
1307,1355,0.17402062658476133,0.3305041453473705,0.8654042124571105,0.8722774061676718,118983755.45148817,18216857.06062478,28715249.85698072,20026494.175739843,31567782.636815395,2.8144669964500537e-05,4.0746156115435926e-05,2.709839500784664e-05,3.923142232117709e-05,1.1366191,1.3694683,57506,72250,58909,70784,4.168705336642832,3.00418753938399e-09
1308,1356,0.32945553247930603,0.4704062808695132,0.9574124624765049,0.9702450066469546,142288886.0058229,52023066.874149546,54163671.43102762,50965691.20283742,53062787.69076949,5.013629512001221e-06,1.2844812819312904e-05,5.054980111027101e-06,1.2950752179846525e-05,0.9010976,1.2357653,19884,38701,21236,39672,2.906143719530079,2.1223681758544145e-09
1309,1357,0.15857360232867052,0.24879631632814525,0.865139400230775,0.8390951291970209,130093907.28280853,17310399.810937464,21558876.723509356,19986120.890569195,24891297.784392517,6.267504817633615e-05,0.00013357662345111986,5.9173343883648815e-05,0.00012611359231909003,1.1917379,1.5013252,66103,114852,67742,114604,4.298206828657058,3.166586050199461e-09
1310,1358,0.5077798782446952,0.8141520697331943,1.0745401747821377,1.2508605239450183,132235539.96177645,55827396.574667454,79288291.549927,60509019.29506808,85937318.55023538,1.6137205958186971e-06,2.9248251152521868e-06,1.562569152873679e-06,2.8321145026500858e-06,1.2027526,1.3578277,10858,17839,10998,17657,2.7435205716818247,1.958704239163028e-09
1311,1359,1.1088655873376196,1.3637352544663721,1.5779927696746074,1.722048586028665,169970538.0916803,123856020.35635561,224381736.09546894,118145094.68735535,214035630.89496627,2.5851274418945883e-07,4.2480347947679825e-07,2.634404918668979e-07,4.329010468362847e-07,1.5217224,1.0330378,2395,6002,2513,6083,1.5711690617929626,1.120721055603479e-09
1312,1360,2.1464192069804713,2.5379510472333067,2.4659802096016126,2.772582444713631,167348131.87711433,357166928.97080225,455877884.702143,338501146.4219492,432053401.5978383,2.203107878742033e-08,5.2049524326719514e-08,2.250920735412555e-08,5.3179126953270556e-08,1.0056901,0.931656,953,2497,1034,2637,1.3096543757528065,9.450205203034838e-10
1313,1361,1.2210808982423291,1.0569661294734218,1.6379003757415243,1.4102273969844226,170413395.4118786,166805726.07377332,269266276.4447947,153877275.81729734,248396515.29988408,1.4388545028712817e-07,3.225881884600391e-07,1.4860433088557179e-07,3.3316782066589065e-07,1.2474904,0.66893333,1990,8531,2027,8475,1.5043452548442775,1.2117063012825026e-09
1314,1362,1.6544469360890575,1.8629176043065048,2.037008515033224,2.1587433885824328,168865495.41586617,274320881.07211614,396083979.8754433,258935234.5732173,373869090.2380829,4.3385791824972555e-08,8.94081076810341e-08,4.4399145770562405e-08,9.149639637821418e-08,1.0184387,0.79423183,1363,3790,1449,3829,1.402403804020114,1.023899055384888e-09
1315,1363,2.314274062944106,3.3323281813547485,2.6115194794684893,3.52978303135521,166667766.07375523,383532549.59288883,596133866.8038584,362080291.7608268,562790106.4719776,1.3707680906056198e-08,2.551287852994871e-08,1.4026939458359573e-08,2.610708587401992e-08,1.0056901,0.931656,846,1713,878,1764,1.289760356858018,8.936357963263916e-10
1316,1364,2.148474242406187,1.706125170779237,2.47264551477449,2.0008916631763527,167925068.27108455,358741409.34143186,307518210.3503001,352919357.5610559,302527465.21342075,3.22017584092239e-08,1.2852208786473455e-07,3.241320675115473e-08,1.2936601017590567e-07,1.0056901,0.931656,941,4247,999,4304,1.307690175426738,1.0440320693812487e-09
1317,1365,2.071465012876647,2.301246062613118,2.4144197893116,2.567745660550358,169828885.6324438,376127875.48158103,420575336.6017186,355557227.97074574,397573832.1535099,2.162545840266283e-08,5.982196386426615e-08,2.2117484207232392e-08,6.118304252226224e-08,0.93530583,0.92924625,977,2769,969,2698,1.3346192891721638,9.670726954319438e-10
1318,1366,0.914732743500088,1.0372994573595777,1.4150862121115566,1.4351501135752314,170114146.64961293,166874851.48402995,200925145.1498895,160738108.41452524,193536218.77169394,2.4077525322846543e-07,6.247259281371612e-07,2.444109527006064e-07,6.341592718745503e-07,0.9324891,0.87823409,3206,9164,3395,9353,1.6671128801669737,1.2277398079021694e-09
1319,1367,1.575779545627849,1.3548165573947921,1.9475515976349542,1.6711248865584285,170154584.1321636,266609080.93882635,247439234.97393933,247326548.8892078,229543164.21027,6.75249315094072e-08,2.5479447540015615e-07,6.958342994939864e-08,2.6256188838978043e-07,1.0056901,0.931656,1394,5843,1421,5788,1.4015997462768341,1.1127069531426848e-09
1320,1368,0.43662119967334756,0.7315378407556643,1.0774591343662558,1.198479824516056,169625204.96146545,71271983.07177629,122816194.53316535,68750156.37835853,118470571.6893922,1.9404423217049527e-06,2.914010398252492e-06,1.9686059760064203e-06,2.9563044569674946e-06,1.0391455,1.0103493,10059,15865,10376,16026,2.248388787615887,1.4143510951836308e-09
1321,1369,0.6592217681480932,0.7820033929895988,1.1860856183710515,1.1885647120692673,169362061.7933603,138154831.385223,129418655.41976811,135589197.53048214,127015258.58991599,7.399764196968295e-07,2.328982044131147e-06,7.455457095590301e-07,2.346510678479984e-06,0.80813068,1.0233587,5872,15455,6590,16379,1.872665939162235,1.3699579886192656e-09
1322,1370,1.0201179827781937,1.05465628491802,1.4981608338719272,1.4474207064451499,169189474.64643815,187644182.3368413,226082988.86893967,178912035.6230214,215562066.75072226,1.727864786074858e-07,4.568070798736651e-07,1.7611160402899217e-07,4.6559793461098833e-07,0.91978991,0.78925329,2744,8885,2925,9012,1.610284781678242,1.2265684424759889e-09
1323,1371,1.1008900949066265,1.3746809034524246,1.5627911188841788,1.7228630177782054,169094370.7866578,185101074.28073516,249502823.36154333,171779858.3097734,231546790.37643513,1.3624788021622528e-07,2.956993141082394e-07,1.4037974001822063e-07,3.0466670580271904e-07,1.0056901,0.931656,2418,5897,2544,5960,1.5716416641515627,1.119636605735621e-09
1324,1372,0.9817981259071911,1.0531459084501396,1.434752789445098,1.4044189912758835,170555372.39046195,227325029.7826807,207099549.58388725,207870864.59984514,189376253.33821028,1.4535547880976732e-07,5.104670740847716e-07,1.506512917127953e-07,5.290651905069744e-07,0.73661464,0.86731088,2807,8708,2939,8766,1.6113438152129582,1.210759047548364e-09
1325,1373,1.7754837857430992,1.7233940878529224,2.1248144380615304,2.0084959524985266,170777919.52430946,301497874.0253596,315908078.56549746,292592697.4329532,306577275.70100725,4.493362114109634e-08,1.3821229029066792e-07,4.547573507398521e-08,1.3987979017962132e-07,1.0056901,0.931656,1198,4142,1258,4177,1.354916588401561,1.0260690766190918e-09
1326,1374,1.2817298560803576,1.309766035826529,1.7022981773798496,1.648440460346421,170518729.7295728,184247323.30940568,186011425.78068694,175250931.77776065,176928897.00564253,1.6279122391100623e-07,5.313336053191226e-07,1.6608382141952351e-07,5.420803007676539e-07,1.1862259,1.200677,1908,6324,1999,6446,1.487547199665769,1.1230904822113139e-09
1327,1375,2.0040012962557183,2.1429523536587953,2.3582603299474294,2.4253408560375105,169728351.63750228,338211380.1188865,390401361.2580321,319502674.92274547,368805683.5094559,2.9659250832441757e-08,7.912548862666216e-08,3.034210201428613e-08,8.094721142498821e-08,1.0056901,0.931656,1048,3122,1090,3139,1.3483620936493508,9.871652008683998e-10
1328,1376,2.1860572484939507,1.533788500174461,2.592909260923337,1.8712430745034407,174472943.00580934,424235081.69346297,313245609.7279124,417910108.13529843,308575392.0013837,4.360901457232074e-08,2.0926517400442533e-07,4.387183042766185e-08,2.1052633998669878e-07,0.89904833,0.85429639,967,5394,1139,5752,1.3000825733030197,1.0821063394436422e-09
1329,1377,0.7035308748514919,0.6330195151393266,1.3820979251314154,1.1488619624872272,175701008.8485378,155242076.76120412,153398756.76715308,139799162.70196074,138139209.43969855,6.368542710625353e-07,2.504740540639451e-06,6.641130513289896e-07,2.611949010652313e-06,0.7962473,0.7250526,4829,21475,5063,21868,1.8653745195098732,1.523314756621873e-09
1330,1378,0.27711022840868355,0.31344506927610427,1.1385913588469718,0.9171062586622198,175256855.42655227,53905660.61535656,57372341.91676657,50836457.01887639,54105757.36628865,1.4648716016495192e-05,4.9186017230531814e-05,1.4996268191514168e-05,5.035299372524594e-05,0.90093446,0.95748919,22375,72320,23297,73604,2.8107596753568633,2.1033390217476987e-09
1331,1379,1.1571453310373938,1.0776680803553262,1.82892601212615,1.5571000522837664,176319820.5272233,226937362.8583768,222421919.06741917,206765460.45336998,202651383.32288304,1.7284205084987967e-07,6.504672293924165e-07,1.7939924671350948e-07,6.751443320131395e-07,0.89904833,0.85429639,2266,9206,2380,9426,1.5621729025445577,1.2408365411169256e-09
1332,1380,0.32147941241153954,0.5062565102970864,1.253364807653825,1.097024774734729,176102719.10902807,46479928.34856223,106883952.7270044,46152313.92511601,106130579.69497831,9.376911661648401e-06,1.232703908575468e-05,9.403480159340625e-06,1.236196646070707e-05,1.2180182,0.83411163,17966,34381,18924,36328,2.617283563237491,1.6752658333554073e-09
1333,1381,1.2312550555797708,0.6652654187195542,1.8265854630738199,1.1924603631240518,175518790.0433287,282740758.58306986,139039676.6832478,274528286.5336855,135001138.11442265,2.1793327912377563e-07,2.1348996563064787e-06,2.2051801843165943e-07,2.1602200620849322e-06,0.76433408,0.83980763,2015,18629,2065,18411,1.523800011746364,1.484772393591584e-09
1334,1382,1.0879809521242239,0.8154026280672897,1.780749858460392,1.3219866314529263,176058918.62296194,336927342.0958667,285167101.50845975,308161498.46290106,260820391.62071088,1.0401874170528396e-07,5.279640931776169e-07,1.0779900378793588e-07,5.471514300913423e-07,0.56851649,0.50342029,2481,14495,2623,15035,1.5874088931413524,1.3700551110068664e-09
1335,1383,1.648508675090569,1.5562201934911544,2.2549930795581674,1.9808190592332418,176490210.10387778,323615130.262018,321501567.9946291,279215916.1725642,277392329.5423626,6.298981616733654e-08,2.2320438665241835e-07,6.681989670142764e-08,2.3677627538710046e-07,0.89904833,0.85429639,1387,5353,1473,5493,1.4204372983309208,1.1101028530396088e-09
1336,1384,1.4482084343405794,1.2178597521403431,2.049192688884929,1.650031175734075,176205705.04519036,283836340.83984464,251193659.23113632,266102658.2917199,235499444.04457462,9.95362433427154e-08,4.373561736457043e-07,1.0213833177959643e-07,4.4878959130366844e-07,0.89904833,0.85429639,1657,7717,1692,7824,1.4888715633473075,1.2015101205785837e-09
1337,1385,1.76872756952862,1.2857324764997933,2.2232913239995424,1.6688031971627553,176405168.65444148,430120258.67381024,267649965.78045464,391851502.7899307,243836553.14473727,4.8287800304634305e-08,3.035547733487548e-07,5.012158251224611e-08,3.1508259898775285e-07,0.72540802,0.84741223,1201,6659,1230,6619,1.3729673562809015,1.1520241572732068e-09
1338,1386,5.036751906717286,2.238429636449579,5.352245761802918,2.536587792244652,176558129.332218,989134248.8345273,462618072.4623388,825139489.4366717,385917726.0978761,7.0416943031482375e-09,6.00424506680092e-08,7.571262686894e-09,6.455792410203437e-08,0.89904833,0.85429639,323,3023,338,3033,1.138334634463579,9.834741402938815e-10
1339,1387,1.9723628077598065,1.3054960404021756,2.53090718220512,1.7151585551548267,176592854.90858397,301996519.4511001,250003473.22946733,278959160.8794456,230932327.418203,7.586961899830248e-08,3.7092331591527357e-07,7.831634790900373e-08,3.828852687059338e-07,1.1533417,0.92215228,1056,6665,1099,6720,1.3445120385632765,1.1526737902928098e-09
1340,1388,2.8198342546525614,2.033872376331742,3.254109809353081,2.3636110641246235,175686328.07711825,551034142.943112,418266510.02845335,528154606.1788313,400899629.74341196,1.8745654142171675e-08,9.168299128515567e-08,1.9066350612168035e-08,9.325148345090573e-08,0.89904833,0.85429639,681,3617,707,3639,1.2734403784559538,1.0348478045177999e-09
1341,1389,0.8874922982339989,0.8599734553377509,1.5710790100829117,1.3324865801137595,176920085.6962423,195071516.67312756,171070285.10760653,172578978.25395384,151345186.2013965,3.068285813800785e-07,1.264069957109653e-06,3.222390725989662e-07,1.3275579766627195e-06,0.80491102,0.88938051,3253,12518,3374,12580,1.680155838178359,1.329024430024683e-09
1342,1390,1.5843662625615487,1.261678435645031,2.123206811860437,1.6725895519402918,176138951.50003272,310404460.99223244,260133039.75768557,287179042.9545184,240669084.32843444,7.910113139835091e-08,3.655852499392858e-07,8.160049240513417e-08,3.771366589039926e-07,0.89904833,0.85429639,1427,7084,1469,7145,1.4278105837966655,1.1728604383558523e-09
1343,1391,1.3839812364952109,1.2766273274946909,2.0140683988389156,1.6960908170380622,176041541.6594198,270995654.37191457,263069638.9302434,240288924.50222468,233261012.0787531,8.873039033002255e-08,3.473295231130207e-07,9.310303130766791e-08,3.644459507525387e-07,0.89904833,0.85429639,1684,6925,1657,6826,1.4850624594896251,1.1781802723132564e-09
1344,1392,6.69617720877938,2.262072058614265,6.971326466515259,2.5716484380057443,176753846.1282257,1316475473.579849,468022505.13930476,1112638948.1556144,395556224.39005274,5.416809660916733e-09,6.29493837956299e-08,5.7938464463413614e-09,6.733097273755124e-08,0.89904833,0.85429639,237,3072,261,3192,1.1138372231931704,9.870785809394697e-10
1345,1393,2.9834258219136913,2.186265969695287,3.422290779246687,2.537962443337449,176390560.86874455,585339115.2371656,451408533.52172226,576644783.0603211,444703538.69780743,1.736352405949226e-08,8.18956902366886e-08,1.746777322042231e-08,8.238738518073971e-08,0.89904833,0.85429639,647,3352,687,3410,1.2718226941555684,1.0269406392082729e-09
1346,1394,1.105442541743423,0.9468472190838113,1.7327287472915238,1.3925518341760148,175600073.40987375,215912521.05494988,194623836.79164568,203228406.60607174,183190358.97255826,1.9835498362621124e-07,8.47353839280429e-07,2.0321720926546211e-07,8.681248100296738e-07,0.89904833,0.85429639,2371,10900,2435,10947,1.5810821839785665,1.2918377370131e-09
1347,1395,1.241545048869476,0.7056019977002934,1.803495376374491,1.2046298157095083,175847928.81553775,242838030.0477094,145240751.70644516,225340240.26516283,134775372.20752925,2.6102458845922665e-07,1.927190388300921e-06,2.689506504482227e-07,1.985709896261591e-06,0.89904833,0.85429639,2059,17052,2169,16853,1.537083643773143,1.4529349954736387e-09
1348,1396,1.8241338671498526,1.3413672368080758,2.277508153885723,1.7077843547488967,174798326.36245626,354658961.4808243,274458315.37633467,348695842.99963945,269843664.03381115,5.659681938765325e-08,2.768156662239016e-07,5.6982000572202e-08,2.7869959163475307e-07,0.89904833,0.85429639,1174,6325,1243,6398,1.35881372886148,1.1327302490569003e-09
1349,1397,3.2402250717353582,1.9188445475128704,3.5597206768493037,2.2113794599501704,174190111.40354446,627791796.4856683,391250331.16123873,601327058.9118879,374757064.7665523,1.4945133451141055e-08,8.8368402231318e-08,1.5204836453766426e-08,8.99039883451327e-08,0.89904833,0.85429639,553,3682,593,3690,1.2047097437265917,1.0116618492181426e-09
1350,1398,3.7429683430296374,2.118731782419033,4.1021930288879584,2.4440463829993906,175538233.21350467,982451940.0439034,807677787.4537538,942541990.3840591,774867653.4158351,5.42757082731708e-09,2.5090138022334316e-08,5.5183563586654296e-09,2.5509814077135246e-08,0.66876966,0.46047872,488,3460,524,3518,1.2245116448846012,1.02902324242287e-09
1351,1399,1.4840207682760864,0.920901736217624,2.079098616433583,1.4007998924370841,175624279.21565711,390015991.30863535,127670526.38773555,373617252.63509333,122302450.09034792,1.3560520726771714e-07,1.7653706512205625e-06,1.379553551233243e-07,1.7959659516069771e-06,0.66825485,1.2667975,1582,11342,1652,11345,1.4545691568730408,1.3062716891852618e-09
1352,1400,1.183039090620547,0.954768900199355,1.8342716738670688,1.4352271831418175,175792363.4800217,231321532.88070902,273646086.3330974,217590645.55413997,257402879.17462668,1.409108521323664e-07,4.657876036381733e-07,1.4440252176667044e-07,4.773294856653354e-07,0.89904833,0.61335093,2176,10869,2249,10897,1.5561144393057753,1.2983043125925413e-09
1353,1401,1.9247484393180774,1.216505623833274,2.410254945363963,1.6299147554745044,175720006.00838223,376194244.5536792,250222730.6956239,369119011.43316543,245516693.38284287,5.81103615503641e-08,3.7517848591577815e-07,5.85533666334198e-08,3.7803866389229583e-07,0.89904833,0.85429639,1085,7444,1095,7440,1.359698764838352,1.188884524622059e-09
1354,1402,0.5432634938309406,0.45974084845218305,1.0925627161840237,0.7607697865010055,174726939.14378747,116219348.1791102,91458410.8961359,108545247.32775363,85419303.98391944,1.9736252290986086e-06,1.0935058484979447e-05,2.0282978825812017e-06,1.1237977526825206e-05,0.81675529,0.878313,6615,35036,6856,35324,1.9479832750934372,1.6970233756993798e-09
1355,1403,0.5266153821401758,0.37766521037288314,1.045596708742544,0.6761596704355965,177404645.28816476,195558138.80081046,115846215.67604475,182496562.51091835,108108699.90080419,1.2904673164745265e-06,1.1323847264845398e-05,1.326647345521279e-06,1.1641326923363493e-05,0.47773013,0.57834917,7271,54465,7755,56211,1.945092754287894,1.8529562452901207e-09
1356,1404,0.6213742164578504,0.5291388123633861,1.1440543494429292,0.7994027912544102,177999809.20608643,247699266.19066927,140663843.21890414,231071071.08086115,131220998.00619794,4.784933344652045e-07,3.4165862008110484e-06,4.91980114624537e-07,3.512885864080649e-06,0.44652733,0.66958648,5247,26036,5513,26251,1.8054650832902994,1.5404507757417836e-09
1357,1405,0.8794258520007965,0.534708005511502,1.3224389066481277,0.7989877661174466,177333206.54165423,225984264.17568243,136954908.0079498,208942364.5088095,126626880.03807823,4.3328126675636793e-07,3.645491096049138e-06,4.4708550524974996e-07,3.761635578574526e-06,0.69009852,0.69235551,2995,26126,3143,26358,1.5584015211769153,1.540150054544772e-09
1358,1406,0.7015687854770833,0.6206202176158214,1.2116149720692808,0.8767942509124467,178124522.04931936,134598216.0451582,98404198.13045259,125168072.781735,91509859.45822893,1.07432894197881e-06,5.551204237784077e-06,1.1060011306906115e-06,5.714858758598725e-06,0.92844176,1.1234041,4326,19441,4571,19520,1.7122294943376248,1.4206055346891612e-09
1359,1407,0.8005337731525385,0.46346421503365604,1.261150740707985,0.752606424891921,176293609.556845,177193342.6016862,126517199.93282369,164456826.2638075,117423244.36819887,7.622538966109975e-07,5.928296460426443e-06,7.853402412832961e-07,6.107846471273836e-06,0.79646891,0.64580768,3545,35327,3762,36084,1.6253574012690208,1.6773384819591444e-09
1360,1408,0.5545075959156177,0.3990909962578554,1.1383766951098881,0.7337753697536418,173007763.86375916,112051306.91711147,108909401.11747213,106223245.12018111,103244757.50515944,1.9202370650827716e-06,1.0436431109708263e-05,1.961705423965085e-06,1.0661810401972507e-05,0.85616243,0.63397503,6383,47372,6599,48435,1.949175291963784,1.8447613964539596e-09
1361,1409,1.6285774904412402,2.613119801236125,2.0381458750513954,2.872813580243678,171004119.7318415,339036020.85807806,507148393.58370864,322866737.9887269,482961506.8575201,2.883778533604607e-08,4.790366960246134e-08,2.9407013383911265e-08,4.884923848077962e-08,0.82142735,0.88111144,1344,2288,1378,2134,1.4040642934319514,9.293351033739217e-10
1362,1410,0.820157501169021,1.6902330631729559,1.3757943229888931,2.0330006411728188,171271321.93331495,171006552.7021258,328549191.35430634,164938997.84360614,316891800.39024806,1.8612805447378547e-07,2.048825568670868e-07,1.8883721994241554e-07,2.078647013361632e-07,0.82142735,0.88111144,3781,4239,4046,4152,1.727938659283704,1.035718067188943e-09
1363,1411,0.8665594183646452,1.0523294821331934,1.4041086425508778,1.4412818825271674,172086971.56285173,199852317.60143697,169046955.69491127,194079858.16342917,164164266.78452477,2.1638382041459412e-07,7.917459555964894e-07,2.1893554339815854e-07,8.010826811805408e-07,0.74616891,1.0712538,3158,8287,3126,7967,1.6885009257575834,1.2036359951778408e-09
1364,1412,1.1075414070777545,1.3546357285818416,1.5881101956778236,1.6916503176356572,171806889.24910477,231649510.89661846,264138836.50556254,221114952.40557107,252126784.2799618,1.0440814993075656e-07,2.669454172480048e-07,1.0637013505055804e-07,2.719617204464345e-07,0.82142735,0.88111144,2237,5636,2263,5394,1.5460479129301636,1.0970696815248016e-09
1365,1413,1.1125244154558656,1.3366553515162503,1.5977005859275946,1.685171391004438,172011842.28986862,178346476.39956665,292276947.8154208,173519863.1775189,284367019.85213923,1.2724211133148047e-07,2.4189060319376034e-07,1.2864621158244865e-07,2.44559834732731e-07,1.073009,0.78665304,2171,5760,2096,5435,1.5594305570736666,1.1124242463045893e-09
1366,1414,0.6004851574986492,1.0208963622409577,1.1977384858953082,1.4135750701608987,171610361.26381725,138110722.81423107,224428772.22904196,133819692.99279587,217455884.5719536,4.672818128963864e-07,7.089103363831841e-07,4.7321862112047093e-07,7.179170312705613e-07,0.74613667,0.7806325,6117,9267,6477,9392,1.9462176536198346,1.2186768697821455e-09
1367,1415,1.1882227528136782,1.0758767609755056,1.6391183454737637,1.4400614184823322,174403286.17675424,180880083.80092013,122182703.87514213,175862798.35161537,118793577.28128135,3.649110998871173e-07,1.742882358325234e-06,3.6904028959950596e-07,1.7626041259177419e-06,1.1456759,1.5357038,2356,9059,2557,9111,1.6071246461318194,1.2536245364192216e-09
1368,1416,0.3969672609400146,0.44990558716873236,1.042793836903332,0.9431016510288173,173510223.61174154,74205143.37018888,97099851.80235459,73433367.10832174,96089957.37659998,4.0506903318271715e-06,1.0192493840216853e-05,4.067665855385093e-06,1.0235208267913062e-05,0.92820895,0.80394787,12935,38876,13696,39789,2.40852615889838,1.7831065237022415e-09
1369,1417,1.169328585105887,1.053860593343947,1.63758656369709,1.4347043539455653,174200920.12194368,167484554.77213794,186613284.20527756,159472742.2387252,177686427.3298406,2.8238374739049225e-07,8.705488628819533e-07,2.8797515293488393e-07,8.877863695853787e-07,1.2162203,0.98376429,2388,9520,2528,9635,1.6242606205467234,1.2712195893862211e-09
1370,1418,0.9647433665952077,0.8290879931563921,1.4522789512216723,1.2316748018611923,174069947.67106113,268013784.19457275,178636080.68101653,260599355.9399759,173694228.8733863,2.0353997123253467e-07,1.0986137311567412e-06,2.0583689683302362e-07,1.1110114631052227e-06,0.6265828,0.8078956,3168,13814,3330,13940,1.732889592119117,1.3892014895363178e-09
1371,1419,0.7542068929023319,0.5775778783845918,1.275023209601457,1.0218784647008676,173105301.45099232,167352079.95964292,88513959.55484717,160267454.96582356,84766840.24616927,7.554503653150443e-07,5.898568208217297e-06,7.686351572556532e-07,6.001515268862905e-06,0.78013498,1.1295596,4372,23944,4401,23733,1.8771892121409646,1.6053836040699761e-09
1372,1420,0.8420465878892391,0.6388446349207891,1.3414152675854627,1.06426188110926,172550538.5603548,182857138.26038402,112738184.98849694,176189280.6018563,108627204.26695885,5.411211056446325e-07,3.499322714333621e-06,5.492213962104561e-07,3.5517056845670976e-06,0.79458529,0.97777861,3844,20975,4036,21210,1.7993296015098708,1.5368590039389134e-09
1373,1421,0.5178304096540699,0.5882861760136979,1.129551391969966,1.0539691804899005,174402223.74289912,116684857.20997725,103302852.87713555,116597527.17712912,103225538.29021505,1.4883135588942227e-06,5.286050412796921e-06,1.4887593497511502e-06,5.287633730323796e-06,0.77397168,0.99318087,8197,23723,8613,23839,2.15203867232334,1.5895260802122114e-09
1374,1422,0.5793383701456474,0.624499047960509,1.185095378462277,1.0921676968433447,174043601.34057903,135446191.20859075,98258276.86127862,132325805.85913883,95994620.09216249,1.0870321563979087e-06,4.923946331466059e-06,1.0972138760165218e-06,4.970066623923842e-06,0.74442947,1.106167,6684,21159,6899,21031,2.057202927515618,1.548726821486035e-09
1375,1423,1.0949734969012508,0.8485446201366597,1.568581891880486,1.2546200203963356,173810855.53188777,220856173.8702798,155958976.39270088,210004612.62221462,148296078.15964094,2.6161753649345047e-07,1.3896014212106975e-06,2.66943368204576e-07,1.4178899809689778e-06,0.8617295,0.94567347,2626,13278,2764,13378,1.6602375715512265,1.374614619391631e-09
1376,1424,0.9544072211335306,0.7630306153214377,1.443531568947105,1.1743951513939452,173446542.50344896,258622929.24138436,128728422.7600242,248982629.70090047,123930006.16788045,2.800829387656512e-07,2.133480716389688e-06,2.8437135366924246e-07,2.1661469349784087e-06,0.64007717,1.0280948,3170,15586,3304,15669,1.726973546178937,1.4275344323864773e-09
1377,1425,0.9349266266924665,0.7246731514179341,1.4411985093709152,1.159977910972546,174166606.34373102,282893288.444103,131484223.18447323,270439615.91123205,125695957.6947393,2.7369435264590785e-07,2.26419862797209e-06,2.7866778769188363e-07,2.30534249776167e-06,0.57559866,0.95991641,3270,16985,3478,17253,1.7161583055186045,1.442906452911734e-09
1378,1426,0.6561782382516944,0.5005046550598197,1.2045274104930808,0.9657274490034656,172745084.0819646,184470264.11243847,87322964.73451024,178918324.64081445,84694834.84581849,8.401264943402428e-07,7.461268814161991e-06,8.504588396852262e-07,7.553031669659385e-06,0.61447066,0.99011433,5481,30903,5609,30915,1.970524907051921,1.7115729543321864e-09
1379,1427,1.3538910799498407,1.0692741794070362,1.7693961385945014,1.428216797681509,174433877.420439,297217270.005837,190756516.07834563,292239889.78342956,187561992.05083853,1.2796120593017317e-07,7.169440609744255e-07,1.2882855704094857e-07,7.2180367622367e-07,0.79458529,0.97777861,1944,9249,2034,9261,1.571128966826451,1.2711952265672364e-09
1380,1428,1.2752726780567523,1.289955765114825,1.7267054610122459,1.6379756705875916,174281706.1639867,279714086.0184403,229924943.4596269,269652423.8639543,221654258.43653676,1.0368948880965151e-07,4.207695374835897e-07,1.0522010648727759e-07,4.2698074847201715e-07,0.79458529,0.97777861,2043,6890,2076,6846,1.578884896122684,1.1874153344166811e-09
1381,1429,0.23169500468236576,0.35599406433795655,0.9397508936871124,0.8758298759730629,173873817.56691298,48839191.163366936,66119892.02655012,48444622.69576373,65585713.9647608,1.4850530490291034e-05,3.0440523542690398e-05,1.4898794221179368e-05,3.053945423323542e-05,0.82486409,0.93614864,30532,56365,31479,56855,3.1478492024631906,2.0029098243165834e-09
1382,1430,0.40416282579109797,0.49831419753333894,1.109698580092236,0.8365312937516021,174829911.86890316,118946384.52428445,108488163.28085586,116237500.12212028,106017454.36014082,2.6824569476588298e-06,8.808544319553116e-06,2.707289845429423e-06,8.890089591243725e-06,0.59404707,0.80303901,12935,33072,13904,33775,2.349730384463799,1.6774834076204299e-09
1383,1431,0.1658074931298096,0.30428793957010386,0.8707781710790484,0.6457095550930405,170769821.5248487,31261127.193872076,50204551.76600802,32209785.199992154,51728071.68520752,0.0003037169322696679,0.0005853735836297038,0.0003001067243248204,0.0005784153928349693,0.9057548,1.0350296,109710,184242,122740,207018,3.672315135516593,2.114858407316184e-09
1384,1432,0.201464663757793,0.3502482018912905,1.0539433960514477,0.7421897788911813,173355199.93500298,36064390.297044486,72266964.43306637,36266420.86028653,72671799.65717389,3.256777044313257e-05,3.971287328339708e-05,3.2495078253056724e-05,3.9624233020526904e-05,0.96840531,0.84018123,39740,57844,41355,58124,3.3374408090813588,1.991901747307266e-09
1385,1433,0.6975715404587015,0.4581789191818697,1.2611962218937718,0.7717171618048873,177017716.41102496,155194314.28974536,92356522.74103592,139432453.57274243,82976600.19417553,1.1881152231919059e-06,1.029633160778082e-05,1.2401189250393995e-06,1.0747001162889679e-05,0.79566395,0.87818146,4407,35119,4521,35498,1.7686679527041278,1.6821538353002581e-09
1386,1434,0.5275408007231954,0.683630863002069,1.2518292631144445,0.9973897222361571,174688295.70993602,180818902.27989656,142924057.81309214,174992953.59403905,138319073.39888147,8.12758546401855e-07,2.9786741266188667e-06,8.23475820706987e-07,3.0179518036385683e-06,0.5096547,0.83556479,7979,18797,8568,19153,2.066561270284746,1.439959671107902e-09
1387,1435,0.23448600004936387,0.34006330513295935,0.9422595914171293,0.689308453721382,174039219.31214836,52980980.337228544,50225512.040676065,52580685.015859224,49846035.53127041,1.8624959115537056e-05,5.344914451276014e-05,1.8681546626858056e-05,5.361153703407797e-05,0.7702719,1.1783723,28385,55610,28990,54382,3.0410220155029983,2.0007609616780953e-09
1388,1436,0.5122028919891305,0.7377254868053704,1.200319345070141,1.0315508657861694,175079690.99597365,115708773.1008668,130538486.0865171,115651174.17333432,130473505.04317181,1.408771318642425e-06,3.330882852217881e-06,1.4090519265897042e-06,3.3315463184507747e-06,0.7750175,0.98944575,8176,16027,8648,16016,2.093313310009152,1.3926445644502889e-09
1389,1437,0.397260249504159,0.5003715221826485,1.1082796165233626,0.8390323612643448,174985074.95661494,115436973.15017068,101592311.83559586,110497802.72713394,97245509.17668052,2.899664312388261e-06,9.711273374012976e-06,2.950830331853935e-06,9.882633624359327e-06,0.60218674,0.86185211,13194,32493,14124,33051,2.3674359070648596,1.6727938793636922e-09
1390,1438,0.7280850644889436,0.4339260414509877,1.2696253149342875,0.754377367386348,175776094.8578952,266839945.25968656,98092084.42029324,243404458.01458004,89477048.20058303,5.916936645258997e-07,8.844071374052033e-06,6.138550670133873e-07,9.175318837222826e-06,0.47961316,0.7775737,4104,37795,4083,37643,1.765646870216276,1.7520049262044404e-09
1391,1439,0.6938746728382218,0.7246689752193176,1.3092110869018352,1.0189036643850085,173375092.91180944,117882058.61686516,136690222.75946358,108210230.44512166,125475247.70050469,9.896080953107642e-07,2.904941788475712e-06,1.0240826187398322e-06,3.0061399134925003e-06,1.0205165,0.91915536,4879,16561,5078,16550,1.8535851775205006,1.4137597837091214e-09
1392,1440,0.6000532010068528,0.6855867932807971,1.3657455926066064,1.0137340079156474,173643640.36736846,137277089.4799552,143790891.87408504,130215164.6162942,136393878.44423765,9.436253984656158e-07,2.8176201217794185e-06,9.637718143842766e-07,2.877776352171753e-06,0.75901538,0.827923,6308,18264,6684,18297,1.9669268851217738,1.4498479016439361e-09
1393,1441,0.5124817499795719,0.5254479953091962,1.1452510119006398,0.8432957766456329,173994430.11426997,138891234.88469028,127645681.34322731,132994187.94138665,122226098.34638868,1.296134252694186e-06,5.038306353751857e-06,1.3188240511156218e-06,5.126505670539022e-06,0.64200574,0.71624064,7927,28627,8276,28836,2.0794129803703907,1.6199816462419544e-09
1394,1442,1.7133405833393738,2.12146018059625,2.1512843429485815,2.4482126250125487,175426036.38917065,424519907.2120186,431016094.1169735,397273965.6567942,403353223.4007432,3.1192609583393695e-08,9.171245104400262e-08,3.203132408149808e-08,9.417843780736225e-08,0.70801049,0.86344653,1304,3307,1375,3315,1.4051563275689198,1.0090321449941797e-09
1395,1443,0.842082737955657,0.8974549990679479,1.4220555290075108,1.3643187613516439,174192903.65898982,220975771.1636763,179981327.00494608,213740464.2701129,174088282.12887675,2.770804223088951e-07,1.0959729633826404e-06,2.807947637353274e-07,1.1106647909257776e-06,0.66380507,0.86859173,3736,11866,3936,11898,1.756995804688217,1.3274061788034866e-09
1396,1444,0.7375531450929478,0.8718325910608316,1.3624768475989222,1.3715313163909015,175075485.8083551,140050985.70156795,177526789.28506926,132927087.31580442,168496629.29524544,4.884964217086528e-07,1.2175594256706065e-06,4.988046107579043e-07,1.2432522090375974e-06,0.92200333,0.85979426,4341,12008,4401,11763,1.835536720176221,1.339413073939158e-09
1397,1445,1.28234992363542,1.506667278812986,1.7749202924005771,1.8872229131845462,175489112.61780128,317846208.9795945,306218966.18099594,303429158.82600474,292329311.15699893,6.844549402863463e-08,2.2409938870957176e-07,6.972824774246943e-08,2.282992900648757e-07,0.70801049,0.86344653,1902,5268,1938,5203,1.5127919949617348,1.1024629901428512e-09
1398,1446,1.272274760923755,1.3989353782986191,1.7767877205710814,1.7994350626438615,174669313.95062965,310378721.9139446,209120938.36790743,287242349.9634203,193532563.6787944,1.0693672369289856e-07,4.958212369540073e-07,1.1030222216283004e-07,5.114256575562355e-07,0.71598774,1.1684678,2018,6039,2102,5972,1.546970916369027,1.1481026512764445e-09
1399,1447,0.9968351816992713,0.9918344119898514,1.549955255291125,1.4512675670293658,174766451.62540892,246060404.5018477,200752883.6596752,236307615.43527186,192795892.2339176,1.9043549780537476e-07,7.364545145366225e-07,1.935412367243886e-07,7.484650665305442e-07,0.70801049,0.86344653,2862,9789,3046,9659,1.6409233700954966,1.2660006972494774e-09
1400,1448,2.4240809924883164,2.407379294092437,2.7789816517989037,2.691598224955924,174415065.8008233,597160990.9499713,486287457.7614805,607620996.3262087,494805377.55140203,1.2728133848345512e-08,5.120768509984361e-08,1.2640032677589732e-08,5.0853237459463405e-08,0.70801049,0.86344653,771,2621,756,2494,1.2728797544952632,9.572136042873414e-10
1401,1449,0.3320493717504601,0.47720191755707636,1.0593906801843518,1.0259481572855667,173313248.9057355,93120392.71478404,105719633.87746003,91451069.94621803,103824450.8056205,3.163591389865181e-06,7.427693133785028e-06,3.1865650465138866e-06,7.481632233598673e-06,0.61800164,0.78230894,16680,32397,17418,32306,2.5828207335405056,1.7185747109828005e-09
1402,1450,0.8548234087504423,1.015333126923955,1.4221847695320633,1.4484262925081348,173711908.31593373,248880447.16381383,266598533.08130375,243873411.5769941,261235040.85946032,2.0918647866443614e-07,5.389051510050577e-07,2.108939587583611e-07,5.433039526089168e-07,0.59664392,0.66157699,4014,10220,4605,10699,1.7403403779229256,1.2617094069009697e-09
1403,1451,0.8773496105114422,1.0306754271644967,1.4524382942178826,1.4766693382235936,174097874.90980005,215737909.11344105,207816460.3789528,207515398.76161522,199895863.55956292,2.590416009776063e-07,7.580307282617159e-07,2.6309946802421863e-07,7.699052221689655e-07,0.70801049,0.86344653,3667,9597,4035,9682,1.7274471459171203,1.258551717765725e-09
1404,1452,1.3300411989234124,1.7498696157330942,1.8148401620604138,2.0966857652952897,174203563.3302581,327252095.1328095,353042732.6218504,313244500.312437,337931203.5395475,6.120443183471562e-08,1.5408622670838805e-07,6.228485576420543e-08,1.5680626578971006e-07,0.70801049,0.86344653,1892,4257,2051,4234,1.4976186049712525,1.0531762266315833e-09
1405,1453,2.038490603448755,1.961061382848248,2.445246070352087,2.303797424257592,175138221.52756643,504254702.3401738,397774258.1216143,475605720.5870428,375174910.1930676,2.8819979526454594e-08,1.1892316597114032e-07,2.9502228530601438e-08,1.2173840778903697e-07,0.70801049,0.86344653,1044,3774,1194,4040,1.324978732200852,1.014875061219669e-09
1406,1454,0.907198193218463,0.9400098693065104,1.4869601920204796,1.4214537397091977,174913520.15373835,224122709.61261126,190423413.03943542,216995983.54616478,184368268.0533894,2.408314530136793e-07,9.229826963904371e-07,2.4396463372529424e-07,9.349905614151132e-07,0.70801049,0.86344653,3300,10919,3451,10845,1.7128829933840077,1.3064615617576442e-09
1407,1455,1.1124764318745064,1.2159049444653125,1.631532914725227,1.6307493155329957,174827410.6744959,274701260.45875704,246191866.75889164,262925540.8216646,235638269.75302577,6.601465506278229e-08,2.821296492025176e-07,6.718178038051026e-08,2.871176424920805e-07,0.70801049,0.86344653,1961,6397,1594,5586,1.562434522036728,1.170096994583208e-09
1408,1456,1.1397068691043664,1.472221935767188,1.672151601394372,1.8727880678742652,175097632.51407316,475010246.0461062,269823376.1949773,466973664.1533011,265258300.64674664,5.372233805584754e-08,2.850253927877865e-07,5.409026897071375e-08,2.869774607230929e-07,0.4201172,0.95537525,2315,5588,2402,5604,1.5811277614021073,1.1202817709340286e-09
1409,1457,1.648895957675511,1.6551821996988705,2.103115959038762,2.0324896696231654,175244097.19944444,234271182.60189885,207755882.72395507,225231967.3222963,199739744.63693765,1.1115302392711088e-07,4.3133189523640724e-07,1.1291634657995745e-07,4.3817450981308626e-07,1.2334393,1.3961622,1304,4561,1324,4539,1.3902790117260033,1.0605024243238489e-09
1410,1458,1.4818820868074472,1.447107374999728,1.9218648604315074,1.802149557112637,175368922.23427132,281855448.2439812,328071214.61784405,251747015.10777712,293025909.33538514,6.959085238717447e-08,1.9040481568631512e-07,7.28076473248215e-08,1.9920616279147338e-07,0.92201895,0.77354443,1551,5417,1604,5231,1.441205750270625,1.1062708187725654e-09
1411,1459,0.5828382009769627,0.7150587733781626,1.229391903677149,1.2151015383683554,174365716.7612394,138267666.93232504,138873936.67378268,130585568.86612582,131158154.49536997,8.577443706050468e-07,2.54507645036228e-06,8.775827059805012e-07,2.6039402353182135e-06,0.73500192,0.89780515,6637,16947,7005,17016,2.0093188175130328,1.4440337214181948e-09
1412,1460,1.1778464094867838,1.3030691195052255,1.6915974645632728,1.7064981752979231,174119040.86303553,289664475.31562555,262771506.26396066,272916324.36628616,247578283.66633722,1.0656232829046562e-07,3.642651079475734e-07,1.0913146616890142e-07,3.7304726672388786e-07,0.70801049,0.86344653,2287,6766,2426,6800,1.5799672427378466,1.170173944732901e-09
1413,1461,0.5581401041448805,0.4991206971030739,1.2295620416003206,0.8316083189238365,175542093.05796692,128102337.46683426,131739494.69128598,117013919.45531055,120336247.76659903,1.3170279741228614e-06,5.1024161750258976e-06,1.3655978071696657e-06,5.2905849205845266e-06,0.76483446,0.66507536,6702,30986,7059,31450,1.974069348925635,1.637612908775448e-09
1414,1463,1.1100062228522964,0.8249582465139981,1.690714669686567,1.1245468223943031,171268438.60906643,250767303.75322017,187804672.56174144,221259313.9635985,165705546.09089687,2.0675166094717877e-07,1.1818772166391228e-06,2.1736856922397318e-07,1.2425678149443832e-06,0.75810933,0.75232053,2303,13685,2429,13992,1.545323347461279,1.3458962085315515e-09
1415,1464,0.46338218277298593,0.5145154617313937,1.2894143548161017,0.8759887943071434,175368741.10954088,107191333.5316553,119935486.54750746,102501617.14862898,114688202.11100985,2.1053822644109463e-06,6.073372783193909e-06,2.143396626331969e-06,6.183032389890662e-06,0.75810933,0.75232053,9522,29267,10181,29595,2.1524889588873104,1.6180467733508231e-09
1416,1465,0.3302006716648454,0.48318511907642236,1.2150878615274205,0.8575708928036877,174307962.25008288,70586164.1286745,112947024.1163775,67282199.7928584,107660252.35135001,5.607000577926868e-06,9.931106793459843e-06,5.715554372691378e-06,1.0123377030221664e-05,0.81540918,0.74568599,17345,34756,18436,35707,2.567856373337944,1.6907793146959325e-09
1417,1466,0.7826987519020067,0.6041844278218795,1.3689226843749718,0.907973788800646,177374038.649154,177984335.08254915,208696818.0080558,162490173.59485978,190529027.01294377,4.2761685560741054e-07,1.5497003250545957e-06,4.4348270398302203e-07,1.6071987843939193e-06,0.78001493,0.51350391,3812,21953,4054,22317,1.6867524326052397,1.4742841416090632e-09
1418,1467,0.5617605868013196,0.5159323979452894,1.4717768948317347,0.9166872376639118,173408485.1435819,128496047.35848121,118921459.6658532,125200272.44666412,115871261.84809506,1.5918903936906564e-06,6.6381725232921414e-06,1.6085218321114286e-06,6.7075255126594795e-06,0.75810933,0.75232053,7186,31667,7789,32730,2.0141101774587673,1.6528886841630145e-09
1419,1468,0.5183859833053053,0.4351841789179026,1.1981426333209615,0.7844441545469765,177180000.54047275,173742705.5541964,120644583.44275525,163269876.17991933,113372392.45610932,1.2043610681199546e-06,7.257783504828659e-06,1.2346871119649788e-06,7.440535892473263e-06,0.52864164,0.63911641,7652,39863,8172,40734,2.011702720794124,1.7314247884869411e-09
1420,1469,0.7198989493950118,0.514100983431493,1.427759420948077,0.8780333291089313,172297260.1848688,123212730.0288422,127317434.71027438,120653356.81605688,124672798.62566087,1.0785745238877072e-06,4.93035181389908e-06,1.0876686885074573e-06,4.971922822703613e-06,1.0066867,0.69572711,4406,29823,4563,30181,1.8069686571722303,1.6544476370907874e-09
1421,1470,0.8563163680954303,0.4111797055766264,1.3573320695720243,0.7205224095725119,178343317.51115847,311854908.432229,74818576.76755235,288816398.0872814,69291299.47209781,7.384816265200213e-07,1.8451449286525952e-05,7.615036496509003e-07,1.9026669680666827e-05,0.48970947,0.98011959,3269,43268,3540,44193,1.5870968941960846,1.7538622740004708e-09
1422,1471,0.5709047059580722,0.7225462628063399,1.5121445072749333,1.0768019479330249,173021724.34458825,125325963.56816976,174148614.95125502,124572922.29034129,173102214.89334828,9.065619978529202e-07,2.0259544551144263e-06,9.087500963072571e-07,2.030844344412998e-06,0.788176,0.71787077,6704,17167,7052,17303,2.015788241942008,1.436300233346552e-09
1423,1472,0.8319098647837645,0.608171924376705,1.4142730885466788,0.9091509060189213,176722280.86527455,170294248.6400004,121643775.70956612,158187618.85194644,112995825.6449104,6.381237513215198e-07,4.129336804739217e-06,6.572277713424602e-07,4.252960056228561e-06,0.86331165,0.88354319,3368,21780,3509,22187,1.6502703244261903,1.4699779769177913e-09
1424,1473,0.2633233838742796,0.5081106001336896,1.25429411721965,0.8961478569864058,173576209.95864198,49125838.74701665,106933263.33812633,49222065.15733397,107142721.42244595,1.023621112819073e-05,1.1419131664378373e-05,1.0228201938535092e-05,1.1410196914004688e-05,0.93039989,0.82477528,23996,30936,24862,31287,2.894506146894646,1.6663078599722204e-09
1425,1474,4.961977615524319,2.0154876444235503,5.14824002549811,2.172217975226429,186054022.40412292,699108749.3391061,342090656.4973324,651941920.8062627,319010797.5298243,1.3119499900549774e-08,1.1812569782082343e-07,1.3491232056029953e-08,1.214727095668043e-07,1.3205326,1.0961702,252,2955,274,2972,0.9560669308158526,8.746558936690648e-10
1426,1475,0.4697432191894397,0.5082216713218212,1.0890122554659065,0.8387005903972402,186126104.24865577,60665389.76487636,86294372.69675034,60728132.69344302,86383622.29496115,5.249172988167592e-06,1.507132908436948e-05,5.2470029848421385e-06,1.5065098610672803e-05,1.4412085,1.0961702,7999,30050,8091,30543,2.099840293675833,1.5827963991330864e-09
1427,1476,0.2481387033527945,0.4878271584995957,0.9695155105538545,0.8218453167395684,185967190.43126228,33735917.218799025,105665483.82805297,39909449.26647593,125001826.35329092,3.074170214015416e-05,2.1779618307909182e-05,2.8743167475214e-05,2.0363713554845187e-05,1.3678495,0.85855705,29585,34458,31771,35861,2.885812020835021,1.6063513201658793e-09
1428,1477,1.7026242515632053,0.7017891142670555,2.046084217466998,0.9462165526920375,185861310.83095607,239639653.91548294,118991963.75213498,236095416.3430076,117232088.94902046,2.2639709691590693e-07,3.3243373120630674e-06,2.2775048204873935e-07,3.3442099551135095e-06,1.3205326,1.0961702,922,15791,907,16044,1.1674394177909375,1.3076137725220088e-09
1429,1478,1.188249371893683,0.9686955187290016,1.554917542098742,1.1808492097017145,187656282.27403817,168857974.08108634,165833553.67643213,167975842.112551,164967221.60091195,2.465855414074261e-07,1.2421018584644535e-06,2.4710270922582747e-07,1.2447069386516691e-06,1.3205326,1.0961702,1530,9000,1510,9163,1.3071703315067502,1.114189529853641e-09
1430,1479,1.0235257153798114,0.527203806737353,1.4544628276412208,0.8044508276515666,185552965.55071926,143819419.3813507,114693861.7516193,138494784.9605797,110447544.48263848,6.535948163469964e-07,5.549309094743652e-06,6.63532567073194e-07,5.633684994164656e-06,1.3205326,0.852916,1988,25769,1981,26041,1.4024500646531204,1.5098809533623972e-09
1431,1480,1.2616294940186639,0.7728222018336715,1.6711642043296582,1.0235521418711861,186438206.02871192,178122024.05131933,131442712.90081488,178295566.03087044,131570775.83248132,3.6836676027788267e-07,2.6972117591145334e-06,3.6822330012412776e-07,2.69616133205271e-06,1.3205326,1.0961702,1558,13790,1590,14025,1.332976863843085,1.2676020408994742e-09
1432,1481,1.173448389478158,0.6445679127569103,1.6029487420668496,0.9153194118175462,185767410.27259168,118653359.22539258,109234598.69430955,118049401.90258808,108678583.79329257,7.077339113313808e-07,4.836205011856131e-06,7.091800408367297e-07,4.846086944386966e-06,1.8371875,1.0961702,1652,18483,1630,18668,1.3566311196821887,1.3819886056704326e-09
1433,1482,1.1768521620684416,0.8794659426700556,1.5264213591568705,1.0928038073233637,188100020.8705821,396233044.68543637,150914120.97428265,386998398.09305525,147396901.52050453,1.237836058174879e-07,1.5951743704131911e-06,1.2495675521797272e-07,1.6102925102020597e-06,0.55867606,1.0961702,1635,10772,1664,10929,1.321855803204389,1.173336920557063e-09
1434,1483,1.7344040839894657,0.7973216252096189,2.096673409268936,1.0431546130460412,185939096.76556465,244214742.44824228,135246572.86170396,246602867.62288186,136569120.96914762,1.8568888220116597e-07,2.1849782740002486e-06,1.8496749025132094e-07,2.1764897435143874e-06,1.3205326,1.0961702,929,12777,907,12857,1.189879700256442,1.2533608523105522e-09
1435,1484,1.6833726691287263,0.7393066313571047,1.9823519084116905,0.979160277189289,186555251.63243473,237814660.44872564,125821277.24905524,219811611.92045784,116296353.27704568,1.8654930805881034e-07,2.51483666918117e-06,1.9251689104490612e-07,2.59528455009791e-06,1.3205326,1.0961702,892,13764,854,13869,1.1487669094416217,1.2627013785000613e-09
1436,1485,0.4462649273560873,0.5307485345571302,1.0072579467563716,0.816300270505764,186700334.0752009,63094096.29374296,90397393.31696804,64251563.4852408,92055742.08662452,4.000001642049674e-06,1.112175971129995e-05,3.9710209588098785e-06,1.1041180695563062e-05,1.3205326,1.0961702,7713,25641,7736,25912,2.0685071308723844,1.5042176848792229e-09
1437,1486,4.795426728421463,1.120611275895199,4.985722817714959,1.3181155762446266,186521959.86497155,677342151.0184906,190680800.6883957,645237300.7626891,181642859.45950243,2.7702093189885807e-08,6.396335416412666e-07,2.8245420241788328e-08,6.521788104805471e-07,1.3205326,1.0961702,238,7017,255,7093,0.9058326861138896,1.0522726486153168e-09
1438,1487,0.5125606319587552,0.7043859715165819,1.1067293623420618,0.9869751429131168,186115233.10224617,101550273.08248587,67648219.49098295,98709749.22547577,65755990.3958203,2.7887503154586795e-06,1.3640044886573606e-05,2.8205775912958714e-06,1.379571514096325e-05,0.9393903,1.9379218,7126,17141,7344,17412,2.0105856810652205,1.3627040621963797e-09
1439,1488,0.5040650120929059,0.50208317547666,0.9971366702923297,0.780159303151196,188054659.40313053,71782986.7783395,86135419.98888998,72244645.6557305,86689383.86083731,4.128590616362114e-06,1.5029768686665674e-05,4.118017282251771e-06,1.4991277399761255e-05,1.3205326,1.0961702,6807,30223,7102,31146,1.912583784173502,1.532056507487008e-09
1440,1489,0.6127802430347675,0.4379993157443438,1.1670857507217491,0.7558812916404573,186050593.78227323,86334959.14804694,74340675.17112264,84606594.6484973,72852427.70907208,3.133371354097304e-06,1.894853656501093e-05,3.158819844441251e-06,1.9102432032643917e-05,1.3205326,1.0961702,4906,36412,5037,36695,1.7869607104828185,1.6782295432975364e-09
1441,1490,1.2275083979258983,0.9806265529625827,1.5948148348216116,1.1926491741492682,187464110.36109102,174258302.88320532,167704143.34160322,168601521.3168613,162260123.2234334,2.0627652035828313e-07,1.1449028933888566e-06,2.0901747315984207e-07,1.1601160877344686e-06,1.3205326,1.0961702,1396,8720,1320,8826,1.2930353711292875,1.1091767548537448e-09
1442,1491,2.697679729428221,0.9330809677876266,2.945464403790047,1.1406572979246534,183583045.66718304,375036754.8389605,156269387.65579945,346415952.61634916,144343742.55611923,6.249773041320093e-08,1.0699935333656631e-06,6.451409745002793e-08,1.104514781993931e-06,1.3205326,1.0961702,469,9133,445,9178,1.0091369200016502,1.1266261933498946e-09
1443,1492,1.3066397520738677,1.3463023164225956,1.8182091240377132,1.7399568140652963,176027066.1726956,458322562.145937,201836265.05463845,432013123.7805871,190250104.5337942,7.761139620757441e-08,5.416533807891958e-07,7.946853650915747e-08,5.546144454279756e-07,0.50183862,1.174148,1948,6298,2104,6276,1.521557172909925,1.1415069650833644e-09
1444,1493,1.1882303075497862,1.5224351512891139,1.7320262303944802,1.9157086477766123,176300675.14525962,236729957.87377504,291579687.34135,224762536.51781362,276839444.878611,1.2964275139314194e-07,3.135616461092085e-07,1.323609750967497e-07,3.201361031446939e-07,0.88491464,0.92052484,2240,5439,2387,5550,1.575919714048489,1.1096133226427415e-09
1445,1494,2.9372884558307195,3.3415765707711693,3.303534652963404,3.6433251153344828,178345278.45008948,591979727.6078098,647407194.331094,575402554.7903254,629277889.4863522,1.2033931977680798e-08,3.572977293173511e-08,1.2171429048485997e-08,3.613801349082752e-08,0.88491464,0.92052484,612,1808,686,1958,1.2005104416642898,8.943461134831641e-10
1446,1495,0.8031570547597484,0.9416078636483469,1.3972523476987528,1.3785082291378878,176785367.94670704,160452103.54379,180834329.9422379,144250787.94819948,162574961.6622093,3.4332276197293184e-07,9.793790860457326e-07,3.582560111273756e-07,1.0219783935443872e-06,0.88491464,0.92052484,3570,10085,3504,9609,1.75547685842613,1.2793715504863567e-09
1447,1496,0.8143464696765526,1.054816341588396,1.3745907717458115,1.4784017375108243,178082772.38161904,159989058.1173474,190014312.08721122,150164360.16156176,178345806.46875843,3.671539445913318e-07,1.03290746664426e-06,3.7658027060522635e-07,1.059426376943895e-06,0.90644372,0.98858142,3549,9151,3665,9454,1.697466555256712,1.211308029665664e-09
1448,1497,0.9810454561628956,1.2287244220668447,1.526099226806019,1.6501005623245464,177906296.31540024,149772372.21145874,248920936.43285096,139134164.8122937,231240288.7361695,2.707924489914025e-07,5.482810158842209e-07,2.788917832432061e-07,5.646799635952988e-07,1.1653295,0.8781817,2674,7189,2752,7394,1.5909141835964438,1.1497542902270228e-09
1449,1498,1.37495931799479,1.259711084118589,1.8269376539460018,1.6491107640277767,178442058.79174587,350060240.55137056,264477357.45732877,340833774.01788414,257506581.56001037,6.776643465810713e-08,3.3360850521853917e-07,6.849434270789519e-08,3.371919358306332e-07,0.700881,0.84992319,1586,6570,1593,6467,1.4192733810744511,1.1364469052866101e-09
1450,1499,1.1603383641192737,1.1196539109917647,1.6963221390975967,1.5500414506082802,176544832.19547504,231493222.6495984,214735228.47362643,216610771.78695098,200930131.0731058,1.879692030137339e-07,6.808665210962802e-07,1.9303230315120633e-07,6.992062029233669e-07,0.88491464,0.92052484,2292,8430,2458,8559,1.5696221919476412,1.2105946407465512e-09
1451,1501,0.85644399899466,0.9708630622748128,1.4598683521303477,1.4266164271418598,175714185.80915353,114353173.83989027,226240300.3187709,108802928.31312919,215259501.3374022,5.842476370318552e-07,9.286768032498847e-07,5.959914371182841e-07,9.473438787004199e-07,1.3160051,0.75404078,3668,10686,3954,10969,1.739500593322544,1.274590282629673e-09
1452,1502,1.0107336978127512,1.1311162641244976,1.5701496378089073,1.5451421122206794,175560723.81364062,210002832.0339202,176922537.60353652,197439116.4324945,166337897.2708083,2.180342262167827e-07,8.695369796746491e-07,2.234814363630816e-07,8.912608656005059e-07,0.84496546,1.1224098,2644,8030,2634,7908,1.6411410923778382,1.2044887337421055e-09
1453,1503,1.8455913599556895,1.72651855553236,2.2831322104501606,2.1164228059872157,178368324.07932493,389895063.1251973,332859148.3244812,364007739.23976785,310758759.28175783,4.0468204055801354e-08,1.7088644022527587e-07,4.159573270129833e-08,1.756476931885979e-07,0.84431702,0.92518479,1077,4240,1100,4239,1.3183735964655348,1.036280022081159e-09
1454,1504,0.7083177894710573,0.9912397850416337,1.3646208023350592,1.4685823316929876,176224634.2076957,255116550.90575343,240080663.47349173,246073895.0739836,231570957.6000545,1.9729062620691756e-07,6.038316069741815e-07,2.0015926044003216e-07,6.126114058531513e-07,0.4892785,0.72759241,4685,9999,4815,9910,1.8694507852564144,1.271113498986831e-09
1455,1505,2.8256199696327027,2.6511542814193976,3.1991735441006846,2.995570054283856,178186266.8824095,568966373.9965231,513184722.2454523,517828552.63734025,467060469.82942075,1.556931097313034e-08,5.604493269061707e-08,1.6167007353349645e-08,5.81964635744582e-08,0.88491464,0.92052484,641,2393,708,2450,1.2106568327314737,9.35553762361387e-10
1456,1506,1.144239809414839,1.518156200028268,1.6719133097338705,1.8841174126773905,175704247.2423944,227194562.37950262,289776528.27091634,219461382.45630002,279913202.28648174,1.3279551201660475e-07,3.097449567430164e-07,1.3464782008098165e-07,3.1406545728224714e-07,0.88491464,0.92052484,2346,5422,2456,5507,1.5979375448415092,1.1052329496809891e-09
1457,1507,2.1307890447919378,2.255964214444496,2.5656409416988217,2.629900551447222,178349015.69541535,429447216.2797718,437086518.0457887,394679603.8261337,401700435.4446011,2.6162447832839034e-08,9.081550457968724e-08,2.706103598032526e-08,9.393469803378203e-08,0.88491464,0.92052484,897,2991,926,3090,1.2778348443889642,9.69793719938593e-10
1458,1508,1.5206193134675021,1.898533171936396,2.029631946418871,2.314117148078385,178278258.46892652,306349732.2173368,367689358.10391355,301989327.9976034,362455881.2634966,5.3654793858260544e-08,1.4382970540994153e-07,5.396334899505027e-08,1.4465683363532296e-07,0.88491464,0.92052484,1410,3713,1449,3734,1.3840271353793814,1.0079487468384843e-09
1459,1509,1.515521662867672,1.6081103559778873,1.9966196086350645,1.9787790128278775,175931689.87811056,301303962.1484776,307343767.5377447,282981892.05872834,288654421.3694417,7.88427108583593e-08,2.58243774625447e-07,8.084627730605507e-08,2.6480631612779814e-07,0.88491464,0.92052484,1588,5088,1681,5293,1.479849380135723,1.0893458672811348e-09
1460,1510,1.0198048196593625,1.0434676419226996,1.5213954128752185,1.4482606760628673,177494687.86809468,204550732.88404083,201200397.15987062,191451448.5899327,188315665.9964838,2.1794596367386647e-07,8.192546984730844e-07,2.2379263180121705e-07,8.412322118576057e-07,0.88491464,0.92052484,2514,9144,2580,9323,1.57073310270427,1.215111201150743e-09
1461,1511,0.21690252971342436,0.3920881394570962,1.0442902850100504,1.0006201548502578,175888145.60380545,43897410.09826405,75306233.67960125,43980761.34443297,75449223.17277254,2.1175280665261336e-05,3.069454502166355e-05,2.115921918310159e-05,3.067126316320508e-05,0.86908507,0.91577619,35413,49668,37078,51006,3.2200082378865678,1.8766246772744174e-09
1462,1512,1.293711597205301,1.2536318378210303,1.8005307595176263,1.6587999193505145,176698841.80318648,207771490.19656828,240957124.16759402,196146139.86345503,227474952.08971372,1.5843134126702985e-07,4.7221637745831504e-07,1.621226054174852e-07,4.832184643650457e-07,1.1002344,0.91931415,1886,6935,1936,6906,1.5144595146269744,1.1616653038886693e-09
1463,1513,1.1295675115584263,1.6121607907084687,1.6857492003097923,1.9954524222339103,176077493.19041342,194144296.5572709,254354807.79865634,188905694.98080108,247491544.12959635,1.8821275942939403e-07,3.896936146255068e-07,1.902833971575368e-07,3.939808600986949e-07,1.0244515,1.1160207,2435,4957,2616,4972,1.6028444741012677,1.0929680829628957e-09
1464,1514,0.6899774936376446,0.6226923558596945,1.2749004580016061,1.0490201314210974,176135061.59951144,152410516.02886862,207262008.8856969,145023932.23953262,197217044.56912497,5.023015392109486e-07,1.3241319229205322e-06,5.123828815335658e-07,1.3507076471682357e-06,0.79738086,0.5291754,4692,19739,4823,19158,1.8523942075570496,1.5251214508522298e-09
1465,1515,2.1926475548024267,2.089997112016569,2.5705804497139386,2.376382944609047,177640929.0800616,288805799.59188586,342253149.03152525,270348777.18087596,320380409.4575965,6.024617358691584e-08,1.7274999279678013e-07,6.185888235332343e-08,1.7737427698270095e-07,1.3486708,1.084779,932,3449,970,3458,1.3428230751410757,1.024709111227064e-09
1466,1516,0.3221445482208641,0.4355902214860421,1.0055503908613261,0.8791531223153659,176088408.83554468,80192932.80982845,95346586.36015916,78361672.94637388,93169282.56790572,6.096293836063264e-06,1.3227356196695934e-05,6.1528857432091016e-06,1.3350145769147337e-05,0.70736808,0.80445868,19006,38785,20558,39222,2.579747471887122,1.791147022493575e-09
1467,1517,0.9531340410214035,1.132705231523751,1.4933437505628007,1.5018092512304422,177343220.6092277,309377157.2372436,273235283.3287046,282447448.6690055,249451541.12772676,1.1503148360219001e-07,4.1492827738821295e-07,1.1929904206910178e-07,4.303217212340113e-07,0.5463618,0.73518175,2907,8100,3025,8109,1.6457691699071395,1.2036152742088168e-09
1468,1518,0.5661313034389367,0.9339913500656766,1.21430501949899,1.3647421986434707,177208683.05310622,119066907.1473844,163926324.3203802,111800635.17125538,153922425.79730362,9.00513084458822e-07,1.6670923563560904e-06,9.234826663414205e-07,1.7096152414157649e-06,0.8425799,1.0096693,6740,10912,7104,10975,2.010493603613548,1.2834055392336732e-09
1469,1519,1.479729974664569,1.7696752548731685,1.965985853849821,2.125518340064255,177215648.2754572,235736885.33714297,369694029.3127775,210225881.56902972,329686434.5684974,9.31310160972313e-08,1.8469810348598887e-07,9.749691744019313e-08,1.9335659054909686e-07,1.1123898,0.84830731,1597,4335,1695,4408,1.465338852317583,1.0601812253119967e-09
1470,1520,0.9743488531051169,1.2137843362867158,1.5073027847408262,1.5875025205274467,176911422.6767609,201119044.983397,192346111.56120056,178240481.9979874,170465525.2213299,2.027199551457078e-07,6.755206298858019e-07,2.1275277896194839e-07,7.089528564222018e-07,0.8570717,1.116385,2677,6968,2626,6718,1.6365639316362985,1.1669810157203348e-09
1471,1521,1.1791509673803222,1.2731704978311313,1.6671325326077637,1.6312396086879244,177850832.0912318,252279849.3937667,249672024.4375805,237793690.62075663,235335609.55596054,1.1617041341403229e-07,4.082545193780593e-07,1.1895109086571578e-07,4.1802657840083734e-07,0.83127123,0.90692753,2025,6568,1999,6439,1.529065920156995,1.1465430243586422e-09
1472,1522,0.7706080368802345,0.7009757394265459,1.3144881133679596,1.090212397830946,176494230.3952775,117579374.80232473,202633208.7022139,110087077.08049855,189721179.44131407,7.126334812478647e-07,1.5957485871477649e-06,7.316512939072923e-07,1.638333798873689e-06,1.1567324,0.61055231,4033,17673,4258,18064,1.755019439304579,1.4413166314634531e-09
1473,1523,1.4814580525699865,1.5563760940766422,1.9657551077435853,1.939053108832267,177276598.70577383,315935202.86379534,304223933.1569134,279163777.08087695,268815571.9547913,6.793222616625832e-08,2.4562695524965743e-07,7.137915927149874e-08,2.5809025479643403e-07,0.83127123,0.90692753,1533,5098,1528,5064,1.462244188212272,1.0953170242405262e-09
1474,1524,0.739606613457509,0.8806748915910615,1.3156800606336572,1.2641477191975494,176446100.420596,142357883.05244043,152878435.88847256,134815938.86550313,144779125.85284632,5.83410158697743e-07,1.8044326649364122e-06,5.962523439394026e-07,1.8441523341840992e-06,0.91670865,1.0164393,4207,11994,4317,12042,1.8034808777622897,1.320394196155068e-09
1475,1525,1.1652463895919691,0.7410113825079355,1.6216718875068497,1.1040341903309505,175811991.8245146,359280406.05112,131614719.99131405,333306349.6694498,122099677.9791824,1.8734393093087812e-07,2.266544367223255e-06,1.930525785640617e-07,2.3356093381201693e-06,0.57020724,0.98984891,2078,15124,2149,14977,1.5077647957370335,1.4050667544518635e-09
1476,1526,1.0030670488264475,1.4286693154108845,1.5474091363299853,1.7941093492185494,177052017.91577294,175801048.14355117,365953429.3311787,162908548.85576916,339115965.1815847,1.8529782292924942e-07,2.584561384706333e-07,1.9102990107302416e-07,2.6645132567268476e-07,1.0102047,0.69120485,2787,5875,2958,6030,1.6326128172467316,1.1166822223796111e-09
1477,1527,1.3742251802126024,1.1483302255555514,1.8311516564340156,1.5054291352945015,177517246.77173695,293464589.6932283,224768146.60746837,262182160.614277,200808548.57621837,1.1897504227793137e-07,5.959250799767055e-07,1.244620341876315e-07,6.234084582551606e-07,0.83127123,0.90692753,1699,8021,1775,8149,1.4633590749678842,1.1949860114648536e-09
1478,1528,1.1088945367927927,1.0501238970673987,1.6113238364658369,1.419447677106063,177124275.34954205,236279248.1925418,205090735.63496312,214681276.58400628,186343664.44990498,1.9603256889155982e-07,8.164838577597945e-07,2.036952002214209e-07,8.483990381003477e-07,0.83127123,0.90692753,2342,9255,2467,9418,1.5645124562239436,1.2356478628349787e-09
1479,1529,0.8561230166027428,0.732537030565268,1.4089024564613541,1.1536236229238503,176374972.2673173,140791540.0797137,114523926.54823665,127703263.87745206,103877542.67046826,7.893156053089377e-07,3.7629211745809006e-06,8.207303887834293e-07,3.912685544037109e-06,1.0724982,1.128159,3472,16340,3659,16583,1.710073350884085,1.413626450920854e-09
1480,1530,0.9249111277349079,0.7246222259169715,1.446506336175143,1.1194660950893764,176155185.21574816,172303691.2694232,99598862.87338802,158847276.5071736,91820482.74236079,6.810134464029301e-07,4.838857349819307e-06,7.035283621773913e-07,4.998834316869316e-06,0.94558561,1.2816006,3056,16620,3217,16865,1.6562267720289359,1.426506386492429e-09
1481,1531,0.7203617129608081,0.779392579247599,1.358046091639179,1.2654512923224146,177652914.88322294,190679296.07564488,135581968.59994176,175396577.09285334,124715234.93828316,4.6766498474346037e-07,2.383645019499539e-06,4.835571674090204e-07,2.464645999464971e-06,0.67114973,1.0212373,4300,14469,4290,14370,1.8362342873248318,1.3895183762826352e-09
1482,1532,0.38002673089515276,0.715566276875625,1.097612952555543,1.177395122210765,177585999.81483018,93448426.97395398,123699077.038327,86828356.19355804,114935990.57469268,2.4790731262239088e-06,4.77124529081241e-06,2.553015808184608e-06,4.913556007411724e-06,0.72218901,1.0272878,12968,17727,13586,18382,2.4045327838993957,1.4321889522683921e-09
1483,1533,1.4086603280777727,2.0488873609632003,1.8410513846869911,2.3894798382180626,161984058.9120697,225297053.2346221,323240032.2322078,221735823.94736022,318130636.20117295,9.758115438209993e-08,1.7200554647583294e-07,9.820504759644277e-08,1.7310527822173336e-07,1.0127985,1.0267512,2349,4347,2553,4439,1.783328965794082,1.2045369256053253e-09
1484,1534,0.5218705059339888,0.5680868471669833,1.0815773002845324,1.0459263793307767,155142604.74029106,79941221.89925493,85838198.37579486,77830065.61415468,83571309.68311113,1.73116268165437e-06,5.2163742618653715e-06,1.7497952600505068e-06,5.2725183223905865e-06,1.0127985,1.0267512,9141,27712,9305,27657,2.371972513466208,1.8324677689613407e-09
1485,1535,0.36239161059073477,0.5357654095362656,1.018559630234991,1.0876776958072902,161727509.34381315,49523811.79106431,97508749.15211663,49745126.43307958,97944501.4323127,5.865885818870581e-06,7.516044081919838e-06,5.855432989887895e-06,7.502650721421428e-06,1.1834447,0.88861775,17422,31244,18660,31842,2.7047154987051854,1.8186495520773109e-09
1486,1536,0.34992420248783457,0.3706512047318321,0.9752988883584419,0.9157601751237245,157512456.9128653,50439772.54838267,56095925.16962602,48562350.35331095,54007974.93421372,8.195616518213765e-06,2.3974578450328562e-05,8.32091331664046e-06,2.4341108279631812e-05,1.0927373,1.0407562,17742,56832,18754,57601,2.7347521607452103,2.1677329867940107e-09
1487,1537,0.33509953324921526,0.35029397498857245,0.9670167101867205,0.90275993563764,154621801.4692968,58652777.44574234,54878203.88011772,58813075.680164196,55028186.192521654,7.226818627012462e-06,2.543907895097639e-05,7.218933340587141e-06,2.5411322003655888e-05,0.8833971,0.98696899,19665,64681,20936,65963,2.823859807597431,2.268755522019943e-09
1488,1538,0.3778395227153743,0.5009038171256243,1.0341142708832614,1.0677575941559467,159894037.60155478,52039739.701243296,71335068.50871937,52471459.7239772,71926861.96454969,6.140779458549875e-06,1.2481554652889254e-05,6.120519530048442e-06,1.2440374961196828e-05,1.160926,1.1227512,16160,35332,17103,35945,2.6895373984812108,1.8966004666042483e-09
1489,1539,0.5531141010030206,0.5802482405931224,1.118362456006703,1.0726891024825174,156011277.55704048,102947240.5074037,98561317.5108127,102257833.60821879,97901281.82700218,1.2845999175066047e-06,4.183822538696846e-06,1.2880571675898665e-06,4.195082480896078e-06,0.83821613,0.91846651,8832,27564,9435,28044,2.319178044387569,1.8052033044462992e-09
1490,1540,0.7519666602194307,0.9373088394895968,1.2793809865800498,1.3879071069752413,161777759.61504164,89223332.70319478,152581138.2137333,82723940.70111705,141466504.8624648,9.099040835392423e-07,1.421739507137472e-06,9.378524228340942e-07,1.4654092288732135e-06,1.3634492,0.99380386,5556,12745,5978,12815,2.077023027680384,1.4770888873901481e-09
1491,1541,0.5027376440326027,0.6340977388406036,1.11332670209883,1.1656821451425867,161871282.58647805,96129830.98174971,109828277.36074488,96615461.26566277,110383109.68461016,1.5748335317317057e-06,3.865125654197941e-06,1.571662431828119e-06,3.857342800110563e-06,0.84655082,0.93457001,10245,23850,10934,24308,2.3851795237473814,1.698224162541264e-09
1492,1542,0.34967712505710047,0.4908232424551128,1.0300190032985779,1.0799502712305022,160971919.41868648,60748231.06501472,65988452.4937093,61945429.554022856,67288922.88161087,5.842799301645223e-06,1.4468018097422093e-05,5.797365952559191e-06,1.435551542826176e-05,0.92658168,1.1973119,18269,36400,19320,37023,2.7666068212793267,1.8998308964510113e-09
1493,1543,0.817271708019783,1.195106806963961,1.3335436557288658,1.5981774851105006,159316179.33751848,137803417.15234104,245448196.21701062,140481498.02535352,250218252.96297303,3.0550062921796745e-07,4.546618533902033e-07,3.031575942508638e-07,4.511748274438792e-07,0.9448576,0.77572316,4963,9309,5164,9361,2.0775709615226425,1.4143101767117807e-09
1494,1544,1.054705256999187,1.2379320380220908,1.5372387747550418,1.6600035345640323,160855449.6041884,167511196.2690558,193939987.1706726,171641036.58727852,198721405.94250542,2.650956970969911e-07,6.217413638097728e-07,2.625256624909366e-07,6.157137411870563e-07,1.0127985,1.0267512,3539,8784,3844,8893,1.9288559869136948,1.3810613539576944e-09
1495,1545,1.2062321636464566,1.827234349411082,1.635224788460247,2.148297938953506,162434724.19998425,193458016.40016496,289073251.23683983,182690572.1804533,272984075.06300247,1.3125822092438627e-07,2.1584466772699024e-07,1.3429960994451182e-07,2.208460123883329e-07,1.0127985,1.0267512,2758,4793,2998,4863,1.7896320824652387,1.1999319654581728e-09
1496,1546,1.1496907363214848,0.7881446183470561,1.5793379105853025,1.2276071161984363,159073461.39260915,250923524.94787475,136066597.74871042,222665096.31046265,120743091.3408671,2.152131241399219e-07,1.42740331508667e-06,2.2574827786428178e-07,1.497277833247198e-06,0.7288487,0.9214083,2985,16575,3214,16862,1.8403576362162652,1.5721504706094632e-09
1497,1547,0.9489315562333636,1.0649297449506756,1.4568161939561868,1.5273348111117477,162851689.83839172,186592154.63405564,147634974.3489208,187940356.18421537,148701694.981765,3.168101631136229e-07,1.1438214728168232e-06,3.158991364563685e-07,1.1405322732449573e-06,0.82819724,1.1746919,3979,10703,4310,10971,1.9374855996445441,1.4027581246802511e-09
1498,1548,0.5939587191034439,0.7366723633968988,1.163388285568315,1.2243945985143387,161131389.52438015,94495986.84166585,115608378.67864329,91648599.92432386,112124825.60949281,1.3067042739784792e-06,2.942649824778618e-06,1.3227943266429294e-06,2.9788840298673994e-06,1.0127985,1.0267512,8005,18821,8642,19197,2.2508994856890436,1.6139326288716952e-09
1499,1549,0.1622222952561308,0.23646365090807508,0.8976096897772775,0.8655930423884562,157928871.06741697,23886837.53438887,34623908.81252907,24949093.8471424,36163646.57209484,8.095298974429853e-05,0.00015198100496126017,7.955627573586373e-05,0.00014935881646252914,1.0725398,1.0785737,67131,129301,70501,131618,3.9801922508602576,2.7061650836234465e-09
1500,1550,0.5146656796079603,0.592698917331195,1.109295309104493,1.1095594204747075,158597820.16239673,86594801.60400377,101485573.05801263,86526433.19358224,101405448.07149874,1.6733755937072215e-06,4.257361357255586e-06,1.6739043519947523e-06,4.258706611189686e-06,0.94260687,0.92624748,9721,26265,10212,26440,2.3791184567234254,1.7728212590068825e-09
1501,1551,0.32434620741906767,0.4761228375520389,0.7778827101171549,0.7256285526195485,191520123.13623968,47256719.59108941,68163988.13027048,47014372.32117095,67814421.83423752,1.1256164750218007e-05,2.568387584662422e-05,1.1279338037265461e-05,2.573675174535993e-05,1.3144972,1.3377607,13314,30085,13607,30508,2.3983200556621966,1.551806226153867e-09
1502,1552,0.9066426244466541,0.5121376414418479,1.2378436165719924,0.7569078905394968,190120607.00391477,147238396.5810947,72784257.49872707,138902532.6050236,68663595.46900605,6.595237395322213e-07,7.804087205924946e-06,6.75079311209752e-07,7.988154936368687e-06,1.1706963,1.3377607,1981,19912,1816,18805,1.4241237851068138,1.4973783261159193e-09
1503,1553,1.0548735471088933,0.860550024407718,1.393145348627015,1.1277897865881046,189781848.13233155,171005794.85579127,122082203.52296172,165604395.47240627,118226107.65564162,4.456993110953659e-07,2.786528036542137e-06,4.5145820445411204e-07,2.8225328438283854e-06,1.1706963,1.3377607,2015,11273,2105,11517,1.37093198756723,1.2129586088907642e-09
1504,1554,0.9701530973912782,0.6490538064728437,1.2859830827097518,0.870223378611141,191034727.885756,368253562.05651116,92686096.47656253,341519984.7522843,85957496.45611529,2.81701036976239e-07,5.871437043464942e-06,2.903225563591974e-07,6.051133606954422e-06,0.50327533,1.3377607,2125,16903,2179,17086,1.3864517397462892,1.32173641293183e-09
1505,1555,0.7577677748350043,0.7796322977633225,1.1042225306401823,0.9787048271249251,190966800.69157198,140799293.79470783,111293361.82448827,139814027.0212676,110514567.77975383,6.742813541651357e-07,3.3720895676696996e-06,6.761780101465017e-07,3.381574768185353e-06,1.0277643,1.3377607,3093,11991,3142,12072,1.5407602280084312,1.1990586482070382e-09
1506,1556,0.771184348909998,0.7800365379529224,1.1070887608950692,0.9809246327349923,192947918.54812026,127102490.14972667,112506240.00951603,121511610.7977903,107557408.45246133,7.910821257810021e-07,3.45667681712978e-06,8.054453606873686e-07,3.519437761286886e-06,1.1706963,1.3377607,3045,11892,3117,11919,1.519338173384425,1.198503038290398e-09
1507,1557,0.4426023115011627,0.8121813356315397,0.8471202455442018,1.0045691549581528,192035267.68524417,72602308.0172318,116588460.2507473,72675380.04897071,116705803.01712064,2.9082729306935345e-06,4.6712283401549996e-06,2.907102919346449e-06,4.669349083877114e-06,1.1706963,1.3377607,8384,11941,8750,12299,2.013946685912325,1.1690116243933873e-09
1508,1558,1.1074368767992917,0.7421467600937437,1.393714395131982,0.9478961416132473,193123311.88388038,158671257.5477579,107138623.68149656,163089486.6195936,110121917.50031297,6.56831374224167e-07,5.354721899790557e-06,6.496550345159277e-07,5.296217837859235e-06,1.347893,1.3377607,1809,15106,1929,15845,1.2942851529070103,1.2282278685773627e-09
1509,1559,1.1293416498303706,0.7398825455149091,1.4264072559642185,0.9415149366735582,189811281.81704304,95222664.26391366,104979952.21285959,96921134.12498091,106852461.09746337,1.0002107419950044e-06,5.126638407961693e-06,9.93162357945394e-07,5.090511505034492e-06,2.2511635,1.3377607,1693,14672,1769,15258,1.2859202547071404,1.2258197397236283e-09
1510,1560,0.8007513112750615,0.7680696234106045,1.1447728416885714,0.9688220049562833,190270366.3693082,267612389.7544871,109242922.62694836,248277270.26276374,101350070.71319753,3.1885481173984263e-07,3.2648469705674947e-06,3.285645295091458e-07,3.3642675892221058e-06,0.56932807,1.3377607,2820,12373,2863,12476,1.500368556635293,1.2079566220213313e-09
1511,1561,5.18565831787194,2.7312324971314537,5.336101609667365,2.87557007150571,191518528.05159613,848340981.3607082,391012852.76006484,785204075.0671443,361912122.7626837,7.114416302483917e-09,6.713542360528924e-08,7.3379447157421245e-09,6.924475683430882e-08,1.1706963,1.3377607,206,1772,217,1792,0.8640678140644957,7.785365939103481e-10
1512,1562,0.48543914503340346,0.6293102211877889,1.036940634309731,1.0869760453292843,162125829.20248935,63345368.277220495,99918296.09881127,57549275.1842816,90775784.78934897,2.5800160838433935e-06,4.664684033922796e-06,2.6809728518920677e-06,4.847214455722168e-06,1.2424306,1.0211087,9896,22538,10436,22958,2.3207744433074993,1.6574302425486162e-09
1513,1563,0.8146803997854524,1.0690755812260646,1.2795960226142917,1.4428866045474806,161083424.0086401,141246729.06683972,141376901.24729416,129549840.88798645,129669233.28296314,3.78253738198941e-07,1.0045771380248413e-06,3.9156136602293175e-07,1.0399199180776672e-06,0.92909414,1.218094,4442,9523,4666,9452,1.9351268500144936,1.3676421811474304e-09
1514,1564,0.7872279878902859,1.0232907858880813,1.2646483945702367,1.4087183812537858,164692274.5887222,139544920.5454619,138353925.96432558,123678427.79971088,122622851.31052634,4.5188811448741033e-07,1.2221979330410196e-06,4.742408380955146e-07,1.2826541648289513e-06,0.92909414,1.218094,4654,10151,4956,10224,1.920709292859797,1.3462562876995124e-09
1515,1565,0.42778852578772364,0.6105891028256941,0.9962174531887463,1.0659553520510936,156572770.88652736,67303715.90479887,109334642.6687209,68020049.41464902,110498323.86043817,1.3404133276702962e-06,2.1587931621347604e-06,1.3347489171625208e-06,2.1496703860333298e-06,0.99519074,0.87439466,10415,19905,9547,17500,2.5036523099272654,1.744381318684525e-09
1516,1566,0.4445863543614923,0.7435372399910134,1.0085618123014743,1.1727102139588717,162739145.6185319,77873274.9971355,99337666.19956985,74179961.49197105,94626356.13639496,1.949354758512446e-06,3.6919927308240217e-06,1.987612031378448e-06,3.7644503338876196e-06,0.92909414,1.218094,11265,16936,11824,17081,2.395399793346158,1.5460385999841303e-09
1517,1567,0.6142061028881597,0.6921078267995876,1.1258438310317453,1.1305516188391422,164652969.59650496,107506166.919178,121682014.90716642,101235263.0099176,114584224.66094093,1.0316537672697314e-06,2.6665366993861382e-06,1.0567556859291694e-06,2.7314181445511575e-06,0.94069821,0.93651974,6956,19177,7579,19677,2.083224229823506,1.5592525076850846e-09
1518,1568,0.17490081181084344,0.3047244118891309,0.8504288619895713,0.8497721191129632,155116147.08474657,30379383.97157358,36256629.083746284,31667094.98275321,37793462.76487301,4.234969441810796e-05,8.346142108413896e-05,4.165226053998538e-05,8.20869407394722e-05,0.89303786,1.3036975,58158,80999,61440,82943,3.79736493823075,2.404861343632744e-09
1519,1569,0.7266199623403427,0.8436738120436721,1.2088458672829492,1.2498325000132067,163810711.2001491,112507193.37381224,132965175.92687914,104609387.42907843,123631255.79797903,7.114340658404057e-07,1.7390221805808602e-06,7.324508874919395e-07,1.7903954852512724e-06,1.0579602,1.039391,5318,13955,5737,14274,1.9763166022161431,1.4551745539686162e-09
1520,1570,0.5987197473455567,0.8480491975281044,1.112012661357033,1.2530045379886139,158665439.42106834,102245970.25512803,110464462.16505547,97025153.71258028,104823998.38935927,9.370687556090615e-07,2.204202728912542e-06,9.569212567969777e-07,2.2509004093465703e-06,0.92909414,1.218094,7376,14056,7933,14233,2.1786444650727983,1.514677037900567e-09
1521,1571,0.7881498529009112,1.1600694988347198,1.2599307310457208,1.5225510555265518,160396176.49629867,166481021.0132618,225154764.8215225,159085408.28185812,215152679.08757204,2.2264999270426813e-07,3.989050845040917e-07,2.2673388980520063e-07,4.0622189281999097e-07,0.75934315,0.8264125,4748,8446,5054,8320,1.965302382697773,1.3417243301548673e-09
1522,1572,0.5985680553259269,0.9145290610964818,1.1154499694587678,1.3109885807346664,157998742.22411704,101790546.08721583,118623391.44651137,93225168.87633522,108641579.4528637,8.190330656520246e-07,1.766199706687178e-06,8.483423374363363e-07,1.8294035373987692e-06,0.92909414,1.218094,7272,12531,7658,12596,2.1940304178831918,1.4857877121679006e-09
1523,1573,0.6322997227075173,1.024059627279441,1.138012165775504,1.4020684671089592,159911660.80404082,105791686.11172594,185003990.51049623,103117696.72339758,180327831.86698034,5.595039885300935e-07,7.818434615768813e-07,5.652629502380016e-07,7.898909583760171e-07,0.95576602,0.8851651,6577,10393,6955,10494,2.1162183491836237,1.401340294848185e-09
1524,1574,0.5619838638787695,0.6018199240930514,1.089545228771309,1.0652909865506883,166814110.56004402,108799639.53902933,98528622.92103913,101422976.65243381,91848339.42884736,1.3624746258800018e-06,4.633549545890639e-06,1.4012798097179823e-06,4.7655195206228615e-06,0.86164659,1.0189126,7785,23631,8374,24083,2.1291215346905923,1.6271801115639678e-09
1525,1575,0.3417799332126038,0.42992509403934315,0.9340709052748551,0.9249588081347415,157392648.3278805,66227715.69282805,36849521.563473135,64732927.35457432,36017811.84002764,5.724281200132534e-06,2.9456198808037924e-05,5.776792543012698e-06,2.9726413443111987e-05,0.81225282,1.8363074,16241,38421,16317,37140,2.7244012224353797,2.011135537850271e-09
1526,1576,1.3787639026973504,0.9049785510985526,1.8792840318433461,1.2552147636755626,176423462.81129608,283678459.6517421,195768614.3778774,253298299.25138345,174803039.78523016,1.431104802668295e-07,8.991897272993177e-07,1.4974387717321959e-07,9.408685920771026e-07,0.85747188,0.81555182,1689,11507,1757,11607,1.4635776215183207,1.2780172296207517e-09
1527,1577,1.544728411072736,0.8953122747207185,1.9466575483146995,1.1923025833275427,178556768.8237233,321668523.74371964,196019508.4382856,282739653.45114106,172296895.07842612,1.0045684995909183e-07,7.682107916079423e-07,1.0577628102029013e-07,8.088893948897604e-07,0.85747188,0.81555182,1291,10662,1317,10589,1.3329413258916323,1.233292471162924e-09
1528,1578,0.3754854570742365,0.509096508745496,1.1804737265176757,1.0074754778936237,174112769.41176787,74097019.03976937,124770478.28513815,72106514.11989795,121418707.13294132,3.5588005565217766e-06,6.2441842614290525e-06,3.5977761963851808e-06,6.312569964181683e-06,0.88231367,0.71042609,13561,30538,14188,30917,2.459294780059567,1.659241095487263e-09
1529,1579,0.2294787081395629,0.4387282324093273,1.1132114246655165,0.9610744733819745,174508222.00635734,54102957.05915673,97426424.56988424,54527821.56293418,98191503.44504508,1.1721625680295121e-05,1.6081709503233963e-05,1.1685007365471262e-05,1.6031470302840007e-05,0.7401799,0.78584105,31834,41704,33218,42926,3.1545253033453045,1.787858657044895e-09
1530,1580,2.051354832098477,1.0659581464371286,2.4631021754828417,1.3855479629615766,176914929.77826804,423238714.3366298,231234737.0195279,380299690.95318186,207775177.570886,6.223054903404718e-08,5.215889544118472e-07,6.49512327439356e-08,5.443925226520961e-07,0.85747188,0.81555182,968,8849,1018,8971,1.3107804626467683,1.1926868160886424e-09
1531,1581,1.2581629928630995,0.725648438776374,1.726496362081,1.0753687560384364,177673581.979229,233437632.51350144,120589413.54244988,209577048.2125379,108263492.32464041,3.1370789471709916e-07,2.861914430361529e-06,3.2753393927225737e-07,2.9880475532238395e-06,0.95761049,1.0691532,1860,15893,1958,15999,1.4588388814740232,1.3731029351998153e-09
1532,1582,1.3427664292132118,0.8281305341122108,1.8475549770054,1.200597919663271,175509694.96173632,485804024.59430605,197533893.9475734,452791017.4655791,184110399.0423958,8.626431376506895e-08,9.353704552222401e-07,8.872714230259029e-08,9.62075090658736e-07,0.48511028,0.73579746,1804,13450,1915,13690,1.4871005285722092,1.3272052516374528e-09
1533,1583,1.3516219802319247,0.9191838962243017,1.8118242391088897,1.236547264423363,177803183.01213104,280268888.01810724,200396613.08360907,251032262.50282052,179491971.2138388,1.3076645810650694e-07,8.045507308956102e-07,1.366578238817101e-07,8.407978137412166e-07,0.85747188,0.81555182,1634,10774,1668,10790,1.4284534263142121,1.2469945797556945e-09
1534,1584,0.6949625297706856,0.6468075723387483,1.3931934467103009,1.0927497275460216,175067943.08537066,125691876.85529548,172313254.9949713,119649973.80162072,164030301.41364056,6.859196897682064e-07,1.8714672490478412e-06,6.995698936118174e-07,1.9087105441700115e-06,0.96796757,0.65714777,4707,19434,4763,19142,1.8834955061775995,1.4889246355598736e-09
1535,1585,2.371126602110646,2.0594574889762782,2.851922253619112,2.3768781791667766,174379930.29992938,749347123.7976367,315838751.8768564,691474264.9724302,291446196.1194329,2.0203519573328808e-08,1.6326241211207703e-07,2.0863628549974987e-08,1.685966799060094e-07,0.55178285,1.1370614,895,3631,929,3643,1.3736149324853548,1.0343040805193272e-09
1536,1586,0.6409522481385443,0.6976721287195505,1.2523677900252446,1.058931725638383,177507285.11271963,132685043.21560635,151850418.85850894,126381603.77525851,144636494.09299716,8.238678012423364e-07,2.5109417855193225e-06,8.400647721738308e-07,2.5603060780058163e-06,0.85747188,0.81555182,5357,17720,5675,18185,1.8654808650139094,1.4017571108804873e-09
1537,1587,0.670736176961335,0.6938791537935709,1.2877094881190623,1.0666768194845206,177048119.08225077,173922693.54872283,152240752.2132417,168490320.019552,147485601.4303878,5.528209769571366e-07,2.187850344018201e-06,5.598826804657136e-07,2.2157978190500553e-06,0.68278944,0.80694556,4984,17421,5251,17584,1.8446591562762227,1.4106440382026002e-09
1538,1588,0.8329747040721884,0.7325027054247338,1.442470099448578,1.129496838656046,175186610.89271176,170181691.98244286,157347041.94897327,159270553.9309766,147258792.874142,4.692858510415425e-07,1.9502434406760327e-06,4.818905381912706e-07,2.0026256047258808e-06,0.85747188,0.81555182,3657,16505,3847,16809,1.7377720714846114,1.3988130086312512e-09
1539,1589,1.69580869026719,1.4825657035828659,2.245992000688951,1.834108173230736,174664119.8649471,345430490.7874617,345514133.9978084,322247974.86693877,322326004.6178277,5.674276193266465e-08,2.0138785406476134e-07,5.834164364746104e-08,2.0706250483041028e-07,0.85747188,0.74946582,1364,5708,1419,5762,1.4562756158122314,1.117963283022828e-09
1540,1590,1.0864300702224445,1.0529098286118335,1.736646650614788,1.4695846946595215,174523390.17619014,266534458.56199875,291392351.17394435,249038357.67503926,272264505.561285,1.2087671315371024e-07,3.885516018440281e-07,1.2420454565189425e-07,3.9924873791020943e-07,0.71138066,0.63061845,2523,9393,2581,9359,1.6464830174827207,1.2490010840465994e-09
1541,1591,0.6414920279523039,0.7628369245232054,1.3584133206750701,1.2001231524646914,174588060.8723702,148110773.08100504,144202362.99357933,145837964.70889112,141989530.45565742,7.176083234659624e-07,2.395673087934845e-06,7.220610008855124e-07,2.410537964935923e-06,0.7561695,0.92357862,5698,15949,5864,16028,2.000796975312734,1.418613250160501e-09
1542,1592,0.88782138733975,0.6971800632269375,1.5038625592033323,1.118604159966921,174903346.0991891,220733104.63288903,216927044.83764294,210305807.10822064,206679543.26133358,2.5696235884825847e-07,1.072453152607361e-06,2.6198473858077645e-07,1.0934144599438605e-06,0.70348728,0.56212044,3334,17861,3450,18020,1.725654347938912,1.440736809427527e-09
1543,1593,1.179482691286524,1.421138864418455,1.8399008345387178,1.8121799917110781,174279474.7916712,239727539.47719222,303690493.7529051,229118735.22728607,290251099.14764553,1.2914847373145002e-07,3.152298601613622e-07,1.315080105819293e-07,3.2098909563609804e-07,0.85747188,0.81555182,2327,6219,2504,6426,1.6056368347929986,1.137041945153014e-09
1544,1594,0.9343147625314732,0.7898363762873449,1.5010957059623584,1.1517107656855206,176835557.02808243,276370332.5254781,138975306.20365307,261365939.39638603,131430212.23332494,2.7256705584304694e-07,2.174820321903304e-06,2.787214131677652e-07,2.223926114738954e-06,0.5978213,1.005007,2986,14571,3149,14946,1.6372522435459111,1.3405610189914646e-09
1545,1595,1.400371549096438,0.8019703445944366,1.9731200840694065,1.2301304727552016,174981017.9845491,333490665.26747954,220280756.66443342,297551387.0951999,196541767.19852552,1.1486203653989312e-07,8.280768551213602e-07,1.2022234458692174e-07,8.667210160972414e-07,0.73476851,0.63704878,1715,14363,1745,14510,1.5078882286145099,1.3644869733682479e-09
1546,1596,1.8380498082809786,0.7279339584573756,2.2972734029376576,1.1261575363519665,175760630.94981223,320066032.9951331,126317885.92389888,287187372.18056107,113341929.40879805,1.9497485911908045e-07,2.7527721977720277e-06,2.036143180700852e-07,2.87474926964463e-06,1.0093442,1.0128584,1167,16839,1221,17179,1.3818575030025597,1.4040511541060773e-09
1547,1597,1.2819628426929248,0.7105247950594569,1.6850510829840022,0.9973343830365257,178772370.1398239,312656318.5092771,136871723.56560257,276612836.0433918,121092948.99314527,2.0937790293904383e-07,2.272052758713415e-06,2.198916802786612e-07,2.3861424332858588e-06,0.73300785,0.9280383,1722,15938,1895,16242,1.3644287398947523,1.3374193772470983e-09
1548,1598,1.3307440539418176,1.176685429453948,1.8896832897144618,1.5504946716354755,174127209.6348278,307682430.19739497,292587948.8356098,293451818.25709593,279055471.35349816,9.39505178037716e-08,3.4559661122479785e-07,9.574707929830733e-08,3.522052556355217e-07,0.75311011,0.70027816,1950,8060,2069,8185,1.5586260004687102,1.2014592441282633e-09
1549,1599,0.43717508266373056,0.41782176944418903,1.1803355731884126,0.8854683949643114,176078622.3475296,64885954.66136566,96899080.53694026,62840849.335642196,93844970.80397834,4.898061328699903e-06,1.2873815893533889e-05,4.961210791079627e-06,1.3039794736568914e-05,1.1863459,0.75923818,10163,42967,10634,43673,2.246341247367927,1.7994979119523667e-09
1550,1600,0.6399415562091271,0.6682822192453851,1.1978248736476425,0.9950611522862614,178813152.6197548,133450402.07982801,146523675.78922635,125029398.18134649,137277720.54434946,7.779738263753399e-07,2.599993090817566e-06,7.98524203899273e-07,2.6686725730372427e-06,0.85747188,0.81555182,5011,18037,5222,18349,1.8173763919343882,1.3954276622042714e-09
1551,1601,1.2814873261970148,0.816644841218952,1.709112817678272,1.1105116160732287,178763464.62072334,255222101.87397456,105623559.38222662,234970369.8444358,97242388.61014682,2.911928046831959e-07,3.1729477081200013e-06,3.009835163156271e-07,3.279631031112079e-06,0.89758337,1.3821373,1721,12767,1835,12985,1.3929232608209332,1.2702826725985174e-09
1552,1602,0.9733353643084752,0.9315395863535663,1.5186690773844154,1.2616906951740556,177281417.46101844,111040221.98069824,178060815.9511974,105726655.3179827,169540137.59971973,5.225952968385348e-07,1.1887274633309594e-06,5.329467621718755e-07,1.2122735442120936e-06,1.5539799,0.9274621,2678,10501,2723,10378,1.605130715941315,1.250617563805837e-09
1553,1603,0.5432270928764527,0.6740359566348931,1.3314261831789016,1.1312256922010866,175431096.02733874,122125636.32123165,163926902.9867567,117938927.8207487,158307164.34001377,1.1102636019488056e-06,2.6027190583987827e-06,1.1258640922244236e-06,2.639290277422306e-06,0.78033513,0.72133899,7576,19957,8036,20379,2.10976748346974,1.4834803165498335e-09
1554,1604,1.0027875513819478,0.8208070646840492,1.5801582168172352,1.192598378076066,176820144.20022032,174545086.0091009,232081149.0400075,159071784.3696288,211507315.0465138,3.1951949538678586e-07,9.121092873316392e-07,3.3160658885870247e-07,9.46613442388704e-07,1.0158581,0.62536412,2812,13873,3070,14236,1.6168098767803614,1.3273769494052777e-09
1555,1605,1.0479083437419128,0.8713787413418818,1.6475796208929738,1.241689965679468,176810659.07229367,318420877.9861074,270305654.75171185,305274576.5321323,259145834.9416705,1.3026750862409404e-07,6.149881367594793e-07,1.3248309536701118e-07,6.254478406199982e-07,0.58187568,0.56998086,2604,12961,2792,13456,1.6046366514886827,1.3044736165880234e-09
1556,1606,0.9277610341397119,0.7513166224965451,1.5678581076844402,1.1588996375589653,176635238.33514276,241234679.19006196,206003453.9794807,228644878.77624902,195252336.52462098,2.566382932123938e-07,1.2544350372312486e-06,2.622000458420177e-07,1.281620603655037e-06,0.67931896,0.6442076,3130,16531,3304,17030,1.6870294371414478,1.3939567736577564e-09
1557,1607,0.8393544830573797,0.8442514263251993,1.5121427927280817,1.2444565464399,176193873.8061391,352960859.90940505,185331419.88725632,339771608.50694925,178406055.15901273,1.8141321080420723e-07,1.2078114684111991e-06,1.8419790863959204e-07,1.2263514080701008e-06,0.4189958,0.80262661,3741,13556,3930,13659,1.7864376447936958,1.350067798359436e-09
1558,1608,0.7378532131903225,0.6421183332181242,1.431117867920983,1.088338551777598,175515764.1533411,196962092.68093967,208391975.9814594,183044027.79230213,193666233.55812037,3.688621576484282e-07,1.3827799135400909e-06,3.798349618588455e-07,1.4239144483324479e-06,0.65751165,0.54081684,4417,20692,4587,20906,1.8419659599197995,1.4933058353610745e-09
1559,1609,1.1332474491603097,1.098287867362882,1.7329096471352248,1.455581433927533,176424732.69737974,388976234.6551009,210506813.44999376,369109368.40422237,199755229.32964802,1.1503547756250298e-07,7.510277332888056e-07,1.1747325422683282e-07,7.669431527860753e-07,0.51399767,0.9204697,2413,9175,2602,9486,1.6053283262992344,1.2207707627597725e-09
1560,1610,1.9508063840118104,1.6063245113605036,2.4512803444531266,1.926814147591264,175073578.52126074,367498647.22686154,605718583.6117727,359238480.99308306,592104013.2472906,3.1692274237702325e-08,7.196470623272965e-08,3.1981774931771456e-08,7.262208513354933e-08,0.92934942,0.46428323,1125,5146,1148,5218,1.4158328877049162,1.0935385131719962e-09
1561,1611,1.0859285232225742,0.8412128671960897,1.6700224805640964,1.2239879825729834,176800330.21992338,329882799.2459974,184705223.36570758,311607427.87755686,174472629.9767389,1.589096936219804e-07,1.1549290894270762e-06,1.6257401754147907e-07,1.1815607831346969e-06,0.58200222,0.80521119,2432,13222,2540,13343,1.5945030393270179,1.3273643942299456e-09
1562,1612,0.644021137871572,0.7490231214821977,1.3855618259397513,1.1810751252600853,175728130.99127188,113408130.79921731,150072250.71619403,107976090.63773644,142884066.87726405,1.102548732765358e-06,2.6827756842849265e-06,1.124409306777165e-06,2.7359679057809247e-06,0.99792343,0.87707376,5789,16754,6169,17079,1.9740345163084696,1.4199954294642202e-09
1563,1614,1.389299763687196,1.0644505654877099,1.9197478063378206,1.4133299885976351,176556500.41770956,299438642.73215866,207880377.41540772,274608253.9210402,190642286.33160692,1.1606020736890085e-07,6.896263017492963e-07,1.2014924489953479e-07,7.139232411904089e-07,0.81916583,0.90405679,1670,9036,1677,9029,1.4869239429830592,1.2166812596635877e-09
1564,1615,1.2967592349935846,0.9053943494768162,1.846766637952914,1.2788546666617877,176915089.80675808,280060847.4069688,212580014.35845754,262279907.74156582,199083403.01711738,1.6059803366378598e-07,9.084467598615083e-07,1.6486754616117675e-07,9.325978948782845e-07,0.81916583,0.75349474,1914,12163,2038,12533,1.5150900767431918,1.2928818809732747e-09
1565,1616,0.6428810573482454,0.6755537407830378,1.396881137826317,1.1383332336950702,175383512.4273936,137640919.31272563,131054806.73619422,131957153.23851249,125643008.64512414,9.915436676909416e-07,3.6910869978550347e-06,1.0084112824913238e-06,3.7538778115158243e-06,0.81916583,0.90405679,5762,20055,6115,20626,1.9699378285075149,1.4804102372483553e-09
1566,1617,0.7610887792260587,0.7455367907271886,1.4149396272666843,1.136641965377369,177134508.66481465,176432835.11752206,206960442.4138757,173409337.90643525,203413799.18260396,4.222635334686373e-07,1.3799948440113948e-06,4.2519323946324556e-07,1.3895693841897001e-06,0.76411563,0.63809437,4179,16708,4429,17333,1.7846693426519344,1.3855864402234877e-09
1567,1618,1.2063947445111132,0.8065595730631471,1.7981027729641923,1.2202923210452923,175836405.6924723,349609815.9948325,147111056.69011122,320068146.7669527,134680323.97702464,1.768850536562006e-07,1.8964453625806284e-06,1.8324308835037044e-07,1.9646120344483418e-06,0.60675675,0.96405083,2125,14508,2185,14744,1.5742507544382676,1.364435871715972e-09
1568,1619,0.492680132597626,0.6593492530958198,1.3072638527134708,1.1307670016353724,175363012.52604866,110126001.60606007,148587291.5451626,111960204.71332537,151062086.4880244,1.3758884742911963e-06,3.1718002276406474e-06,1.3668274986854284e-06,3.150912194180067e-06,0.78453654,0.77816528,8589,20467,8928,20750,2.1957474119172526,1.4990131821728098e-09
1569,1620,0.18669269611629322,0.32938425684847733,1.120346758835614,0.8738151036925649,175943902.000713,39768314.42924142,77917764.68163279,40104202.4866358,78575867.67118725,2.8415642195484506e-05,4.018008018921062e-05,2.8320205173301288e-05,4.004513102360808e-05,0.82597017,0.74377328,43610,69093,45027,70705,3.516794183371792,2.0478506571374974e-09
1570,1621,1.02203827568683,0.8803217203034535,1.6074299966840409,1.231751713611875,177059053.9174699,137898271.67249334,188706906.7321781,133809454.92519806,183111564.95436865,3.9008712198247876e-07,1.1481196540920606e-06,3.9481207040556786e-07,1.1620263068458102e-06,1.3122799,0.82598424,2500,11799,2519,11779,1.5960652995363525,1.2833473961535675e-09
1571,1622,0.9152268264411241,0.9208268484085232,1.5885282244625925,1.3293330300413917,175528413.42030814,196112077.53247502,178784427.6198298,188854688.70484382,172168271.5733072,3.0086412211298025e-07,1.2036038078670347e-06,3.0543656646758685e-07,1.2218958242025618e-06,0.81916583,0.90405679,3193,11699,3196,11585,1.747967491396109,1.3183193031396246e-09
1572,1623,1.2309494174016318,1.1576084791556613,1.8047304704121248,1.499738129735119,176733788.2251609,376381119.92836815,260003908.41425556,355755757.63382953,245755917.41497093,9.025600588762253e-08,4.5007255140075415e-07,9.23137658113774e-08,4.603338215505513e-07,0.57800549,0.78686714,2105,8211,2273,8326,1.5475417401514222,1.1915468663297684e-09
1573,1624,1.172096660700839,0.8881106514234625,1.7620420269739012,1.267995123312692,176299283.23914766,252256373.008816,173189641.4195495,241336863.79767144,165692721.27359346,2.2378275925330273e-07,1.3321223248956162e-06,2.27779175904172e-07,1.3559119852696828e-06,0.81916583,0.90405679,2228,12421,2349,12670,1.575333086139971,1.3060421662957656e-09
1574,1625,1.90503206459351,1.2231792919635749,2.398763518045038,1.5784424178391914,175667015.46131703,408526924.4510026,324496680.29551727,382403187.10872847,303746356.29699045,5.237315180453418e-08,2.7406071448444006e-07,5.377598610994692e-08,2.8140153241878126e-07,0.81916583,0.66217089,1168,7722,1208,7820,1.42518209388014,1.190976583430217e-09
1575,1626,1.0838028404122144,0.9341310489056129,1.664097688190582,1.2791904420577245,176844388.08004066,254613622.45320123,226517174.72027016,247269134.36969498,219983146.12269065,1.512089148213523e-07,6.863586279646441e-07,1.5298966283857494e-07,6.944416948082605e-07,0.75276589,0.72928613,2299,10810,2310,10823,1.5694827950476817,1.2559438363616213e-09
1576,1627,0.7724680117121103,0.7524208981673801,1.4908285048287708,1.1968813409548429,175200643.47669005,109950722.28991413,179965985.5802011,105244324.77357696,172262612.19692752,8.135925401258172e-07,1.7274818557360842e-06,8.279549712266396e-07,1.7579772670227877e-06,1.2308868,0.73249745,4277,16041,4474,15963,1.846902505819095,1.4190494693608176e-09
1577,1628,1.4514151266031772,1.115566982497956,1.9892038038333553,1.4684895350632563,176290889.21041372,312355879.49550986,217535333.50304538,291312503.5687241,202880005.7158535,1.0995526702157925e-07,6.265995443767858e-07,1.1306606071151953e-07,6.443269526362211e-07,0.81916583,0.90405679,1630,8596,1669,8618,1.4939001499545717,1.2094126658939275e-09
1578,1629,0.7067048262409628,0.7367955692506742,1.430049795139816,1.1663375943839351,175622574.4859799,242928473.98456565,325934620.45558655,235458613.75985017,315912386.2676189,2.0258707994283916e-07,5.503736136961899e-07,2.0513382604464223e-07,5.572924253776235e-07,0.51090479,0.3970058,4771,16958,4924,17215,1.895101453002888,1.4229084175239316e-09
1579,1630,1.1400774621101142,0.9849709529210232,1.695303658436316,1.3237473709581233,177221086.80293414,478607914.36916333,197115701.29471347,464903212.75117266,191471390.3893544,8.125061844344501e-08,7.873690103556874e-07,8.220033864375007e-08,7.965723895859575e-07,0.422153,0.8855592,2154,10031,2174,10043,1.5482499347298142,1.2359696331261877e-09
1580,1631,0.08051369093743892,0.1416734517974056,0.8311910894703222,0.5797369579391487,161150859.34568226,14937730.399055274,20952885.65073138,14913181.054278327,20918450.72653806,0.0006811787489664844,0.0014539451810575011,0.0006816270568311013,0.0014549020738853806,0.86859584,1.0896255,176242,305763,181748,309241,5.659026418998524,3.4423358111055667e-09
1581,1632,0.8724676430149205,0.7174108366228156,1.4294531094860505,1.068490590705823,177666082.13632575,110658139.56547365,166223642.47368073,105404615.61766887,158332131.8278675,7.566477761485471e-07,2.05515602691561e-06,7.71513010438251e-07,2.09553198096586e-06,1.4007818,0.76679569,3243,16692,3432,17029,1.6513104157323055,1.3801817600678307e-09
1582,1633,0.62609610960071,0.7638402865346772,1.2749146078971887,1.1320369834112043,176997256.94233784,142695415.5739058,144004308.209937,137200115.30438668,138458601.56943095,7.622654586451313e-07,2.480104957198106e-06,7.74334230491735e-07,2.519371882577693e-06,0.77660024,0.93884438,5570,15402,5851,15747,1.9068258709689538,1.3602410200040669e-09
1583,1634,0.7312072758628655,0.7894995595468774,1.342277708734094,1.1519133868285252,177285242.6734385,191983148.76426792,136254887.975998,181969605.07307446,129148044.05418257,4.641598706780557e-07,2.2216368341832243e-06,4.742128232248379e-07,2.2697538970340073e-06,0.67522728,1.0272411,4278,14017,4433,13947,1.7980671263373653,1.3478150371436486e-09
1584,1635,0.7957428520783034,0.85079614951309,1.3858881942555983,1.1980425415987126,177406023.64482024,161219400.23393294,193336030.10007545,158639698.8817692,190242424.63108453,3.799534872354234e-07,1.0827277409183606e-06,3.824129621554241e-07,1.0897363401638986e-06,0.8756364,0.78069443,3685,12241,3772,12056,1.7379482482346529,1.3066048693647714e-09
1585,1636,0.36419719572731146,0.5651721930600222,1.0466549609074454,0.9402720476170577,177792004.1520285,61032354.99005904,155746171.34783852,60571931.90939262,154571235.0042278,3.731898811389504e-06,4.602441720927042e-06,3.7432198958227636e-06,4.616403683444018e-06,1.0609348,0.64517218,12716,25648,13028,26421,2.4099916136756705,1.5354180928979535e-09
1586,1637,0.6231656965013073,0.6899156207710485,1.2426561059174088,1.0561433083982834,177421374.57723653,111114127.202587,159335963.02432933,102980733.17305894,147672800.08566558,1.008410343623813e-06,2.473489887907242e-06,1.039543366974001e-06,2.549854850765455e-06,0.99503922,0.76822442,5553,18103,5823,18500,1.9027135750304653,1.4163535496373556e-09
1587,1638,1.0893643887631803,0.7592481115544625,1.5531219114999355,1.087132730722669,177989594.3639906,193918249.01095414,238110444.06495425,189257184.71964443,232387165.8594236,1.92336689042598e-07,7.396720080938764e-07,1.942176334312216e-07,7.469055833413842e-07,0.99988282,0.56754446,2075,14173,2078,14079,1.477306905095957,1.3321030768519022e-09
1588,1639,0.7824732296660825,0.7902983652988487,1.3800796917002276,1.147094738599296,177259838.31022397,160926388.32034883,172793717.1898804,154558387.7994905,165956115.89558065,4.7249482213517115e-07,1.6109622018380753e-06,4.80187585478516e-07,1.6371905336488072e-06,0.86189145,0.81072485,3873,14428,4055,14698,1.7432537189059119,1.3393446856534091e-09
1589,1640,0.7225219035246315,0.709943665483325,1.300450283596764,1.0653592351032688,177432887.35886967,146406827.67687827,161352956.53236035,139542188.2575658,153787531.59002632,6.123270709488626e-07,2.082728495702894e-06,6.242028978392864e-07,2.1231221419227033e-06,0.8756364,0.78069443,4353,17074,4567,17423,1.7840578063781527,1.391605196810402e-09
1590,1641,0.8895898963458595,0.8044526388355885,1.3650225082524836,1.0994214008996404,178181075.20961773,198982117.43699405,172835946.67170042,195448752.71056628,169766864.65923312,3.1180523661583013e-07,1.422822554556945e-06,3.1404787751968495e-07,1.4330561224546773e-06,0.79659462,0.82933116,2965,13412,3151,13811,1.5649888101700191,1.2742439685898945e-09
1591,1642,1.1718772804457454,0.7556102850989093,1.661801180099428,1.0978088954993468,177740987.1624004,327635699.16871935,209048968.1564679,306315597.2451699,195445611.38119298,1.3784110121128048e-07,1.0075634561913853e-06,1.4160140942609466e-07,1.0350498090133617e-06,0.63573849,0.64244717,2053,15276,2152,15566,1.4946858416994147,1.3515895448416191e-09
1592,1643,0.8393859478816279,0.6573673824935998,1.353505745900444,0.9940105140848494,178248357.311331,170869057.476499,153232131.97533357,158486557.78981605,142127740.96272853,4.143047006069949e-07,1.9214757752776617e-06,4.2696104926938903e-07,1.9801737995159308e-06,0.8756364,0.76468724,3179,17451,3231,17159,1.6447689312207898,1.4182353422859407e-09
1593,1644,0.7522947376209583,0.6824487308130835,1.3420201285156474,1.0541901646706586,177400963.64505777,206033027.8846392,123097935.9244066,195175906.28901652,116611164.01107156,4.68866629801679e-07,3.0508888687603693e-06,4.791302382465445e-07,3.117673593386645e-06,0.6477496,0.98350197,3986,17550,4069,17438,1.7700344388187281,1.4257163509083266e-09
1594,1645,1.1775688718002666,0.8821519715560203,1.622730415534552,1.1858010840605104,178032741.21428347,239421081.87281,201169532.69886002,236234869.028578,198492371.0055812,1.6344522049128535e-07,8.51777660082577e-07,1.643234636083638e-07,8.563545321685282e-07,0.8756364,0.78069443,1891,11312,1944,11363,1.4369645534703412,1.2508337504144504e-09
1595,1646,0.6760159289595773,0.6056160036435168,1.253143843651974,0.9749776113942064,177713745.3155055,139158599.9387049,143488101.576412,133584117.84661125,137740186.22645485,7.787017335908372e-07,3.0405279365340188e-06,7.915406643867062e-07,3.0906589765408955e-06,0.86331224,0.75007117,4733,21837,4920,22111,1.822569677860361,1.4887624024034676e-09
1596,1647,0.9487114474369005,0.6129256513460758,1.4371612120915622,0.9528521384477421,178338142.85960403,273349820.4234149,142354625.04697302,248358841.8324211,129339868.41985247,2.3940448656088167e-07,2.2501453352402356e-06,2.487642408060601e-07,2.338116983793394e-06,0.61895573,0.76785719,2560,19582,2549,19312,1.5644134371129261,1.4601139740671688e-09
1597,9991,0.01933222789709217,0.04569884164911874,0.8090414662830643,0.7227126980596709,84420463.18060409,1208204.0545358346,2743188.8488732134,1456886.1845678508,3307813.709596715,0.060592937797305416,0.06917793913147788,0.0562222050750845,0.06418794701013196,1.3507947,1.4063623,3665520,4090259,3839884,4210715,14.42271414879471,1.171218317573747e-08
1598,9992,0.04765197889487083,0.07601126756538404,0.9421684412251092,0.7765130548209421,123221864.69551812,6271638.934535327,10501534.827143956,6833048.986696787,11441586.9054958,0.0036556528457916504,0.005481099352745411,0.0035324136325395566,0.005296320764492284,0.93624103,0.89189345,521360,850763,538328,847275,8.020371369400374,6.2032780273665645e-09
1599,9993,0.03943435837239269,0.07771639510451628,0.8995215689121547,0.6039586035839294,111372672.10788564,4788057.1986089125,8788637.924277216,4829383.0848665405,8864492.960287161,0.0038287885426191545,0.006495417427932517,0.0038156492958937647,0.006473127115678391,0.91726345,0.98484915,486725,782889,493715,780093,8.979346984745895,6.789583641376312e-09
