id_2,temp_ave,avetemp2050,avetemp2100,diff_temp,diff_avetemp2050,diff_avetemp2100,pr_ave,avepr2050,avepr2100
1,26.423693,27.070066,28.475201,.064092636,.69590807,.69590807,230.68314,215.38365,209.7476
2,22.168219,22.201939,23.621193,.053548813,-4.1581006,-4.1581006,253.83182,233.91298,224.4724
3,26.515594,26.565825,27.973587,.060434341,.19429462,.19429462,238.62271,219.53389,213.3125
4,24.357475,22.201939,23.621193,.05547142,-4.1581006,-4.1581006,239.70885,233.91298,224.4724
5,21.103344,22.219292,23.6385,.058992386,-4.1407933,-4.1407933,262.89734,233.7556,224.33572
6,24.519905,26.4776,27.87849,.073562622,.099196754,.099196754,237.18884,210.21449,205.9017
7,26.93854,26.53059,27.937347,.067882538,.15805371,.15805371,234.09744,214.15494,208.35562
8,26.80752,27.087526,28.492451,.069313049,.71315813,.71315813,228.98709,214.68134,209.11118
9,22.153774,23.067051,24.480042,.073383331,-3.2992523,-3.2992523,259.88925,212.03946,206.55745
10,26.28256,25.036484,26.448149,.06555748,-1.3311447,-1.3311447,235.60344,212.74277,206.32863
11,24.835083,25.339539,26.738901,.075340271,-1.0403924,-1.0403924,234.27275,205.5793,202.14505
12,26.085899,27.121332,28.525669,.064659119,.74637651,.74637651,226.26849,214.97713,209.6248
13,23.827019,24.389553,25.803207,.064727783,-1.9760853,-1.9760853,246.38954,214.07326,207.24147
14,24.833261,26.437141,27.847511,.048280716,.068217598,.068217598,233.76743,231.42154,224.17107
15,21.254208,22.023636,23.436592,.067798615,-4.3427014,-4.3427014,266.01041,212.01509,207.27324
16,25.701872,26.192417,27.603296,.054044724,-.17599647,-.17599647,234.06241,231.56552,224.18848
17,26.525589,27.087526,28.492451,.060337067,.71315813,.71315813,234.83156,214.68134,209.11118
18,26.649591,27.064241,28.469448,.061761856,.69015425,.69015425,226.79984,215.61801,209.95999
19,25.93565,26.674843,28.084713,.055189133,.3054193,.3054193,230.47035,231.28171,224.15416
20,25.248116,23.114704,24.531761,.058336258,-3.2475312,-3.2475312,236.78998,228.32437,219.75818
21,26.175528,26.676138,28.085991,.056634903,.30669847,.30669847,233.11102,231.22972,224.10704
22,26.279182,25.58234,26.991615,.072422028,-.78767759,-.78767759,230.15749,212.84442,206.8096
23,26.626862,27.227518,28.630411,.059417725,.85111791,.85111791,220.21077,218.75519,214.15179
24,27.181955,27.087526,28.492451,.064710617,.71315813,.71315813,235.05577,214.68134,209.11118
25,22.67942,23.131237,24.53462,.084337234,-3.2446728,-3.2446728,254.60043,200.11247,197.18674
26,21.625898,22.384029,23.801193,.04368782,-3.9781005,-3.9781005,248.74413,244.16367,234.90717
27,25.103689,26.674843,28.084713,.054615021,.3054193,.3054193,236.31685,231.28171,224.15416
28,26.605545,28.278734,29.794764,-.017068863,2.0154698,2.0154698,308.48727,196.96614,204.67406
29,27.826389,28.514814,30.029251,-.011619568,2.249958,2.249958,342.8187,204.97456,211.28244
30,25.523027,26.411995,27.921272,-.0055885315,.14197969,.14197969,366.09442,220.86191,226.63689
31,27.041365,28.499596,30.014311,-.020698547,2.2350171,2.2350171,290.6171,199.01248,207.06015
32,25.922556,26.889542,28.388889,-.0058345795,.60959548,.60959548,366.28345,224.45821,229.64169
33,26.13681,26.614922,28.114305,-.004114151,.33501229,.33501229,373.90445,225.99068,231.01927
34,26.797348,28.507524,30.026487,-.015621185,2.2471936,2.2471936,306.45746,195.13893,202.25996
35,27.826389,26.425774,27.935139,-.011619568,.15584485,.15584485,342.8187,220.7767,226.5853
37,26.896893,28.275295,29.791315,-.017814636,2.0120213,2.0120213,303.10349,197.20132,204.8712
38,25.651793,26.425774,27.935139,-.0062446594,.15584485,.15584485,364.16034,220.7767,226.5853
39,25.030066,26.548059,28.050898,-.0056819916,.27160439,.27160439,367.89026,224.19328,229.48419
40,26.914616,26.473484,27.980928,-.0082263947,.2016352,.2016352,360.69949,221.71667,227.38161
41,26.603451,28.039227,29.554068,.0014877319,1.774774,1.774774,362.91394,201.65517,207.20001
42,27.025875,28.927065,30.439318,-.0026702881,2.6600254,2.6600254,341.13522,190.81105,195.67957
43,27.037262,28.92067,30.43964,-.01140976,2.660347,2.660347,311.50821,193.62637,200.08418
44,26.587093,28.071533,29.594023,-.014959335,1.8147291,1.8147291,295.06833,192.52052,198.81686
45,26.650991,27.676676,29.199684,-.016891479,1.4203911,1.4203911,277.44009,188.54839,194.82602
46,26.58017,28.32222,29.836731,.0035457611,2.0574379,2.0574379,371.72348,198.8112,203.97159
47,27.088089,28.884737,30.398256,.0021476746,2.6189625,2.6189625,360.64371,194.76546,199.48001
48,27.285769,29.13228,30.647987,.00070762634,2.8686943,2.8686943,355.24283,193.09142,198.04834
49,26.681999,27.905243,29.427502,-.015872955,1.6482086,1.6482086,298.29193,194.4599,201.20891
50,27.338436,28.335049,29.844095,-.0082473755,2.0648029,2.0648029,298.8924,188.85349,194.00896
51,25.681475,27.193052,28.704435,-.00086021423,.92514181,.92514181,374.70654,212.30629,217.80975
52,27.405783,29.495352,31.013506,-.0048980713,3.2342136,3.2342136,324.41632,188.60988,193.70369
53,27.114288,28.712095,30.219889,-.0028209686,2.4405963,2.4405963,330.89969,192.02533,196.79689
54,26.953096,28.324717,29.845049,-.015605927,2.0657551,2.0657551,274.24295,185.8643,191.87671
55,27.272234,28.108973,29.436905,-.080062866,1.6576122,1.6576122,246.36931,185.47971,183.44696
56,27.244156,28.138239,29.465141,-.080598831,1.6858486,1.6858486,268.2337,183.17203,180.7814
57,27.426392,28.532467,29.859184,-.07849884,2.0798914,2.0798914,274.02725,184.28903,181.91879
58,27.482895,28.319838,29.648523,-.080879211,1.8692299,1.8692299,235.27679,191.52559,190.03093
59,26.893406,27.472708,28.803459,-.073114395,1.0241666,1.0241666,347.53854,202.83257,201.39774
60,27.107487,27.543848,28.871763,-.077674866,1.09247,1.09247,331.87451,190.11891,187.44266
61,27.629793,28.532467,29.859184,-.078763962,2.0798914,2.0798914,242.34978,184.28903,181.91879
62,27.560778,28.532467,29.859184,-.07998085,2.0798914,2.0798914,265.95233,184.28903,181.91879
63,26.433474,26.970139,28.297062,-.081233978,.51776904,.51776904,289.79382,180.74278,178.2744
64,25.538691,26.126156,27.45005,-.081687927,-.32924238,-.32924238,302.07312,183.96677,181.28146
65,27.273876,28.199575,29.525894,-.07989502,1.7466002,1.7466002,288.74197,184.56056,182.08766
66,26.986696,27.47843,28.809177,-.073610306,1.0298835,1.0298835,333.94095,202.68307,201.22992
67,26.477848,27.621061,28.946556,-.080631256,1.1672622,1.1672622,306.12628,184.4292,181.74791
68,26.796606,27.769302,29.099319,-.07493782,1.3200269,1.3200269,340.70114,195.0912,192.70654
69,27.566534,28.532467,29.859184,-.079046249,2.0798914,2.0798914,243.08899,184.28903,181.91879
70,27.615854,28.532467,29.859184,-.080863953,2.0798914,2.0798914,251.28951,184.28903,181.91879
71,27.140549,27.628754,28.955883,-.078237534,1.1765891,1.1765891,304.47836,189.22343,186.6618
72,27.205978,27.741903,29.084528,.033056259,1.3052349,1.3052349,317.95566,266.72781,267.56473
74,26.74472,27.409718,28.753174,.027734756,.97388142,.97388142,279.12823,253.92149,254.50012
75,26.929092,27.410599,28.754059,.028564453,.97476643,.97476643,285.57861,253.9156,254.4944
76,26.635975,27.308556,28.651735,.02542305,.87244242,.87244242,270.72974,254.22427,254.77908
77,27.263241,27.411579,28.75506,.019849777,.97576714,.97576714,262.76874,253.75836,254.33498
78,27.021814,27.087904,28.432592,.029745102,.65329951,.65329951,292.68591,256.99744,257.94632
79,27.153345,27.621206,28.965427,.018392563,1.1861337,1.1861337,232.03017,238.96692,239.47307
80,26.789381,27.137144,28.480751,.023099899,.7014575,.7014575,256.97858,246.3649,246.74854
81,26.079947,26.544067,27.884296,.036359787,.10500336,.10500336,309.90524,262.70895,263.14944
82,26.061018,26.250921,27.590769,.03178978,-.18852456,-.18852456,300.66086,261.64005,262.01212
83,26.424759,26.696877,28.042782,.028530121,.26348829,.26348829,300.13574,260.98392,262.22476
84,26.909456,27.337389,28.682095,.018615723,.90280086,.90280086,239.88548,238.9296,239.2668
85,27.161066,27.449728,28.794865,.017612457,1.0155722,1.0155722,245.5927,238.83992,239.22191
86,26.762497,26.919777,28.261028,.026626587,.48173603,.48173603,257.99652,253.08066,253.59215
87,26.889942,28.047197,29.39732,.030025482,1.6180271,1.6180271,310.18649,123.16624,126.60698
88,26.306984,26.926414,28.269468,.035112381,.4901754,.4901754,305.60043,260.94669,261.73145
89,26.28471,26.58392,27.924198,.034269333,.14490509,.14490509,305.83493,262.85428,263.30408
90,25.768124,26.383007,27.722376,.030973434,-.056916397,-.056916397,285.02176,261.76294,262.06555
91,27.18787,28.214664,29.513531,-.1066227,1.7342371,1.7342371,242.59665,189.85393,196.02904
92,25.299881,25.291796,26.613281,-.083282471,-1.1660124,-1.1660124,305.37665,183.47337,181.09883
93,27.158981,27.645319,28.959343,-.10085106,1.1800491,1.1800491,264.49817,192.00684,195.54758
94,26.037209,25.79002,27.1105,-.090082169,-.6687935,-.6687935,289.40112,182.44055,180.60437
95,27.693083,28.433153,29.76524,-.072498322,1.9859458,1.9859458,304.42398,206.7256,205.13966
96,25.64304,25.146852,26.469093,-.079797745,-1.3101991,-1.3101991,318.24667,185.28535,182.60574
97,26.983774,27.424326,28.735157,-.10449028,.95586443,.95586443,250.29938,184.26486,187.68607
98,26.081259,25.78903,27.109512,-.087219238,-.66978151,-.66978151,301.8446,182.55592,180.68361
99,26.627157,27.504759,28.835396,-.076782227,1.0561032,1.0561032,349.4194,201.93297,200.39215
100,26.88538,27.438276,28.76545,-.078561783,.98615581,.98615581,352.01483,188.78741,186.06767
101,26.959499,26.251154,27.570122,-.10015106,-.20917082,-.20917082,274.84229,182.1673,182.39963
102,27.470808,28.776394,30.085089,-.10439873,2.3057954,2.3057954,251.55675,199.80832,206.1787
103,25.565414,25.890392,27.212429,-.10126495,-.56686479,-.56686479,271.65558,178.45726,177.62566
104,26.508553,27.099091,28.423887,-.080446243,.64459485,.64459485,334.91531,184.50949,181.65004
105,26.58955,26.327206,27.645386,-.10572052,-.13390684,-.13390684,260.30878,180.16353,180.61952
106,26.421932,24.916557,26.2388,-.081794739,-1.5404924,-1.5404924,317.50049,184.16573,181.41219
107,27.067602,28.147118,29.450993,-.10719681,1.6717001,1.6717001,245.53616,191.98102,197.61803
108,25.366852,25.801432,27.124588,-.096513748,-.65470582,-.65470582,280.37054,180.01749,178.45998
109,22.617275,23.720051,25.098167,.12091255,-2.6811264,-2.6811264,263.06476,189.81755,191.21167
110,24.050791,24.591164,25.996231,.085792542,-1.7830616,-1.7830616,221.59557,196.92241,196.20284
111,26.255232,26.753363,28.137175,.11688423,.35788155,.35788155,162.52211,178.95992,180.12433
112,24.135784,24.517748,25.912376,.1009407,-1.8669176,-1.8669176,228.54224,190.33377,190.39458
113,25.203054,25.309322,26.678177,.12753487,-1.1011162,-1.1011162,218.41096,184.62584,188.52394
114,25.509897,26.465382,27.849552,.11569977,.070258461,.070258461,194.70012,179.66612,180.61594
115,27.006401,27.121069,28.486338,.12602425,.7070446,.7070446,168.05205,181.19543,185.80035
116,26.4562,26.041332,27.440557,-.018836975,-.33873495,-.33873495,251.27457,254.98773,262.01126
117,24.89493,24.14484,25.523922,.016246796,-2.2553706,-2.2553706,282.05814,261.72198,268.129
118,24.458141,23.953537,25.329947,.034193039,-2.4493468,-2.4493468,276.80511,256.10794,263.82083
119,24.511019,23.739908,25.126152,.0020561218,-2.6531403,-2.6531403,264.06497,271.31503,275.35571
120,25.334032,25.262775,26.668921,-.025968552,-1.1103717,-1.1103717,228.55269,252.04236,263.00458
121,25.033646,24.36145,25.757957,-.0095767975,-2.0213363,-2.0213363,238.56343,267.99963,273.20697
122,25.5812,23.753637,25.162676,-.021133423,-2.6166172,-2.6166172,219.49991,260.41138,266.88403
123,23.914606,24.388332,25.796261,-.022445679,-1.9830331,-1.9830331,237.06252,252.9704,261.11371
124,27.090456,26.046516,27.374325,-.10850716,-.40496811,-.40496811,199.90919,160.76579,166.68523
125,26.417959,26.142601,27.471565,-.11195183,-.30772766,-.30772766,216.76591,159.8002,165.51768
126,27.190306,26.833658,28.168692,-.10912132,.38939795,.38939795,199.01494,159.94141,165.8251
127,26.734741,26.304123,27.625095,-.11544037,-.15419769,-.15419769,203.40047,159.67241,165.8279
128,26.895512,26.017284,27.344797,-.11207581,-.4344964,-.4344964,201.65901,160.78047,166.7009
129,27.252222,26.849335,28.1637,-.11885071,.38440624,.38440624,193.08797,158.48833,164.90086
130,27.333536,26.542603,27.859718,-.11204147,.080424942,.080424942,201.78888,158.62558,164.86351
131,26.491348,26.444429,27.768387,-.11123848,-.010906219,-.010906219,214.3598,158.50031,164.32533
132,26.714508,26.073505,27.401678,-.11073685,-.37761417,-.37761417,213.33965,160.3383,166.16641
133,27.101995,26.269852,27.599794,-.1084156,-.17949931,-.17949931,203.00908,160.60741,166.5192
134,26.59584,26.235924,27.565952,-.10821915,-.21334076,-.21334076,216.00638,159.07339,164.64145
135,26.414913,26.891411,28.286137,-.051189423,.50684327,.50684327,235.59508,184.54233,186.01509
136,26.034887,26.584984,27.977444,-.057435989,.19815047,.19815047,237.71692,191.06393,193.23302
137,26.764954,26.927887,28.322851,-.052524567,.54355842,.54355842,236.78226,183.63676,185.06929
138,27.207893,27.199888,28.595289,-.05531311,.81599599,.81599599,235.58478,194.00272,192.32495
139,26.906677,27.396334,28.79283,-.053411484,1.0135373,1.0135373,237.03542,191.53459,190.0226
140,26.077349,27.400635,28.798439,-.053442001,1.0191451,1.0191451,223.68178,174.77527,175.57602
141,26.424513,27.536352,28.926741,-.056390762,1.1474471,1.1474471,221.19237,184.7408,189.20511
142,26.471863,26.769276,28.162794,-.058818817,.38350138,.38350138,253.72766,192.04008,192.74539
143,26.616432,27.515501,28.912752,-.050170898,1.1334597,1.1334597,233.96173,188.96243,187.94385
144,26.818439,27.40938,28.807238,-.050813675,1.0279444,1.0279444,227.30865,174.6113,175.40036
145,26.903654,27.127138,28.5233,-.053264618,.74400663,.74400663,232.98648,179.90186,181.06812
146,26.41239,27.402813,28.7997,-.048774719,1.0204076,1.0204076,233.70143,187.06271,187.04292
147,24.867346,27.237537,28.505919,.20565033,.72662592,.72662592,187.53796,182.7477,200.96397
148,25.517227,26.406307,27.678066,.19740295,-.10122744,-.10122744,177.53871,41.642284,46.202438
149,25.520735,27.573402,28.842567,.20409203,1.0632743,1.0632743,181.26788,182.38141,201.70381
150,25.484146,27.573402,28.842567,.20492935,1.0632743,1.0632743,181.44876,182.38141,201.70381
151,25.575558,27.573402,28.842567,.20305252,1.0632743,1.0632743,180.0392,182.38141,201.70381
152,25.572681,27.573402,28.842567,.20504379,1.0632743,1.0632743,180.6474,182.38141,201.70381
153,26.85458,27.084972,28.466778,-.046209335,.68748397,.68748397,157.14725,194.6481,203.5278
154,26.561478,26.888329,28.267939,-.043243408,.48864555,.48864555,161.27977,190.95892,198.03415
155,26.961351,27.254608,28.635338,-.052717209,.85604399,.85604399,169.29407,198.38284,208.02866
156,26.724073,27.08079,28.466934,-.03751564,.6876418,.6876418,159.95972,190.83629,198.9966
157,26.733082,26.883614,28.258224,-.038038254,.47893095,.47893095,163.27849,185.21637,191.19035
158,26.898581,27.168455,28.548763,-.043567657,.76947069,.76947069,156.74316,196.60915,205.6077
159,26.404726,26.973291,28.356113,-.050039291,.57682103,.57682103,170.37764,192.18462,200.6432
160,27.217791,27.52215,28.900742,-.055931091,1.1214477,1.1214477,164.19882,204.27994,215.01384
161,26.279409,26.805805,28.185204,-.039743423,.4059113,.4059113,167.01199,189.29436,195.80298
162,26.7409,26.805805,28.185204,-.036558151,.4059113,.4059113,159.99358,189.29436,195.80298
163,26.191416,26.348125,27.736649,-.046552658,-.042644501,-.042644501,170.53752,178.39462,184.49583
164,26.45616,27.067513,28.449471,-.045816422,.67017812,.67017812,165.22516,194.26286,203.07672
165,27.162022,27.484903,28.86692,-.054447174,1.0876266,1.0876266,171.34499,193.97281,202.65881
166,25.826883,26.845587,28.22514,-.033695221,.44584608,.44584608,174.45139,189.73311,196.28902
167,26.414024,26.784803,28.156342,-.033319473,.37704816,.37704816,174.8808,186.18102,191.45924
168,26.843163,27.350477,28.725243,-.047527313,.94594878,.94594878,158.35065,198.57195,207.47659
169,26.243216,27.135916,28.523415,-.036432266,.74412203,.74412203,167.64011,191.1454,199.63681
170,26.411648,26.82218,28.201981,-.037906647,.42268705,.42268705,165.37201,189.38617,195.9931
171,26.695858,27.238861,28.624847,-.056734085,.84555483,.84555483,180.59142,182.81857,189.38509
172,26.658432,27.061275,28.439655,-.031732559,.66036159,.66036159,163.53793,192.63423,198.98216
173,26.77273,27.146677,28.523439,-.030513763,.74414635,.74414635,164.6918,193.78845,199.85347
174,26.221973,26.805805,28.185204,-.03663063,.4059113,.4059113,167.18967,189.29436,195.80298
175,27.080204,27.113758,28.487789,-.025125504,.70849544,.70849544,165.35732,193.44337,199.01181
176,26.795135,27.231775,28.612238,-.044282913,.83294469,.83294469,158.9165,197.88625,207.31952
177,27.064909,27.043633,28.426102,-.042800903,.64680928,.64680928,153.0098,193.21541,201.72754
178,26.882458,26.809786,28.189194,-.040456772,.40990147,.40990147,157.96931,189.37468,195.91063
179,26.832071,27.231775,28.612238,-.042869568,.83294469,.83294469,157.13521,197.88625,207.31952
180,25.985588,27.118389,28.505455,-.03392601,.72616243,.72616243,174.3929,191.04712,199.43324
182,26.997654,27.231775,28.612238,-.045070648,.83294469,.83294469,155.6785,197.88625,207.31952
183,26.544182,26.885357,28.273252,-.041658401,.49395975,.49395975,164.15182,187.05975,194.79944
184,26.548792,27.140125,28.527725,-.037483215,.74843264,.74843264,164.7067,191.16899,199.68568
185,26.574934,26.91431,28.290325,-.031759262,.51103145,.51103145,166.002,188.50113,194.55124
186,26.970844,27.379208,28.752592,-.046257019,.97329885,.97329885,159.89815,198.7379,207.5146
187,26.825632,27.036911,28.422476,-.055610657,.64318258,.64318258,173.06677,184.80356,191.86186
188,20.153149,21.22831,22.631844,-.0064716339,-5.14745,-5.14745,196.0116,285.69037,275.69202
189,20.343912,22.078363,23.479511,-.022127151,-4.2997813,-4.2997813,187.19733,265.3327,255.93564
190,19.344069,21.917988,23.325474,.010055542,-4.4538198,-4.4538198,213.96643,284.51666,274.90671
191,20.366051,20.206448,21.615742,-.013084412,-6.1635509,-6.1635509,192.85614,284.41309,274.04462
192,16.786167,17.981792,19.39537,.0095844269,-8.3839216,-8.3839216,233.21321,292.49094,280.16376
193,22.558752,22.863577,24.266748,-.027448654,-3.5125446,-3.5125446,179.85541,263.29465,254.31146
194,17.483892,17.721636,19.133488,.00008392334,-8.6458044,-8.6458044,216.45682,294.94022,282.67044
195,22.265488,21.558262,22.961012,-.0091171265,-4.8182812,-4.8182812,192.18741,284.82214,275.03754
196,19.01683,21.432219,22.835781,.00042533875,-4.9435115,-4.9435115,204.90199,285.26083,275.39374
197,21.273241,22.001041,23.402428,-.016738892,-4.3768659,-4.3768659,187.88541,268.23013,258.77542
198,20.113146,18.721176,20.13628,.016181946,-7.6430125,-7.6430125,215.19154,288.62958,276.52045
199,23.870518,23.283478,24.682911,-.014684677,-3.0963829,-3.0963829,187.56081,264.95602,256.31027
200,22.486416,23.121208,24.522141,-.02571106,-3.2571533,-3.2571533,185.7444,259.90839,250.92921
201,21.60647,21.729324,23.131554,-.01209259,-4.6477399,-4.6477399,189.1086,278.4119,268.75476
202,25.397293,26.287094,27.663006,-.0085964203,-.11628707,-.11628707,236.9243,232.20755,233.11661
203,25.560816,26.7684,28.146807,-.015268326,.36751381,.36751381,232.17371,228.52573,229.41408
204,25.389536,27.025126,28.407444,-.012838364,.62815171,.62815171,240.71474,220.03175,220.86887
205,25.468107,26.294037,27.674122,-.011501312,-.1051712,-.1051712,242.35207,225.85623,226.77185
206,25.458891,26.291248,27.669664,-.0089931488,-.10962931,-.10962931,244.67702,228.40634,229.31932
207,25.920332,26.287098,27.663008,-.0081005096,-.11628453,-.11628453,229.1671,232.20575,233.11482
208,25.940254,27.047096,28.417816,-.0089492798,.63852388,.63852388,224.88382,239.13629,240.24721
209,25.72275,26.287094,27.663006,-.014120102,-.11628707,-.11628707,230.45743,232.20755,233.11661
210,27.358902,29.326471,30.754251,-.046854019,2.9749577,2.9749577,149.37766,140.49559,143.95786
211,27.535421,28.481583,29.922388,-.041685104,2.1430957,2.1430957,199.99471,165.78996,169.99789
212,26.976765,28.909105,30.36503,-.036214828,2.585737,2.585737,203.09448,178.53566,183.35605
213,27.104082,28.923086,30.3398,-.050077438,2.5605061,2.5605061,164.37506,130.73006,132.89554
214,27.437305,29.327658,30.755856,-.049674988,2.9765625,2.9765625,143.21844,142.18124,145.76842
215,27.039448,28.754026,30.17948,-.047357559,2.4001858,2.4001858,170.58133,140.95575,144.23589
216,26.412174,28.305197,29.735235,-.044404984,1.9559427,1.9559427,195.88545,149.59781,153.56668
217,28.09067,28.920237,30.347498,-.047813416,2.5682042,2.5682042,178.35146,193.02119,196.36365
218,26.281652,28.164536,29.60343,-.041677475,1.8241361,1.8241361,196.64146,146.16408,150.9126
219,27.301517,28.637665,30.055387,-.050401688,2.2760952,2.2760952,184.09486,181.17038,184.4108
220,27.133554,28.908564,30.324879,-.052165985,2.5455856,2.5455856,170.39252,130.37852,132.49731
221,27.466814,28.645723,30.091516,-.038961411,2.3122241,2.3122241,199.32637,171.45251,175.81676
222,26.569675,28.318684,29.749754,-.040643692,1.9704603,1.9704603,203.64581,150.94315,154.94122
223,26.628057,28.433033,29.859838,-.047595978,2.0805447,2.0805447,185.88245,145.99701,149.55313
224,27.032764,28.322872,29.7521,-.050426483,1.9728075,1.9728075,183.17285,149.61533,153.50443
225,27.391045,29.326471,30.754251,-.050233841,2.9749577,2.9749577,149.61923,140.49559,143.95786
226,27.524679,29.326408,30.754187,-.051647186,2.9748943,2.9748943,147.63939,140.49408,143.95615
227,27.22183,28.463667,29.903242,-.043212891,2.1239483,2.1239483,204.14972,164.0696,168.24547
228,27.150867,28.377008,29.806934,-.045583725,2.0276413,2.0276413,197.42963,155.55962,159.44376
229,27.737408,29.326471,30.754251,-.052274704,2.9749577,2.9749577,128.87151,140.49559,143.95786
230,26.713806,28.126223,29.567522,-.042331696,1.7882296,1.7882296,190.12538,145.22874,150.18964
231,26.206373,28.040157,29.487818,-.038108826,1.7085253,1.7085253,221.451,162.31335,167.04887
232,26.392267,27.701632,29.15439,-.036657333,1.3750967,1.3750967,207.25571,159.05034,164.20149
233,27.020926,28.479218,29.924231,-.038068771,2.1449382,2.1449382,206.86728,167.62154,172.04573
234,27.392204,28.510067,29.932417,-.050262451,2.1531231,2.1531231,179.44402,168.689,172.19662
235,26.363548,27.734545,29.186954,-.03809166,1.4076614,1.4076614,214.00499,159.9064,165.00719
236,27.719309,28.657166,30.074181,-.052936554,2.2948875,2.2948875,172.47255,183.06673,186.26654
237,26.918415,28.126223,29.567522,-.042600632,1.7882296,1.7882296,177.01389,145.22874,150.18964
238,27.370861,28.515312,29.952229,-.044752121,2.1729355,2.1729355,155.08517,143.69438,148.16945
239,26.913927,28.181959,29.622631,-.045854568,1.843338,1.843338,172.1806,145.00894,149.90024
240,27.102633,28.916538,30.333069,-.05474472,2.5537758,2.5537758,164.38715,130.57159,132.71605
241,27.811552,28.779716,30.229588,-.042802811,2.4502938,2.4502938,191.95532,176.0752,180.56705
242,27.201193,29.100201,30.521776,-.052536011,2.7424839,2.7424839,157.34279,135.01787,137.75275
243,27.772758,29.342018,30.768309,-.053091049,2.9890163,2.9890163,127.03151,140.01659,143.46208
244,26.92837,28.481583,29.922388,-.04152298,2.1430957,2.1430957,207.97682,165.78996,169.99789
245,27.702074,29.357492,30.795019,-.046037674,3.0157268,3.0157268,187.23419,176.28951,179.41322
246,26.604307,28.315639,29.745031,-.049818039,1.9657389,1.9657389,193.02242,149.85286,153.76381
247,26.714878,28.908564,30.324879,-.048826218,2.5455856,2.5455856,179.03278,130.37852,132.49731
248,27.740725,28.623001,30.05945,-.044645309,2.2801564,2.2801564,195.63878,174.56329,178.49187
249,26.954683,28.144781,29.585062,-.044700623,1.8057684,1.8057684,172.61165,145.60001,150.47041
250,26.397655,28.413746,29.855398,-.038789749,2.0761044,2.0761044,213.1468,164.81407,169.10492
251,27.213711,29.286957,30.715179,-.04665947,2.9358864,2.9358864,158.82985,140.65141,144.16301
252,27.596886,29.326471,30.754251,-.052900314,2.9749577,2.9749577,137.00278,140.49559,143.95786
253,27.890898,28.847517,30.271959,-.051786423,2.492667,2.492667,179.53891,190.25977,193.56209
254,27.887373,28.917377,30.344545,-.046861649,2.5652516,2.5652516,188.51035,192.89673,196.23647
255,27.092033,28.872742,30.289833,-.049129486,2.51054,2.51054,177.5979,131.6291,133.86433
256,27.92856,28.842667,30.279058,-.045272827,2.4997647,2.4997647,190.18874,179.88182,183.61929
257,26.533836,28.125093,29.566425,-.03814888,1.7871323,1.7871323,200.56091,145.2655,150.22688
258,24.504564,25.750307,27.265804,-.03534317,-.51348895,-.51348895,263.35739,185.93411,194.44922
259,25.62866,25.355021,26.882265,-.026504517,-.89702845,-.89702845,264.83374,197.97609,205.91508
260,26.758148,28.404917,29.933493,-.039054871,2.1541989,2.1541989,225.9801,158.34306,165.23447
261,26.222368,26.994488,28.522516,-.03613472,.74322385,.74322385,240.94473,178.10852,186.18857
262,26.175705,27.546289,29.073145,-.036355972,1.2938513,1.2938513,251.60854,178.34119,185.17511
263,23.512028,23.392628,24.918041,-.028358459,-2.8612511,-2.8612511,290.50012,196.91985,206.11093
264,26.405252,28.279207,29.806078,-.041280746,2.0267842,2.0267842,240.78647,171.60373,177.97223
265,24.87396,24.261826,25.778198,-.041643143,-2.0010955,-2.0010955,269.28604,182.32738,189.09741
266,26.108173,27.197603,28.726337,-.03547287,.94704437,.94704437,234.90825,172.79271,180.80722
267,25.988621,26.687868,28.216337,-.033742905,.43704367,.43704367,241.64383,178.34091,186.90498
268,23.289997,23.028219,24.555582,-.031772614,-3.223711,-3.223711,279.29453,196.77936,205.569
269,25.378265,27.172848,28.689379,-.033224106,.91008502,.91008502,261.34052,186.77383,195.4558
270,24.538128,24.800394,26.328705,-.029291153,-1.4505881,-1.4505881,275.30353,199.01295,207.81039
271,25.424826,26.209145,27.7272,-.029373169,-.052094299,-.052094299,261.73825,185.14035,193.84174
272,25.401697,26.433321,27.954903,-.030498505,.17560975,.17560975,260.96439,191.37624,200.16882
273,25.676941,24.990044,26.517435,-.034259796,-1.2618572,-1.2618572,256.98633,189.45918,197.50082
274,24.006893,25.019047,26.543791,-.038673401,-1.2355027,-1.2355027,270.2377,185.73642,192.69144
275,25.147551,26.261015,27.789312,-.028720856,.010018985,.010018985,255.58112,182.62027,191.78534
276,25.386366,25.022703,26.548351,-.025196075,-1.2309417,-1.2309417,258.52975,184.7002,193.48
277,23.562592,24.125147,25.648443,-.031778336,-2.1308501,-2.1308501,278.29132,192.70424,201.3528
278,23.526129,24.257488,25.773315,-.038776398,-2.0059783,-2.0059783,278.67365,186.40836,194.42278
279,24.435614,25.531591,27.059702,-.031238556,-.71959096,-.71959096,264.86551,190.99829,200.02139
280,27.163008,27.266705,28.673695,-.032278061,.89440078,.89440078,228.0788,219.82762,227.8123
281,27.517645,28.256437,29.664291,-.03845787,1.8849983,1.8849983,213.27283,191.14565,193.70302
282,27.472324,28.246151,29.654125,-.039272308,1.8748322,1.8748322,210.17815,191.30763,193.84821
283,27.539627,28.256437,29.664291,-.033975601,1.8849983,1.8849983,211.54906,191.14565,193.70302
284,27.410454,28.327599,29.734049,-.036310196,1.9547564,1.9547564,203.86156,188.67325,191.38501
285,27.404655,28.256437,29.664291,-.034986496,1.8849983,1.8849983,216.98373,191.14565,193.70302
286,27.527517,28.261307,29.668633,-.04360199,1.8893394,1.8893394,206.17738,190.25528,192.51805
287,25.140825,26.136789,27.544264,-.02907753,-.23502986,-.23502986,227.03256,236.1924,245.90253
288,27.520102,28.256437,29.664291,-.0364151,1.8849983,1.8849983,211.48439,191.14565,193.70302
289,27.450916,28.289141,29.693457,-.041866302,1.914163,1.914163,205.37175,185.16524,185.74373
290,27.50666,28.256437,29.664291,-.038301468,1.8849983,1.8849983,207.97079,191.14565,193.70302
291,27.539034,27.910933,29.317909,-.031295776,1.5386162,1.5386162,216.10056,200.99821,205.66278
292,27.529099,28.097736,29.502733,-.030057907,1.7234396,1.7234396,212.46234,195.37834,199.87398
293,25.44416,26.563499,27.968781,-.024377823,.18948714,.18948714,234.68671,232.1609,242.30867
294,27.42635,28.498608,29.901667,-.033958435,2.1223729,2.1223729,200.49356,182.73212,185.81488
295,27.407701,28.160843,29.568611,-.035606384,1.7893181,1.7893181,220.82359,193.91597,196.99756
296,27.450573,28.256437,29.664291,-.040025711,1.8849983,1.8849983,204.22897,191.14565,193.70302
297,27.498863,28.256437,29.664291,-.037914276,1.8849983,1.8849983,211.62756,191.14565,193.70302
298,27.48217,28.256437,29.664291,-.039129257,1.8849983,1.8849983,208.5197,191.14565,193.70302
299,27.10256,26.655056,28.066338,-.036045074,.28704515,.28704515,213.09744,222.11215,228.86273
300,26.710417,27.090166,28.497,-.026929855,.7177065,.7177065,232.00029,224.94366,233.89642
301,27.205402,26.677654,28.089172,-.040904999,.30987868,.30987868,193.05875,221.8694,228.50471
302,27.332787,27.69809,29.106459,-.034339905,1.3271662,1.3271662,217.46638,206.09195,211.10558
303,27.438284,27.644459,29.051775,-.031768799,1.2724814,1.2724814,222.47305,208.88054,214.79379
304,26.925434,27.121069,28.486338,.13492775,.7070446,.7070446,180.45015,181.19543,185.80035
305,26.996756,27.723526,29.118004,.1153698,1.33871,1.33871,123.57439,165.28926,168.9001
306,26.853664,27.487143,28.863358,.12515259,1.0840639,1.0840639,148.56114,171.51033,173.83931
307,27.128855,27.459404,28.852448,.11024094,1.073155,1.073155,130.06413,167.42421,171.3591
308,26.726217,27.159876,28.504745,.14744186,.72545195,.72545195,183.81122,186.00896,192.9888
309,25.837252,25.867588,27.248514,.12010765,-.53077859,-.53077859,159.254,187.89127,191.59718
310,26.945724,27.385702,28.748856,.13449097,.96956187,.96956187,175.74141,177.06285,181.61783
311,26.975016,27.396563,28.759068,.13567162,.97977513,.97977513,151.80219,173.83716,177.34352
312,25.548208,26.448189,27.747971,.17865372,-.031323116,-.031323116,213.08191,181.16208,189.44141
313,27.062757,27.581713,28.94595,.13513184,1.1666559,1.1666559,155.33482,173.33592,177.45956
314,26.054686,26.009993,27.357323,.14546585,-.42196941,-.42196941,212.28447,199.5481,207.24715
315,27.122847,27.75514,29.160757,.08669281,1.3814636,1.3814636,142.73248,172.5025,173.75739
316,25.941504,26.539091,27.913136,.1245327,.13384199,.13384199,152.18282,176.37105,179.38249
317,25.1479,25.937475,27.290218,.13761711,-.48907503,-.48907503,192.44945,189.03487,196.70866
318,27.141832,27.103729,28.500813,.1071682,.72152013,.72152013,133.88197,171.604,174.65778
319,25.838223,26.52458,27.897638,.12988663,.11834542,.11834542,164.27357,176.72589,179.65157
320,26.631437,27.420013,28.801685,.1177845,1.0223929,1.0223929,130.25089,170.87396,172.50841
321,26.523218,27.083504,28.446558,.13797379,.66726494,.66726494,193.1739,182.74097,187.67969
322,24.139818,25.020536,26.413179,.10438347,-1.3661145,-1.3661145,201.20908,193.05838,194.78009
323,27.158207,27.436047,28.835016,.097225189,1.0557232,1.0557232,137.42075,172.22311,174.67873
324,26.153067,26.295654,27.694273,.095878601,-.085020065,-.085020065,163.73576,185.13971,186.96478
325,25.967131,25.533901,26.887487,.14327049,-.89180642,-.89180642,212.84218,195.18973,201.76437
326,25.887775,26.76498,28.103439,.13820648,.32414594,.32414594,188.13812,174.8381,183.9854
327,25.032467,25.17379,26.526964,.14281082,-1.2523289,-1.2523289,236.08739,215.64769,221.55176
328,26.791386,26.898655,28.269592,.13569069,.4902986,.4902986,153.20001,173.0488,175.33525
329,26.05917,27.073204,28.468903,.10553741,.68961018,.68961018,150.00206,174.33592,177.06355
330,27.199186,27.995167,29.400911,.096143723,1.6216179,1.6216179,135.21771,171.45441,172.68689
331,27.165464,27.183193,28.59045,.089605331,.81115788,.81115788,141.81119,183.07173,183.23026
332,27.148411,26.860294,28.263474,.094984055,.48418108,.48418108,141.50688,175.0816,176.8475
333,26.644735,27.119198,28.463783,.017356873,.68449098,.68449098,275.12973,236.05917,242.3154
334,27.034157,27.460201,28.815371,.0042514801,1.0360775,1.0360775,244.41165,257.67291,266.96219
335,27.240948,27.243895,28.589584,.01651001,.81029207,.81029207,297.43246,265.04428,273.05646
336,27.030237,27.339062,28.69042,.0094490051,.91112727,.91112727,264.75647,264.00137,273.62302
337,26.693579,27.100954,28.451036,.010276794,.67174357,.67174357,259.52054,258.71713,266.9136
338,26.735897,27.221697,28.562933,.018817902,.78364056,.78364056,271.32562,196.02185,200.45229
339,27.015619,27.495985,28.842447,.014781952,1.0631543,1.0631543,281.8082,267.8811,277.01434
340,26.411524,27.103634,28.449835,.016868591,.67054194,.67054194,271.20242,253.86124,261.10965
341,26.552711,27.243156,28.588856,.015947342,.80956221,.80956221,280.13849,265.15704,273.1702
342,27.030231,27.240103,28.598825,-.0011940002,.81953257,.81953257,224.27257,237.27167,244.34372
343,27.234632,27.243156,28.588856,.016477585,.80956221,.80956221,295.91489,265.15704,273.1702
344,27.192287,27.46072,28.806149,.015583038,1.026855,1.026855,293.61017,265.94073,274.65863
345,27.01166,27.427002,28.769249,.021673203,.98995525,.98995525,232.6815,245.34454,246.14598
346,26.982126,27.567356,28.911961,.014692307,1.1326669,1.1326669,217.11296,236.94353,237.75136
348,27.206102,27.774549,29.117613,.016908646,1.3383198,1.3383198,222.14955,242.12823,242.81815
349,27.215553,27.657063,29.00087,.018079758,1.2215761,1.2215761,231.41771,243.32622,245.17671
351,26.312647,26.900425,28.24127,.027282715,.46197715,.46197715,260.70142,254.06863,254.55035
352,27.157951,27.418941,28.762861,.018285751,.98356819,.98356819,219.76642,239.4877,240.3391
353,27.285614,27.410828,28.754341,.019657135,.97504872,.97504872,228.46353,244.70253,247.27275
354,26.545805,27.101757,28.443409,.020484924,.66411543,.66411543,245.82785,248.92131,250.34811
355,27.303135,27.890186,29.234779,.016334534,1.4554868,1.4554868,223.0732,241.20078,243.23521
356,27.30484,27.890186,29.234779,.017564774,1.4554868,1.4554868,221.21046,241.20078,243.23521
357,26.914402,27.493256,28.8274,.030601501,1.0481066,1.0481066,296.24713,262.50607,262.93814
358,26.129957,27.245659,28.596033,.011613846,.81674021,.81674021,236.96217,230.54233,237.1125
359,27.303417,27.890186,29.234779,.016992569,1.4554868,1.4554868,217.6492,241.20078,243.23521
360,26.626413,26.776043,28.107506,.028804779,.32821226,.32821226,290.33292,261.1474,261.74374
361,26.151878,26.956186,28.295198,.024381638,.51590556,.51590556,266.53958,254.30865,255.70357
362,26.779671,27.520926,28.863388,.025424957,1.0840944,1.0840944,243.81718,244.47876,245.25003
363,26.52009,27.114202,28.448311,.025079727,.66901857,.66901857,279.45651,259.69629,260.79178
364,26.959118,27.424288,28.7714,.014970779,.99210674,.99210674,216.63702,231.71745,235.12941
365,26.896593,26.916775,28.26387,.015432358,.4845767,.4845767,236.94815,236.32092,242.30089
366,27.300802,27.885881,29.230465,.018760681,1.4511724,1.4511724,225.2722,241.24001,243.27103
367,27.287613,27.890186,29.234779,.015693665,1.4554868,1.4554868,221.32986,241.20078,243.23521
368,27.183168,27.681927,29.026936,.017213821,1.2476419,1.2476419,217.40715,238.36746,240.02403
369,27.279892,27.774918,29.117973,.02097702,1.3386809,1.3386809,226.47591,242.13734,242.82706
370,26.659897,27.207684,28.54998,.019470215,.77068663,.77068663,237.42877,247.42328,248.91922
371,26.308496,26.645527,27.985929,.023859024,.20663564,.20663564,246.84161,252.54854,253.60095
372,27.211187,27.890186,29.234779,.017158508,1.4554868,1.4554868,213.88585,241.20078,243.23521
373,27.004097,27.479109,28.825912,.014551163,1.04662,1.04662,205.75217,232.76883,235.92825
374,26.727106,26.793381,28.134281,.019765854,.3549889,.3549889,233.91208,251.20052,252.36958
375,26.288424,27.062391,28.397221,.029813766,.61792833,.61792833,294.34894,262.78418,262.94427
376,26.881189,27.072086,28.420807,.012519836,.64151335,.64151335,224.01186,233.45703,239.78297
377,26.657585,27.048258,28.385931,.026548386,.60663813,.60663813,260.21005,259.0665,259.33029
378,27.099268,27.739828,29.084879,.015947342,1.3055859,1.3055859,213.3905,238.49052,240.22214
379,27.235249,27.251837,28.588137,.026838303,.80884379,.80884379,264.84842,262.36136,262.22647
380,26.938265,26.885448,28.231544,.015899658,.45225224,.45225224,233.72525,237.74818,242.79099
381,27.224894,28.130251,29.465485,.020227432,1.6861916,1.6861916,280.08286,143.02107,147.7108
382,26.517939,26.790356,28.12978,.025970459,.35048756,.35048756,260.20526,254.89255,255.66135
383,27.046217,27.514027,28.850689,.0227108,1.0713953,1.0713953,268.15384,248.99507,251.19621
384,26.74715,27.512856,28.998674,-.037563324,1.2193819,1.2193819,244.77585,190.73787,199.3226
385,26.863783,28.777721,30.275915,-.035259247,2.4966228,2.4966228,240.8557,196.77643,205.11322
386,26.561304,28.627708,30.124434,-.034725189,2.3451412,2.3451412,250.77888,196.06024,204.42645
387,26.635708,27.714954,29.201368,-.038934708,1.4220747,1.4220747,247.88893,191.36041,199.86212
388,26.52231,27.664072,29.151373,-.03871727,1.3720793,1.3720793,248.08914,191.45979,200.01488
389,27.173344,27.827963,29.165745,-.086093903,1.3864522,1.3864522,212.88951,185.95462,185.64626
390,27.490755,28.031994,29.365925,-.086942673,1.5866321,1.5866321,211.49193,181.03859,179.90883
391,27.114355,28.028505,29.362637,-.086540222,1.5833439,1.5833439,216.90428,179.90364,178.7814
392,27.053026,27.782724,29.122713,-.088596344,1.3434199,1.3434199,210.36357,179.74078,179.65147
393,27.325115,28.095186,29.426399,-.083339691,1.6471052,1.6471052,212.35066,195.5386,194.82162
394,26.165791,27.102707,28.430964,-.081888199,.65167111,.65167111,263.12195,180.69437,178.52986
395,27.139841,27.637589,28.978958,-.082876205,1.1996655,1.1996655,219.41216,190.54163,190.99968
396,27.363338,28.040577,29.37435,-.082792282,1.5950562,1.5950562,222.85202,180.83179,179.66747
397,27.747425,27.994265,29.332674,-.075944901,1.5533806,1.5533806,208.6879,206.07491,206.73552
398,27.559616,27.714685,29.054605,-.080711365,1.2753123,1.2753123,212.07561,188.68393,188.83159
399,27.178986,27.5998,28.946241,-.073301315,1.1669483,1.1669483,235.38493,203.18616,205.8354
400,27.585932,27.640776,28.982119,-.079771042,1.2028254,1.2028254,218.04927,190.68042,191.14027
401,27.029903,27.617109,28.959061,-.076688766,1.1797681,1.1797681,231.10678,191.77785,192.46767
402,27.597942,28.064981,29.399103,-.079351425,1.6198097,1.6198097,204.08388,201.65691,201.58424
403,27.356567,28.067331,29.399853,-.079833984,1.6205601,1.6205601,220.43054,188.03706,187.09192
404,27.404118,28.040577,29.37435,-.084674835,1.5950562,1.5950562,214.42212,180.83179,179.66747
405,26.112064,26.776321,28.105604,-.084659576,.32631192,.32631192,254.05798,178.67178,176.86662
406,26.602898,27.14572,28.498028,.030239105,.71873504,.71873504,310.26599,248.72362,252.08356
407,26.515268,26.784466,28.144064,.03036499,.36477089,.36477089,307.04272,259.61563,262.91412
408,26.818789,26.784466,28.144064,.029413223,.36477089,.36477089,298.93906,259.61563,262.91412
409,26.195633,26.647545,27.992617,.030635834,.21332328,.21332328,310.88492,260.47095,262.69061
410,26.324671,27.328117,28.686245,.030504227,.90695095,.90695095,312.31564,259.75162,263.64597
411,26.77347,28.06551,29.40799,.031902313,1.628697,1.628697,308.14325,105.57124,110.61569
412,26.53174,27.127598,28.481247,.031496048,.70195293,.70195293,310.71332,260.50006,263.88287
413,26.480354,26.616188,27.964195,.029842377,.18490236,.18490236,305.16379,262.96246,264.56268
414,26.00639,26.783157,28.139616,.029747009,.36032262,.36032262,311.62848,260.4949,263.3996
415,26.565338,27.255669,28.611612,.029687881,.83231896,.83231896,310.39499,260.11182,263.78854
416,26.360893,26.624527,27.973181,.029527664,.19388723,.19388723,303.17853,262.81079,264.48529
417,25.347828,26.348125,27.736649,-.052209854,-.042644501,-.042644501,190.52971,178.39462,184.49583
418,25.503424,26.348125,27.736649,-.048793793,-.042644501,-.042644501,188.29347,178.39462,184.49583
419,27.604614,28.157337,29.553095,-.038814545,1.7738012,1.7738012,166.92101,175.67291,179.74329
420,27.258118,28.251305,29.646246,-.037963867,1.8669523,1.8669523,169.04153,199.21632,207.58061
421,27.436674,28.149511,29.545349,-.042961121,1.7660561,1.7660561,168.68466,173.61189,177.30344
422,27.18549,28.154947,29.550722,-.043405533,1.7714285,1.7714285,172.71059,175.07437,179.0356
423,26.190598,26.348125,27.736649,-.056253433,-.042644501,-.042644501,180.31096,178.39462,184.49583
424,27.199015,28.24033,29.635366,-.042001724,1.8560728,1.8560728,170.19649,196.46695,204.32979
425,27.261633,28.073385,29.468906,-.046016693,1.6896133,1.6896133,172.36261,173.80161,177.59517
426,27.595293,28.149063,29.544889,-.042909622,1.765597,1.765597,168.01057,173.60013,177.29247
427,25.809498,26.348125,27.736649,-.052482605,-.042644501,-.042644501,184.21065,178.39462,184.49583
428,27.585146,28.149063,29.544889,-.042427063,1.765597,1.765597,167.57419,173.60013,177.29247
429,26.331766,26.811485,28.19869,-.058437347,.41939655,.41939655,180.47798,180.68262,187.02344
430,26.527395,27.320765,28.708729,-.057535172,.92943496,.92943496,183.25275,180.24799,186.03694
431,25.152025,26.348125,27.736649,-.048748016,-.042644501,-.042644501,193.13564,178.39462,184.49583
432,27.050467,27.984165,29.379171,-.054267883,1.5998789,1.5998789,174.88852,174.02266,177.89798
433,27.566849,28.149063,29.544889,-.044300079,1.765597,1.765597,168.61461,173.60013,177.29247
434,27.519409,28.149063,29.544889,-.049606323,1.765597,1.765597,172.98262,173.60013,177.29247
435,25.767389,26.934958,28.324451,-.042816162,.54515809,.54515809,184.26561,183.61307,190.41315
436,25.210819,26.54047,27.928774,-.045108795,.14948018,.14948018,189.78566,181.49702,188.18486
437,27.321268,28.149063,29.544889,-.049629211,1.765597,1.765597,172.77284,173.60013,177.29247
438,26.852087,27.80689,29.197226,-.058046341,1.4179319,1.4179319,185.12059,175.87076,179.76688
439,26.964685,27.961023,29.356085,-.049409866,1.5767924,1.5767924,175.05026,174.10074,178.04459
440,26.960772,27.350555,28.734173,-.074918747,.95488024,.95488024,199.248,127.44527,129.17224
441,25.962906,27.44799,28.841183,-.076990128,1.0618901,1.0618901,216.11024,129.42889,132.29132
442,26.025393,27.279408,28.667316,-.08241272,.8880226,.8880226,223.67859,128.2527,130.59686
443,27.12067,28.442966,29.834259,-.068235397,2.054966,2.054966,179.3083,129.95673,133.52539
444,26.527763,28.22213,29.62108,-.069290161,1.8417879,1.8417879,196.45313,123.24908,125.02097
445,26.350679,27.79417,29.180916,-.05333519,1.4016232,1.4016232,166.85423,151.36671,156.11014
446,26.158621,27.340815,28.724264,-.077028275,.94497091,.94497091,216.52684,127.49216,129.21863
447,26.222672,27.909992,29.299603,-.0546875,1.5203086,1.5203086,174.44469,148.14719,152.61739
448,28.278715,28.702915,30.073509,-.054128647,2.2942164,2.2942164,177.64989,210.45393,215.00581
449,26.939144,28.461735,29.851316,-.068105698,2.0720227,2.0720227,189.84644,130.63686,134.23509
450,28.21715,28.419926,29.79995,-.046066284,2.0206573,2.0206573,163.04602,202.08566,205.61633
451,26.158607,27.222218,28.614372,-.076349258,.83507842,.83507842,203.25389,128.97787,131.90875
452,27.816805,28.357719,29.742065,-.046617508,1.962773,1.962773,162.30908,175.04184,179.93573
454,26.38516,28.004774,29.394928,-.051059723,1.6156355,1.6156355,168.02477,162.28725,167.13004
455,26.559381,28.022917,29.413204,-.048440933,1.6339105,1.6339105,165.90169,162.81871,167.66402
457,27.23493,27.795731,29.192986,-.054141998,1.413693,1.413693,151.9109,158.9644,163.45958
458,27.793192,27.614614,29.010578,-.05578804,1.2312843,1.2312843,144.5517,153.02084,157.59125
459,28.121712,27.828751,29.225971,-.056489944,1.4466786,1.4466786,139.55614,151.85555,156.34215
460,28.34334,28.233601,29.612785,-.04250145,1.8334914,1.8334914,174.72719,214.64412,216.58368
461,26.143738,27.753195,29.143913,-.073099136,1.3646193,1.3646193,213.39331,125.90151,127.70522
462,26.535925,27.914436,29.304653,-.051057816,1.5253593,1.5253593,165.47075,160.06322,164.83749
464,27.240736,28.559605,29.939684,-.073438644,2.1603901,2.1603901,192.8302,134.34758,138.08173
465,26.229774,27.221098,28.613243,-.083242416,.83394927,.83394927,210.52319,128.97488,131.90559
468,28.373501,28.572155,29.937801,-.051626205,2.1585085,2.1585085,179.62825,211.11179,215.27002
469,26.275034,27.221098,28.613243,-.081073761,.83394927,.83394927,212.03195,128.97488,131.90559
471,28.333553,28.541204,29.918139,-.045272827,2.1388457,2.1388457,168.93141,210.68314,214.57578
473,26.738512,27.340815,28.724264,-.076820374,.94497091,.94497091,203.2606,127.49216,129.21863
475,26.109926,27.559088,28.952644,-.078544617,1.1733518,1.1733518,202.48239,131.49429,134.76984
476,27.354078,28.300503,29.701725,-.036449432,1.9224321,1.9224321,198.70567,187.46677,190.93465
477,27.257832,28.369598,29.756201,-.064752579,1.9769083,1.9769083,170.79053,134.09027,137.9239
478,27.562525,28.655682,30.05909,-.039699554,2.2797961,2.2797961,187.1461,186.59785,190.84537
479,27.236107,27.888035,29.269043,-.074277878,1.4897503,1.4897503,194.96257,130.83701,133.43881
480,26.401203,27.821247,29.215893,-.083692551,1.4365988,1.4365988,198.38017,133.44843,136.99144
481,27.170868,28.442966,29.834259,-.06332016,2.054966,2.054966,175.87352,129.95673,133.52539
482,27.802753,28.655682,30.05909,-.043453217,2.2797961,2.2797961,173.96809,186.59785,190.84537
483,27.903923,28.391165,29.770264,-.050161362,1.99097,1.99097,161.78519,185.65027,190.25609
484,28.240631,28.570801,29.945505,-.048500061,2.1662118,2.1662118,174.62112,210.96504,215.09677
485,27.096893,28.875351,30.274389,-.085741043,2.4950969,2.4950969,172.79822,141.30573,145.92421
486,26.897167,28.41077,29.804232,-.068555832,2.0249379,2.0249379,190.34102,128.27087,131.41493
487,27.443914,28.141914,29.526577,-.046289444,1.7472844,1.7472844,162.08237,166.10153,170.96756
488,28.018259,28.37678,29.76157,-.045553207,1.9822775,1.9822775,162.92422,176.49092,181.38617
489,27.48982,28.232847,29.614281,-.049442291,1.834988,1.834988,160.17036,165.54753,170.43253
491,26.68646,28.295368,29.680058,-.062175751,1.9007645,1.9007645,171.61412,137.09674,141.1003
492,26.912046,27.813911,29.199921,-.050682068,1.4206281,1.4206281,161.08421,155.79852,160.61765
493,27.765388,28.716816,30.12133,-.039081573,2.3420379,2.3420379,191.01842,185.67566,189.83228
494,26.181919,27.026787,28.526484,-.015296936,.74718982,.74718982,273.76846,184.78278,190.28436
495,26.857994,28.41707,29.931763,-.017881393,2.1524696,2.1524696,252.0329,177.54306,184.59805
496,25.78303,26.646698,28.150505,-.020988464,.37121201,.37121201,229.82565,168.79106,175.40665
497,26.418709,27.45801,28.963526,-.023452759,1.1842321,1.1842321,229.05339,166.37251,173.16388
498,23.179516,22.955475,24.450447,-.017793655,-3.3288453,-3.3288453,260.03552,180.70404,186.49927
499,26.953966,28.680874,30.189167,-.021270752,2.409874,2.409874,231.94482,168.36841,175.23723
500,26.568848,27.448917,28.954967,-.012649536,1.1756744,1.1756744,285.5672,185.49916,191.33995
501,26.865377,28.330868,29.837645,-.017015457,2.0583508,2.0583508,255.57921,176.34077,182.77696
502,26.471096,26.545044,28.046762,-.01940155,.26746893,.26746893,245.85358,178.67648,184.71324
503,23.863537,25.341532,26.838486,-.015977859,-.94080716,-.94080716,272.61835,183.22031,188.838
504,24.98502,26.27467,27.773287,-.022447586,-.0060063996,-.0060063996,228.26193,167.45267,174.22136
505,27.027821,28.850338,30.362728,-.021469116,2.5834351,2.5834351,238.67734,172.48947,179.37947
506,27.443727,29.51531,31.036192,-.026615143,3.2568982,3.2568982,213.48784,159.96555,167.09203
508,26.625446,27.448015,28.971109,-.022399902,1.1918157,1.1918157,247.26288,179.61273,187.42068
509,27.047583,28.971058,30.480129,-.021595001,2.7008362,2.7008362,235.70146,171.79752,178.58643
512,26.814293,28.477406,29.998055,-.022296906,2.2187614,2.2187614,235.77068,174.77161,182.04305
513,27.189289,29.10121,30.622288,-.026449203,2.8429947,2.8429947,217.66814,166.53798,173.65889
515,25.882679,26.794205,28.317343,-.026182175,.53804904,.53804904,242.91087,175.01688,182.80351
516,25.621088,26.639482,28.16338,-.038967133,.38408676,.38408676,196.00465,134.16396,141.21663
518,25.741852,25.749426,27.270613,-.037508011,-.50868016,-.50868016,191.11424,142.49927,149.30571
519,25.237396,23.664902,25.16555,-.041030884,-2.6137435,-2.6137435,172.42601,148.08928,153.90762
520,27.681347,28.815386,30.336315,-.038286209,2.5570221,2.5570221,156.32648,133.47406,139.71594
521,25.547844,25.287083,26.775984,-.042539597,-1.0033088,-1.0033088,161.30161,142.00363,147.33292
522,27.358269,27.061787,28.584234,-.040140152,.80494183,.80494183,153.38562,125.45424,131.77112
523,26.980221,26.661768,28.185507,-.041509628,.40621457,.40621457,170.05144,132.00238,138.92255
524,26.671211,27.457474,28.976534,-.038410187,1.1972402,1.1972402,150.31546,127.74719,133.86395
525,25.812243,26.1873,27.698595,-.038785934,-.080698013,-.080698013,160.70717,139.16116,145.11209
526,27.444048,26.889675,28.412041,-.039949417,.63274783,.63274783,160.87407,128.43124,134.86435
527,27.674601,28.701475,30.2225,-.039094925,2.4432068,2.4432068,151.98474,132.95309,139.19983
528,25.628935,25.44454,26.965755,-.03637886,-.81353682,-.81353682,198.41089,143.33632,150.19774
529,26.479258,27.786198,29.303667,-.038351059,1.5243734,1.5243734,158.61734,131.81146,137.82239
530,27.099571,27.304188,28.774984,-.046442032,.9956913,.9956913,151.39499,147.36955,152.21022
531,27.581766,28.898664,30.419521,-.037910461,2.6402283,2.6402283,149.47913,133.85492,140.09323
532,25.934534,26.306028,27.797224,-.011892319,.017930984,.017930984,277.45267,186.51093,191.95882
533,25.093548,26.228277,27.722425,-.021303177,-.056867599,-.056867599,221.54414,168.2038,174.68097
534,26.213238,27.297194,28.797985,-.0064849854,1.018692,1.018692,318.81271,189.56955,194.97112
535,24.994518,24.550217,26.037958,-.013179779,-1.7413349,-1.7413349,253.94963,184.50534,190.22362
536,26.122852,27.279255,28.778044,-.010005951,.99875134,.99875134,299.21069,189.7552,195.12695
537,26.871595,27.063019,28.550541,-.026605606,.77124834,.77124834,203.15186,134.10071,139.01575
538,25.732206,26.705397,28.196741,-.021152496,.41744885,.41744885,207.91705,167.93549,174.34561
539,25.999493,26.205128,27.690815,-.013435364,-.088477455,-.088477455,224.27934,178.43404,184.64136
540,26.439369,27.661858,29.150536,-.0210495,1.3712425,1.3712425,190.45425,157.1451,163.25922
541,26.549942,28.240896,29.731108,-.021900177,1.9518152,1.9518152,196.2579,158.47852,164.93506
542,25.669979,26.168861,27.654892,-.015674591,-.12440173,-.12440173,216.72742,176.55209,182.92763
543,27.32814,28.431986,29.885754,.0019130707,2.1064606,2.1064606,340.62988,222.31822,225.50803
544,27.033775,28.609543,30.069468,.0040988922,2.2901752,2.2901752,355.31757,220.63417,223.64398
545,27.507891,28.941021,30.413275,-.00029945374,2.633981,2.633981,342.69461,217.40558,220.14891
546,27.166693,28.364979,29.816067,.0035762787,2.0367737,2.0367737,341.91736,223.00345,226.10933
547,26.630013,27.925529,29.358242,.0038433075,1.5789493,1.5789493,346.83923,227.92245,229.9404
548,27.300312,28.464138,29.918661,.0037078857,2.1393688,2.1393688,349.22116,222.05038,225.17709
549,27.088217,27.979813,29.415607,.0042572021,1.6363147,1.6363147,342.86798,226.9754,229.13135
550,26.287806,28.023129,29.403709,.013088226,1.6244158,1.6244158,315.95056,267.0228,271.75568
551,26.348862,27.365551,28.759653,.0067157745,.98036003,.98036003,322.44766,237.30884,234.93591
552,26.254835,27.283524,28.673599,.010978699,.89430553,.89430553,342.11584,239.44165,237.7767
553,25.963297,27.319683,28.707264,.012868881,.92797154,.92797154,344.53122,244.23303,244.30386
554,26.186131,27.967842,29.349558,.013242722,1.5702645,1.5702645,323.39212,258.4155,260.88824
555,26.282194,27.862335,29.241026,.01404953,1.4617329,1.4617329,318.36841,262.82086,266.84717
556,26.511995,27.710094,29.101002,.009469986,1.3217078,1.3217078,337.46677,243.05713,239.50032
557,26.953875,27.606468,29.001434,.0061645508,1.2221419,1.2221419,323.51639,238.56308,235.16728
558,27.339167,28.092239,29.495655,-.0018024445,1.7163616,1.7163616,329.25989,236.22972,235.08829
559,26.788528,27.900026,29.289209,.010101318,1.5099162,1.5099162,341.65051,246.91289,242.58357
560,26.119495,27.427896,28.807415,.01156044,1.0281225,1.0281225,316.37405,270.76312,276.75714
561,26.149727,27.387148,28.781685,.0053730011,1.0023924,1.0023924,315.12686,236.88353,234.46556
562,26.316387,27.438372,28.82822,.010150909,1.0489267,1.0489267,339.84213,241.31836,238.98418
563,25.661688,26.493954,27.870159,.012811661,.090865612,.090865612,318.70941,268.05127,272.43753
564,26.210815,27.284979,28.674843,.011592865,.89555043,.89555043,340.18716,239.2868,238.00055
565,27.446487,28.184935,29.578239,.0043716431,1.7989467,1.7989467,319.09781,243.98993,238.52028
566,26.327814,28.132793,29.511948,.013298035,1.732655,1.732655,317.17645,263.77701,267.71927
567,26.620945,27.659086,29.053904,.0061397552,1.2746104,1.2746104,328.86597,239.05801,235.47375
568,27.244873,28.184935,29.578239,.0078926086,1.7989467,1.7989467,325.87537,243.98993,238.52028
569,25.9354,27.489578,28.876192,.016492844,1.0968989,1.0968989,346.59497,247.41547,247.75304
570,26.446657,28.118769,29.498253,.013975143,1.7189592,1.7189592,317.49362,254.50027,258.56482
571,26.079365,27.95727,29.34137,.016363144,1.5620769,1.5620769,340.94394,253.1515,254.44698
572,26.072378,28.019207,29.402969,.015617371,1.6236753,1.6236753,332.17532,253.91357,255.33678
573,27.174198,28.061361,29.402554,-.1092186,1.6232595,1.6232595,202.07355,162.58444,163.98247
574,27.088316,28.060902,29.402086,-.10959435,1.6227928,1.6227928,210.86186,162.55737,163.96213
575,27.290838,28.46476,29.800112,-.11013222,2.0208194,2.0208194,222.76544,157.17111,159.61806
576,27.30689,28.060902,29.402086,-.10926247,1.6227928,1.6227928,213.92944,162.55737,163.96213
577,27.214546,28.204622,29.544071,-.10930443,1.7647785,1.7647785,222.13524,160.30643,162.10727
578,24.344007,25.542622,26.955006,.033798218,-.82428741,-.82428741,221.2151,245.50719,242.09445
579,26.561262,26.204136,27.614712,.04205513,-.16458066,-.16458066,173.30507,236.37537,234.31012
580,21.719225,23.854235,25.265064,.012676239,-2.5142283,-2.5142283,217.30975,274.48535,269.3082
581,19.719854,21.904385,23.320395,.027288437,-4.4588985,-4.4588985,263.6008,265.44272,258.98923
582,22.151955,22.09914,23.514778,.023260117,-4.2645154,-4.2645154,250.67874,266.8707,260.40784
583,18.515379,20.156473,21.572269,.019481659,-6.2070241,-6.2070241,251.40678,278.36859,268.84164
584,22.882336,22.48764,23.902208,.017686844,-3.8770847,-3.8770847,217.23822,268.55606,262.37778
585,24.535017,23.188028,24.601145,.020080566,-3.1781483,-3.1781483,203.71175,264.00485,258.71909
586,25.395561,24.010349,25.420649,.015005112,-2.3586447,-2.3586447,179.81247,273.13852,268.27347
587,23.173594,23.709951,25.123501,.028213501,-2.655793,-2.655793,232.21823,257.89789,252.8698
588,18.318504,18.462349,19.87501,.0088195801,-7.9042835,-7.9042835,228.67583,291.37982,279.82385
589,23.82556,23.228886,24.597311,.13552856,-3.181982,-3.181982,251.47325,198.1431,200.51321
590,27.401194,26.313528,27.683558,.11296272,-.09573587,-.09573587,167.27931,200.24646,201.10837
591,27.002729,26.619112,28.011829,.083242416,.23253711,.23253711,194.46686,208.61931,206.82639
592,25.881235,24.967842,26.329969,.13539505,-1.4493237,-1.4493237,193.2695,213.38202,216.60857
593,26.798239,25.940891,27.334507,.091175079,-.44478607,-.44478607,192.92297,204.33084,201.61784
594,27.007196,26.687952,28.074142,.094839096,.2948502,.2948502,183.89021,203.3107,200.69757
595,26.080402,26.192314,27.553293,.12973785,-.22599983,-.22599983,183.46431,213.89214,216.9529
596,22.328489,22.909857,24.292877,.11968994,-3.4864166,-3.4864166,253.15018,194.44043,193.55142
597,27.088003,26.735418,28.121161,.08953476,.34186807,.34186807,178.87663,223.30084,221.45366
598,27.089525,25.709734,27.094835,.10489845,-.684457,-.684457,181.77718,200.47433,198.00101
599,24.5165,23.545197,24.910927,.13667488,-2.868367,-2.868367,228.8743,205.69298,208.58173
600,27.4501,26.950848,28.333855,.10579681,.55456114,.55456114,169.87477,202.84773,200.37224
601,26.945675,26.61525,28.000683,.0995121,.22138929,.22138929,186.39598,202.82504,200.23212
602,23.783007,24.272495,25.667782,.092550278,-2.1115119,-2.1115119,235.61557,200.77518,198.05035
603,25.345991,25.444704,26.794224,.14166451,-.98506993,-.98506993,212.62779,251.03131,257.03445
605,27.333046,26.990955,28.373327,.094062805,.59403449,.59403449,175.20207,213.09471,210.8197
606,26.338173,26.119179,27.485252,.12077904,-.2940402,-.2940402,180.06741,199.45322,201.33284
607,26.369059,24.634777,26.021332,.11566544,-1.7579608,-1.7579608,188.98154,198.38333,195.99718
608,26.931549,25.881695,27.276966,.086763382,-.50232697,-.50232697,191.81808,205.36781,202.79898
609,27.354898,26.969936,28.353329,.10210419,.57403642,.57403642,173.3678,202.92564,200.35019
610,27.152149,26.969936,28.353329,.10323334,.57403642,.57403642,179.2307,202.92564,200.35019
611,25.734013,23.14756,24.536129,.10874557,-3.2431633,-3.2431633,200.95824,195.49048,193.22476
612,24.970619,24.195108,25.566227,.12576103,-2.2130668,-2.2130668,213.46115,195.93114,197.31432
613,24.054602,22.808479,24.214851,.013799667,-3.5644424,-3.5644424,205.73601,282.87225,273.88702
614,26.934385,26.797182,28.201511,.050125122,.4222177,.4222177,218.535,240.88351,237.31082
615,26.706787,27.553743,28.950554,.066301346,1.1712613,1.1712613,210.50479,218.76051,216.1944
616,26.735685,26.913742,28.321518,.052852631,.54222536,.54222536,221.23378,229.96414,223.97795
617,26.941936,27.32416,28.714485,.074361801,.93519276,.93519276,200.22531,211.74339,210.67592
618,27.157871,27.325258,28.72744,.044136047,.94814605,.94814605,216.17262,238.72246,236.80128
619,27.264042,27.560402,28.957119,.063106537,1.1778264,1.1778264,199.77753,218.83635,216.31067
620,23.117994,22.870892,24.281071,.02554512,-3.4982231,-3.4982231,218.88835,270.42166,261.42957
621,26.548592,26.197021,27.603546,.042871475,-.17574708,-.17574708,219.20717,246.58173,241.6154
622,24.728811,25.2987,26.708683,.038606644,-1.0706097,-1.0706097,223.60257,252.8394,245.44846
623,26.451908,26.207687,27.617586,.049150467,-.16170661,-.16170661,220.61121,238.60472,231.38994
624,26.769384,27.497786,28.895571,.068824768,1.1162776,1.1162776,206.04216,218.2709,215.34422
625,26.714712,26.674843,28.084713,.055803299,.3054193,.3054193,223.14299,231.28171,224.15416
626,27.018547,27.198292,28.603588,.056312561,.82429427,.82429427,215.83673,228.39481,223.76808
627,23.597252,23.708344,25.121248,.034343719,-2.6580448,-2.6580448,228.16196,254.46608,246.13385
628,26.028477,25.345379,26.755184,.036491394,-1.0241098,-1.0241098,217.96217,252.51424,245.24928
629,25.111393,25.869164,27.2791,.047014236,-.50019187,-.50019187,227.45331,243.90291,236.62115
630,27.0923,27.747286,29.147778,.053312302,1.368485,1.368485,214.11909,225.367,223.36316
631,27.268017,27.559731,28.956436,.06495285,1.1771423,1.1771423,196.62381,218.81288,216.28534
632,26.732374,27.492258,28.888777,.069694519,1.1094836,1.1094836,206.2692,216.60422,213.90234
633,27.232172,27.559731,28.956436,.067604065,1.1771423,1.1771423,191.34673,218.81288,216.28534
634,27.232662,27.559731,28.956436,.066709518,1.1771423,1.1771423,192.89355,218.81288,216.28534
635,26.705801,26.930704,28.334122,.029655457,.5548293,.5548293,209.9301,242.20934,239.25543
636,27.20966,27.503325,28.904825,.036626816,1.125532,1.125532,212.74464,237.48206,236.04149
637,27.127489,27.213882,28.619041,.057596207,.83974761,.83974761,217.21004,228.30881,223.75658
638,26.851358,27.621937,29.019901,.06026268,1.2406074,1.2406074,211.94069,220.98672,218.63287
639,26.983997,27.721363,29.122168,.051652908,1.3428744,1.3428744,215.87819,226.91168,224.91852
640,27.059269,27.559731,28.956436,.066776276,1.1771423,1.1771423,200.00214,218.81288,216.28534
641,23.209209,24.985054,26.394581,.028572083,-1.3847119,-1.3847119,222.16975,256.6221,249.03036
642,26.893583,26.960472,28.352003,.081245422,.57271022,.57271022,197.53888,210.12445,208.69069
643,23.489403,22.375195,23.78031,.0032863617,-3.9989834,-3.9989834,197.75572,283.54803,274.28577
644,24.775011,23.855122,25.261204,.020441055,-2.51809,-2.51809,210.38982,272.82211,265.06323
645,27.080523,26.903173,28.300957,.015935898,.52166301,.52166301,202.05643,254.98134,252.96182
646,27.266466,27.559731,28.956436,.066013336,1.1771423,1.1771423,199.23735,218.81288,216.28534
647,27.067427,27.717619,29.066143,-.085084915,1.2868491,1.2868491,210.90654,182.75044,184.53973
648,26.40827,26.351149,27.683006,-.10702896,-.096287727,-.096287727,229.04517,174.08038,173.06418
649,27.35774,28.020376,29.363792,-.099470139,1.5844997,1.5844997,194.70905,170.3744,170.58963
650,27.175919,27.763212,29.102987,-.10184097,1.3236941,1.3236941,199.23505,169.73341,169.39305
651,27.638391,27.371597,28.720562,-.072032928,.94126827,.94126827,234.276,206.59645,210.06442
652,27.408518,27.637711,28.983191,-.095169067,1.2038974,1.2038974,192.42407,176.17789,176.92929
653,27.745911,28.240488,29.585442,-.10322762,1.8061476,1.8061476,192.00145,167.63936,168.00842
654,27.06922,27.59963,28.945187,-.092819214,1.1658927,1.1658927,201.46001,176.6949,177.47723
655,27.454554,27.371597,28.720562,-.071165085,.94126827,.94126827,231.10376,206.59645,210.06442
656,27.171028,27.906469,29.244211,-.089582443,1.464918,1.464918,214.35201,170.52014,169.82323
657,27.302525,27.111679,28.448175,-.10665321,.66888303,.66888303,197.49138,171.51321,170.94801
658,26.956373,26.822426,28.155962,-.09006691,.37666845,.37666845,223.93742,173.49956,172.34465
659,27.523939,28.121872,29.470118,-.066123962,1.6908249,1.6908249,218.65237,211.63576,215.14357
660,27.233519,27.78969,29.142057,-.07698822,1.3627642,1.3627642,211.7558,195.76074,199.19807
661,27.244059,27.982162,29.321472,-.097446442,1.5421782,1.5421782,195.27441,169.74506,169.27846
662,27.240871,27.907108,29.244865,-.097414017,1.4655728,1.4655728,200.67839,170.51357,169.81862
663,27.689804,28.201347,29.545364,-.10489273,1.7660704,1.7660704,192.95949,167.7998,168.02763
664,27.683064,27.371597,28.720562,-.066616058,.94126827,.94126827,227.74512,206.59645,210.06442
665,27.45698,27.935247,29.263437,-.11330986,1.4841439,1.4841439,219.10771,169.41624,170.40359
666,26.202682,26.657669,27.981022,-.11326981,.20172898,.20172898,246.25496,174.96156,175.03426
667,27.778885,28.074797,29.41613,-.10943985,1.6368361,1.6368361,199.45686,163.51118,164.69063
668,26.306883,26.240749,27.572582,-.10011864,-.2067105,-.2067105,232.47418,174.56973,173.39185
669,25.729013,25.887173,27.21703,-.093658447,-.56226426,-.56226426,252.68869,176.10292,174.55141
670,27.63796,28.152626,29.495476,-.10765266,1.7161831,1.7161831,193.35069,167.99951,168.05157
671,26.909992,27.6084,28.952843,-.087511063,1.1735488,1.1735488,215.14198,180.36861,181.06464
672,26.155489,26.332977,27.664412,-.1088047,-.11488184,-.11488184,237.40442,174.26254,173.25662
673,26.348249,26.351149,27.683006,-.10321426,-.096287727,-.096287727,228.41238,174.08038,173.06418
674,26.56728,26.712442,28.028812,-.11063957,.24951951,.24951951,245.87407,175.05219,176.34689
675,27.404757,28.152626,29.495476,-.10233498,1.7161831,1.7161831,192.68375,167.99951,168.05157
676,27.516397,28.152626,29.495476,-.10580254,1.7161831,1.7161831,192.06389,167.99951,168.05157
677,27.710419,27.67738,29.007998,-.11206627,1.2287045,1.2287045,201.9762,169.30592,169.99702
678,27.079557,27.873972,29.212528,-.093046188,1.4332343,1.4332343,206.56857,171.36308,170.82445
679,27.75103,28.140007,29.48263,-.11021614,1.7033364,1.7033364,196.84334,167.25079,167.48895
680,27.543175,28.152382,29.495224,-.10146523,1.71593,1.71593,192.76485,168.00201,168.05334
681,27.305099,27.372337,28.721304,-.076116562,.94201088,.94201088,224.47084,206.57722,210.04515
682,27.007303,27.833408,29.172993,-.094736099,1.3936988,1.3936988,201.36552,171.98694,171.64012
683,26.659922,26.751411,28.06661,-.10797691,.2873168,.2873168,249.44864,174.56627,175.98595
684,27.617435,26.399027,27.731174,-.11275673,-.048119545,-.048119545,199.71567,173.91878,172.93097
685,26.704973,27.597916,28.943462,-.091531754,1.1641698,1.1641698,210.36559,176.71452,177.49602
686,27.606693,28.095045,29.43754,-.10775185,1.6582466,1.6582466,194.56953,168.19386,168.21179
687,27.065701,27.573795,28.919687,-.080522537,1.1403941,1.1403941,222.66481,195.45358,197.379
688,27.472128,27.811438,29.139915,-.11143112,1.3606215,1.3606215,211.13898,169.78079,170.61153
689,25.969143,26.399929,27.729919,-.10948563,-.04937331,-.04937331,245.48953,174.41891,173.58905
690,27.670528,28.152626,29.495476,-.10718918,1.7161831,1.7161831,192.45789,167.99951,168.05157
691,26.96105,26.95097,28.356089,.048261642,.5767954,.5767954,165.49313,234.92763,234.16034
692,26.960058,26.782436,28.18141,.052827835,.40211678,.40211678,179.85732,237.45244,237.76868
693,27.091228,27.071964,28.478426,.047019958,.69913274,.69913274,162.70509,230.00812,229.4893
694,26.788601,27.098202,28.498348,.061052322,.71905565,.71905565,189.8745,229.62901,230.0638
695,27.075768,27.673777,29.084675,.055469513,1.3053821,1.3053821,162.15926,205.0345,206.2756
696,25.814848,26.930126,28.338053,.075531006,.55875969,.55875969,177.8373,187.09695,188.10927
697,27.071598,26.950308,28.355654,.050138474,.57636052,.57636052,163.44843,234.91951,234.11308
698,27.012486,27.01202,28.412767,.054841995,.63347435,.63347435,173.75998,233.4007,233.33781
699,26.561596,25.724907,27.129,.027048111,-.65029413,-.65029413,171.84923,261.79764,260.19559
700,27.023296,27.550114,28.960051,.062948227,1.1807574,1.1807574,156.94968,192.29698,193.4763
701,23.977694,24.525047,25.901876,.05903244,-1.877417,-1.877417,267.96967,249.7151,257.51053
702,24.060995,24.826303,26.217863,.083332062,-1.5614295,-1.5614295,225.59164,216.88007,217.84291
703,25.778652,25.488216,26.881056,.041955948,-.89823693,-.89823693,209.32448,254.26567,256.5722
704,27.072189,27.701809,29.108482,.062158585,1.3291897,1.3291897,166.56398,201.08549,203.79358
705,25.513243,26.312199,27.70529,.075880051,-.07400322,-.07400322,204.54877,217.16983,220.03427
706,26.331417,25.750999,27.145689,.031744003,-.63360375,-.63360375,207.17908,255.21994,256.63586
707,27.08617,27.07777,28.483049,.053058624,.70375615,.70375615,165.8992,229.53561,229.28703
708,22.926102,23.62598,25.020807,.087259293,-2.758486,-2.758486,240.98499,212.15208,212.17255
709,27.07925,27.671862,29.083815,.055622101,1.3045212,1.3045212,157.38734,205.78998,206.68942
710,27.006321,27.353905,28.756639,.06162262,.97734624,.97734624,174.74603,217.46672,218.90987
711,25.189436,25.790184,27.169781,.07648468,-.60951263,-.60951263,234.47232,235.18082,240.51105
712,26.839746,27.782068,29.19479,.060127258,1.4154972,1.4154972,157.69756,191.39561,191.62668
713,27.129177,27.685936,29.095406,.059143066,1.3161129,1.3161129,160.6125,203.57942,205.32872
714,26.815138,26.588388,27.995152,.037502289,.2158591,.2158591,165.2596,239.08936,237.57837
715,27.128975,27.434254,28.837803,.05770874,1.058509,1.058509,168.45985,213.62727,215.39151
716,27.046766,27.671862,29.083815,.052869797,1.3045212,1.3045212,159.00317,205.78998,206.68942
717,25.534086,23.636244,25.025848,.02703476,-2.7534442,-2.7534442,230.97862,265.26489,267.81845
718,25.473846,24.632345,26.019604,.054624557,-1.7596892,-1.7596892,225.26665,252.0083,256.36362
719,26.974695,26.634207,28.035761,.04337883,.25646782,.25646782,163.89459,246.3987,246.50618
720,26.977444,27.65424,29.066032,.050666809,1.2867384,1.2867384,160.74341,206.50136,207.35913
721,25.445591,25.84243,27.227943,.067270279,-.55134887,-.55134887,226.33234,241.29643,247.19083
722,27.001842,26.950308,28.355654,.044771194,.57636052,.57636052,162.64546,234.91951,234.11308
723,24.358185,25.033113,26.432302,.089696884,-1.3469901,-1.3469901,205.10666,198.53268,199.32558
724,27.168253,27.521746,28.931854,.079498291,1.1525604,1.1525604,146.0536,183.51595,184.16193
725,26.633568,26.049152,27.452801,.031265259,-.32649168,-.32649168,172.00906,254.032,253.01633
726,27.175758,27.385227,28.795315,.06795311,1.0160209,1.0160209,150.80278,185.08925,185.93054
727,26.291315,27.078049,28.484562,.069732666,.7052682,.7052682,173.51355,190.80037,192.70911
728,20.270884,21.148808,22.564095,.065618515,-5.215198,-5.215198,275.57977,218.731,214.04059
729,18.718704,20.962709,22.382187,.049179077,-5.3971057,-5.3971057,274.23401,233.54486,226.24266
730,18.924776,20.679302,22.098814,.055767059,-5.680479,-5.680479,277.41953,232.14931,225.57071
731,25.508474,26.289366,27.699516,.076454163,-.079777397,-.079777397,188.93982,196.62741,195.29341
732,26.822083,27.908779,29.318342,.077892303,1.5390488,1.5390488,151.30232,178.93411,179.49036
733,25.887499,26.509787,27.924976,.06546402,.14568265,.14568265,181.98816,206.08116,203.76141
734,22.766039,23.533464,24.951614,.049655914,-2.8276782,-2.8276782,255.90805,227.93213,223.33249
735,20.59001,20.097528,21.517429,.045740128,-6.2618642,-6.2618642,273.86417,241.35986,235.00143
736,27.308962,27.525335,28.917433,-.023553848,1.1381403,1.1381403,198.04298,232.66077,225.29759
737,26.63513,27.525335,28.917433,-.023603439,1.1381403,1.1381403,189.2563,232.66077,225.29759
738,26.876583,26.955053,28.349796,-.007566452,.57050258,.57050258,195.20134,249.57474,247.00439
739,24.926773,24.701286,26.098518,-.012628555,-1.6807743,-1.6807743,185.50908,262.72195,256.88824
740,27.119637,27.361345,28.758163,.00086593628,.97887087,.97887087,198.70241,251.86053,250.62042
741,27.316614,27.361345,28.758163,.0072574615,.97887087,.97887087,201.66319,251.86053,250.62042
742,27.17926,27.05665,28.449673,-.016729355,.67038012,.67038012,188.6692,242.05946,237.1452
743,25.162537,26.363342,27.757626,-.015506744,-.021666527,-.021666527,184.91805,249.12811,244.43433
744,26.975121,27.525335,28.917433,-.020168304,1.1381403,1.1381403,188.50102,232.66077,225.29759
745,27.288589,27.361345,28.758163,-.00064468384,.97887087,.97887087,200.64108,251.86053,250.62042
746,26.741457,26.983519,28.376696,-.016448975,.59740239,.59740239,181.70529,243.52585,238.99367
747,25.939739,26.976135,28.369461,-.026439667,.59016848,.59016848,183.83208,236.12212,228.5587
748,26.928558,28.028757,29.422066,-.032819748,1.6427727,1.6427727,189.67,226.2729,218.17326
749,26.932604,26.741732,28.13538,-.013370514,.35608736,.35608736,188.14375,248.37457,245.10576
750,24.315491,24.519737,25.91729,-.0059127808,-1.8620042,-1.8620042,193.89076,263.99854,257.93658
751,26.997194,26.741732,28.13538,-.010242462,.35608736,.35608736,190.54443,248.37457,245.10576
752,27.158537,27.544489,28.936621,-.026180267,1.1573271,1.1573271,195.15163,232.41635,225.02585
753,25.612688,25.134109,26.533695,-.0024051666,-1.2455975,-1.2455975,193.61049,264.60324,259.70282
754,26.60647,25.766899,27.167067,.0050811768,-.61222571,-.61222571,196.67226,262.72104,258.76855
755,27.04435,27.525335,28.917433,-.023427963,1.1381403,1.1381403,190.60085,232.66077,225.29759
756,26.24847,26.907757,28.293472,-.028911591,.51417857,.51417857,171.01942,200.70374,210.12935
757,26.654585,26.826078,28.21133,-.028404236,.43203816,.43203816,170.60611,204.47922,214.32622
758,27.49394,28.207838,29.602491,-.037652969,1.8231977,1.8231977,165.56796,198.90154,207.27177
759,27.451166,27.681137,29.072309,-.036670685,1.2930161,1.2930161,164.78387,195.08708,203.52957
760,26.935083,27.140125,28.527725,-.037492752,.74843264,.74843264,168.60332,191.16899,199.68568
761,26.65745,26.723751,28.108236,-.029222488,.32894373,.32894373,171.38879,208.81615,219.0966
762,25.902662,26.396908,27.778715,-.016908646,-.0005774498,-.0005774498,198.43118,245.85252,259.14685
763,26.284624,27.510704,28.899364,-.016220093,1.1200719,1.1200719,200.94475,238.11313,251.31555
764,26.019428,26.662584,28.047823,-.015100479,.26853022,.26853022,200.54466,256.56198,271.48047
767,25.309483,26.651241,28.035185,-.022043228,.255891,.255891,194.35728,211.88943,222.47707
768,26.176588,27.067757,28.454817,-.031644821,.67552376,.67552376,176.26671,194.23615,203.05939
769,25.809397,26.352407,27.732843,-.018480301,-.046448868,-.046448868,195.85565,234.75311,246.71326
770,26.237043,26.844227,28.230196,-.016363144,.45090327,.45090327,196.01875,252.48816,267.02426
771,26.668341,27.906057,29.296246,-.019622803,1.516953,1.516953,189.29559,228.67419,240.97495
772,26.87277,26.651241,28.035185,-.022689819,.255891,.255891,179.98343,211.88943,222.47707
773,25.451189,26.568453,27.951424,-.021697998,.17213058,.17213058,196.24936,218.2234,229.19127
774,25.77586,26.651241,28.035185,-.022909164,.255891,.255891,187.325,211.88943,222.47707
775,25.834303,26.514797,27.899458,-.014814377,.12016407,.12016407,205.64157,259.87637,275.10599
776,26.753035,27.320978,28.708321,-.020563126,.92902678,.92902678,184.71559,223.25394,234.98912
777,26.363846,27.388445,28.776577,-.020048141,.99728316,.99728316,193.51567,240.28281,253.67323
779,26.089077,27.20121,28.588593,-.017625809,.80930012,.80930012,200.96152,244.48201,258.2666
780,27.031784,26.845097,28.23,-.025508881,.45070711,.45070711,175.00761,214.48248,225.33478
781,25.588991,26.651241,28.035185,-.021778107,.255891,.255891,189.27768,211.88943,222.47707
783,26.429758,26.75738,28.140388,-.025531769,.36109495,.36109495,172.94197,210.07185,220.07425
784,27.526348,28.251305,29.646246,-.041223526,1.8669523,1.8669523,165.52928,199.21632,207.58061
785,27.057768,27.613482,29.002214,-.022863388,1.2229213,1.2229213,179.11383,224.76064,236.66196
786,26.129755,26.787001,28.18058,-.017456055,.40128645,.40128645,203.09778,241.43127,254.84528
787,27.448334,27.959326,29.352339,-.038459778,1.5730466,1.5730466,165.76193,197.10178,205.5061
788,26.207586,27.353226,28.741215,-.017953873,.96192104,.96192104,200.38382,241.07271,254.53726
789,27.050913,26.651241,28.035185,-.026817322,.255891,.255891,171.0497,211.88943,222.47707
791,27.129416,27.87801,29.364513,-.061695099,1.5852203,1.5852203,305.99496,163.70471,170.77786
792,25.871861,27.747242,29.235168,-.057693481,1.4558754,1.4558754,293.6189,164.31526,171.45377
793,27.215401,28.751268,30.220127,-.073173523,2.440834,2.440834,319.32794,162.1604,166.82663
794,26.884344,27.618999,29.118662,-.049064636,1.3393694,1.3393694,270.26855,171.90707,179.80431
795,26.918318,29.074251,30.530542,-.076078415,2.7512486,2.7512486,322.49026,159.3902,163.61368
796,27.110096,27.853563,29.340246,-.060424805,1.5609537,1.5609537,307.16937,163.70126,170.79794
797,27.351597,29.723663,31.19664,-.069261551,3.417347,3.417347,309.78931,163.96552,169.26196
798,27.413771,28.809942,30.270029,-.074687958,2.4907367,2.4907367,317.00705,160.09026,164.37289
799,26.83857,27.853563,29.340246,-.059303284,1.5609537,1.5609537,302.8544,163.70126,170.79794
800,26.942608,29.62517,31.097727,-.067272186,3.3184345,3.3184345,314.83841,163.78268,169.01529
801,27.2792,29.279114,30.755348,-.065258026,2.9760551,2.9760551,307.00708,163.90271,169.62709
802,26.191051,27.853563,29.340246,-.058610916,1.5609537,1.5609537,296.62021,163.70126,170.79794
803,25.335083,25.24184,26.724733,-.062395096,-1.0545589,-1.0545589,294.18552,165.88779,171.89726
804,26.222532,27.817846,29.285315,-.069972992,1.5060209,1.5060209,316.40924,161.15189,165.52492
805,26.551962,27.889471,29.375896,-.062217712,1.5966034,1.5966034,293.8392,163.70633,170.76846
806,25.72674,27.766026,29.253731,-.059713364,1.4744377,1.4744377,289.9006,164.20679,171.33791
807,26.839373,27.853563,29.340246,-.061336517,1.5609537,1.5609537,300.55453,163.70126,170.79794
808,27.116087,28.235109,29.701786,-.070081711,1.922493,1.922493,332.50934,161.20222,165.53392
809,26.852325,28.235109,29.701786,-.073760986,1.922493,1.922493,331.32507,161.20222,165.53392
810,27.268131,29.129585,30.585056,-.077196121,2.8057632,2.8057632,327.64233,158.23021,162.13159
811,26.505835,26.75477,28.254267,-.056079865,.4749743,.4749743,288.7244,170.04683,177.57565
812,26.168619,27.03042,28.504131,-.066713333,.72483826,.72483826,304.18387,163.29822,168.36646
813,27.019831,28.907442,30.376965,-.070308685,2.5976715,2.5976715,319.81552,162.45032,167.21777
814,23.947704,24.64226,26.124287,-.062843323,-1.655007,-1.655007,291.83817,166.38976,172.14963
815,27.8592,27.633663,29.107191,-.066936493,1.3278986,1.3278986,329.02551,159.98195,164.49127
816,25.211601,24.64226,26.124287,-.060586929,-1.655007,-1.655007,288.17477,166.38976,172.14963
817,26.644531,26.65518,28.131485,-.062330246,.35219207,.35219207,291.61334,162.07793,166.99632
818,26.537426,26.204727,27.682316,-.063091278,-.096976757,-.096976757,292.91916,163.04283,168.14952
819,26.69953,25.078579,26.575563,-.051185608,-1.2037301,-1.2037301,273.65396,174.3026,180.77255
820,24.79052,25.460258,26.965889,-.047779083,-.8134039,-.8134039,276.74539,177.1759,184.66515
821,22.403011,23.468201,24.977762,-.045495987,-2.8015308,-2.8015308,278.36172,174.80376,180.92894
822,24.293495,23.545668,25.037622,-.058589935,-2.7416706,-2.7416706,285.02618,167.05228,172.47058
823,26.536854,26.507454,27.984179,-.06870079,.20488627,.20488627,311.61777,162.39438,167.37451
825,26.801775,25.864758,27.362995,-.054206848,-.41629729,-.41629729,274.48355,172.325,179.29744
826,25.989338,24.64226,26.124287,-.065706253,-1.655007,-1.655007,289.65036,166.38976,172.14963
827,26.963655,26.742697,28.242332,-.052736282,.4630394,.4630394,277.76343,170.11658,177.65013
828,27.544159,28.931974,30.397635,-.069610596,2.6183422,2.6183422,311.36087,148.28763,152.76906
830,22.131582,23.846939,25.345856,-.051879883,-2.4334366,-2.4334366,284.21603,172.85548,178.88712
831,26.440136,27.621983,29.095554,-.062843323,1.3162613,1.3162613,286.86322,160.00079,164.51308
832,26.453646,24.976896,26.461336,-.061096191,-1.3179574,-1.3179574,284.22675,166.26109,171.78314
833,26.57036,24.911789,26.408346,-.059072495,-1.3709474,-1.3709474,281.59113,174.03476,180.39366
834,23.674263,24.64226,26.124287,-.064880371,-1.655007,-1.655007,293.26117,166.38976,172.14963
835,23.840229,24.64226,26.124287,-.06580162,-1.655007,-1.655007,293.63846,166.38976,172.14963
836,23.805435,23.90815,25.412966,-.049747467,-2.3663273,-2.3663273,278.71533,179.53677,186.22502
837,27.614275,27.633663,29.107191,-.06678009,1.3278986,1.3278986,349.36539,159.98195,164.49127
838,25.717915,24.723389,26.206022,-.061603546,-1.5732709,-1.5732709,287.21872,166.60632,172.41728
839,26.247511,26.650379,28.149015,-.058221817,.36972174,.36972174,281.38318,169.97415,177.40265
840,26.539602,27.613518,29.087126,-.065578461,1.3078333,1.3078333,307.12128,159.97749,164.49098
841,26.628567,25.001919,26.498779,-.053482056,-1.2805136,-1.2805136,278.0444,174.49544,180.9164
842,26.386669,25.001919,26.498779,-.054252625,-1.2805136,-1.2805136,274.04523,174.49544,180.9164
843,26.31181,26.155457,27.633184,-.066625595,-.14610879,-.14610879,297.56512,163.14838,168.27567
844,25.61286,27.299784,28.785664,-.05988121,1.0063705,1.0063705,289.24585,164.16487,171.03104
845,27.672039,28.763853,30.223995,-.072908401,2.4447021,2.4447021,344.60468,156.83214,160.32074
846,26.613722,25.001919,26.498779,-.053026199,-1.2805136,-1.2805136,277.09903,174.49544,180.9164
847,25.46755,24.64226,26.124287,-.060710907,-1.655007,-1.655007,292.40723,166.38976,172.14963
848,25.671871,27.128592,28.621653,-.057939529,.84235889,.84235889,285.14694,167.1048,174.3582
849,25.379461,23.917652,25.406393,-.060966492,-2.3729,-2.3729,287.96777,165.07123,170.2287
850,26.536579,26.725073,28.224903,-.049976349,.44561005,.44561005,271.2341,170.32516,177.86841
851,26.906055,25.001919,26.498779,-.054439545,-1.2805136,-1.2805136,274.91354,174.49544,180.9164
852,26.956436,25.001919,26.498779,-.056545258,-1.2805136,-1.2805136,274.31027,174.49544,180.9164
853,26.652712,27.633663,29.107191,-.06529808,1.3278986,1.3278986,320.13266,159.98195,164.49127
854,23.675627,24.64226,26.124287,-.060976028,-1.655007,-1.655007,291.80542,166.38976,172.14963
855,25.022041,24.301941,25.813448,-.042648315,-1.9658452,-1.9658452,266.73419,172.62424,178.56705
856,26.671583,27.062704,28.482801,-.01597023,.70350856,.70350856,311.07584,214.35501,217.25328
857,27.07369,27.917952,29.312286,-.015832901,1.5329938,1.5329938,251.8454,207.18843,207.64375
858,25.98197,27.718567,29.12026,-.029539108,1.3409671,1.3409671,255.38101,193.85213,196.96033
859,26.098515,28.179012,29.568012,-.0093536377,1.7887182,1.7887182,259.73111,214.38013,215.11096
860,26.558002,28.089506,29.477413,-.019311905,1.6981205,1.6981205,241.23108,214.22249,214.95844
861,27.245646,27.901327,29.333761,-.0353508,1.554469,1.554469,239.86453,181.63637,184.59288
862,26.182762,27.378988,28.793312,-.028907776,1.0140182,1.0140182,268.63339,193.92296,196.87595
863,26.019808,27.353312,28.756187,-.022966385,.97689503,.97689503,273.72241,200.89813,203.16441
864,27.715727,27.143805,28.522348,-.020759583,.74305552,.74305552,209.69165,229.04759,229.92769
865,25.770176,27.356215,28.743944,-.02571106,.96465111,.96465111,236.82611,208.1008,208.82401
866,25.980915,27.228668,28.617218,-.023990631,.83792561,.83792561,245.35526,206.56566,207.28133
867,26.429878,27.846878,29.242668,-.019025803,1.4633743,1.4633743,267.73239,205.23053,205.61086
868,27.628859,28.027346,29.432428,-.014900208,1.6531349,1.6531349,287.28433,216.271,218.40457
869,27.004646,28.014952,29.446672,-.035133362,1.6673788,1.6673788,240.18863,181.24425,184.23387
870,26.575792,28.128447,29.55934,-.034103394,1.7800459,1.7800459,243.58449,180.87299,183.89821
871,25.973501,27.631222,29.052866,-.031833649,1.2735728,1.2735728,262.64752,188.63817,191.66245
872,26.809172,28.167887,29.561062,-.037155151,1.7817689,1.7817689,202.07339,189.83195,193.69754
873,25.799023,27.507141,28.901291,-.02271843,1.1219983,1.1219983,256.09061,204.14873,204.63754
874,26.524048,27.305313,28.714375,-.021900177,.93508214,.93508214,296.51694,197.38606,200.2285
875,27.473833,27.424425,28.826283,-.016557693,1.04699,1.04699,281.74911,201.52238,203.51692
876,27.368294,26.856344,28.247368,-.026851654,.46807432,.46807432,221.62592,202.05722,202.75458
877,26.278257,27.223745,28.628485,-.021453857,.84919184,.84919184,284.25763,199.76086,202.52222
878,27.260849,27.726154,29.109047,-.023906708,1.329753,1.329753,214.43028,219.82758,220.6344
879,26.846231,27.281708,28.686548,-.020624161,.90725517,.90725517,295.58792,200.90599,203.64508
880,26.401123,27.255724,28.67477,-.02274704,.89547795,.89547795,294.95966,202.24574,205.21477
881,26.777252,27.828033,29.21487,-.028608322,1.4355766,1.4355766,206.39941,212.80415,213.68564
882,26.766516,27.952168,29.389177,-.036542892,1.6098849,1.6098849,240.3,181.79767,184.77695
883,27.588131,27.497986,28.903193,-.014961243,1.1238993,1.1238993,295.3894,205.17862,207.83459
884,27.178331,27.999077,29.394695,-.03399086,1.6154014,1.6154014,207.21935,194.17654,197.02144
885,26.36195,27.044096,28.436306,-.028055191,.65701246,.65701246,239.39754,200.9433,201.89912
886,27.766659,27.846275,29.242294,-.01124382,1.4630004,1.4630004,264.25006,207.5609,207.82838
887,26.959497,27.970892,29.358982,-.034103394,1.5796896,1.5796896,196.66302,207.98691,209.59428
888,26.807261,27.846371,29.242163,-.016908646,1.4628695,1.4628695,259.42871,205.22881,205.60928
889,27.824913,27.749838,29.130239,-.021762848,1.3509463,1.3509463,207.02985,226.81226,227.67186
890,26.328081,28.179012,29.568012,-.013542175,1.7887182,1.7887182,251.70392,214.38013,215.11096
891,27.583025,27.846878,29.242668,-.014156342,1.4633743,1.4633743,259.30017,205.23053,205.61086
892,27.702806,27.754229,29.134796,-.026180267,1.3555036,1.3555036,204.18816,226.45018,227.31082
893,27.6604,27.846878,29.242668,-.016178131,1.4633743,1.4633743,272.99863,205.23053,205.61086
894,26.882282,28.055628,29.447325,-.0086078644,1.6680313,1.6680313,260.88947,213.18221,213.68091
895,27.823923,27.845171,29.241608,-.010177612,1.4623138,1.4623138,271.64752,211.86057,211.91988
896,27.555859,27.847713,29.245167,-.010824203,1.4658742,1.4658742,279.61264,221.57164,221.18401
897,26.707829,27.702538,29.093225,-.022188187,1.3139323,1.3139323,242.15227,208.78525,209.42398
898,26.757879,27.901772,29.287983,-.027610779,1.5086904,1.5086904,203.24802,214.29277,215.18811
899,26.383196,27.73888,29.207058,-.066246033,1.4277649,1.4277649,232.05699,124.89893,131.18445
900,26.663399,27.58247,29.068708,-.06580162,1.289416,1.289416,286.31195,149.51866,154.59125
901,26.312563,26.700115,28.187378,-.06083107,.40808502,.40808502,275.54089,152.90685,158.01862
903,27.839809,28.954481,30.468487,-.051351547,2.6891937,2.6891937,180.1738,117.60497,123.83526
904,27.76918,28.598919,30.058327,-.07380867,2.2790337,2.2790337,264.88315,134.20343,139.72061
905,27.738419,29.388687,30.876051,-.059223175,3.0967572,3.0967572,209.49313,121.5358,127.79971
906,27.616142,28.890875,30.361937,-.069734573,2.5826442,2.5826442,236.60349,128.15562,134.21135
907,27.0396,27.258215,28.698763,-.073600769,.91947061,.91947061,272.44415,124.05736,129.26308
908,27.043633,28.81621,30.280098,-.072755814,2.5008049,2.5008049,257.62576,132.48186,138.15163
909,27.269964,29.069706,30.584356,-.050075531,2.8050625,2.8050625,175.06816,119.01211,125.3266
910,27.75206,29.348696,30.82564,-.064434052,3.0463474,3.0463474,215.68658,129.93584,135.87656
911,27.662966,28.708151,30.183329,-.065261841,2.4040363,2.4040363,216.93277,125.66097,131.91164
912,26.740061,28.355152,29.823521,-.066785812,2.0442276,2.0442276,231.83542,125.96425,132.22699
913,27.827724,29.668196,31.166935,-.053321838,3.3876419,3.3876419,188.70029,121.48241,127.83623
914,27.089758,28.425255,29.893976,-.06905365,2.1146824,2.1146824,235.51772,126.25101,132.48665
915,27.768633,29.656698,31.131605,-.069753647,3.3523114,3.3523114,231.69894,131.28821,137.04799
916,27.775373,29.358513,30.844503,-.062398911,3.0652111,3.0652111,209.8409,122.13261,128.40027
917,27.604971,28.954481,30.468487,-.05124855,2.6891937,2.6891937,172.5905,117.60497,123.83526
918,26.9175,28.384077,29.859867,-.068658829,2.080574,2.080574,297.55334,147.38795,152.18561
919,27.750862,29.656311,31.13134,-.063301086,3.352047,3.352047,225.61073,131.28766,137.04958
920,27.75349,29.435915,30.948658,-.050462723,3.1693649,3.1693649,200.62427,134.61807,141.16377
921,27.710976,29.580004,31.085371,-.052997589,3.3060787,3.3060787,189.48708,124.36562,130.79024
922,27.766247,29.473923,30.990725,-.049518585,3.2114322,3.2114322,181.43686,123.78792,130.38937
923,27.816044,29.305056,30.820292,-.051521301,3.0409977,3.0409977,182.24377,121.62515,128.09329
924,27.527918,28.898472,30.37771,-.071287155,2.598418,2.598418,280.34421,144.98897,149.86604
925,27.767849,29.734343,31.226931,-.059410095,3.4476368,3.4476368,203.96211,120.69739,126.9669
926,27.680239,28.373199,29.841885,-.062828064,2.0625916,2.0625916,218.5686,125.89533,132.15817
927,25.997789,26.667858,28.113308,-.072225571,.33401522,.33401522,256.68643,131.92696,138.01268
928,27.680914,29.142628,30.621307,-.070261002,2.8420143,2.8420143,258.61572,139.11946,144.42174
929,27.673307,28.971573,30.447996,-.071075439,2.6687038,2.6687038,272.79907,144.96976,149.77513
930,27.810457,29.734343,31.226931,-.055360794,3.4476368,3.4476368,197.71339,120.69739,126.9669
931,26.953827,28.480747,29.949745,-.069828033,2.1704521,2.1704521,240.66562,126.47798,132.69218
932,27.748343,29.527277,31.001534,-.067386627,3.2222404,3.2222404,229.22061,130.75882,136.56862
933,25.974001,27.293354,28.741007,-.073526382,.96171314,.96171314,268.35812,133.6835,139.44524
934,26.689861,26.362528,27.729513,-.017280579,-.049779415,-.049779415,177.1801,223.93562,225.89268
935,26.512718,26.340904,27.706705,-.018863678,-.072587334,-.072587334,176.60741,224.25452,225.51303
936,26.755257,26.371754,27.738718,-.019695282,-.040575821,-.040575821,178.35526,223.91946,225.81796
937,27.024124,26.660719,28.02812,-.015880585,.24882729,.24882729,170.50169,222.56734,225.41942
938,26.946869,26.783915,28.148064,-.015735626,.36877012,.36877012,165.77985,221.55124,225.40572
939,26.483377,26.542158,27.905664,-.017225266,.12637186,.12637186,171.62563,223.36064,226.70364
940,27.556381,27.653423,29.002533,-.016016006,1.2232394,1.2232394,197.38525,217.7054,220.02754
941,27.154634,27.56262,28.91235,-.012935638,1.1330572,1.1330572,204.09723,214.53172,216.59709
942,27.76256,27.842911,29.187828,-.041885376,1.4085358,1.4085358,201.73615,217.30325,219.49678
943,27.577366,28.19632,29.550629,-.0057430267,1.7713348,1.7713348,206.61156,203.48288,205.62529
944,27.724165,27.925024,29.284477,-.013555527,1.5051847,1.5051847,210.55966,213.74327,215.92545
945,27.955282,27.96932,29.324097,-.023277283,1.5448041,1.5448041,203.07712,205.12103,207.04774
946,27.376402,28.103024,29.450972,.00058555603,1.6716782,1.6716782,200.51796,216.64085,219.82648
947,27.669285,28.005726,29.361355,-.014455795,1.5820622,1.5820622,207.27617,203.14041,204.99501
948,27.932552,27.746584,29.11179,-.018348694,1.3324972,1.3324972,203.51448,226.9852,228.86584
949,27.674906,27.557245,28.905462,-.026838303,1.1261692,1.1261692,198.74461,217.58673,219.61742
950,27.510674,27.963457,29.315052,-.014915466,1.5357594,1.5357594,197.65689,200.82579,202.5052
951,27.653721,27.794872,29.144426,-.023416519,1.3651332,1.3651332,200.11781,207.80756,209.51935
952,27.030869,27.955471,29.307009,-.014930725,1.5277156,1.5277156,203.7401,200.15579,201.77196
953,27.282965,27.83555,29.185286,.0013389587,1.4059924,1.4059924,221.14417,220.02646,223.05328
954,27.406286,28.002333,29.357962,-.012962341,1.5786685,1.5786685,211.2717,203.12262,204.9715
955,27.884748,27.584505,28.951109,-.014961243,1.1718159,1.1718159,206.09569,231.88918,232.97626
956,27.995291,27.956678,29.31764,-.019628525,1.5383471,1.5383471,206.71832,217.51552,220.23257
957,27.552734,27.999603,29.351685,-.0047416687,1.5723907,1.5723907,211.63417,205.05774,207.12688
958,27.319704,27.838385,29.18816,-.0019454956,1.4088674,1.4088674,218.8618,219.61401,222.61218
959,27.398056,27.702305,29.050644,.0045166016,1.2713503,1.2713503,187.91081,226.17673,227.27779
960,27.528072,27.959984,29.313421,-.016153336,1.5341281,1.5341281,205.02884,200.85095,202.49443
978,26.773575,28.365438,29.833281,-.073303223,2.0539882,2.0539882,277.26221,173.5809,180.27138
979,27.666435,29.202034,30.64966,-.07617569,2.8703663,2.8703663,232.31927,187.34358,195.65907
980,26.716866,27.335218,28.790628,-.078310013,1.011336,1.011336,301.81558,164.96613,170.15747
981,27.164339,28.269186,29.719219,-.074142456,1.9399261,1.9399261,256.12939,184.00626,191.8678
982,26.213425,28.441206,29.904751,-.072999954,2.1254578,2.1254578,297.2261,164.50279,169.7428
983,26.420883,25.864151,27.320398,-.075565338,-.45889506,-.45889506,279.46732,175.40208,182.09328
984,23.170685,26.521194,27.977066,-.077251434,.19777234,.19777234,299.43912,170.74094,176.76224
985,26.065607,27.799435,29.264652,-.072053909,1.4853592,1.4853592,288.90363,173.993,180.68364
986,27.267595,28.671865,30.124807,-.071939468,2.345515,2.345515,254.43573,184.45966,192.42661
987,26.957775,26.950623,28.411659,-.073165894,.63236618,.63236618,271.18558,174.92331,181.65208
988,26.672071,29.012457,30.480204,-.072774887,2.7009113,2.7009113,301.95227,164.26347,169.52863
989,26.646646,28.392572,29.860537,-.072584152,2.0812442,2.0812442,282.67523,173.56114,180.25162
990,27.656307,29.204657,30.652346,-.071144104,2.8730533,2.8730533,232.94237,187.33484,195.64995
991,27.262844,28.251945,29.702024,-.075572968,1.922732,1.922732,252.3029,183.94458,191.79773
992,26.296112,28.219458,29.686623,-.071969986,1.9073296,1.9073296,289.54016,173.68719,180.37772
993,26.528193,27.51115,28.967855,-.076011658,1.188563,1.188563,304.98215,164.89243,170.09151
994,26.186548,28.318224,29.783894,-.072797775,2.0046005,2.0046005,293.55759,169.24883,175.23679
995,27.038029,29.30961,30.803297,-.041549683,3.0240047,3.0240047,216.21169,173.36383,182.11005
996,26.695213,26.593365,28.104959,-.025133133,.32566723,.32566723,228.70926,179.3643,187.78828
997,25.824869,25.888237,27.395424,-.029853821,-.38386932,-.38386932,263.32199,181.57864,189.93893
998,27.017698,25.779865,27.287344,-.028165817,-.4919486,-.4919486,235.08136,181.01018,189.37193
999,26.838993,28.653711,30.164099,-.037309647,2.384805,2.384805,218.39732,181.30486,189.92827
1000,24.292397,25.299942,26.81612,-.025577545,-.96317261,-.96317261,288.11896,183.61998,192.31538
1001,26.811859,29.407549,30.906034,-.040571213,3.1267421,3.1267421,216.74498,172.77417,181.28419
1002,25.406502,26.615391,28.132097,-.024490356,.35280499,.35280499,280.83258,188.08253,196.98218
1003,27.203371,29.674221,31.164648,-.045911789,3.3853557,3.3853557,210.38751,175.20781,184.32263
1004,27.187277,29.099623,30.595169,-.047166824,2.815876,2.815876,225.11078,172.30432,180.83885
1005,26.78368,27.333372,28.846331,-.027439117,1.0670382,1.0670382,212.99515,178.04028,186.51366
1006,26.838739,25.895287,27.402452,-.03237915,-.3768414,-.3768414,236.71162,181.61562,189.97578
1007,26.546095,25.779865,27.287344,-.027008057,-.4919486,-.4919486,243.21935,181.01018,189.37193
1008,27.367579,29.674221,31.164648,-.038949966,3.3853557,3.3853557,199.45218,175.20781,184.32263
1009,27.058441,29.594282,31.085421,-.045953751,3.3061268,3.3061268,219.78387,174.80386,183.83795
1010,27.36854,28.858372,30.356117,-.056253433,2.5768242,2.5768242,257.17203,170.87489,179.13103
1011,27.221624,28.655256,30.169228,-.023515701,2.3899345,2.3899345,280.55481,197.86705,206.55087
1012,26.603546,28.826571,30.324556,-.048900604,2.5452626,2.5452626,255.29579,170.92459,179.18333
1013,25.392267,26.170654,27.679438,-.026233673,-.099855579,-.099855579,277.08694,182.24496,190.69536
1014,26.731951,28.826571,30.324556,-.047836304,2.5452626,2.5452626,243.7144,170.92459,179.18333
1015,26.738094,29.029547,30.532774,-.041488647,2.7534816,2.7534816,221.94052,175.24219,183.69202
1016,26.543774,25.779865,27.287344,-.027145386,-.4919486,-.4919486,251.73907,181.01018,189.37193
1017,26.734152,25.779865,27.287344,-.030639648,-.4919486,-.4919486,239.35861,181.01018,189.37193
1018,27.206926,27.231836,28.745609,-.027765274,.96631622,.96631622,205.19232,178.97324,187.46227
1019,26.388994,25.86211,27.369362,-.027896881,-.40993133,-.40993133,257.32236,181.4416,189.80223
1020,26.755163,27.090391,28.604198,-.025939941,.8249054,.8249054,214.52356,178.38054,186.84164
1021,18.431269,19.702642,21.122866,.03707695,-6.6564274,-6.6564274,275.3689,249.29942,242.95155
1022,17.977648,18.662075,20.078821,.022192001,-7.7004719,-7.7004719,242.55093,282.76935,270.74326
1023,20.000191,19.929199,21.349037,.033746719,-6.4302554,-6.4302554,246.6413,258.33151,247.76254
1024,19.366318,19.840879,21.260841,.033689499,-6.5184522,-6.5184522,262.29736,254.52161,245.83632
1025,22.77919,23.7572,25.174953,.040929794,-2.6043403,-2.6043403,248.8743,236.7106,232.8327
1026,26.076262,26.150635,27.566082,.050348282,-.21321042,-.21321042,179.58571,220.49312,218.55083
1027,17.736832,18.565769,19.982281,.02431488,-7.7970119,-7.7970119,249.40154,284.62668,272.48984
1028,19.190517,19.77326,21.193365,.041154861,-6.585928,-6.585928,271.84802,252.11478,244.45117
1029,18.843422,19.929199,21.349037,.036132813,-6.4302554,-6.4302554,254.85271,258.33151,247.76254
1030,20.608223,18.894672,20.311987,.02404213,-7.4673061,-7.4673061,231.28679,278.28345,266.52484
1031,27.36272,27.723167,29.076683,-.097553253,1.2973891,1.2973891,228.28592,155.52649,157.88298
1032,27.314726,27.664228,29.017288,-.097837448,1.2379943,1.2379943,231.48485,152.99037,155.55904
1033,26.370878,27.007641,28.363716,-.096349716,.58442307,.58442307,249.38731,142.09612,145.70186
1034,26.321123,27.648659,29.011059,-.083406448,1.2317649,1.2317649,220.48466,163.78745,167.52664
1035,26.427553,26.820515,28.189379,-.077438354,.41008648,.41008648,196.25677,146.82687,150.64743
1036,26.331026,27.031742,28.365732,-.10934448,.58643848,.58643848,255.86101,155.55827,158.99791
1037,26.801352,27.284042,28.611835,-.10973358,.83254164,.83254164,251.81363,156.95683,160.23936
1038,27.142015,27.79257,29.148867,-.091968536,1.3695735,1.3695735,219.90959,166.5284,169.35147
1039,27.761318,28.380577,29.749384,-.071691513,1.9700915,1.9700915,181.27727,162.79565,167.06819
1040,26.717741,27.995964,29.344673,-.10005379,1.5653791,1.5653791,248.13051,143.23438,146.05801
1041,27.614359,28.440958,29.788851,-.098613739,2.009557,2.009557,253.26105,148.84229,151.43559
1042,26.835934,26.910696,28.245478,-.11150551,.46618381,.46618381,253.6041,165.04523,169.59433
1043,26.88809,27.291191,28.627813,-.1074295,.8485201,.8485201,248.32698,153.18103,156.52272
1044,27.067142,26.710995,28.069139,-.093437195,.28984722,.28984722,245.82216,141.83977,145.56638
1045,26.94496,27.586203,28.935032,-.10387802,1.1557393,1.1557393,244.97179,141.92682,144.27042
1046,26.855459,27.407696,28.760674,-.096704483,.98138124,.98138124,244.39091,148.86974,151.8636
1047,26.532919,26.191776,27.550108,-.093280792,-.22918542,-.22918542,246.97336,147.12506,150.72957
1048,27.290852,27.618271,28.976538,-.087762833,1.1972445,1.1972445,220.53691,167.15793,170.55017
1049,26.968674,25.867044,27.22747,-.089130402,-.55182219,-.55182219,237.00386,145.42815,149.2688
1050,25.520895,26.093801,27.45326,-.092605591,-.32603297,-.32603297,236.25673,150.66937,154.11229
1051,27.484543,28.503721,29.851877,-.098205566,2.0725849,2.0725849,250.91765,150.44237,152.88582
1052,27.447258,28.553171,29.90333,-.10561371,2.1240361,2.1240361,222.28226,156.78851,158.67746
1053,27.41946,27.998396,29.365028,-.076862335,1.5857344,1.5857344,195.54376,163.00711,167.11655
1054,24.682329,26.49062,27.85541,-.08514595,.076116085,.076116085,231.88014,148.93018,152.56682
1055,25.619469,26.799152,28.166542,-.083675385,.38724914,.38724914,214.55043,145.16302,148.98845
1056,27.498875,28.543322,29.891308,-.10021782,2.1120148,2.1120148,237.92288,150.49921,152.92276
1057,26.813292,27.382053,28.739227,-.094181061,.95993346,.95993346,224.39339,163.01646,165.99893
1058,27.095833,27.317747,28.641466,-.11133575,.8621729,.8621729,251.16574,166.86554,171.20741
1059,25.850023,26.455154,27.813551,-.095293045,.034257572,.034257572,233.88075,153.25877,156.43231
1060,27.216784,27.235874,28.606062,-.075998306,.82676935,.82676935,184.59215,147.2997,151.21478
1061,27.468914,28.54355,29.89159,-.10303307,2.1122971,2.1122971,232.27063,150.64725,153.05821
1062,26.888563,27.565554,28.92387,-.089363098,1.1445762,1.1445762,225.68645,166.62447,170.01714
1063,26.86685,26.403641,27.782732,-.092660904,.0034384727,.0034384727,205.73834,142.03185,146.66992
1064,25.96175,26.569435,27.934816,-.095075607,.15552409,.15552409,239.83871,133.2236,135.00851
1065,27.426338,28.904837,30.305145,-.091859818,2.5258522,2.5258522,161.8774,152.49228,158.44618
1066,26.44046,27.696833,29.063074,-.098402023,1.2837807,1.2837807,228.32333,138.79207,141.99744
1067,27.100388,27.385609,28.72452,-.11080742,.94522619,.94522619,250.34586,179.1855,184.95091
1068,26.925377,27.473583,28.827679,-.10801125,1.0483847,1.0483847,242.14752,161.0087,165.56905
1069,25.762466,26.935398,28.299681,-.094831467,.52038699,.52038699,242.81357,134.10796,136.12561
1070,25.427172,25.879459,27.240025,-.087192535,-.53926927,-.53926927,230.28232,146.37549,150.17964
1071,26.30352,27.773325,29.161364,-.093610764,1.3820701,1.3820701,203.3454,157.05362,163.62439
1072,27.796154,28.875351,30.274389,-.090457916,2.4950969,2.4950969,149.75165,141.30573,145.92421
1073,25.910397,26.789747,28.155867,-.084905624,.37657437,.37657437,228.32402,139.67065,143.63225
1074,25.630194,26.260981,27.624512,-.092748642,-.1547823,-.1547823,243.14651,137.94249,141.26678
1075,26.093775,26.159285,27.521532,-.089172363,-.25776115,-.25776115,233.01692,140.24852,144.27608
1076,26.697174,27.57432,28.930861,-.10051918,1.1515673,1.1515673,236.90059,142.87384,145.84689
1077,26.575699,27.784834,29.15826,-.093841553,1.3789676,1.3789676,221.97435,133.14149,136.1604
1078,26.670023,26.630795,28.006062,-.098825455,.22676849,.22676849,219.93819,147.31691,152.08841
1079,26.927353,26.491589,27.871387,-.092123032,.092094578,.092094578,193.65747,142.00601,146.64339
1080,26.404627,27.22682,28.594379,-.10297012,.81508559,.81508559,235.26891,164.74843,170.45322
1081,26.94417,27.355263,28.732931,-.099494934,.95363778,.95363778,213.86819,163.47937,170.06894
1082,26.072052,26.818686,28.201124,-.095338821,.42183146,.42183146,224.60759,141.90991,146.54469
1083,26.55262,27.325668,28.693995,-.099723816,.91470128,.91470128,220.90668,143.90617,147.77788
1084,25.433672,26.461559,27.827549,-.092655182,.048254967,.048254967,246.46484,133.6394,135.65701
1085,25.198338,26.680832,28.061962,-.094566345,.28267002,.28267002,240.97224,142.85857,147.61105
1086,26.657806,27.449406,28.821106,-.083559036,1.0418134,1.0418134,205.36375,142.36031,146.26605
1087,26.672298,27.400537,28.78442,-.096763611,1.0051274,1.0051274,201.43985,156.6265,163.16823
1088,24.687462,25.576618,27.080746,-.053346634,-.69854784,-.69854784,265.97229,160.55736,166.20674
1089,27.478842,29.578926,31.077765,-.056695938,3.2984722,3.2984722,210.47231,131.18025,137.37106
1090,26.459389,28.072071,29.600637,-.04016304,1.8213438,1.8213438,218.36037,155.43698,162.90208
1091,25.043695,26.895838,28.42597,-.034111023,.64667636,.64667636,236.47107,162.58372,171.27577
1092,25.943998,26.548243,28.061136,-.045946121,.28184399,.28184399,249.30504,163.47327,169.3985
1093,27.178885,28.844851,30.364891,-.047361374,2.585598,2.585598,221.12666,149.58643,155.79024
1094,27.643681,29.337671,30.859943,-.048070908,3.0806503,3.0806503,200.11545,136.97327,143.76158
1095,26.387327,26.586439,28.113512,-.040534973,.33421978,.33421978,201.85774,144.37225,152.86876
1096,26.888828,28.375418,29.876238,-.060886383,2.0969441,2.0969441,236.38591,146.70688,152.24849
1097,27.555128,29.371756,30.889734,-.047506332,3.1104419,3.1104419,186.34338,126.25233,132.89995
1098,24.247168,25.981497,27.508814,-.038478851,-.2704792,-.2704792,229.74762,147.2784,156.05402
1099,25.341326,26.647978,28.171942,-.041505814,.3926495,.3926495,207.06734,134.53192,141.61812
1100,27.164721,29.191252,30.715117,-.045431137,2.9358242,2.9358242,205.52428,140.80431,147.54443
1101,27.69113,29.604776,31.095701,-.061687469,3.3164074,3.3164074,214.12369,131.21434,137.26263
1102,27.415829,29.103024,30.584036,-.063053131,2.8047421,2.8047421,242.97409,139.69731,145.0047
1103,27.720343,29.606834,31.104559,-.055086136,3.3252652,3.3252652,203.51811,129.30666,135.51157
1104,26.722483,26.909637,28.438866,-.039482117,.6595726,.6595726,212.2753,154.0484,162.56885
1105,26.909592,28.326044,29.845663,-.046655655,2.0663693,2.0663693,182.72493,127.56699,134.3302
1106,26.637983,27.06163,28.426617,.017303467,.64732438,.64732438,263.7207,252.75092,256.89108
1107,27.22797,27.464273,28.829084,.021505356,1.0497913,1.0497913,273.79709,252.94495,257.37823
1108,26.402363,27.338926,28.708487,.014177322,.92919368,.92919368,276.56653,262.55554,267.73752
1109,27.0145,27.807058,29.167448,.0097446442,1.388155,1.388155,240.85443,234.22945,236.79887
1110,26.572361,27.365673,28.735605,.014099121,.95631236,.95631236,283.70511,263.66483,268.95169
1111,26.151861,27.659407,29.038857,.013437271,1.259564,1.259564,314.8815,271.96115,278.4801
1112,26.346008,27.97843,29.361238,.011699677,1.5819454,1.5819454,318.17868,269.88928,276.34741
1113,26.561035,27.656252,29.037369,.014038086,1.2580749,1.2580749,317.29889,159.35858,165.59709
1114,26.371128,28.107647,29.491638,.012561798,1.7123445,1.7123445,313.93704,268.93414,275.34763
1115,26.201551,27.569803,28.947609,.011938095,1.1683165,1.1683165,305.20978,271.23206,277.49191
1116,26.909405,27.37093,28.735783,.017324448,.95648909,.95648909,267.48657,252.88882,257.25577
1117,26.061443,27.303698,28.673571,.01276207,.89427757,.89427757,280.70056,264.11838,269.37262
1118,26.093578,27.750761,29.131645,.013082504,1.3523527,1.3523527,323.61551,264.54578,271.06635
1119,26.19832,27.524466,28.898062,.014381409,1.1187687,1.1187687,295.03156,267.73468,273.69498
1120,26.276787,27.615982,28.998562,.013191223,1.219268,1.219268,323.82761,131.16096,137.41841
1121,26.350981,27.659649,29.034863,.013057709,1.255569,1.255569,309.18515,266.49976,272.67908
1122,26.885994,27.049416,28.414412,.013746262,.63511866,.63511866,272.58102,252.74547,256.87668
1123,26.813894,26.876766,28.241207,.014072418,.46191487,.46191487,247.91113,249.9276,253.62448
1124,26.01388,26.718521,28.083652,.012514114,.30435896,.30435896,265.69861,252.5979,256.48654
1125,26.938425,27.287363,28.653637,.014925003,.8743434,.8743434,274.68518,254.52887,259.01743
1126,26.32448,27.628834,29.003916,.014375687,1.2246228,1.2246228,305.84549,267.38934,273.57098
1127,27.181089,27.807058,29.167448,.0053977966,1.388155,1.388155,224.96666,234.22945,236.79887
1128,25.977173,27.397905,28.771904,.013214111,.99261159,.99261159,293.42209,269.46732,275.13486
1129,26.328539,26.718521,28.083652,.0157547,.30435896,.30435896,268.68192,252.5979,256.48654
1130,27.620611,27.796556,29.214909,-.054523468,1.4356155,1.4356155,154.8297,205.82724,206.73178
1131,25.219847,25.797718,27.213558,-.029928207,-.56573468,-.56573468,196.48547,244.34741,251.37369
1132,27.483986,27.444338,28.862141,-.045757294,1.0828476,1.0828476,162.02144,217.68808,221.21544
1133,27.526878,27.851198,29.264717,-.049638748,1.485424,1.485424,168.48227,198.60298,200.37836
1134,24.273819,24.421051,25.835348,-.02820015,-1.9439453,-1.9439453,175.26924,255.82474,256.20557
1135,27.428083,27.958866,29.367931,-.062889099,1.5886383,1.5886383,167.57922,215.041,211.32465
1136,24.81905,24.74696,26.15871,-.027462006,-1.6205835,-1.6205835,209.88766,249.39371,257.85056
1137,27.40976,27.326174,28.742466,-.043848038,.96317291,.96317291,174.11893,215.76875,219.8577
1138,27.376112,27.375454,28.794634,-.041641235,1.0153414,1.0153414,165.97169,234.17003,239.61966
1139,25.610662,26.09763,27.510639,-.032552719,-.26865402,-.26865402,206.5475,240.2673,248.75229
1140,27.594486,27.871595,29.286547,-.062410355,1.5072531,1.5072531,160.98036,204.22374,203.40723
1141,27.548698,27.771864,29.188856,-.052207947,1.4095637,1.4095637,157.08983,202.55287,203.89702
1142,26.447006,27.104982,28.523285,-.03248024,.74399203,.74399203,189.36288,236.38736,242.93845
1143,27.677214,27.857546,29.273499,-.061508179,1.4942055,1.4942055,155.06139,205.06725,204.59697
1144,27.299606,27.592594,29.011772,-.046051025,1.2324791,1.2324791,163.78389,221.03473,224.08878
1145,26.906084,26.885422,28.302828,-.045963287,.5235343,.5235343,165.02937,227.50772,226.25827
1146,27.415886,27.540812,28.959473,-.05090332,1.1801796,1.1801796,163.01053,213.55783,213.64563
1147,27.629227,27.964304,29.373571,-.064556122,1.5942777,1.5942777,166.33405,200.75336,197.9034
1148,27.134398,27.130964,28.549349,-.036844254,.77005655,.77005655,175.65459,236.46185,242.97974
1149,25.824671,25.6119,27.028238,-.029090881,-.75105524,-.75105524,179.48056,251.50414,255.57588
1150,27.428583,26.938318,28.355139,-.041208267,.57584542,.57584542,170.9575,227.95358,234.18163
1151,27.595346,27.811417,29.230589,-.057106018,1.4512953,1.4512953,156.25737,207.79805,208.43799
1152,27.096495,27.30427,28.723448,-.036684036,.94415408,.94415408,173.65919,238.17461,244.33725
1153,27.602753,27.768389,29.185064,-.053701401,1.4057707,1.4057707,157.6734,202.30721,203.53438
1154,27.525675,27.811783,29.227026,-.047029495,1.4477323,1.4477323,167.42242,200.56531,202.12643
1155,27.076656,26.541349,27.958855,-.04499054,.17956083,.17956083,167.11275,235.62224,237.17786
1156,27.521233,27.771864,29.188856,-.047346115,1.4095637,1.4095637,162.05365,202.55287,203.89702
1157,27.410906,27.322809,28.739708,-.046035767,.96041489,.96041489,164.3378,216.23695,220.21219
1158,27.503323,27.811417,29.230589,-.054271698,1.4512953,1.4512953,158.80443,207.79805,208.43799
1159,27.444849,27.811417,29.230589,-.050443649,1.4512953,1.4512953,160.21167,207.79805,208.43799
1160,27.400362,27.197155,28.61516,-.059877396,.83586627,.83586627,163.89421,220.87398,220.25999
1161,27.65542,27.773613,29.190472,-.055364609,1.4111786,1.4111786,152.92673,202.71626,203.89571
1162,22.779238,23.748657,25.157312,-.016700745,-2.6219807,-2.6219807,209.23718,264.05716,269.44687
1163,22.121994,23.431633,24.842075,.0037727356,-2.9372184,-2.9372184,197.68059,277.01489,271.78455
1164,23.847075,22.781372,24.19194,-.015026093,-3.587352,-3.587352,165.64638,273.75323,271.19836
1165,25.887482,25.125914,26.53253,.014003754,-1.2467624,-1.2467624,173.94884,266.1423,263.2511
1166,24.09963,23.927942,25.336338,-.0019989014,-2.4429543,-2.4429543,167.52754,278.85608,276.36734
1167,24.67013,24.041378,25.450581,.0032596588,-2.3287132,-2.3287132,163.29678,277.65448,274.55356
1168,25.44623,25.628866,27.033806,.018262863,-.74548721,-.74548721,184.36482,262.66428,260.69461
1169,22.955671,22.772949,24.179491,-.0043239594,-3.599802,-3.599802,190.57736,276.70584,278.00861
1170,22.374744,23.132805,24.544264,-.011459351,-3.2350292,-3.2350292,193.00099,269.04071,270.69666
1171,22.897554,23.016125,24.418694,.0042037964,-3.3605988,-3.3605988,202.88367,277.98196,278.03809
1172,20.103161,20.31596,21.726551,-.012617111,-6.0527425,-6.0527425,199.35837,284.57056,274.51407
1173,24.410721,23.424984,24.828459,.01026535,-2.9508343,-2.9508343,182.11327,276.05804,275.55966
1174,22.398781,23.503445,24.915981,-.026378632,-2.8633125,-2.8633125,180.1769,261.25961,256.948
1175,25.962214,23.903751,25.314396,.0077438354,-2.4648979,-2.4648979,157.93472,274.75317,269.69318
1176,25.137461,23.894381,25.305099,.0091438293,-2.4741931,-2.4741931,171.49377,274.65869,269.51096
1177,25.315815,24.830481,26.200344,-.058547974,-1.5789485,-1.5789485,195.65793,189.11237,192.97302
1178,27.033693,26.04903,27.408068,-.055435181,-.37122455,-.37122455,245.12091,194.43335,189.10632
1179,27.026205,27.021383,28.394178,-.058729172,.61488533,.61488533,178.50862,207.50101,219.46745
1180,27.156752,27.26284,28.63578,-.059333801,.85648775,.85648775,185.62172,207.81935,220.93759
1181,27.489643,27.696299,29.044144,-.067274094,1.2648506,1.2648506,272.37967,194.964,189.70964
1182,27.023811,26.748785,28.117546,-.061754227,.33825397,.33825397,189.35309,190.17438,192.28645
1183,25.996399,26.154016,27.523592,-.061670303,-.25570026,-.25570026,193.5239,198.4928,204.20578
1184,27.83164,27.073956,28.428432,-.054925919,.6491394,.6491394,253.95988,194.06076,189.06345
1185,24.723507,24.698452,26.063221,-.052087784,-1.7160729,-1.7160729,232.35744,188.70242,184.87901
1186,27.388866,27.306192,28.655312,-.061553955,.87601918,.87601918,264.4646,194.97488,189.86133
1187,25.892138,25.500063,26.868195,-.05506897,-.91109943,-.91109943,206.94279,182.55412,181.10948
1188,25.027311,26.329845,27.699266,-.052160263,-.080025829,-.080025829,209.71281,177.73587,178.67926
1189,25.864542,26.198597,27.564764,-.054237366,-.21452825,-.21452825,228.47937,196.54718,194.26791
1190,26.385939,26.392979,27.754452,-.056480408,-.024842262,-.024842262,232.28514,198.57674,194.94397
1191,26.996851,27.161886,28.511557,-.0675354,.73226374,.73226374,264.86972,197.00633,192.22314
1192,27.356674,27.039385,28.409122,-.048171997,.62982863,.62982863,196.10464,177.69585,179.69142
1193,26.524017,26.182209,27.54837,-.050704956,-.23092365,-.23092365,218.11534,196.52727,194.24382
1194,25.951542,26.318615,27.6763,-.061454773,-.10299286,-.10299286,249.96376,198.63185,194.22453
1196,26.70466,26.197304,27.566069,-.049289703,-.21322362,-.21322362,203.25076,182.35938,182.12465
1197,26.811422,26.828436,28.19577,-.047462463,.41647705,.41647705,208.17622,194.28687,192.69533
1198,27.027941,27.366344,28.734335,-.042030334,.95504171,.95504171,197.35707,193.35538,192.20644
1199,24.063578,23.624683,24.994993,-.054750443,-2.7842999,-2.7842999,208.36313,185.55052,189.20712
1200,27.2446,26.741898,28.101582,-.058177948,.32228884,.32228884,233.33479,199.48694,195.46938
1201,23.406633,24.638332,26.008139,-.05475235,-1.7711545,-1.7711545,215.19824,182.10561,184.49359
1202,27.059757,27.45915,28.827351,-.050064087,1.0480567,1.0480567,206.83708,189.1028,187.88432
1203,26.97554,25.995232,27.363632,-.050294876,-.41566053,-.41566053,205.57019,183.80702,182.41182
1204,26.70402,25.337818,26.612682,-.064985275,-1.1666113,-1.1666113,146.16339,136.44051,137.14503
1205,27.814964,28.820114,30.111156,-.078824997,2.3318627,2.3318627,261.15726,175.98291,174.67297
1206,27.824106,27.610447,28.877464,-.079008102,1.0981704,1.0981704,192.07594,169.61037,169.26559
1207,27.485523,27.726429,28.963888,-.043790817,1.1845946,1.1845946,176.40718,142.10179,143.29012
1208,27.142469,27.185936,28.422697,-.048072815,.64340383,.64340383,161.54829,143.77441,144.76527
1209,25.554993,25.841621,27.088484,-.052598953,-.69080943,-.69080943,163.97659,144.50232,145.40822
1210,27.55212,27.208122,28.532085,-.05982399,.75279313,.75279313,248.18802,197.02486,196.27827
1211,27.885706,28.826975,30.115311,.12435341,2.3360169,2.3360169,176.00325,79.555367,82.357231
1212,27.528135,27.034836,28.353497,-.057352066,.57420319,.57420319,258.88702,194.69667,193.58066
1213,27.699705,27.27718,28.585474,-.058122635,.80618095,.80618095,254.65082,189.17059,188.8484
1214,27.95307,28.779131,30.061951,-.083908081,2.2826579,2.2826579,231.68385,184.32304,187.25877
1215,27.587362,27.344406,28.615005,-.07522583,.83571291,.83571291,184.20569,164.03044,163.21196
1216,27.438862,27.383656,28.686874,-.069480896,.90758055,.90758055,206.21315,170.30513,170.44122
1217,27.687103,27.564863,28.860163,-.066314697,1.0808696,1.0808696,228.24763,178.117,178.81128
1218,27.91268,28.7041,29.986351,-.084173203,2.2070582,2.2070582,233.69678,189.13332,194.00916
1219,26.312466,25.675453,26.945168,-.060709,-.83412617,-.83412617,153.71689,136.49989,137.49371
1220,26.5912,25.835999,27.110161,-.067089081,-.66913319,-.66913319,149.20882,137.09755,137.13985
1221,26.69281,26.077492,27.344736,-.05569458,-.43455729,-.43455729,150.5166,138.29807,139.01999
1222,26.968695,26.282202,27.526409,-.048765182,-.25288486,-.25288486,155.26256,143.3331,144.21609
1223,27.16106,26.854755,28.129639,-.067111969,.35034561,.35034561,168.10147,147.45938,146.57826
1224,27.190813,27.352493,28.632515,-.066995621,.85322094,.85322094,170.41298,150.17487,148.82585
1225,27.031878,27.015755,28.27553,-.05361557,.49623761,.49623761,151.22589,133.70085,134.32162
1226,27.47521,27.511868,28.798443,-.071258545,1.0191498,1.0191498,190.93416,163.55075,162.4575
1227,27.081816,27.397745,28.802164,-.057275772,1.0228704,1.0228704,188.30302,190.83058,189.4149
1228,27.463978,28.258986,29.666565,-.043497086,1.8872719,1.8872719,202.20102,190.68007,193.08339
1229,27.264549,27.803209,29.213522,-.051395416,1.4342295,1.4342295,177.01459,195.16714,196.26407
1230,27.502525,27.732346,29.136545,-.052062988,1.3572515,1.3572515,193.05289,187.6983,186.43111
1231,27.476862,27.883272,29.295404,-.044649124,1.516112,1.516112,188.42529,197.0237,198.97144
1232,27.111185,26.830936,28.229603,-.054925919,.45030928,.45030928,215.08664,194.00563,192.38393
1233,27.537313,28.279856,29.681595,-.0501194,1.9023018,1.9023018,199.02214,180.98763,180.02496
1234,27.528101,28.314293,29.715879,-.052171707,1.9365858,1.9365858,211.22278,180.56554,179.62204
1235,26.002455,26.468697,27.870668,-.058748245,.091375671,.091375671,196.43221,197.37621,195.61922
1236,27.512455,28.314293,29.715879,-.046150208,1.9365858,1.9365858,202.11824,180.56598,179.62263
1237,27.264917,27.60648,29.012564,-.055416107,1.2332712,1.2332712,169.1476,191.49655,190.11353
1238,27.486979,28.314293,29.715879,-.047309875,1.9365858,1.9365858,205.9697,180.56554,179.62204
1239,27.524439,27.637423,29.043795,-.051897049,1.264501,1.264501,182.01697,191.12666,190.44104
1240,27.517372,28.305422,29.70797,-.04743576,1.9286766,1.9286766,197.13206,182.18777,181.78107
1241,26.44042,26.650972,28.05331,-.057697296,.27401686,.27401686,204.1127,195.88052,194.20888
1242,27.532135,27.584764,28.989656,-.049407959,1.2103628,1.2103628,188.93932,189.54126,188.20152
1243,27.444544,27.941626,29.353086,-.044309616,1.573794,1.573794,194.73137,196.10452,198.14758
1244,27.453905,28.13921,29.548414,-.045244217,1.7691218,1.7691218,197.83942,192.99216,195.35803
1245,27.522997,27.864668,29.276381,-.049747467,1.4970869,1.4970869,182.65417,196.59662,198.34946
1246,27.518816,27.750359,29.154478,-.051795959,1.3751856,1.3751856,196.03409,187.47749,186.22032
1247,27.519047,28.1562,29.560415,-.048322678,1.7811216,1.7811216,194.39835,185.26498,185.10965
1248,27.505898,28.314293,29.715879,-.04804039,1.9365858,1.9365858,204.53296,180.56554,179.62204
1249,27.150269,27.673853,29.044088,-.040195465,1.2647952,1.2647952,251.54193,235.02924,237.34901
1250,26.765049,27.037424,28.426208,-.064094543,.64691466,.64691466,210.46187,221.95538,217.96071
1251,27.477764,27.706781,29.079388,-.038072586,1.3000938,1.3000938,242.94115,231.20601,231.99648
1252,27.561144,28.127031,29.534101,-.062072754,1.754809,1.754809,182.37677,215.76511,211.3819
1253,27.31567,27.796389,29.168217,-.029014587,1.3889241,1.3889241,233.86499,232.34483,234.20309
1254,27.457806,27.279602,28.684137,-.049093246,.90484363,.90484363,174.09946,234.29251,227.8027
1255,27.438383,28.114471,29.522276,-.057762146,1.7429823,1.7429823,171.01532,215.55492,211.33223
1256,27.194056,27.679953,29.050186,-.036390305,1.2708923,1.2708923,246.65572,234.9944,237.35345
1257,27.579603,28.279587,29.677788,-.060380936,1.8984947,1.8984947,193.37959,218.31807,211.98517
1258,27.584661,28.145397,29.551401,-.065755844,1.7721075,1.7721075,179.66333,216.07242,211.4545
1259,27.577442,28.200279,29.599243,-.069320679,1.8199501,1.8199501,185.17969,217.83961,211.75351
1260,27.298697,26.949368,28.352613,-.045593262,.57332116,.57332116,181.42029,241.70415,234.31758
1261,27.652739,28.318325,29.713989,-.0493927,1.9346962,1.9346962,216.05171,220.45726,212.89319
1262,27.062605,27.750944,29.121244,-.029420853,1.3419513,1.3419513,239.08966,234.58862,237.40501
1263,27.01647,26.762327,28.148537,-.056665421,.36924314,.36924314,218.74171,222.86986,219.46829
1264,27.269611,27.646727,29.017763,-.045257568,1.23847,1.23847,253.67128,234.77823,236.82161
1265,27.598534,28.307859,29.704212,-.04983139,1.9249191,1.9249191,211.08754,219.87956,212.64796
1266,27.661152,28.348984,29.742643,-.04570961,1.9633509,1.9633509,215.74496,222.15068,213.612
1267,27.194098,27.518972,28.89349,-.049373627,1.1141959,1.1141959,249.1067,233.54375,234.37654
1268,26.716238,27.027237,28.408405,-.057437897,.62911272,.62911272,236.78355,227.43964,225.83588
1269,26.794495,27.141535,28.52548,-.0501194,.74618691,.74618691,224.55356,220.67209,216.76459
1270,27.50728,26.949368,28.352613,-.047206879,.57332116,.57332116,188.92183,241.70415,234.31758
1271,27.626266,27.851341,29.238482,-.051660538,1.4591891,1.4591891,220.29283,218.35509,213.04515
1272,26.726368,27.175539,28.554661,-.047698975,.77536821,.77536821,237.95638,227.56644,226.43919
1273,27.545044,28.260715,29.660015,-.056892395,1.880722,1.880722,191.75198,218.00229,211.91054
1274,27.526337,27.781696,29.179245,-.046941757,1.3999519,1.3999519,194.9344,230.076,222.00429
1275,27.612543,28.348984,29.742643,-.046678543,1.9633509,1.9633509,209.22623,222.15068,213.612
1276,26.290344,26.899628,28.295626,-.071022034,.51633233,.51633233,201.60701,218.30144,213.64034
1277,27.564491,28.347092,29.740881,-.046499252,1.9615873,1.9615873,199.90665,222.04622,213.56766
1278,25.340885,23.783382,25.196224,-.041282654,-2.5830696,-2.5830696,169.28099,258.69019,253.04501
1279,27.347347,27.328497,28.729143,-.039806366,.94985074,.94985074,191.13234,236.4075,228.70885
1280,27.48597,28.114471,29.522276,-.059820175,1.7429823,1.7429823,174.09105,215.55492,211.33223
1281,27.586832,28.279587,29.677788,-.056699753,1.8984947,1.8984947,204.66278,218.31807,211.98517
1282,27.456209,28.348984,29.742643,-.03553009,1.9633509,1.9633509,199.23871,222.15068,213.612
1283,27.526133,28.348984,29.742643,-.041690826,1.9633509,1.9633509,201.43996,222.15068,213.612
1284,26.479551,26.949368,28.352613,-.040412903,.57332116,.57332116,172.08298,241.70415,234.31758
1285,25.280945,24.91415,26.323568,-.038820267,-1.4557251,-1.4557251,168.0157,252.62341,246.35628
1286,25.557905,25.781824,27.196867,-.044189453,-.58242542,-.58242542,170.30638,238.62746,235.50812
1287,27.577997,28.301262,29.698046,-.051076889,1.9187533,1.9187533,201.54321,219.51529,212.49335
1288,27.478384,28.083784,29.491716,-.053880692,1.7124227,1.7124227,172.88791,215.9796,211.78015
1289,27.546097,28.114471,29.522276,-.059541702,1.7429823,1.7429823,180.42427,215.55492,211.33223
1290,26.130074,27.214373,28.615805,-.034635544,.83651227,.83651227,183.14413,238.00186,230.39716
1291,27.176601,27.806063,29.186956,-.041481018,1.4076639,1.4076639,235.26051,217.98782,213.48007
1292,27.395214,26.141281,27.549459,-.048480988,-.22983329,-.22983329,169.10394,242.97063,237.12444
1293,26.969097,26.994429,28.410984,-.051231384,.63169098,.63169098,166.31749,226.4476,224.93442
1294,27.588936,28.279587,29.677788,-.065120697,1.8984947,1.8984947,193.31358,218.31807,211.98517
1295,27.515791,27.93185,29.338448,-.052650452,1.5591545,1.5591545,184.55708,219.97794,215.12962
1296,27.512558,28.114471,29.522276,-.055793762,1.7429823,1.7429823,181.26955,215.55492,211.33223
1297,27.303289,27.417242,28.787983,-.011651993,1.008689,1.008689,173.28081,230.47588,235.80644
1298,27.150091,27.569939,28.939026,-.0080738068,1.1597333,1.1597333,193.2061,238.92264,246.27634
1299,26.940525,27.393942,28.766115,-.0097923279,.98682195,.98682195,183.3136,236.65257,244.19824
1300,27.007324,27.308895,28.666645,.00022697449,.88735276,.88735276,180.72176,212.98596,219.06802
1301,27.020504,28.084969,29.464222,-.0072288513,1.6849284,1.6849284,243.62846,273.08212,287.78012
1302,27.259212,27.381517,28.742582,-.0055770874,.96328908,.96328908,201.42406,229.58873,236.44794
1303,26.401333,27.347799,28.725637,-.021747589,.9463442,.9463442,173.37926,200.19571,206.98064
1304,27.175129,27.307665,28.66625,-.0058898926,.88695735,.88695735,167.6852,211.54823,217.28705
1305,26.00066,26.904469,28.286194,-.022354126,.50690013,.50690013,178.99921,207.63826,216.84343
1306,27.235514,27.483353,28.845814,-.0086727142,1.0665212,1.0665212,170.61789,213.20274,219.078
1307,25.162573,25.520206,26.917421,-.018075943,-.86187094,-.86187094,236.06364,264.40045,279.35526
1308,27.009539,27.333364,28.691235,-.00091552734,.9119423,.9119423,199.36748,220.63222,227.53531
1309,27.168251,27.450617,28.81579,-.0079555511,1.036497,1.036497,180.00769,217.25572,224.31854
1311,27.105782,26.691008,28.079247,-.010250092,.29995313,.29995313,214.84904,287.11935,305.76071
1312,27.167772,28.457672,29.816656,.00012588501,2.0373626,2.0373626,248.07556,264.81531,276.47205
1313,27.078501,27.372232,28.731792,-.006313324,.95249873,.95249873,185.76193,215.61502,222.45015
1314,25.170815,26.261421,27.640791,-.017009735,-.13850133,-.13850133,202.53435,241.71457,254.09264
1315,27.197443,27.474566,28.848183,-.013439178,1.0688888,1.0688888,170.68149,223.86079,229.9249
1316,27.28154,27.471054,28.835855,-.0083560944,1.0565623,1.0565623,173.74814,216.39679,223.18291
1317,26.515448,26.538742,27.91946,-.011713028,.14016707,.14016707,198.3647,253.22577,266.87109
1318,27.107409,27.287601,28.644583,-.0017776489,.86528987,.86528987,159.75471,215.58499,220.60204
1319,27.235123,27.417242,28.787983,-.011138916,1.008689,1.008689,174.32501,230.47588,235.80644
1320,27.066702,27.134436,28.508747,-.0095443726,.7294547,.7294547,177.37004,232.37199,240.21169
1321,26.966887,27.940943,29.324049,-.010704041,1.5447561,1.5447561,245.46822,285.28516,300.44952
1322,27.158085,28.539032,29.90918,-.0021209717,2.1298857,2.1298857,241.03888,267.65549,280.41229
1323,27.193527,27.361593,28.736704,-.0079441071,.95741099,.95741099,192.63792,248.55235,259.71259
1324,27.362541,27.450617,28.81579,-.0070400238,1.036497,1.036497,173.67189,217.25572,224.31854
1325,27.154379,27.437197,28.804605,-.011890411,1.0253123,1.0253123,180.28705,222.57224,228.93843
1326,27.00474,27.984377,29.364552,-.0056037903,1.585258,1.585258,230.66161,292.10559,308.84912
1327,27.185541,27.614361,28.982162,-.0076274872,1.2028686,1.2028686,191.7352,236.86954,243.41165
1328,25.827255,26.597479,27.984951,-.0131073,.20565765,.20565765,217.8248,277.73053,295.2016
1329,25.983196,26.259155,27.638573,-.013975143,-.1407202,-.1407202,199.23357,242.50078,254.96538
1330,26.925005,26.960569,28.313156,.0045681,.53386259,.53386259,163.03291,223.92795,227.3768
1331,26.858776,27.425697,28.802616,-.027711868,1.0233235,1.0233235,162.52066,197.39841,203.51714
1332,27.054661,27.028563,28.38098,.001373291,.60168666,.60168666,156.29683,224.81172,227.95499
1333,27.022993,27.214094,28.568317,.0012054443,.78902513,.78902513,165.42165,216.93326,221.70302
1334,26.530331,27.355135,28.731052,-.018650055,.95175982,.95175982,172.98611,213.53139,220.24712
1335,26.737198,27.18453,28.538912,.0045528412,.75961894,.75961894,226.62222,241.05106,248.61548
1336,26.025312,26.433426,27.81205,-.01540947,.032756645,.032756645,190.18881,238.9135,250.39899
1337,26.973532,27.47558,28.852297,-.025743484,1.0730036,1.0730036,163.61382,198.05052,204.13789
1338,27.276051,27.433588,28.801601,-.0099964142,1.0223075,1.0223075,174.78207,224.00122,230.18019
1339,26.018806,24.945208,26.339546,.015930176,-1.4397467,-1.4397467,203.33537,274.29303,276.84436
1340,25.551872,24.217022,25.614868,.013195038,-2.1644244,-2.1644244,193.24352,274.06967,275.53351
1341,25.77636,25.202097,26.604898,.019342422,-1.1743938,-1.1743938,184.57773,264.42749,263.59122
1342,24.008577,23.436949,24.826023,.014627457,-2.9532707,-2.9532707,244.8248,270.57349,273.62653
1343,23.345764,22.827465,24.226231,-.0032691956,-3.5530617,-3.5530617,222.93533,276.15533,280.07034
1344,26.789499,26.370619,27.769012,.024520874,-.010281245,-.010281245,181.57567,255.97087,256.84045
1345,27.005646,28.008451,29.410419,-.026920319,1.6311264,1.6311264,186.94109,214.17438,222.95309
1346,25.827604,26.985098,28.383867,-.021068573,.6045742,.6045742,216.39938,232.30403,243.8394
1347,26.716524,26.068718,27.464617,-.02192688,-.31467676,-.31467676,190.22275,248.53853,262.54239
1348,26.891216,28.157755,29.555277,-.02678299,1.7759844,1.7759844,174.84097,205.04614,213.59772
1349,27.654085,28.008451,29.410419,-.028055191,1.6311264,1.6311264,191.23366,214.17438,222.95309
1350,26.932276,28.214563,29.609627,-.02545166,1.8303337,1.8303337,171.4496,202.00121,210.6414
1351,26.758711,27.906057,29.296246,-.026941299,1.516953,1.516953,178.5162,228.67419,240.97495
1352,26.891094,27.684736,29.085693,-.02350235,1.3063995,1.3063995,186.55521,219.90926,229.55997
1353,26.384279,27.678064,29.068962,-.022169113,1.2896682,1.2896682,190.69286,231.13916,243.65126
1354,24.72307,26.003757,27.40613,-.020185471,-.3731637,-.3731637,228.90366,240.3741,252.13091
1355,26.763666,28.008451,29.410419,-.025255203,1.6311264,1.6311264,215.39369,214.17438,222.95309
1356,25.754555,26.095871,27.49169,-.018964767,-.28760257,-.28760257,211.19365,248.23862,262.2157
1357,27.421873,28.008451,29.410419,-.029979706,1.6311264,1.6311264,185.37544,214.17438,222.95309
1358,26.8958,27.996489,29.398418,-.023195267,1.6191254,1.6191254,194.22359,214.38637,223.1973
1359,27.119623,27.194429,28.541058,-.045940399,.761765,.761765,236.50667,217.82442,218.57214
1360,26.876701,27.228712,28.587652,-.029062271,.80835897,.80835897,175.74203,224.32492,226.45909
1361,26.241222,24.618408,25.960623,-.039745331,-1.8186703,-1.8186703,206.4778,227.14928,230.95471
1362,26.984037,27.009998,28.36405,-.044240952,.58475685,.58475685,199.04431,221.62358,222.74736
1363,27.213434,27.802286,29.167454,-.037927628,1.3881611,1.3881611,190.01663,201.8564,199.99896
1364,27.435883,27.228712,28.587652,-.03745842,.80835897,.80835897,175.95598,224.32492,226.45909
1365,27.49461,28.277456,29.628672,-.053636551,1.8493782,1.8493782,236.1729,201.38239,197.53748
1366,27.369825,27.770771,29.118044,-.050008774,1.3387504,1.3387504,243.13568,209.65381,208.3555
1367,26.361889,25.129784,26.472485,-.038299561,-1.306808,-1.306808,203.65143,226.26079,229.79504
1368,27.136892,27.4186,28.767332,-.04655838,.98803949,.98803949,224.69514,213.93037,213.35245
1369,27.165855,26.938305,28.287018,-.038192749,.50772554,.50772554,187.70389,224.78496,227.78493
1370,26.822353,27.022303,28.374901,-.040773392,.59560841,.59560841,203.52336,221.05006,222.09337
1371,26.997166,27.033716,28.386766,-.043197632,.60747337,.60747337,207.31866,220.98462,222.0027
1372,25.840992,25.022198,26.364784,-.041757584,-1.4145083,-1.4145083,214.42967,226.40811,229.98305
1373,27.412182,28.393139,29.734936,-.0658741,1.9556432,1.9556432,291.90363,201.53789,198.11157
1374,27.515108,28.193855,29.533787,-.054700851,1.7544942,1.7544942,259.8804,206.59332,205.9456
1375,26.816065,27.063854,28.411562,-.043176651,.63226891,.63226891,222.04874,219.11327,219.88478
1376,26.082352,27.047096,28.417816,-.0040435791,.63852388,.63852388,225.14755,239.13629,240.24721
1377,26.085463,27.607975,28.998455,.0040473938,1.2191625,1.2191625,299.57419,229.60635,230.00923
1378,25.952869,27.220142,28.587914,.010568619,.80862123,.80862123,266.83505,257.69974,261.47421
1379,25.674368,27.211159,28.59791,.0073261261,.81861687,.81861687,300.3512,237.85445,239.07431
1380,25.631708,27.594738,28.973457,.0046310425,1.1941648,1.1941648,278.35791,244.40965,246.04266
1381,26.113596,27.87628,29.259827,-.0048999786,1.480534,1.480534,251.23299,227.78349,228.80753
1382,26.024242,27.172195,28.545067,.0093536377,.76577443,.76577443,279.26086,262.36911,266.17065
1383,25.612146,27.256187,28.641794,.01313591,.86250114,.86250114,317.87286,242.81789,244.17021
1384,25.328552,27.54948,28.928366,.0074234009,1.1490725,1.1490725,291.37909,245.20613,246.88423
1385,26.212309,27.797964,29.19375,.0037975311,1.4144572,1.4144572,305.13297,224.81157,224.5369
1386,25.613317,26.872066,28.246609,.011919022,.46731648,.46731648,306.78891,267.28003,271.77216
1387,25.42355,27.370188,28.751266,.0097122192,.97197264,.97197264,296.58966,249.92285,251.96884
1388,26.928782,27.792908,29.169815,.0028991699,1.3905224,1.3905224,264.33252,242.81897,244.33861
1389,25.641869,27.324249,28.706141,.012577057,.92684746,.92684746,309.66498,251.03421,253.15399
1390,25.794603,27.244257,28.630928,.0070133209,.85163563,.85163563,296.72543,237.55534,238.76993
1391,25.807764,27.379429,28.755722,.0077476501,.97642946,.97642946,285.92749,252.6283,255.22462
1392,25.43099,26.651495,28.027554,.011510849,.24826002,.24826002,307.06665,265.9267,270.05795
1393,26.267445,27.172695,28.55953,.006696701,.7802372,.7802372,287.79141,238.20209,239.4281
1394,26.013498,27.516729,28.885487,.0062160492,1.1061927,1.1061927,266.38342,258.32712,261.94498
1395,26.537817,27.842371,29.232174,-.0015392303,1.4528813,1.4528813,275.28336,223.51895,224.14867
1396,25.919323,27.047096,28.417816,-.00050926208,.63852388,.63852388,232.31802,239.13629,240.24721
1397,26.390944,27.560183,28.920244,-.0019054413,1.1409512,1.1409512,223.22264,231.70862,233.81383
1398,25.95797,28.239731,29.625643,-.0077953339,1.8463503,1.8463503,257.17398,223.69771,224.64302
1399,26.526133,27.635843,29.013994,.0031032562,1.234701,1.234701,265.55179,244.2547,245.86739
1400,26.414232,28.206673,29.591324,-.000040054321,1.8120308,1.8120308,271.70786,228.46547,229.51759
1401,26.389679,28.269642,29.654036,.0033111572,1.8747419,1.8747419,261.97955,228.28792,229.3389
1402,26.359619,26.686796,28.191101,-.038551331,.41180834,.41180834,133.30205,124.05978,129.38457
1403,26.356594,26.829994,28.320095,-.04110527,.54080218,.54080218,138.03378,126.28045,131.12402
1404,26.280006,25.151026,26.635963,-.052484512,-1.1433297,-1.1433297,166.56335,133.64793,140.01927
1405,26.057068,26.347982,27.84132,-.046373367,.062027454,.062027454,146.66824,130.00282,135.51323
1406,26.901379,26.261314,27.731871,-.061782837,-.047422409,-.047422409,181.94736,126.32632,133.01007
1407,26.021439,26.337837,27.836235,-.040153503,.056941349,.056941349,139.24472,124.64616,129.76871
1408,25.570099,26.17597,27.690397,-.04009819,-.088895798,-.088895798,156.90916,121.95663,127.79317
1409,27.600584,28.686146,30.107616,-.061731339,2.3283234,2.3283234,149.49478,174.00299,180.63496
1410,27.139425,28.400675,29.825163,-.06716156,2.0458691,2.0458691,162.8223,181.62631,189.20781
1411,27.407427,28.237461,29.663675,-.06659317,1.8843828,1.8843828,163.38536,185.98486,194.10927
1412,27.510071,28.237461,29.663675,-.065139771,1.8843828,1.8843828,159.11206,185.98486,194.10927
1413,27.430483,28.596216,30.015295,-.073509216,2.2360013,2.2360013,158.47447,176.81328,184.45357
1414,26.999573,28.396057,29.819117,-.069934845,2.0398242,2.0398242,169.14951,181.93034,189.84073
1415,26.901564,26.999027,28.354982,.022516251,.57568949,.57568949,285.50085,252.10648,255.12241
1416,27.17465,27.82271,29.175766,.01241684,1.3964734,1.3964734,254.77878,224.85364,228.69769
1417,26.025564,26.985983,28.343048,.018283844,.56375456,.56375456,281.72797,248.77792,251.83878
1418,26.93906,27.001526,28.35746,.0216465,.57816774,.57816774,287.59842,252.07964,255.09984
1419,27.131628,27.656464,29.005257,.021957397,1.225963,1.225963,279.44666,245.86768,249.80449
1420,27.415834,28.044937,29.390831,.016551971,1.6115384,1.6115384,252.71574,240.68677,243.68156
1421,27.254396,27.03113,28.387018,.022541046,.60772532,.60772532,292.1528,246.92749,249.98485
1422,26.488304,27.142048,28.499464,.016778946,.72017115,.72017115,270.80606,240.48427,243.7596
1423,26.834667,27.669123,29.019859,.018005371,1.2405657,1.2405657,277.28662,243.95723,248.088
1424,27.061155,27.818989,29.16832,.016460419,1.3890271,1.3890271,266.43762,243.29796,247.71466
1425,26.769396,27.124687,28.482613,.012062073,.70331907,.70331907,252.82961,239.37555,242.6459
1426,27.51297,28.076231,29.422422,.019882202,1.6431292,1.6431292,267.46408,240.48358,243.72539
1427,27.195042,28.144735,29.498323,.027160645,1.7190303,1.7190303,298.21219,67.270058,71.76458
1428,26.80546,26.962774,28.32181,.016216278,.54251689,.54251689,262.97046,242.85542,245.9962
1429,26.471821,27.279333,28.629574,.025756836,.85028028,.85028028,298.16605,211.10825,213.98157
1430,26.755539,27.73102,29.235689,-.051298141,1.4563967,1.4563967,158.04715,119.45255,126.05653
1431,27.261469,27.85545,29.363398,-.039615631,1.5841039,1.5841039,116.55159,115.93981,121.31504
1432,26.960531,28.256159,29.766249,-.049049377,1.986955,1.986955,156.30737,118.9966,125.4759
1433,24.297415,24.784737,26.263472,-.06016922,-1.5158219,-1.5158219,207.13237,124.41856,131.09529
1434,27.295145,28.332781,29.821829,-.055870056,2.0425351,2.0425351,176.98576,117.36879,123.70009
1435,26.010357,26.881916,28.39336,-.042478561,.61406738,.61406738,146.3383,116.14733,121.79176
1436,27.236391,26.213448,27.699621,-.057264328,-.07967186,-.07967186,171.14479,119.67145,126.42374
1437,26.237577,26.690123,28.183603,-.054416656,.40431008,.40431008,167.68874,119.94783,126.63199
1438,24.548861,24.572502,26.073797,-.048053741,-1.7054962,-1.7054962,179.25288,123.6903,129.87173
1439,24.87903,26.275307,27.791788,-.044250488,.012495041,.012495041,183.98247,118.91769,125.12322
1440,27.41769,28.95929,30.462772,-.054309845,2.6834793,2.6834793,172.12523,117.25977,123.48919
1441,25.38055,26.9883,28.499945,-.046079636,.72065115,.72065115,165.47804,118.45623,124.80887
1442,26.534733,26.943436,28.380482,-.013364792,.60118818,.60118818,303.02899,215.67224,219.11855
1443,26.732424,27.901327,29.333761,-.026590347,1.554469,1.554469,262.07907,181.63637,184.59288
1444,26.454933,26.729605,28.166937,-.016427994,.38764396,.38764396,301.29355,213.59685,217.13696
1445,27.02247,27.042673,28.479588,-.010377884,.70029515,.70029515,302.08783,216.63538,220.03816
1446,26.37388,26.779461,28.217781,-.022726059,.43848881,.43848881,289.93121,213.36676,216.94484
1447,26.736883,27.597643,29.052334,-.016399384,1.2730398,1.2730398,289.77469,209.59019,213.79155
1448,27.434454,27.92062,29.392813,-.022361755,1.6135191,1.6135191,262.44125,208.12567,212.54968
1449,26.484205,28.060892,29.507975,-.035203934,1.728681,1.728681,248.73375,182.16379,185.19276
1450,26.750479,28.062702,29.510601,-.028060913,1.731308,1.731308,255.85486,182.54739,185.59521
1451,26.426201,28.053324,29.501364,-.028120041,1.7220713,1.7220713,263.49374,183.09268,186.16376
1452,26.692207,27.807852,29.259476,-.024623871,1.4801826,1.4801826,261.86188,197.36659,201.04654
1453,26.702677,28.080286,29.548182,-.011676788,1.7688891,1.7688891,303.87225,211.66019,215.76198
1454,26.707575,26.836086,28.275547,-.018291473,.49625477,.49625477,292.75739,213.10538,216.72659
1455,26.824018,27.597643,29.052334,-.016487122,1.2730398,1.2730398,292.00732,209.59019,213.79155
1456,26.620247,26.752621,28.190407,-.013435364,.41111326,.41111326,299.29626,213.49573,217.05295
1457,26.741432,28.201015,29.665241,-.011175156,1.8859482,1.8859482,303.87161,215.00403,218.89903
1458,26.241302,26.860601,28.287775,-.01401329,.50848216,.50848216,308.19388,217.93645,221.06158
1459,25.952013,27.310802,28.743141,-.021940231,.96384859,.96384859,287.08749,198.50163,201.69542
1460,26.399235,27.931923,29.367167,-.030118942,1.5878743,1.5878743,264.2496,181.7375,184.70792
1461,25.595154,26.282417,27.761032,-.061437607,-.018260321,-.018260321,207.78429,119.03298,125.59934
1463,25.933882,27.254169,28.774668,-.04467392,.99537534,.99537534,177.74506,122.03875,128.34859
1464,26.493856,26.676313,28.150827,-.064149857,.37153402,.37153402,220.30313,119.79208,126.10087
1465,26.026918,26.520155,27.993725,-.065443039,.21443097,.21443097,218.1011,119.78391,126.09563
1466,25.614952,26.540926,27.986067,-.072309494,.20677359,.20677359,245.17557,125.72504,132.26834
1467,27.797468,29.607141,31.099226,-.058555603,3.3199322,3.3199322,197.0415,119.86843,126.12001
1468,26.384165,26.974716,28.420071,-.071743011,.64077777,.64077777,250.12845,127.27937,133.62935
1469,27.399372,28.954481,30.468487,-.048809052,2.6891937,2.6891937,161.17926,117.60497,123.83526
1470,26.281641,26.581499,28.032234,-.072872162,.25294033,.25294033,224.12541,124.34605,131.1161
1471,27.857332,29.21627,30.716738,-.053228378,2.9374454,2.9374454,183.29845,118.12801,124.35317
1472,24.812061,24.524837,25.988949,-.068799973,-1.7903451,-1.7903451,221.58899,118.68591,125.41268
1473,27.706793,29.145285,30.63553,-.054374695,2.8562367,2.8562367,187.05099,116.85852,123.04501
1474,27.232327,28.03009,29.332178,-.095565796,1.5528846,1.5528846,181.20967,151.81512,157.79335
1475,26.452278,27.737528,29.047295,-.096551895,1.2680006,1.2680006,187.26305,151.73166,157.83081
1476,26.848024,27.281651,28.588367,-.096143723,.80907363,.80907363,192.48247,151.71545,158.21272
1477,26.819082,27.503616,28.829075,-.10030174,1.0497814,1.0497814,191.51364,154.34689,159.53014
1478,26.90085,27.840527,29.167154,-.10235786,1.3878618,1.3878618,160.33017,152.61708,158.8125
1479,26.96666,27.603657,28.926382,-.10240555,1.1470886,1.1470886,193.03075,154.06772,159.48148
1480,26.799276,27.654881,28.97316,-.098182678,1.1938671,1.1938671,187.21161,152.92366,158.62692
1481,26.930719,27.590059,28.908255,-.1003933,1.1289612,1.1289612,191.78777,153.2681,158.94325
1482,27.006001,27.958748,29.284035,-.096757889,1.5047408,1.5047408,154.05342,153.02512,159.30692
1483,26.957247,27.653898,28.973324,-.09948349,1.1940298,1.1940298,190.89677,153.31348,158.84325
1484,27.235134,28.551985,29.85037,-.086969376,2.0710769,2.0710769,168.05193,149.19379,154.91621
1485,26.78124,27.626934,28.941607,-.097139359,1.1623131,1.1623131,179.89432,151.92812,158.09497
1486,26.837816,27.668354,28.988214,-.098119736,1.2089211,1.2089211,182.06708,153.36832,158.86328
1487,26.464256,27.238472,28.545431,-.099115372,.76613808,.76613808,192.43765,151.73779,158.26759
1488,26.886143,27.851795,29.180809,-.099063873,1.4015163,1.4015163,157.60141,152.79907,159.02687
1489,26.645374,27.587629,28.905067,-.1004734,1.1257734,1.1257734,190.66991,153.06213,158.75142
1490,26.885136,27.969427,29.297995,-.10081482,1.5187021,1.5187021,166.6315,153.11252,159.05865
1491,27.279453,27.530712,28.857487,-.10932922,1.0781927,1.0781927,197.28122,142.24272,147.5228
1492,26.552698,27.341705,28.837114,-.0052204132,1.0578221,1.0578221,371.51639,223.37976,227.9415
1493,27.286875,28.726122,30.213966,-.004529953,2.4346733,2.4346733,374.19562,218.40636,222.07877
1494,27.547892,28.815161,30.268646,.0090999603,2.4893525,2.4893525,391.93558,125.04617,128.51825
1495,26.344994,27.763605,29.257408,-.00015258789,1.4781151,1.4781151,399.35895,223.28134,227.44106
1496,27.622091,29.114508,30.586819,.0072231293,2.8075256,2.8075256,412.93719,215.86742,218.99933
1497,27.671083,29.256567,30.725739,.0060958862,2.9464455,2.9464455,400.99533,216.07083,218.88748
1498,27.771278,29.167662,30.637533,.0097236633,2.8582408,2.8582408,413.14279,215.66357,218.75557
1499,26.742477,27.511648,29.006136,-.00274086,1.2268423,1.2268423,385.72876,222.76924,227.2218
1501,26.985014,28.418907,29.907278,-.0067367554,2.1279843,2.1279843,353.63046,215.64644,219.94753
1502,26.736534,28.182564,29.672003,-.0073394775,1.8927091,1.8927091,343.5303,213.72835,218.58986
1503,27.670343,29.180965,30.648661,.010362625,2.8693669,2.8693669,405.47882,215.74539,218.80803
1504,27.274294,28.667953,30.155758,-.0055828094,2.3764648,2.3764648,359.63153,217.84221,221.6181
1505,27.604959,29.219397,30.687757,.0056858063,2.9084651,2.9084651,396.2616,214.83931,217.76752
1506,26.929235,28.261612,29.745955,-.0068340302,1.966662,1.966662,334.70142,213.85071,218.29948
1507,27.647945,29.180965,30.648661,.007566452,2.8693669,2.8693669,399.44159,215.74539,218.80803
1508,27.584177,28.707504,30.156809,.0094146729,2.377516,2.377516,389.48624,98.353989,101.94656
1509,27.097458,28.411015,29.898674,-.0046920776,2.119381,2.119381,348.75769,215.35045,219.5834
1510,27.465015,28.664616,30.150606,.0049781799,2.3713124,2.3713124,414.23727,218.22278,221.59729
1511,27.494537,28.711288,30.188095,-.0028743744,2.408802,2.408802,347.03668,216.56212,219.9299
1512,27.536188,28.743641,30.230232,-.0037231445,2.4509392,2.4509392,356.54807,218.32391,221.92117
1513,27.037624,28.726122,30.213966,-.0052146912,2.4346733,2.4346733,364.75064,218.40636,222.07877
1514,27.257231,28.68343,30.194105,.0081958771,2.4148114,2.4148114,386.53345,203.90674,208.53467
1515,27.540922,28.717651,30.224966,.011491776,2.4456723,2.4456723,426.65005,210.42902,214.99182
1516,27.339037,28.858521,30.363703,.0029582977,2.584409,2.584409,362.51282,194.27373,198.88586
1517,26.971621,28.560665,30.069157,.012775421,2.2898636,2.2898636,425.11218,210.66553,215.35854
1518,26.724079,26.939278,28.440262,.00040435791,.66096926,.66096926,421.36688,224.82877,229.49883
1519,26.372776,26.39699,27.90369,.0013980865,.12439664,.12439664,418.29654,221.59492,226.54861
1520,26.568766,27.262676,28.76062,-.00011253357,.98132735,.98132735,416.76947,226.42142,230.92065
1521,27.081654,28.005972,29.508156,.0056400299,1.7288628,1.7288628,437.61862,215.28679,219.40446
1522,27.399046,29.131128,30.638563,.0075798035,2.8592708,2.8592708,396.04614,199.07971,203.49608
1523,26.563433,27.249929,28.755022,.0036430359,.97572851,.97572851,426.32053,217.69812,222.19943
1524,27.040585,28.620642,30.132006,.006067276,2.3527133,2.3527133,387.05869,204.91727,209.61832
1525,27.293695,28.488008,29.990622,-.0033912659,2.2113292,2.2113292,341.47781,192.89473,197.6873
1526,26.540445,26.389591,27.895065,.00065994263,.11577288,.11577288,418.83835,223.17964,228.13739
1527,26.556458,28.31591,29.825396,.011749268,2.0461018,2.0461018,408.34128,210.34293,215.14717
1528,26.759802,28.564789,30.07596,.010145187,2.2966678,2.2966678,402.57687,205.83719,210.56694
1529,26.807545,27.305206,28.816576,.0061378479,1.0372838,1.0372838,404.29126,209.39354,214.53651
1530,27.300922,28.639351,30.151054,.0055122375,2.3717613,2.3717613,386.564,197.55522,202.14041
1531,27.257828,28.153378,29.662338,.0097846985,1.8830452,1.8830452,422.32596,212.07809,216.8054
1532,26.809118,27.337347,28.842844,.0058307648,1.0635504,1.0635504,424.97787,216.90552,221.35355
1533,27.613895,28.012993,29.421782,-.064781189,1.6424891,1.6424891,170.36475,205.55244,202.25742
1534,25.813776,26.054451,27.456049,-.060724258,-.32324472,-.32324472,197.28586,203.42717,201.22968
1535,27.575127,27.135508,28.535063,-.070396423,.7557705,.7557705,183.39421,214.8757,210.09764
1536,26.43247,26.490156,27.891844,-.063545227,.11255089,.11255089,191.0423,208.72829,205.93292
1537,27.553452,27.681705,29.090462,-.058124542,1.3111687,1.3111687,158.86235,196.18153,194.49199
1538,27.622553,27.923655,29.33272,-.067466736,1.5534261,1.5534261,168.43983,200.00294,197.20338
1539,27.671837,27.720091,29.12871,-.060239792,1.3494161,1.3494161,153.54944,196.50105,194.56494
1540,25.513247,26.441143,27.837975,-.070743561,.058682282,.058682282,204.02786,216.94321,212.87331
1541,27.60939,27.980787,29.389229,-.067466736,1.6099358,1.6099358,174.36147,206.02927,202.66847
1542,27.618542,27.768526,29.175798,-.068296432,1.396506,1.396506,173.09549,202.79663,199.63129
1543,27.656847,27.951588,29.360975,-.065797806,1.5816828,1.5816828,163.00215,199.49989,196.76619
1544,27.648155,27.951588,29.360975,-.067228317,1.5816828,1.5816828,166.39587,199.49989,196.76619
1545,26.336899,27.167999,28.567518,-.071760178,.7882247,.7882247,197.23495,214.97346,210.15125
1546,25.221758,25.912603,27.309622,-.066522598,-.46967062,-.46967062,203.89972,215.33141,212.82545
1547,27.550491,28.114471,29.522276,-.064306259,1.7429823,1.7429823,174.93575,215.55492,211.33223
1548,27.408112,27.135798,28.53577,-.069221497,.75647753,.75647753,179.64456,214.18596,209.52979
1549,27.600063,27.780323,29.188898,-.06354332,1.4096056,1.4096056,160.40802,197.12346,194.87845
1550,27.679373,27.95138,29.360781,-.063295364,1.5814871,1.5814871,158.44179,199.51228,196.78362
1551,27.11268,28.441738,29.768557,-.071487427,1.9892629,1.9892629,166.39525,156.40918,163.56082
1552,27.014172,28.519005,29.841204,-.076835632,2.0619113,2.0619113,161.2952,154.98938,162.15211
1553,27.316135,28.383835,29.653934,-.023765564,1.874642,1.874642,174.8049,77.613861,78.18042
1554,26.982664,28.447269,29.774023,-.075325012,1.9947294,1.9947294,164.64165,154.62022,161.51196
1555,27.141615,28.47197,29.801584,-.078044891,2.0222905,2.0222905,159.46617,154.56465,161.64703
1556,27.275341,28.39941,29.759428,-.060815811,1.980135,1.980135,171.26559,181.84616,182.07265
1557,27.246077,28.09124,29.430944,-.070236206,1.6516514,1.6516514,166.38106,180.49908,182.35921
1558,27.264738,28.390335,29.754456,-.057806015,1.9751631,1.9751631,171.68713,181.72179,181.66408
1559,27.175865,28.027735,29.363617,-.089681625,1.5843233,1.5843233,153.27628,153.33424,160.11507
1560,27.109243,28.479794,29.807611,-.080322266,2.0283177,2.0283177,160.0789,154.50597,161.58687
1561,27.834753,28.926031,30.232241,-.043483734,2.4529483,2.4529483,217.51682,97.493042,100.34334
1562,25.808226,25.267179,26.657875,-.065233231,-1.1214176,-1.1214176,244.29778,217.50078,216.64986
1563,26.06843,26.685329,28.072041,-.066551208,.29274717,.29274717,258.43243,218.54625,218.89563
1564,24.606499,24.72126,26.105629,-.066226959,-1.673665,-1.673665,233.54262,226.53882,225.64085
1565,27.001333,27.356939,28.745163,-.064029694,.96587008,.96587008,265.89502,201.90048,201.72481
1566,25.724854,25.345329,26.729803,-.065719604,-1.0494903,-1.0494903,260.70303,226.29094,227.10698
1567,24.929724,25.034122,26.417713,-.06646347,-1.3615808,-1.3615808,242.87064,227.0473,226.67067
1568,26.488316,27.184862,28.580154,-.057811737,.80086058,.80086058,247.33714,194.21017,192.52626
1569,24.457712,25.771864,27.155109,-.067178726,-.62418336,-.62418336,251.32635,226.91753,228.27345
1570,26.6943,27.422678,28.808491,-.063564301,1.0291977,1.0291977,275.58575,204.48872,204.85265
1571,26.786636,26.688244,28.074953,-.066350937,.29566035,.29566035,265.62198,218.53731,218.88748
1572,25.819265,25.955393,27.348551,-.062740326,-.43074274,-.43074274,245.96971,207.9239,206.70412
1573,27.28908,26.902563,28.289009,-.064447403,.50971556,.50971556,273.88541,214.40433,214.7506
1574,25.980787,26.26207,27.644396,-.065822601,-.13489787,-.13489787,236.92578,227.05531,225.84723
1575,26.3748,27.305815,28.695982,-.060747147,.91668969,.91668969,256.52542,199.82106,199.24336
1576,26.688332,27.389811,28.786924,-.096775055,1.0076319,1.0076319,275.63382,166.29794,171.83771
1577,26.715435,27.197475,28.551531,-.12406731,.77223855,.77223855,222.94199,138.6167,143.55486
1578,27.497864,28.909195,30.335939,-.082517624,2.5566471,2.5566471,239.68185,186.84505,194.78259
1579,27.357441,28.618979,30.049894,-.083946228,2.2706006,2.2706006,258.83267,181.2941,188.51881
1580,26.750925,27.516783,28.906279,-.10499954,1.126985,1.126985,266.48132,158.38158,163.48004
1581,26.944338,27.334803,28.694401,-.11814308,.91510868,.91510868,231.84541,137.89258,142.56215
1582,26.849823,27.697451,29.10857,-.088108063,1.329277,1.329277,267.34375,177.62572,184.65703
1583,26.952221,27.736326,29.104109,-.11536789,1.3248152,1.3248152,239.34717,146.77007,151.86024
1584,27.188009,28.34938,29.779875,-.085914612,2.000581,2.000581,268.2522,178.05766,184.90843
1585,27.037527,26.433264,27.887367,-.075944901,.10807482,.10807482,261.57712,177.12872,184.04485
1586,27.035749,28.144749,29.513525,-.11186028,1.7342325,1.7342325,241.23616,151.97923,157.05408
1587,27.280533,28.240208,29.61294,-.10431099,1.8336462,1.8336462,249.86539,163.2019,168.96793
1588,26.798864,27.888657,29.299143,-.088226318,1.5198504,1.5198504,265.31973,178.67368,185.85507
1589,26.539513,26.88011,28.327503,-.077194214,.54820919,.54820919,273.75317,176.16133,182.86345
1590,27.020405,28.302729,29.737722,-.079809189,1.9584299,1.9584299,267.85547,177.22449,183.94189
1591,27.540136,28.706247,30.135836,-.082681656,2.3565419,2.3565419,253.16904,182.99855,190.4397
1592,26.960094,27.902096,29.313255,-.087480545,1.5339622,1.5339622,266.12347,178.69281,185.8676
1593,27.424541,29.039661,30.4877,-.076673508,2.7084072,2.7084072,245.77954,186.76268,194.99916
1594,26.965878,27.545332,28.936102,-.10075951,1.1568083,1.1568083,261.69452,168.9554,174.7236
1595,26.368675,27.992002,29.426832,-.080469131,1.6475397,1.6475397,283.68494,174.66614,181.10173
1596,26.63656,27.34202,28.755541,-.088914871,.97624713,.97624713,281.41769,170.13435,176.19208
1597,26.72209,26.808813,28.138695,-.13084793,.35940203,.35940203,190.13431,134.65204,139.59158
1598,27.374306,29.026667,30.45624,-.081277847,2.6769459,2.6769459,240.17349,188.24353,196.41191
1599,27.073423,27.666157,29.073677,-.089593887,1.294384,1.294384,274.9075,171.8129,178.04515
1600,27.180763,27.827904,29.173475,-.12784767,1.3941816,1.3941816,205.31123,133.6452,138.25578
1601,27.066877,27.748957,29.090851,-.13018036,1.3115578,1.3115578,198.88116,132.74854,137.39375
1602,26.80891,28.203938,29.577085,-.10987854,1.7977918,1.7977918,252.85616,152.59656,157.79292
1603,26.645422,29.542517,30.990828,-.078367233,3.2115352,3.2115352,307.96301,158.27142,162.44365
1604,27.126722,27.259184,28.664621,-.10110474,.88532764,.88532764,277.31735,157.17978,161.91379
1605,27.106903,28.761389,30.178719,-.098096848,2.3994255,2.3994255,297.62439,153.62195,157.05173
1606,26.883259,28.758993,30.179337,-.095609665,2.4000435,2.4000435,302.10049,153.97495,157.30818
1607,26.56909,28.207581,29.635206,-.092157364,1.8559126,1.8559126,303.96304,157.94118,162.08701
1608,26.481724,28.211622,29.64043,-.083730698,1.8611374,1.8611374,285.91678,167.32146,172.79701
1609,26.523436,28.417353,29.842211,-.096305847,2.0629184,2.0629184,301.2995,156.43231,160.26901
1610,26.035757,27.335218,28.790628,-.076999664,1.011336,1.011336,293.2933,164.96613,170.15747
1611,27.114044,27.646524,29.055109,-.1021843,1.2758166,1.2758166,283.43317,156.40947,160.78163
1612,26.996647,28.294409,29.727991,-.087306976,1.9486986,1.9486986,301.00513,159.16107,163.54965
1614,26.999155,27.212868,28.624144,-.097551346,.8448512,.8448512,287.41357,158.10477,162.81213
1615,26.956514,28.418859,29.822929,-.10076714,2.0436363,2.0436363,289.77213,153.43217,157.20622
1616,27.062628,28.597204,30.031965,-.08142662,2.2526715,2.2526715,288.2431,166.97227,172.3174
1617,27.100574,28.565498,29.968996,-.10261345,2.1897037,2.1897037,286.94247,152.896,156.5537
1618,26.366938,27.870136,29.294168,-.089252472,1.5148748,1.5148748,292.12085,165.0114,170.28065
1619,26.895653,28.192423,29.633806,-.079441071,1.8545138,1.8545138,291.05307,166.32881,171.6246
1620,26.558893,27.86594,29.292795,-.092199326,1.5135027,1.5135027,299.96518,159.14418,163.63123
1621,27.499331,28.788988,30.197193,-.096218109,2.4179008,2.4179008,295.67081,152.4653,156.20847
1622,26.670517,28.344841,29.780716,-.081970215,2.0014229,2.0014229,298.41812,164.75523,169.8421
1623,26.386339,28.598749,30.016424,-.098478317,2.2371304,2.2371304,298.70782,154.30385,157.81909
1624,26.714014,28.758993,30.179337,-.092689514,2.4000435,2.4000435,307.72339,153.97495,157.30818
1625,26.435421,28.443083,29.876652,-.083848953,2.0973587,2.0973587,295.8201,164.97662,170.0838
1626,27.372303,28.791451,30.19866,-.091753006,2.4193661,2.4193661,300.94983,152.34132,156.11815
1627,27.19104,27.570736,29.025385,-.079999924,1.2460924,1.2460924,297.3714,164.31612,169.4068
1628,26.6201,27.654152,29.075958,-.096902847,1.2966652,1.2966652,294.18314,158.8046,163.36281
1629,26.766878,29.256409,30.701166,-.083908081,2.9218724,2.9218724,308.64682,158.44849,162.66696
1630,27.304132,28.648954,30.049862,-.10220909,2.2705688,2.2705688,282.71466,152.66628,156.41487
1631,26.653645,26.888521,28.217413,-.12760735,.43812069,.43812069,188.09505,140.07549,145.24153
1632,27.366468,28.870605,30.253548,-.10997772,2.4742546,2.4742546,255.48198,152.4951,156.55728
1633,26.754488,27.879318,29.286455,-.10619926,1.5071627,1.5071627,277.17007,155.50368,159.69637
1634,27.138247,28.063316,29.453362,-.10911751,1.6740685,1.6740685,267.81683,152.90538,157.26949
1635,26.965773,28.844027,30.22954,-.10914612,2.4502461,2.4502461,264.9014,150.24129,154.16432
1636,27.280237,28.313326,29.685444,-.11762619,1.9061508,1.9061508,233.87733,147.537,152.37477
1637,27.084728,27.412859,28.804005,-.10964584,1.0247116,1.0247116,261.8194,154.69304,159.49617
1638,27.447922,28.951551,30.327032,-.10948944,2.5477383,2.5477383,247.68517,157.74776,162.16115
1639,27.052509,28.663111,30.059671,-.10809898,2.2803776,2.2803776,268.60645,151.90256,155.66423
1640,27.194862,28.121254,29.496151,-.11276245,1.7168579,1.7168579,248.40785,149.29871,154.27249
1641,27.6166,28.951551,30.327032,-.11279488,2.5477383,2.5477383,238.72993,157.74776,162.16115
1642,27.449894,28.85248,30.237196,-.11330795,2.4579022,2.4579022,249.48289,150.82933,154.79094
1643,26.689255,27.74824,29.103914,-.12356567,1.3246218,1.3246218,226.49959,134.00662,138.44574
1644,27.254856,28.389065,29.776659,-.11086082,1.9973665,1.9973665,257.18143,151.7249,155.9147
1645,27.471867,28.951551,30.327032,-.11056519,2.5477383,2.5477383,243.06668,157.74776,162.16115
1646,26.939861,28.069536,29.441397,-.11525726,1.6621042,1.6621042,240.97049,147.88083,152.87852
1647,27.070887,28.405453,29.78723,-.12766266,2.007936,2.007936,210.76482,151.48412,155.86723
9991,27.537836,28.015198,29.554815,-.031547546,1.637956,1.7755226,186.3116,213.26608,209.7114
9992,27.11846,27.610147,29.330442,-.055715561,1.2267766,1.5511484,162.9575,152.87257,153.93291
9993,26.515442,26.398582,30.082062,-.030483246,.14339082,2.3027685,206.33733,158.3732,165.73447
