id_2,predicted_gcp_const_2017_usd,predicted_gcp_current_usd,predicted_gcp_const_2017_ppp,predicted_gcp_current_ppp,pop_cell,h_prov,h_mun
1,0.078243271,0.074302964,0.175154164,0.173652828,29927.55469,1,1
2,0.003843846,0.003650272,0.008604774,0.008531018,1505.699219,1,2
3,0.046450254,0.044111032,0.103982806,0.103091523,18428.14063,1,3
4,0.001079034,0.001024694,0.002415508,0.002394803,422.6755981,1,4
5,0.002092458,0.001987083,0.004684144,0.004643994,817.8455811,1,5
6,0.082994096,0.078814536,0.185789287,0.184196785,35696.17969,1,6
7,0.023488967,0.022306068,0.052582029,0.052131321,8930.604492,1,7
8,0.035764892,0.033963781,0.080062725,0.079376467,13623.76074,1,8
9,0.015502526,0.014721824,0.034703713,0.034406248,5659.440918,1,9
10,0.017253119,0.016384259,0.038622562,0.03829151,6445.006836,1,10
11,0.039613951,0.037619006,0.088679172,0.087919056,19488.56836,1,11
12,0.069056079,0.065578431,0.15458785,0.153262794,28395.41992,1,12
13,0.02494479,0.023688577,0.055841014,0.05536237,9031.889648,1,13
14,0.033927418,0.032218844,0.075949378,0.075298384,15694.7998,1,14
15,0.01001105,0.009506897,0.022410579,0.022218488,3706.486572,1,15
16,0.021148872,0.020083822,0.047343533,0.046937726,9776.261719,1,16
17,0.023875717,0.022673342,0.053447802,0.052989673,9094.870117,1,17
18,0.036452394,0.034616664,0.081601761,0.080902308,13962.29004,1,18
19,0.025988307,0.024679543,0.058177017,0.057678349,12029.89258,1,19
20,0.006297762,0.005980609,0.014098071,0.01397723,2548.647461,1,20
21,0.011796637,0.011202562,0.026407767,0.026181413,5454.12207,1,21
22,0.020890901,0.01983884,0.046766039,0.046365187,7898.496582,1,22
23,0.051894654,0.049281254,0.116170555,0.1151748,26090.69141,1,23
24,0.029890839,0.028385546,0.066913165,0.066339619,11386.18457,1,24
25,0.021153679,0.020088386,0.047354296,0.046948396,8945.385742,1,25
26,0.043245386,0.041067559,0.096808441,0.095978647,17978.69531,1,26
27,0.022964269,0.021807794,0.051407449,0.05096681,10630.07617,1,27
28,0.136212975,0.12935333,0.30492422,0.302310556,76436.53906,2,1
29,0.426764935,0.405273169,0.955349267,0.947160482,231713.4375,2,2
30,0.13410598,0.127352446,0.300207555,0.297634333,74594.07813,2,3
31,0.052175976,0.04954841,0.116800323,0.115799166,26815.08594,2,4
32,0.042259969,0.04013177,0.094602503,0.093791619,23708.92383,2,5
33,0.020231929,0.019213054,0.045290876,0.044902664,11394.44238,2,6
34,0.09795659,0.093023524,0.219284087,0.2174045,53841.16797,2,7
35,0.011541015,0.010959813,0.025835535,0.025614087,6420.695313,2,8
37,0.053226307,0.050545845,0.119151577,0.118130267,30292.25586,2,9
38,0.02315001,0.021984182,0.051823251,0.051379047,12879.21094,2,12
39,0.053694461,0.050990421,0.120199576,0.11916928,30028.97461,2,10
40,0.038406961,0.036472797,0.085977219,0.085240267,21388.94727,2,11
41,0.084750786,0.080482766,0.189721778,0.188095585,45742.55469,3,1
42,0.152136996,0.144475415,0.340571493,0.337652266,80686.10156,3,2
43,0.169267997,0.160743698,0.378920674,0.375672728,93573.23438,3,3
44,0.137072682,0.130169734,0.306848735,0.30421859,75848.46094,3,4
45,0.188043654,0.178573817,0.420951545,0.417343348,97058.78125,3,5
46,0.134736598,0.127951294,0.301619232,0.29903388,75028.6875,3,6
47,0.138732523,0.131745994,0.310564458,0.307902455,76590.13281,3,7
48,0.136564553,0.12968719,0.30571124,0.303090841,75827.6875,3,8
49,0.122423232,0.116258033,0.274054736,0.271705657,67774.35156,3,9
50,0.03176089,0.03016142,0.071099423,0.070489995,15710.57715,3,10
51,0.179451048,0.170413941,0.401716292,0.398272991,96258.71094,3,14
52,0.037496503,0.035608191,0.083939083,0.083219595,20732.60742,3,11
53,0.141377002,0.134257302,0.316484362,0.313771605,72196.57813,3,12
54,0.097000308,0.092115402,0.217143372,0.215282127,52792.21094,3,13
55,0.089549586,0.085039899,0.200464308,0.198746026,52722.87109,4,1
56,0.094416022,0.089661255,0.211358219,0.209546566,56347.10156,4,2
57,0.073281996,0.06959153,0.164047912,0.162641779,44099.20703,4,3
58,0.078695305,0.074732237,0.176166072,0.174656063,45380.87109,4,4
59,0.020042498,0.019033164,0.044866819,0.044482242,10236.70801,4,5
60,0.050379004,0.047841933,0.11277765,0.111810975,26279.17969,4,6
61,0.036565583,0.03472415,0.081855141,0.081153519,22004.2207,4,7
62,0.022439333,0.021309294,0.050232336,0.049801771,13503.40918,4,8
63,0.047460511,0.045070414,0.106244355,0.105333678,26162.83789,4,9
64,0.099390663,0.094385378,0.222494379,0.220587268,58789.83984,4,10
65,0.057337418,0.054449923,0.128354639,0.127254456,34310.10547,4,11
66,0.017824922,0.016927265,0.03990259,0.039560564,9102.226563,4,12
67,0.120831683,0.11474663,0.270491898,0.268173367,71644.07813,4,13
68,0.037135035,0.035264924,0.083129905,0.082417354,18863.84375,4,14
69,0.050692368,0.048139513,0.113479137,0.112506449,30505.35352,4,15
70,0.025389951,0.024111321,0.056837548,0.056350362,15279.01563,4,16
71,0.029365238,0.027886413,0.065736562,0.065173097,15857.52148,4,17
72,0.108308636,0.102854244,0.242458001,0.240379781,75140.3125,5,1
74,0.128649071,0.122170337,0.287991762,0.285523266,80705.80469,5,2
75,0.127817214,0.121380381,0.286129624,0.283677071,80179.1875,5,3
76,0.162623465,0.154433787,0.364046335,0.360925913,102753.2813,5,4
77,0.077201948,0.073314078,0.172823057,0.171341702,48430.07031,5,5
78,0.109148458,0.103651769,0.244338021,0.242243662,70607.8125,5,6
79,0.177166522,0.168244466,0.396602184,0.393202722,106203.4219,5,7
80,0.171353012,0.16272372,0.383588135,0.380300224,111257.7344,5,8
81,0.045295458,0.043014392,0.101397701,0.100528568,30737.93359,5,9
82,0.104634613,0.099365249,0.234233409,0.232225671,70629.40625,5,10
83,0.044540446,0.042297401,0.099707544,0.098852895,30707.17969,5,11
84,0.12179555,0.115661964,0.272649616,0.270312577,77938.82031,5,12
85,0.065200277,0.06191681,0.145956323,0.144705251,41433.02344,5,13
86,0.158077344,0.150116608,0.353869438,0.350836247,100002.9453,5,14
87,0.098295242,0.093345121,0.220042169,0.218156084,65813.25781,5,15
88,0.048749074,0.046294086,0.109128915,0.108193517,32720.01367,5,16
89,0.087967686,0.083537653,0.196923077,0.195235148,59379.0625,5,17
90,0.116499655,0.110632762,0.260794282,0.258558899,78882.80469,5,18
91,0.038848329,0.036891937,0.086965255,0.086219832,21134.36719,6,1
92,0.034018859,0.03230568,0.076154083,0.07550133,19891.31836,6,2
93,0.037401732,0.035518192,0.083726935,0.083009265,20058.40625,6,3
94,0.04739245,0.04500578,0.106091991,0.105182625,27453.875,6,4
95,0.002647368,0.002514047,0.005926356,0.005875558,1347.337422,6,5
96,0.030316073,0.028789364,0.067865081,0.067283377,17867.61719,6,6
97,0.087352917,0.082953848,0.195546865,0.193870723,48122.96094,6,8
98,0.043203555,0.041027837,0.096714802,0.095885813,25048.28711,6,9
99,0.02382631,0.022626424,0.053337203,0.052880024,12126.0363,6,10
100,0.052918799,0.050253823,0.118463188,0.117447786,27980.73047,6,11
101,0.072916992,0.069244906,0.163230821,0.161831692,40462.3125,6,12
102,0.059085291,0.056109775,0.132267401,0.131133676,31516.63281,6,13
103,0.146478966,0.139102325,0.327905506,0.325094879,80959.60156,6,14
104,0.024145421,0.022929464,0.054051559,0.053588256,13718.08301,6,15
105,0.116604552,0.110732377,0.261029124,0.258791715,64668.41016,6,16
106,0.014553795,0.01382087,0.032579895,0.032300636,8602.757813,6,17
107,0.082120173,0.077984624,0.183832929,0.18225719,45292.71094,6,7
108,0.083179243,0.078990355,0.186203733,0.1846077,46741.36719,6,18
109,0.044963378,0.042699035,0.100654311,0.099791557,20269.18945,81,1
110,0.073862985,0.07014326,0.165348515,0.163931221,31324.04102,81,2
111,0.043506972,0.041315977,0.097394027,0.096559212,17769.17969,81,3
112,0.052674409,0.050021742,0.1179161,0.116905384,21471.33398,81,4
113,0.066035025,0.062709525,0.147824973,0.146557897,30856.70313,81,5
114,0.035154566,0.033384193,0.07869646,0.078021906,14194.57227,81,6
115,0.010652665,0.0101162,0.023846889,0.023642484,5201.864746,81,7
116,0.035328504,0.033549372,0.079085834,0.078407951,13360.89844,77,1
117,0.08197587,0.077847593,0.183509901,0.181936935,32319.48242,77,2
118,0.058497146,0.055551246,0.130950794,0.129828349,23358.83008,77,3
119,0.024598973,0.023360176,0.055066876,0.054594867,9074.733398,77,4
120,0.052965276,0.050297961,0.118567236,0.117550932,19385.89063,77,5
121,0.096291363,0.09144216,0.215556338,0.213708684,36539.24609,77,6
122,0.051506922,0.048913047,0.115302585,0.114314266,20165.36914,77,7
123,0.075281031,0.0714899,0.168522939,0.167078435,28185.08008,77,8
124,0.012561188,0.011928611,0.028119277,0.027878253,9636.854492,7,8
125,0.029929083,0.028421862,0.066998772,0.066424496,23201.63672,7,9
126,0.012958947,0.012306337,0.029009694,0.028761037,9100.661133,7,10
127,0.095842995,0.091016367,0.214552626,0.212713584,67009.8125,7,1
128,0.098393507,0.093438439,0.22026217,0.218374178,75298.39844,7,2
129,0.066499613,0.063150711,0.148864985,0.147588998,43691.93359,7,3
130,0.025034759,0.023774017,0.056042422,0.055562053,16677.48242,7,4
131,0.127579004,0.121154167,0.285596341,0.283148348,96151.95313,7,5
132,0.012958947,0.012306337,0.029009694,0.028761037,9100.661133,7,6
133,0.012958947,0.012306337,0.029009694,0.028761037,9100.661133,7,7
134,0.022914313,0.021760354,0.051295619,0.050855938,17940.92969,7,11
135,0.122535132,0.116364293,0.274305224,0.271954,43835.33984,8,1
136,0.086881705,0.082506366,0.194492012,0.19282493,31829.44336,8,2
137,0.143660337,0.136425644,0.321595758,0.318839192,51373.63672,8,3
138,0.182908863,0.173697621,0.409456909,0.405947238,65189.90234,8,4
139,0.279636651,0.265554219,0.625990212,0.620624542,98680.70313,8,5
140,0.266465753,0.253046602,0.596506,0.591393054,94864.09375,8,6
141,0.245162159,0.232815862,0.548816144,0.544111967,74828.07031,8,7
142,0.203431055,0.193186328,0.455397546,0.451494128,73334.70313,8,8
143,0.108312823,0.102858223,0.242467389,0.240389079,37897.17578,8,9
144,0.213663742,0.202903688,0.478304297,0.474204481,76062.94531,8,10
145,0.103000835,0.09781374,0.230576053,0.228599668,36736.98438,8,11
146,0.084533431,0.080276355,0.18923521,0.187613189,29418.30859,8,12
147,0.00318521,0.003024803,0.00713036,0.007069243,1509.306763,9,1
148,0.013592427,0.012907916,0.030427791,0.03016698,5247,9,2
149,0.001721261,0.001634578,0.003853187,0.003820159,817.8320923,9,3
150,0.001398005,0.001327601,0.003129551,0.003102726,664.2416992,9,4
151,0.005246034,0.004981846,0.01174369,0.011643029,2492.577393,9,5
152,0.002534102,0.002406486,0.005672802,0.005624177,1204.042114,9,6
153,0.101217382,0.096120104,0.22658363,0.224641472,29610.01367,10,1
154,0.099812232,0.09478572,0.223438099,0.221522897,30437.05664,10,2
155,0.252959847,0.240220875,0.566271961,0.561418176,85151.17969,10,3
156,0.136230767,0.129370227,0.304964066,0.302350074,42976.39844,10,4
157,0.731528163,0.694688618,1.637587428,1.623550892,223711.7031,10,5
158,0.151319027,0.143698633,0.338740379,0.335836858,44709.66016,10,6
159,0.272682846,0.258950621,0.610423505,0.605191231,79732.30469,10,7
160,0.325746804,0.309342295,0.729211688,0.722961247,115572.8906,10,8
161,0.108425952,0.102965645,0.242720619,0.240640149,33296.07422,10,9
162,0.268916637,0.255374074,0.601992548,0.596832573,82580.5,10,10
163,0.073687769,0.069976874,0.164956287,0.16354236,21410.98242,10,11
164,0.206421971,0.196026623,0.462092996,0.458132148,60382.02344,10,12
165,0.216186583,0.205299497,0.483951896,0.479803711,80281.01563,10,13
166,0.790222287,0.750426888,1.768979192,1.753816366,243581.3281,10,14
167,0.208595008,0.198090225,0.46695751,0.462954968,65952.01563,10,15
168,0.037783815,0.035881032,0.084582252,0.083857258,11798.3449,10,16
169,0.257090658,0.24414365,0.575519085,0.570586026,81358.78906,10,17
170,0.071266651,0.067677684,0.159536406,0.158168942,21943.25977,10,18
171,0.398560077,0.37848869,0.892210305,0.884562731,154490.9063,10,19
172,0.12154524,0.115424253,0.272089243,0.269757032,38158.09766,10,20
173,0.412369281,0.391602486,0.923123419,0.915210843,132832.8594,10,21
174,0.236185163,0.224290952,0.528720379,0.524188459,72529.125,10,22
175,0.207051396,0.196624339,0.46350199,0.459529072,72542.15625,10,23
176,0.119663328,0.113637112,0.267876446,0.265580326,35023.60547,10,24
177,0.053685077,0.05098151,0.120178565,0.119148456,16165.77832,10,25
178,0.138660356,0.131677464,0.3104029,0.307742268,42567.37891,10,26
179,0.0353738,0.033592384,0.079187229,0.078508474,10353.36426,10,27
180,0.642904222,0.610527754,1.439195275,1.42685926,203274.5781,10,28
182,0.083885118,0.079660691,0.187783912,0.186174318,24551.87695,10,29
183,0.244949177,0.232613608,0.548339367,0.543639243,77118.34375,10,30
184,0.800455868,0.760145128,1.791887879,1.776528716,253363.9375,10,31
185,0.247044832,0.234603718,0.55303067,0.548290372,76540.02344,10,32
186,0.004198202,0.003986782,0.009398028,0.009317473,1310.927266,10,33
187,0.152064502,0.144406587,0.340409219,0.337491393,54724.40234,10,34
188,0.024609907,0.02337056,0.055091351,0.054619133,10546.44629,11,1
189,0.123046026,0.11684946,0.275448889,0.273087889,43390.1875,11,2
190,0.037773259,0.035871007,0.084558621,0.083833829,15724.64648,11,3
191,0.144850999,0.137556344,0.324261159,0.321481764,55903.46484,11,4
192,0.041125394,0.03905433,0.09206266,0.091273539,16708.68555,11,5
193,0.627778113,0.596163392,1.405334234,1.393288374,236623.3906,11,6
194,0.03020028,0.028679403,0.067605868,0.067026384,12968.95801,11,7
195,0.022851396,0.021700606,0.051154777,0.050716303,9792.910156,11,8
196,0.029661633,0.028167881,0.066400066,0.065830916,12702.33984,11,9
197,0.130663171,0.124083012,0.292500526,0.289993346,46221.14063,11,10
198,0.041730434,0.039628901,0.093417093,0.092616372,16263.88379,11,11
199,0.097791106,0.092866376,0.218913645,0.217037216,40226.76172,11,12
200,0.578343272,0.549218059,1.294670105,1.283572793,216106.2188,11,13
201,0.049142856,0.046668034,0.110010423,0.10906747,17879.77148,11,14
202,0.026201651,0.024882143,0.058654603,0.058151845,11921.49414,78,1
203,0.032595102,0.03095362,0.072966881,0.072341442,16679.36328,78,2
204,0.036661759,0.034815483,0.08207044,0.081366971,22454.57813,78,3
205,0.040335629,0.038304336,0.090294704,0.089520745,23931.0332,78,4
206,0.043731872,0.041529547,0.097897477,0.097058348,23795.81055,78,5
207,0.016986322,0.016130895,0.038025314,0.037699379,7728.667178,78,6
208,0.001887369,0.001792322,0.004225035,0.00418882,858.7408331,78,7
209,0.040150311,0.038128354,0.089879856,0.089109451,18267.99609,78,8
210,0.052510276,0.049865875,0.117548682,0.11654111,24052.41016,12,1
211,0.083725862,0.079509452,0.187427402,0.185820863,38224.10547,12,2
212,0.033310696,0.03163318,0.074568801,0.07392963,15554.39063,12,3
213,0.032986082,0.031324912,0.073842123,0.073209181,14778.97754,12,4
214,0.058198985,0.055268101,0.130283326,0.129166603,26658.13281,12,5
215,0.126332343,0.119970277,0.282805592,0.280381501,56740.92578,12,6
216,0.070655823,0.067097612,0.158169001,0.156813264,30849.04688,12,7
217,0.027601933,0.026211908,0.061789252,0.061259624,12328.62988,12,48
218,0.082244411,0.078102604,0.184111044,0.182532936,35400.40234,12,8
219,0.070278183,0.066738993,0.157323644,0.155975133,30554.81641,12,9
220,0.03697446,0.035112437,0.082770444,0.082060978,16517.0625,12,10
221,0.064870968,0.061604086,0.145219132,0.143974379,29951.46484,12,11
222,0.171412528,0.16278024,0.383721381,0.380432308,75097.07031,12,12
223,0.063178398,0.059996754,0.141430169,0.1402179,27695.64648,12,13
224,0.042029154,0.039912578,0.094085805,0.093279347,18368.07617,12,14
225,0.081951179,0.077824146,0.183454618,0.181882143,37537.85938,12,15
226,0.062271871,0.059135877,0.139400825,0.13820596,28523.6875,12,16
227,0.053002391,0.050333206,0.118650317,0.117633305,24072.75977,12,17
228,0.112259969,0.106606588,0.251303405,0.249149352,49339.70703,12,18
229,0.084364913,0.080116317,0.188857958,0.18723917,38643.47266,12,19
230,0.029585227,0.028095324,0.066229023,0.065661341,12662.69336,12,20
231,0.042409606,0.040273871,0.094937474,0.094123721,18373.4375,12,21
232,0.046416208,0.0440787,0.103906594,0.103015959,18803.60352,12,22
233,0.067023054,0.063647792,0.150036752,0.148750708,30516.42773,12,23
234,0.072690994,0.0690303,0.162724912,0.161330119,31675.52734,12,24
235,0.050476156,0.047934189,0.112995125,0.112026587,20638.16602,12,25
236,0.053711187,0.051006306,0.120237015,0.119206406,23343.05469,12,26
237,0.017129889,0.016267233,0.0383467,0.038018011,7331.717773,12,27
238,0.02839596,0.026965948,0.063566752,0.063021883,12698.04297,12,28
239,0.035232775,0.03345846,0.078871533,0.078195482,15240.71289,12,29
240,0.050762385,0.048206005,0.113635875,0.112661846,22719.64063,12,30
241,0.056158043,0.053329941,0.125714511,0.124636948,26173.86719,12,31
242,0.062971286,0.059800074,0.140966535,0.139758244,28663.23242,12,32
243,0.102158517,0.097013839,0.228690445,0.226730227,45850.40234,12,33
244,0.085906744,0.081580505,0.192309484,0.190661103,39219.76172,12,34
245,0.020308122,0.019285411,0.045461444,0.045071769,9107.650136,12,35
246,0.074935317,0.071161591,0.167749017,0.16631116,32743.22852,12,36
247,0.033172447,0.031501889,0.074259318,0.0736228,14818.64355,12,37
248,0.097513035,0.092602305,0.218291134,0.216420054,44099.26563,12,38
249,0.03892646,0.036966134,0.087140165,0.086393237,16709.82227,12,39
250,0.059078183,0.056103025,0.132251486,0.131117895,26776.74414,12,40
251,0.043580815,0.041386098,0.097559325,0.096723095,19949.79102,12,41
252,0.060393546,0.057352144,0.135196045,0.134037212,27663.35352,12,42
253,0.126059905,0.119711563,0.282195717,0.279776871,56038.90234,12,43
254,0.133615464,0.126886636,0.299109489,0.296545655,59670.20313,12,44
255,0.03490112,0.033143509,0.078129098,0.077459417,15560.19531,12,45
256,0.182773094,0.173568691,0.409152977,0.405645908,81968.84783,12,46
257,0.051261045,0.048679553,0.114752173,0.11376857,21937.66602,12,47
258,0.477721155,0.45366326,1.069419026,1.060252547,189343.7188,13,1
259,0.039186552,0.037213128,0.087722398,0.086970486,15853.69922,13,22
260,0.044019118,0.041802328,0.098540507,0.097695865,23212.92773,13,2
261,0.035538018,0.033748332,0.079554848,0.078872941,14713.75879,13,3
262,0.086613916,0.082252063,0.193892539,0.192230597,35242.46875,13,4
263,0.08321102,0.079020537,0.186274886,0.184678227,33292.41016,13,5
264,0.066972159,0.06359946,0.149922833,0.148637757,28837.79102,13,6
265,0.059263069,0.056278598,0.132665366,0.131528229,27745.4082,13,7
266,0.095527783,0.090717033,0.213846996,0.212014005,40580.58203,13,8
267,0.094546147,0.089784831,0.211649507,0.209835351,39382.95313,13,9
268,0.115287088,0.109481268,0.258079857,0.25586772,46922.53125,13,10
269,0.412891239,0.392098159,0.924291849,0.916369259,164554.8906,13,11
270,0.339872241,0.32275638,0.760832667,0.754311144,136521.9063,13,12
271,0.206220537,0.195835337,0.461642057,0.457685083,81852.6875,13,13
272,0.23303771,0.221302003,0.521674573,0.517203033,96052.15625,13,14
273,0.127139702,0.120736979,0.284612924,0.282173365,51651.4375,13,15
274,0.118377164,0.112415724,0.264997244,0.26272583,49569.77344,13,16
275,0.322398454,0.306162566,0.721716106,0.715529919,132470.5938,13,17
276,0.063787609,0.060575284,0.142793939,0.141569987,27676.65234,13,18
277,0.140781656,0.133691937,0.315151602,0.31245029,58149.85547,13,19
278,0.386958569,0.367471427,0.866239369,0.858814359,161657.125,13,20
279,0.390702903,0.371027231,0.874621391,0.867124557,156550.5469,13,21
280,0.303738266,0.288442105,0.67994374,0.674115598,77899.79688,14,1
281,0.143508628,0.136281565,0.321256161,0.318502486,49791.48828,14,2
282,0.357036471,0.339056224,0.799256265,0.792405427,123887.3828,14,3
283,0.155506909,0.147675619,0.348115325,0.345131427,53954.39063,14,4
284,2.967143059,2.817718506,6.642199993,6.585266113,541305.3125,14,5
285,0.322301358,0.306070358,0.721498787,0.715314448,111825.0859,14,6
286,0.316440761,0.300504893,0.708379328,0.702307463,109732.75,14,7
287,1.10345757,1.047887683,2.470182657,2.449009418,280587.9063,14,24
288,0.152343646,0.144671664,0.341034085,0.338110924,52856.87109,14,8
289,0.433155149,0.411341578,0.969654262,0.961342871,149536.4688,14,9
290,0.474881291,0.450966418,1.063061833,1.053949714,164763.9375,14,10
291,0.788528442,0.748818398,1.765187383,1.750057101,153000.5156,14,11
292,3.456944942,3.28285408,7.73866272,7.672330379,559426.5,14,12
293,0.997890055,0.947636604,2.23386097,2.214713335,233977.4844,14,13
294,3.736167431,3.548015118,8.363725662,8.292036057,587479.875,14,14
295,0.305131853,0.289765507,0.683063328,0.677208483,103777.3047,14,15
296,0.296179742,0.281264216,0.663023293,0.657340169,102761.9688,14,16
297,0.292523324,0.277791917,0.654838085,0.649225175,101493.3516,14,17
298,0.277558595,0.263580829,0.621338308,0.616012514,96301.21875,14,18
299,0.092152029,0.087511286,0.206290096,0.20452188,31392.41602,14,19
300,0.636391044,0.60434258,1.424615026,1.412403941,148960.6875,14,20
301,0.179309651,0.170279667,0.401399761,0.397959173,63419.72266,14,21
302,0.570358396,0.541635275,1.276795268,1.265851259,172820.0156,14,22
303,0.572035789,0.543228269,1.280550361,1.269574165,169902.6563,14,23
304,0.027439062,0.02605724,0.061424654,0.060898151,13398.92773,15,1
305,0.11938262,0.113370545,0.267248064,0.264957339,62611.72266,15,2
306,0.082100973,0.077966392,0.183789954,0.182214588,37132.80469,15,3
307,0.123786516,0.11755266,0.277106553,0.274731338,65794.09375,15,4
308,0.084764615,0.080495894,0.189752743,0.188126266,42570.35547,15,5
309,0.129533097,0.123009846,0.289970756,0.287485272,73162.53125,15,6
310,0.047537722,0.045143735,0.106417194,0.105505034,23712.88086,15,7
311,0.039024711,0.037059437,0.087360099,0.086611293,21533.23242,15,8
312,0.009836881,0.009341499,0.022020688,0.021831937,4245,15,9
313,0.036721293,0.034872018,0.082203709,0.0814991,18176.77734,15,10
314,0.043617722,0.041421149,0.097641952,0.096805014,21460.08789,15,11
315,0.140909582,0.133813426,0.315438002,0.312734216,80005.83594,15,12
316,0.085027061,0.080745123,0.190340236,0.188708737,39064.67188,15,13
317,0.044163648,0.041939579,0.098864049,0.098016635,24746.16992,15,14
318,0.050633665,0.048083767,0.113347724,0.112376168,27848.61523,15,15
319,0.100102581,0.095061444,0.224088058,0.222167283,43495.86719,15,16
320,0.060831886,0.057768408,0.136177301,0.135010049,26520.47656,15,17
321,0.04705333,0.044683736,0.105332844,0.104429983,23343.71094,15,18
322,0.219839975,0.208768904,0.492130309,0.487912029,121761.9375,15,19
323,0.09360832,0.088894226,0.209550112,0.207753941,50537.02344,15,20
324,0.023964021,0.022757201,0.05364548,0.053185657,10816.77246,15,21
325,0.040721741,0.038671006,0.091159053,0.090377681,20124.2168,15,22
326,0.03629905,0.034471039,0.081258476,0.080561973,20438.74414,15,23
327,0.016808499,0.015962029,0.037627243,0.037304722,7998.037109,15,24
328,0.010789759,0.01024639,0.024153784,0.023946749,5626.115723,15,25
329,0.180263162,0.171185166,0.403534263,0.400075376,92207.07813,15,26
330,0.224401966,0.213101149,0.502342701,0.498036891,127303.4609,15,27
331,0.096335404,0.09148398,0.215654925,0.213806435,52721.59375,15,28
332,0.07608933,0.072257496,0.170332387,0.168872371,42767.44922,15,29
333,0.133567035,0.126840636,0.299001068,0.296438158,97523.78125,16,1
334,0.063654155,0.06044855,0.142495185,0.141273782,40275.87891,16,2
335,0.029803291,0.028302405,0.066717178,0.066145308,22602.87305,16,3
336,0.060566444,0.057516336,0.135583088,0.134420931,37456.19141,16,5
337,0.234931797,0.223100692,0.525914609,0.52140671,155873.6094,16,6
338,0.051838215,0.049227659,0.116044216,0.115049541,37648.33594,16,7
339,0.088275537,0.083830006,0.197612226,0.195918396,61783.57422,16,8
340,0.059131503,0.056153655,0.132370844,0.131236225,43433.88672,16,4
341,0.033315256,0.031637508,0.074579008,0.073939748,25268.02734,16,9
342,0.070462659,0.066914178,0.157736599,0.156384557,30527.95313,16,10
343,0.026696941,0.025352491,0.05976335,0.059251089,20248.35156,16,11
344,0.042067837,0.039949313,0.094172396,0.0933652,31658.41992,16,12
345,0.10035038,0.095296763,0.224642783,0.222717255,59478.64063,17,1
346,0.047492534,0.045100827,0.106316045,0.105404757,28861.7207,17,2
348,0.088091612,0.083655342,0.197200492,0.195510194,51717.52344,17,3
349,0.055495422,0.052700687,0.124231175,0.12316633,40935.41016,17,4
351,0.16951707,0.16098024,0.379478246,0.376225531,108006.6953,17,5
352,0.121766657,0.115634523,0.272584915,0.270248473,74359.75781,17,6
353,0.041499317,0.039409421,0.092899717,0.092103422,30924.28906,17,7
354,0.122403644,0.116239429,0.274010867,0.271662176,86126.91406,17,8
355,0.014383508,0.013659159,0.032198694,0.031922702,10714.30566,17,9
356,0.058525544,0.055578217,0.131014362,0.129891366,43595.80469,17,10
357,0.04945967,0.046968892,0.110719636,0.109770603,30985.82422,17,11
358,0.121179439,0.115076877,0.271270394,0.268945187,62533.30078,17,12
359,0.019933967,0.018930098,0.044623867,0.044241372,14848.85449,17,13
360,0.024141679,0.022925911,0.054043185,0.053579953,15400.72363,17,14
361,0.079467475,0.075465515,0.177894637,0.176369816,50560.55859,17,15
362,0.13037765,0.123811863,0.291861355,0.289359659,77044.88281,17,16
363,0.084037945,0.079805814,0.188126013,0.186513498,56295.17578,17,17
364,0.276808232,0.262868255,0.619658589,0.61434716,194039.5313,17,18
365,0.069200009,0.065715119,0.154910058,0.153582245,44574.67578,17,19
366,0.059442334,0.056448836,0.133066669,0.13192609,44271.60547,17,20
367,0.05483859,0.052076936,0.12276081,0.121708564,40849.38281,17,21
368,0.164811999,0.156512111,0.368945539,0.365783125,121342.5938,17,22
369,0.112546347,0.106878541,0.251944482,0.249784932,66072.76563,17,23
370,0.075534739,0.07173083,0.169090882,0.167641506,54003.00781,17,24
371,0.056851342,0.053988323,0.127266511,0.126175657,35581.625,17,25
372,0.127937227,0.121494338,0.286398262,0.283943385,95300.71094,17,26
373,0.122571267,0.11639861,0.274386108,0.272034198,87058.24219,17,27
374,0.0717825,0.068167552,0.160691172,0.159313813,47713.65234,17,28
375,0.047960855,0.045545563,0.107364416,0.106444143,31691.00195,17,29
376,0.106633797,0.101263754,0.238708749,0.236662656,60592.26953,17,30
377,0.059822392,0.056809753,0.133917466,0.132769585,40569.01563,17,31
378,0.077556118,0.073650412,0.173615903,0.172127753,57323.84766,17,32
379,0.028065598,0.026652221,0.062827207,0.062288679,19561.60156,17,33
380,0.067862451,0.064444914,0.151915804,0.150613666,43951.26563,17,34
381,0.030091278,0.02857589,0.067361861,0.066784471,21315.75391,17,35
382,0.039015688,0.037050869,0.0873399,0.086591266,25287.5625,17,36
383,0.060079228,0.057053655,0.134492412,0.133339614,40198.53516,17,37
384,0.059180684,0.056200363,0.132480949,0.131345391,24462.16602,18,1
385,0.025522649,0.024237335,0.057134598,0.056644868,10162.63184,18,2
386,0.024285452,0.023062443,0.054365031,0.053899042,9714.969727,18,3
387,0.058398236,0.055457316,0.130729362,0.129608825,24083.98047,18,4
388,0.028646708,0.027204067,0.064128071,0.063578397,11789.99609,18,5
389,0.069120325,0.065639444,0.154731676,0.153405398,41417.40625,19,1
390,0.048274007,0.045842942,0.108065434,0.107139148,29631.05859,19,2
391,0.069550842,0.066048279,0.155695423,0.154360875,42732.54688,19,3
392,0.138067588,0.131114542,0.309075952,0.306426704,82378.73438,19,4
393,0.046626095,0.044278018,0.104376443,0.103481777,25980.22852,19,5
394,0.171995237,0.16333361,0.385025829,0.38172558,99079.86719,19,6
395,0.109840095,0.104308583,0.245886311,0.243778706,63945.82422,19,7
396,0.073876396,0.070156001,0.165378541,0.163960993,45385.91797,19,8
397,0.146716446,0.139327854,0.32843712,0.325621933,78356.21875,19,9
398,0.053209767,0.050530139,0.119114548,0.118093558,31371.06836,19,10
399,0.05205217,0.04943084,0.116523169,0.115524389,26883.14063,19,11
400,0.048458681,0.046018314,0.108478837,0.107549012,28165.29492,19,12
401,0.041758616,0.039655663,0.093480177,0.092678912,24104.11914,19,13
402,0.100717269,0.095645174,0.225464091,0.223531514,54573.82422,19,14
403,0.051952418,0.049336109,0.116299868,0.115303002,30370.82031,19,15
404,0.074332543,0.070589177,0.166399673,0.164973378,45666.15234,19,16
405,0.169471264,0.160936743,0.379375726,0.376123905,99573.09375,19,17
406,0.012801399,0.012156724,0.02865701,0.028411377,8579.344727,20,1
407,0.019425301,0.018447047,0.043485172,0.043112438,13032.17676,20,2
408,0.011846501,0.011249916,0.026519394,0.026292082,7947.661133,20,3
409,0.038487963,0.036549721,0.086158551,0.085420042,23775.11914,20,4
410,0.027299665,0.025924861,0.061112601,0.060588773,18834.14648,20,5
411,0.036299393,0.034471367,0.081259251,0.080562733,26416.89063,20,6
412,0.01520427,0.014438588,0.03403604,0.033744302,10279.88867,20,7
413,0.069251001,0.065763541,0.155024216,0.153695419,41815.27734,20,8
414,0.053277321,0.050594293,0.11926578,0.118243486,34579.72656,20,9
415,0.033910044,0.032202341,0.075910486,0.07525982,23246.83984,20,10
416,0.069784977,0.066270627,0.156219557,0.154880509,42289.92578,20,11
417,0.058153443,0.055224851,0.130181387,0.129065529,16897.27148,21,1
418,0.048853267,0.046393029,0.109362155,0.108424753,14194.97949,21,2
419,0.897416055,0.852222443,2.008941412,1.991721869,216306.0156,21,3
420,0.928914607,0.882134736,2.079453707,2.061629534,184393.3594,21,4
421,0.077394858,0.073497273,0.173254907,0.171769857,19381.125,21,5
422,1.546793103,1.468896985,3.462626696,3.432946682,376779.5,21,6
423,0.041920178,0.039809089,0.093841843,0.093037479,12180.47559,21,7
424,0.371409923,0.352705836,0.831432402,0.824305773,74590.35938,21,23
425,1.399353981,1.328882813,3.132571697,3.105720758,350744.6875,21,8
426,0.962331176,0.913868487,2.154259443,2.135794163,241100.6094,21,9
427,0.094348177,0.08959683,0.211206347,0.20939599,27414.14258,21,10
428,0.143904001,0.136657044,0.32214123,0.319379985,36053.43359,21,11
429,0.089882776,0.085356303,0.201210156,0.199485481,31434.54297,21,12
430,0.441912919,0.419658303,0.989259303,0.980779827,131981.5938,21,13
431,0.016194262,0.015378723,0.036252219,0.035941482,4705.462402,21,14
432,1.1314013,1.074424267,2.532737017,2.511027575,283773.6563,21,15
433,0.094865099,0.090087719,0.212363526,0.210543245,23767.32031,21,16
434,0.082279995,0.078136399,0.184190705,0.182611912,20614.27344,21,17
435,1.223582983,1.161963701,2.739093542,2.715615511,305686.5938,21,18
436,0.157043874,0.149135187,0.351555943,0.348542601,48424.46094,21,19
437,1.205731273,1.145011067,2.69913125,2.675995588,302081.625,21,20
438,0.063684464,0.060477331,0.14256303,0.14134106,18527.23438,21,21
439,0.678265214,0.644107997,1.51835382,1.505339265,170127.3281,21,22
440,0.023106573,0.021942934,0.051726013,0.051282644,10044.48633,22,1
441,0.064078569,0.060851589,0.143445268,0.142215729,26050.875,22,2
442,0.05982361,0.056810908,0.133920193,0.132772297,25411.7207,22,3
443,0.104181185,0.09893465,0.233218357,0.231219321,47494.19922,22,4
444,0.111483768,0.105869472,0.249565795,0.247426644,52080.875,22,5
445,0.072467625,0.068818174,0.162224889,0.160834372,31365.77344,22,6
446,0.076757208,0.072891735,0.171827465,0.170354649,33345.79688,22,7
447,1.260551333,1.19707036,2.821850538,2.797662973,409785.4375,22,8
448,0.082365662,0.078217745,0.184382468,0.182802036,39500.66406,22,9
449,0.176189661,0.167316794,0.394415379,0.391034663,80181.39063,22,10
450,0.064484313,0.061236903,0.144353569,0.143116236,29308.14648,22,11
451,0.036156114,0.034335304,0.080938511,0.080244742,14818.89941,22,12
452,0.061698169,0.058591068,0.138116553,0.136932686,27240.90039,22,13
454,0.036762901,0.034911532,0.082296856,0.081591442,18106.07031,22,15
455,0.063148454,0.059968319,0.141363144,0.140151441,31111.14844,22,16
457,0.540114462,0.512914479,1.209091783,1.198727965,179805.9531,22,18
458,0.367338151,0.348839104,0.822317421,0.815268874,119885.7031,22,19
459,0.095199764,0.090405531,0.213112697,0.211286008,31361.13672,22,20
460,0.062882572,0.059715822,0.140767932,0.13956134,29090.80664,22,21
461,0.084863916,0.080590189,0.189975023,0.188346654,37349.75,22,22
462,0.1550733,0.147263855,0.347144634,0.34416908,64344.33203,22,23
464,0.086769901,0.082400188,0.194241732,0.192576781,38905.08594,22,24
465,0.026046377,0.024734689,0.058307011,0.057807229,10675.33789,22,25
468,0.02010238,0.019090028,0.04500087,0.044615146,8624.834961,22,28
469,0.036143772,0.034323584,0.080910884,0.080217354,14813.8457,22,29
471,0.057498999,0.054603368,0.12871635,0.127613068,25211.96875,22,31
473,0.059144359,0.056165867,0.132399634,0.131264776,25694.21094,22,33
475,0.128984436,0.122488812,0.288742512,0.286267549,53645.28906,22,35
476,0.005630646,0.005347088,0.012604675,0.012496634,2433.140466,22,36
477,0.158186093,0.150219887,0.354112893,0.351077616,55819.69531,22,37
478,0.050675812,0.048123791,0.113442069,0.112469701,21898.26329,22,38
479,0.034916472,0.033158086,0.078163467,0.077493481,15359.55078,22,39
480,0.087909631,0.083482534,0.196793124,0.195106313,36695.60156,22,40
481,0.119229585,0.113225214,0.266905457,0.264617682,54354.47656,22,41
482,0.081981361,0.0778528,0.18352218,0.181949124,35426.16016,22,42
483,0.067931324,0.064510323,0.152070001,0.150766537,30218.57227,22,43
484,0.014713567,0.013972595,0.03293756,0.032655235,6312.442871,22,44
485,0.103349172,0.098144539,0.231355831,0.22937277,43328.0625,22,45
486,0.15920414,0.15118666,0.356391877,0.353337079,72821.77344,22,46
487,0.042489599,0.040349834,0.095116548,0.094301254,19468.0918,22,47
488,0.06188938,0.05877265,0.138544589,0.137357056,27163.69531,22,48
489,0.053865749,0.051153082,0.120583013,0.119549438,24817.63672,22,49
491,0.399685264,0.379557222,0.894729137,0.887059927,120057.1016,22,51
492,0.084540285,0.08028286,0.189250544,0.187628388,40180.39453,22,52
493,0.033109754,0.031442355,0.074118972,0.073483661,14178.22754,22,53
494,0.098637819,0.09367045,0.220809072,0.218916401,45203.76563,82,1
495,0.167252198,0.158829436,0.374408156,0.371198893,68111.91406,82,2
496,0.322724044,0.306471765,0.722445011,0.716252565,131916.2344,82,3
497,0.356429935,0.338480234,0.797898471,0.791059256,145533.3438,82,4
498,0.039627366,0.037631743,0.088709198,0.087948829,17125.59766,82,5
499,0.162097305,0.153934136,0.362868488,0.359758168,66433.35156,82,6
500,0.157817692,0.149870038,0.353288203,0.35025999,71669.89063,82,7
501,0.103381172,0.098174922,0.231427461,0.229443774,43483.89063,82,8
502,0.115978613,0.110137962,0.259627908,0.25740248,49607.03125,82,9
503,0.152958035,0.145255119,0.342409462,0.339474499,69210.03906,82,10
504,0.172375202,0.163694441,0.385876417,0.382568896,73086.375,82,11
505,0.16915451,0.160635933,0.37866661,0.375420868,70596.89063,23,1
506,0.148854598,0.141358316,0.333223552,0.330367327,58731.03125,23,23
508,0.198856741,0.188842371,0.445157558,0.441341907,86557.60938,23,5
509,0.213897169,0.203125358,0.478826821,0.474722564,88284.30469,23,14
512,0.088643514,0.084179454,0.198435977,0.196735084,38413.55469,23,24
513,0.24654898,0.234132856,0.551920652,0.547189891,102341.3203,23,18
515,0.218459964,0.207458377,0.48904103,0.484849215,96372.84375,23,22
516,0.053431917,0.050741103,0.119611852,0.118586592,25476.74414,24,1
518,0.166915312,0.158509508,0.373653978,0.370451212,71390.125,24,3
519,0.025359118,0.02408204,0.056768522,0.056281928,11514.71094,86,1
520,0.076302677,0.0724601,0.170809969,0.169345871,32005.68359,24,4
521,0.061467383,0.058371902,0.137599915,0.136420473,30486.30664,86,2
522,0.026465157,0.02513238,0.059244487,0.058736671,11554.12891,24,6
523,0.038423188,0.036488205,0.086013541,0.085276276,18296.74219,24,7
524,0.238430858,0.226423547,0.533747554,0.52917254,105164.0938,24,8
525,0.227666274,0.216201067,0.509650171,0.505281687,110055.8906,86,3
526,0.049012057,0.046543825,0.109717622,0.108777173,21405.27148,24,10
527,0.04783839,0.045429263,0.107090265,0.106172338,20086.77344,24,11
528,0.190701634,0.181097955,0.426901698,0.423242509,81759.53125,24,12
529,0.145802736,0.138460159,0.326391727,0.323594064,66597.03125,86,4
530,0.004307562,0.004090635,0.009642841,0.009560188,2175,86,5
531,0.046675388,0.044324826,0.104486786,0.103591181,19564.71875,24,14
532,0.155148953,0.147335693,0.347314,0.344336987,65059.90625,25,1
533,0.074037582,0.070309073,0.165739372,0.164318725,32121.8418,25,2
534,0.079366699,0.075369813,0.177669048,0.17614615,36549.08984,25,3
535,0.072550312,0.068896696,0.162409991,0.16101788,30098.36133,25,4
536,0.047776524,0.045370512,0.106951773,0.106035039,21701.37109,25,5
537,0.054757319,0.051999759,0.122578874,0.121528186,23839.93359,25,6
538,0.119705185,0.113676868,0.267970145,0.26567325,53029.91016,25,7
539,0.080358207,0.076311395,0.179888621,0.178346708,36345.49609,25,8
540,0.36652714,0.348068923,0.820501864,0.813468933,165133.9531,25,9
541,0.139837235,0.132795081,0.313037455,0.310354233,62222.80078,25,10
542,0.051869798,0.049257647,0.116114914,0.115119629,24153.07813,25,11
543,0.01003106,0.009525899,0.022455374,0.022262897,5310.990723,85,1
544,0.056920581,0.054054078,0.127421513,0.126329318,29371.45703,85,2
545,0.003923459,0.003725875,0.008782995,0.008707711,1976.925659,85,3
546,0.036657088,0.03481105,0.082059987,0.081356607,19636.87109,85,4
547,0.044777356,0.042522382,0.100237884,0.099378698,25808.52148,85,5
548,0.005557407,0.005277537,0.012440723,0.012334088,2922.302734,85,6
549,0.022959519,0.021803284,0.051396817,0.050956272,13131.4043,85,7
550,0.03688569,0.035028137,0.082571723,0.081863962,20511.13477,26,1
551,0.029106718,0.027640911,0.065157838,0.064599343,16992.10352,26,2
552,0.018568588,0.017633479,0.041567352,0.041211054,10711.17188,26,3
553,0.10712935,0.101734348,0.239818081,0.237762481,61313.75781,26,4
554,0.043206275,0.041030418,0.096720889,0.095891848,25852.14648,26,5
555,0.045135461,0.042862453,0.101039529,0.100173473,24231.45703,26,6
556,0.035652142,0.033856709,0.079810321,0.079126224,21600.12305,26,7
557,0.013338971,0.012667225,0.029860411,0.029604463,7784.785645,26,8
558,0.03670533,0.034856863,0.082167976,0.081463672,21323.47656,26,9
559,0.017597759,0.016711541,0.039394066,0.039056398,11029.36035,26,10
560,0.043387409,0.041202433,0.097126372,0.096293859,26179.72266,26,11
561,0.023276014,0.02210384,0.052105319,0.051658697,13684.60449,26,12
562,0.062260423,0.059125006,0.139375195,0.138180539,37619.71875,26,13
563,0.010240297,0.009724598,0.022923768,0.022727275,6262.016602,26,14
564,0.023381442,0.02220396,0.052341327,0.051892683,13243.16113,26,15
565,0.013255354,0.012587818,0.029673228,0.029418882,7688.668945,26,16
566,0.032153107,0.030533886,0.071977437,0.071360484,17197.14453,26,17
567,0.0406681,0.038620066,0.091038972,0.090258628,23704.5918,26,18
568,0.066248752,0.062912479,0.148303404,0.147032231,38427.09375,26,19
569,0.022557545,0.021421554,0.050496966,0.050064132,13194.06934,26,20
570,0.014616664,0.013880573,0.032720637,0.032440171,7744.465332,26,21
571,0.020910306,0.019857269,0.046809483,0.046408255,13560.27539,26,22
572,0.032075025,0.030459737,0.071802646,0.071187191,21160.83594,26,23
573,0.500381351,0.475182295,1.120145917,1.110544562,209985.2188,79,1
574,0.46895498,0.445338547,1.04979527,1.040796876,196730.7031,79,2
575,0.109967992,0.104430035,0.246172607,0.244062543,54133.69531,79,3
576,0.551497161,0.52372396,1.234572887,1.223990798,231357.875,79,4
577,0.494467676,0.469566435,1.106907606,1.097419739,210282.7969,79,5
578,0.055396073,0.052606344,0.124008775,0.122945838,24281.78906,27,8
579,0.175122201,0.166303098,0.392025799,0.388665557,94305.77344,27,7
580,0.082279436,0.07813587,0.184189454,0.182610676,39541.21484,27,11
581,0.030801898,0.029250722,0.068952642,0.068361618,11613.24316,27,1
582,0.01202191,0.01141649,0.02691206,0.026681382,4529.708496,27,9
583,0.059861723,0.056847103,0.134005517,0.132856876,23012.45898,27,2
584,0.022467433,0.021335978,0.050295241,0.049864132,9465.898438,27,3
585,0.049580842,0.047083966,0.110990897,0.110039532,21128.15625,27,4
586,0.066710323,0.063350812,0.149336681,0.148056641,32270.0957,27,5
587,0.039447471,0.037460908,0.088306487,0.087549567,16003.5332,27,6
588,0.058754914,0.055796035,0.131527826,0.130400434,25044.56641,27,10
589,0.004139425,0.003930965,0.009266452,0.009187024,1815.946045,28,1
590,0.022432463,0.021302771,0.050216962,0.049786527,12151.30859,28,2
591,0.051608425,0.049009439,0.115529805,0.114539541,29170.23047,28,3
592,0.028644992,0.027202439,0.064124227,0.06357459,15510.5293,28,4
593,0.03556576,0.033774681,0.079616956,0.07893452,19579.32031,28,11
594,0.117541902,0.111622527,0.263127446,0.260872066,60536.27734,28,5
595,0.055682655,0.052878492,0.124650314,0.123581871,31729.66016,28,6
596,0.012676192,0.012037823,0.028376725,0.028133493,6977.126465,28,7
597,0.023667518,0.022475628,0.052981734,0.052527599,12940.6748,28,8
598,0.068644509,0.065187588,0.153666511,0.152349368,35138.0625,28,9
599,0.005136063,0.004877412,0.01149751,0.011398959,2294.109863,28,10
600,0.118422367,0.112458654,0.265098453,0.262826145,60442.44141,28,12
601,0.066615954,0.063261196,0.149125427,0.147847205,34163.83203,28,13
602,0.102290787,0.097139455,0.228986546,0.22702378,57128.08594,28,14
603,0.042179246,0.040055111,0.094421789,0.093612455,19170.30859,28,15
605,0.070815146,0.067248918,0.158525676,0.157166868,36673.36328,28,16
606,0.04638838,0.044052273,0.103844292,0.102954194,26644.38867,28,17
607,0.064984165,0.06171158,0.145472527,0.144225612,33484.08203,28,18
608,0.020975892,0.019919552,0.046956304,0.046553817,12146.24805,28,19
609,0.042337574,0.040205464,0.094776228,0.093963847,21591.31445,28,20
610,0.09709806,0.092208229,0.217362195,0.215499073,49518.06641,28,21
611,0.024039691,0.02282906,0.053814873,0.0533536,12929.41699,28,22
612,0.100816563,0.095739469,0.225686371,0.223751903,53284.625,28,23
613,0.015589194,0.014804128,0.034897726,0.0345986,6579.081055,29,1
614,0.016607646,0.01577129,0.037177615,0.036858946,9284.211914,29,2
615,0.096238099,0.091391578,0.215437099,0.213590473,57225.47266,29,3
616,0.022424819,0.02129551,0.050199844,0.049769558,11808.99219,29,4
617,0.068559632,0.065106988,0.153476521,0.152161002,38416.55469,29,5
618,0.075437613,0.071638599,0.168873459,0.16742596,41942.21875,29,6
619,0.020965997,0.019910155,0.04693415,0.046531856,12493.62695,29,7
620,0.033823259,0.03211993,0.07571622,0.075067215,14725.99512,29,8
621,0.015959868,0.015156134,0.035727508,0.035421271,8806.530273,29,9
622,0.007436641,0.007062134,0.016647547,0.016504854,3899.531494,29,10
623,0.008929574,0.008479883,0.019989604,0.019818263,4231.495117,29,11
624,0.09923356,0.09423618,0.222142681,0.220238581,57697.67188,29,12
625,0.010276671,0.009759141,0.023005195,0.022808006,4757.033691,29,13
626,0.062992826,0.059820529,0.141014755,0.139806047,35208.58203,29,14
627,0.026787166,0.025438171,0.059965327,0.059451334,12369.29199,29,15
628,0.009392093,0.00891911,0.021024991,0.020844776,4973.395508,29,16
629,0.025535837,0.024249859,0.057164121,0.056674138,12397.12012,29,17
630,0.017779816,0.016884429,0.039801616,0.039460458,10425.41602,29,18
631,0.018005278,0.017098539,0.040306333,0.039960846,10729.33691,29,19
632,0.069733642,0.066221878,0.156104639,0.154766575,39211.81641,29,20
633,0.016622053,0.015784971,0.037209868,0.036890924,9905.073242,29,21
634,0.01471978,0.013978495,0.032951467,0.032669023,8771.508789,29,23
635,0.083246216,0.079053961,0.186353669,0.184756339,46402.28516,29,24
636,0.044857845,0.042598817,0.100418061,0.099557333,24954.80859,29,25
637,0.034529839,0.032790925,0.077297956,0.076635391,19343.0957,29,26
638,0.068103477,0.064673811,0.152455375,0.151148602,40404.50391,29,22
639,0.066963434,0.063591175,0.149903297,0.1486184,38870.07031,29,27
640,0.06863758,0.065181009,0.153651014,0.15233399,40901.10156,29,28
641,0.011463695,0.010886387,0.025662448,0.025442483,5861.321289,29,29
642,0.062016211,0.058893092,0.138828516,0.137638539,34889.73828,29,30
643,0.024561629,0.023324713,0.054983277,0.054511987,10435.33105,29,31
644,0.032016106,0.030403784,0.071670748,0.071056426,16596.95703,29,32
645,0.04670332,0.044351354,0.104549319,0.10365317,27495.76172,29,33
646,0.032719739,0.031071981,0.07324589,0.072618067,19497.67578,29,34
647,0.064258315,0.061022282,0.143847644,0.142614663,35279.5625,30,1
648,0.051402535,0.04881392,0.115068905,0.114082597,23326.54688,30,2
649,0.107567601,0.10215053,0.240799144,0.238735139,62996.64063,30,3
650,0.068608359,0.065153264,0.153585598,0.152269125,39421.42578,30,4
651,0.017552583,0.01666864,0.039292935,0.038956136,8530.507813,30,5
652,0.026714932,0.025369575,0.059803627,0.05929102,15335.88574,30,6
653,0.117372312,0.111461475,0.262747794,0.260495663,67451.29688,30,7
654,0.084937066,0.080659658,0.190138787,0.188509002,48277.5,30,8
655,0.017198641,0.016332522,0.038500607,0.038170598,8358.492188,30,9
656,0.02818187,0.026762638,0.063087486,0.06254673,17331.26172,30,10
657,0.087799959,0.083378382,0.196547613,0.194862902,47050.52344,30,12
658,0.059054986,0.056080997,0.132199571,0.131066412,36058.97266,30,13
659,0.020515697,0.019482533,0.045926116,0.045532461,9693.462891,30,14
660,0.01936361,0.018388463,0.043347072,0.042975523,9620.734375,30,15
661,0.098248489,0.093300723,0.219937533,0.218052328,58341.33984,30,16
662,0.068921842,0.065450951,0.154287338,0.152964875,42369.22656,30,17
663,0.122762941,0.116580635,0.274815202,0.272459596,70141.10938,30,18
664,0.009646461,0.009160669,0.021594416,0.02140932,4688.153809,30,19
665,0.04402227,0.041805319,0.098547556,0.097702853,24226.50977,30,20
666,0.080082431,0.076049499,0.179271266,0.177734643,43807.61328,30,21
667,0.259880632,0.246793106,0.581764698,0.576778054,111563.7422,30,22
668,0.079923108,0.0758982,0.178914607,0.177381039,41469.87109,30,23
669,0.080788642,0.076720148,0.18085219,0.179302007,48155.90234,30,25
670,0.039024923,0.037059639,0.087360576,0.086611763,22227.21875,30,26
671,0.06415727,0.060926326,0.143621445,0.1423904,36733.71875,30,27
672,0.063996159,0.060773328,0.143260792,0.142032832,29306.47852,30,28
673,0.059939403,0.056920875,0.134179413,0.133029282,27200.5918,30,29
674,0.069717139,0.066206202,0.156067684,0.154729947,38323.10938,30,30
675,0.057861265,0.054947387,0.129527315,0.128417075,32955.73438,30,31
676,0.056945495,0.054077737,0.127477288,0.126384616,32434.14453,30,32
677,0.125599802,0.119274631,0.281165749,0.278755724,61390.01953,30,34
678,0.180968761,0.171855226,0.405113816,0.401641399,110680.9219,30,35
679,0.053030036,0.050359458,0.118712209,0.117694661,27438.26758,30,36
680,0.139520168,0.132493973,0.312327653,0.309650511,79468.85938,30,37
681,0.039018344,0.037053391,0.087345846,0.086597167,18963.26758,30,38
682,0.062346697,0.059206937,0.139568344,0.138372034,37873.76172,30,39
683,0.085721128,0.081404239,0.191893965,0.190249145,45793.84375,30,40
684,0.014574858,0.013840873,0.03262705,0.032347385,6757.152832,30,41
685,0.033599194,0.031907149,0.075214624,0.074569926,19091.70508,30,42
686,0.099664621,0.094645537,0.223107651,0.221195281,56655.0625,30,43
687,0.088838078,0.08436422,0.198871523,0.197166905,48457.125,30,44
688,0.093801901,0.089078061,0.209983468,0.208183587,51329.70703,30,45
689,0.042159088,0.040035967,0.094376668,0.093567722,20412.24023,30,46
690,0.048483312,0.046041708,0.108533978,0.107603684,27614.38477,30,47
691,0.123499237,0.11727985,0.276463449,0.274093747,69805.78125,31,1
692,0.076618917,0.072760411,0.171517909,0.17004773,39813.99219,31,2
693,0.025006142,0.023746839,0.055978354,0.055498537,14149.43555,31,3
694,0.123558573,0.117336199,0.276596278,0.274225414,63047.05469,31,4
695,0.051731221,0.049126051,0.115804702,0.114812076,29246.08789,31,5
696,0.149742499,0.142201513,0.335211217,0.332337946,81869.8125,31,6
697,0.044241615,0.042013619,0.099038586,0.098189674,25062.4082,31,7
698,0.128364816,0.121900395,0.287355453,0.28489238,66759.875,31,8
699,0.03922306,0.037247799,0.087804124,0.087051511,22839.20313,31,9
700,0.109695323,0.104171097,0.245562226,0.243457392,59833.33594,31,18
701,0.025006142,0.023746839,0.055978354,0.055498537,14149.43555,31,10
702,0.006173687,0.005862782,0.013820319,0.013701857,3009.400879,31,11
703,0.191606,0.181956783,0.42892617,0.425249636,109799.3125,31,12
704,0.070943385,0.067370698,0.158812746,0.157451481,40920.92578,31,13
705,0.277293533,0.263329118,0.620744944,0.615424216,160245.7656,31,14
706,0.124508142,0.11823795,0.278721988,0.276332915,70894.00781,31,15
707,0.030561505,0.029022437,0.068414502,0.067828089,17216.10352,31,16
708,0.001989921,0.001889709,0.004454606,0.004416423,841.1377563,31,17
709,0.077862322,0.073941201,0.174301371,0.172807351,43795.03125,31,19
710,0.047310591,0.04492804,0.105908744,0.105000943,25895.56055,31,20
711,0.020334939,0.019310877,0.045521472,0.045131285,12079.61816,31,21
712,0.126295671,0.119935453,0.282723486,0.280300111,64033.61328,31,22
713,0.091359958,0.086759098,0.204516962,0.202763945,52012.63672,31,23
714,0.052516304,0.049871601,0.117562175,0.116554491,29423.32617,31,24
715,0.021577252,0.020490628,0.048302498,0.047888473,11994.37988,31,25
716,0.083723053,0.079506785,0.187421113,0.185814634,47091.5,31,26
717,0.035535444,0.033745889,0.079549089,0.078867234,19615.4668,31,27
718,0.031680338,0.030084927,0.070919111,0.070311226,14492.23633,31,28
719,0.045841403,0.043532841,0.102619842,0.101740234,26589.17578,31,29
720,0.057433501,0.054541167,0.128569722,0.127467692,32310.40625,31,30
721,0.077746652,0.073831357,0.174042434,0.172550634,41924.26172,31,31
722,0.069261804,0.0657738,0.155048385,0.15371938,39236.08203,31,32
723,0.137173489,0.130265474,0.307074428,0.304442346,77809.64844,31,33
724,0.06097611,0.057905369,0.136500165,0.135330141,31727.68945,31,34
725,0.162160993,0.153994605,0.363011032,0.359899491,93484.75781,31,35
726,0.029254733,0.027781472,0.06548918,0.064927839,15523.2832,31,36
727,0.14244476,0.135271281,0.318874598,0.316141337,82013.55469,31,37
728,0.034248434,0.032523692,0.076668002,0.076010846,12483.57227,32,1
729,0.022490939,0.021358302,0.050347861,0.049916305,7865.066406,32,6
730,0.022636659,0.021496685,0.05067407,0.050239719,7840.51416,32,8
731,0.125306144,0.118995763,0.280508369,0.278103977,58742.86719,32,9
732,0.136088327,0.129234955,0.304645211,0.302033931,73393.125,32,11
733,0.210083827,0.199504063,0.470290333,0.466259241,91703.67969,32,13
734,0.045685586,0.043384872,0.102271035,0.101394415,17120.10156,32,14
735,0.017791811,0.016895821,0.039828468,0.039487079,6491.23584,32,15
736,0.03137093,0.029791098,0.070226468,0.069624521,17580.03906,33,1
737,0.088242486,0.083798625,0.197538242,0.195845053,49450.44531,33,2
738,0.091044955,0.086459957,0.203811795,0.202064827,52833.23438,33,3
739,0.063292921,0.06010551,0.141686544,0.140472069,35683.83984,33,4
740,0.057513949,0.054617561,0.128749818,0.127646238,33993.76953,33,5
741,0.042495169,0.040355124,0.095129013,0.094313614,25116.88086,33,6
742,0.09306369,0.088377029,0.208330914,0.206545204,53113.76563,33,7
743,0.055332553,0.052546021,0.12386658,0.122804858,31597.60742,33,8
744,0.052326318,0.049691178,0.117136873,0.116132833,29323.28711,33,9
745,0.047647722,0.045248196,0.106663443,0.105749175,28162.31055,33,10
746,0.098153785,0.093210787,0.219725519,0.217842147,56146.65234,33,11
747,0.062934823,0.059765443,0.140884906,0.139677316,32768.41797,33,12
748,0.133588538,0.126861066,0.299049199,0.296485901,65379.78125,33,13
749,0.14772971,0.140290082,0.330705404,0.327870756,85087.44531,33,14
750,0.119437926,0.113423064,0.267371863,0.265080065,67131.50781,33,15
751,0.065508753,0.062209751,0.146646857,0.145389885,37730.88281,33,16
752,0.054563563,0.051815759,0.122145139,0.121098168,30346.51758,33,17
753,0.064214051,0.060980249,0.143748567,0.142516419,36730.27344,33,18
754,0.049851913,0.047341384,0.111597709,0.110641144,28938.36133,33,19
755,0.050252635,0.04772193,0.112494759,0.111530513,28161.21094,33,20
756,0.285286397,0.270919472,0.638637662,0.633163571,91798.32813,34,1
757,0.156283349,0.148412958,0.349853456,0.346854687,50901.69141,34,2
758,1.749919891,1.661794424,3.91734314,3.883765697,348827.0313,34,3
759,1.059594512,1.006233573,2.371991634,2.351660013,230124.0938,34,4
760,0.939776838,0.892449915,2.103769541,2.085737228,297462.4375,34,5
761,0.218394667,0.207396388,0.48889488,0.484704316,72869.24219,34,6
762,0.089288011,0.084791496,0.199878737,0.198165476,29806.54883,34,7
763,0.075938813,0.072114557,0.169995427,0.168538317,24716.30469,34,8
764,0.03462895,0.032885045,0.077519819,0.076855361,11409.89063,34,9
767,0.071378097,0.06778352,0.159785882,0.158416286,24596.49414,34,10
768,0.322274536,0.306044877,0.721438706,0.715254843,102412.0469,34,11
769,0.080622315,0.076562203,0.180479854,0.178932875,27054.23633,34,12
770,0.114074968,0.108330183,0.255366415,0.253177553,37372.05859,34,13
771,0.181062445,0.171944201,0.405323565,0.401849329,58851.64063,34,14
772,0.058389317,0.055448845,0.13070941,0.129589021,20120.63281,34,15
773,0.115377188,0.109566823,0.258281559,0.256067693,39545.29688,34,16
774,0.160096526,0.152034104,0.358389556,0.355317622,55168.36719,34,17
775,0.029754739,0.028256299,0.066608489,0.066037558,9930.227539,34,18
776,0.100477882,0.095417842,0.2249282,0.223000228,33312.76953,34,19
777,0.060834363,0.057770763,0.136182845,0.135015547,19809.93359,34,20
779,0.057594512,0.054694071,0.128930166,0.127825052,18779.46094,34,21
780,0.060465194,0.057420187,0.135356441,0.134196222,20590.1582,34,22
781,0.047345735,0.044961419,0.105987415,0.105078943,16315.07617,34,23
783,0.346674502,0.329216093,0.776060104,0.769408107,119344.3047,34,24
784,0.878338158,0.834105313,1.966233969,1.949380398,174353.7344,34,25
785,0.100187905,0.095142469,0.224279061,0.222356647,32901.57422,34,26
786,0.188188672,0.178711548,0.421276212,0.417665243,59424.48438,34,27
787,1.524146676,1.447391033,3.411930799,3.382685423,313157.9375,34,28
788,0.051674198,0.049071901,0.115677044,0.114685521,16830.05078,34,29
789,0.055679973,0.052875947,0.124644317,0.123575926,19187.00781,34,30
791,0.103975318,0.098739155,0.232757509,0.230762437,42962.21875,35,1
792,0.104946546,0.099661462,0.234931678,0.232917964,43637.60156,35,2
793,0.048411015,0.045973051,0.108372137,0.107443228,19696.66211,35,3
794,0.556082785,0.528078616,1.244838119,1.234167933,232741.4531,35,4
795,0.09934815,0.094345003,0.222399205,0.220492899,43530.89453,35,5
796,0.07562045,0.07181222,0.169282749,0.167831734,31257.37891,35,7
797,0.099068478,0.094079413,0.221773133,0.219872206,39498.21875,35,8
798,0.065675855,0.062368438,0.147020936,0.145760745,28293.26953,35,9
799,0.037343211,0.035462618,0.083595932,0.082879387,15435.65332,35,10
800,0.111943677,0.106306225,0.250595361,0.248447374,44685.32813,35,11
801,0.18649295,0.177101225,0.417480201,0.413901746,75101.78906,35,12
802,0.08862713,0.084163889,0.19839929,0.19669871,36633.63281,35,13
803,0.104862891,0.099582024,0.234744415,0.232732296,59975.53906,35,14
804,0.188204795,0.178726867,0.421312302,0.417701036,91104.60156,35,15
805,0.120101884,0.114053592,0.268858194,0.26655367,49615.72656,35,16
806,0.08150509,0.07740052,0.182456017,0.180892095,33853.82422,35,23
807,0.14874123,0.14125067,0.332969785,0.330115736,61481.53516,35,17
808,0.021025043,0.019966226,0.047066327,0.046662901,8835.140625,35,18
809,0.029471396,0.027987225,0.065974206,0.065408707,12384.4668,35,19
810,0.069405138,0.065909915,0.155369252,0.154037505,31501.7793,35,6
811,0.021978583,0.020871747,0.049200911,0.048779182,10118.57715,35,20
812,0.072718665,0.069056578,0.162786871,0.161391541,36161.05078,35,21
813,0.107565328,0.102148376,0.240794063,0.238730088,43537.77344,35,22
814,0.00515321,0.004893696,0.011535895,0.011437015,3540.975342,36,1
815,0.020009831,0.019002141,0.044793691,0.044409741,14245.82715,36,2
816,0.01812692,0.017214054,0.040578641,0.040230818,12455.72754,36,3
817,0.015290856,0.014520814,0.034229871,0.033936471,10718.02441,36,4
818,0.023154695,0.02198863,0.051833734,0.051389441,16141.8457,36,5
819,0.025937412,0.024631212,0.058063082,0.057565395,16761.83203,36,33
820,0.121906757,0.115767568,0.272898555,0.2705594,57742.24219,36,6
821,0.026828846,0.025477752,0.060058631,0.059543837,16740.23047,36,37
822,0.012935574,0.012284143,0.028957374,0.028709166,9171.00293,36,7
823,0.025821246,0.024520896,0.057803039,0.057307579,18062.01953,36,32
825,0.00702056,0.006667007,0.015716115,0.015581405,3690.812012,36,24
826,0.024068443,0.022856362,0.053879235,0.053417411,16538.38281,36,9
827,0.163341358,0.155115545,0.365653396,0.362519205,75368.02344,36,10
828,0.033779692,0.032078557,0.075618684,0.074970521,18668.34961,36,39
830,0.21480003,0.203982756,0.480847955,0.476726353,141112.3594,36,11
831,0.00348483,0.003309336,0.007801087,0.00773422,2480.809082,36,41
832,0.011657806,0.011070723,0.026096981,0.02587329,8006.310059,36,12
833,0.015262689,0.014494064,0.034166817,0.033873953,10029.67285,36,36
834,0.007650876,0.00726558,0.01712713,0.016980324,5257.220703,36,13
835,0.019498065,0.018516148,0.04364806,0.043273933,13397.89551,36,14
836,0.129847914,0.123308815,0.290675491,0.288183987,82067.57813,36,34
837,0.025924006,0.02461848,0.058033071,0.057535641,18456.37305,36,15
838,0.037355751,0.035474528,0.083623998,0.082907215,24970.68164,36,16
839,0.043706801,0.041505739,0.097841352,0.097002707,20483.66797,36,17
840,0.066943817,0.063572548,0.149859369,0.148574859,47630.61719,36,31
841,0.012958459,0.012305874,0.029008601,0.028759954,8505.273438,36,18
842,0.025971867,0.024663933,0.058140215,0.057641864,17046.61523,36,19
843,0.015675401,0.014885992,0.035090707,0.034789924,10919.23535,36,20
844,0.022004493,0.020896353,0.04925891,0.048836689,9472.007813,36,21
845,0.037146464,0.03527578,0.08315549,0.082442723,20944.99219,36,35
846,0.016609943,0.01577347,0.037182756,0.036864042,10901.92188,36,22
847,0.011602756,0.011018445,0.025973747,0.025751112,7972.714844,36,23
848,0.035305481,0.033527505,0.079034291,0.078356847,15422.69141,36,25
849,0.022296131,0.021173304,0.049911764,0.049483947,16820.9082,36,40
850,0.128762797,0.122278333,0.288246363,0.285775661,59371.87891,36,38
851,0.005363218,0.005093127,0.012006015,0.011903104,3520.143311,36,26
852,0.009555493,0.009074281,0.021390775,0.021207424,6271.739746,36,27
853,0.022857057,0.021705981,0.051167447,0.050728865,16272.88574,36,28
854,0.016738622,0.015895668,0.037470814,0.037149634,11501.77148,36,29
855,0.022109445,0.020996019,0.049493853,0.049069617,12602.73047,36,30
856,0.057932209,0.055014759,0.129686132,0.128574535,34291.28906,37,1
857,0.099523664,0.09451168,0.222792104,0.220882446,63771.63281,37,2
858,0.128453702,0.121984817,0.287554443,0.285089672,65493.82031,37,3
859,0.055975415,0.05315651,0.125305682,0.124231629,31114.13477,37,5
860,0.043956883,0.041743226,0.098401189,0.097557738,25593.31445,37,6
861,0.027922986,0.026516791,0.062507957,0.061972167,16835.20703,37,7
862,0.152350172,0.144677863,0.341048688,0.338125408,91784.53125,37,8
863,0.101083502,0.095992967,0.226283953,0.224344358,65070.33984,37,10
864,0.037165646,0.035293993,0.083198428,0.082485288,17651.61328,37,13
865,0.125303403,0.118993163,0.28050223,0.278097898,76421.82031,37,14
866,0.089127809,0.084639356,0.199520111,0.19780992,53973.99219,37,15
867,0.10042794,0.095370419,0.224816412,0.222889394,65741.61719,37,17
868,0.090469375,0.085913368,0.202523321,0.200787395,54107.69141,37,18
869,0.092972785,0.088290706,0.208127424,0.206343457,55645.19531,37,19
870,0.072686248,0.069025792,0.162714288,0.161319584,43303.19531,37,20
871,0.087038152,0.082654931,0.194842234,0.193172142,51312.88281,37,21
872,0.078679256,0.074716993,0.176130146,0.17462045,40426.91406,37,22
873,0.139748409,0.132710725,0.312838614,0.31015709,88485.23438,37,23
874,0.063517623,0.060318895,0.142189562,0.140970781,39517.39063,37,24
875,0.03025315,0.02872961,0.06772422,0.067143723,19541.86523,37,25
876,0.102184489,0.097038507,0.22874859,0.226787865,60177.60938,37,26
877,0.057821073,0.054909222,0.129437342,0.128327876,36930.56641,37,28
878,0.131568626,0.124942876,0.294527471,0.292002916,76296.72656,37,29
879,0.026745284,0.025398398,0.059871569,0.059358381,16921.39844,37,30
880,0.052481417,0.049838468,0.117484078,0.116477057,30878.27734,37,31
881,0.02295145,0.021795621,0.051378753,0.05093836,10920.6875,37,33
882,0.057809222,0.054897968,0.129410818,0.128301576,33295.40625,37,34
883,0.028037738,0.026625765,0.062764838,0.062226851,17174.89258,37,35
884,0.086824849,0.082452379,0.194364741,0.192698747,41664.07813,37,36
885,0.331134647,0.314458787,0.741272807,0.734918952,190840.2813,37,38
886,0.055041406,0.052269537,0.123214826,0.122158691,35565.86328,37,39
887,0.0535472,0.050850578,0.119869918,0.118842453,25715.49219,37,40
888,0.059297595,0.056311388,0.132742658,0.131604865,38815.5,37,41
889,0.036133576,0.034313902,0.080888055,0.080194727,17823.43359,37,42
890,0.046351105,0.044016875,0.103760853,0.102871463,25764.42578,37,43
891,0.042798512,0.040643193,0.095808081,0.094986856,28016.53906,37,44
892,0.037316844,0.035437576,0.083536901,0.082820863,18367.42773,37,45
893,0.015320938,0.01454938,0.034297209,0.034003232,10029.3125,37,46
894,0.077745676,0.073830426,0.174040243,0.172548458,46786.68359,37,47
895,0.070132717,0.066600859,0.156998008,0.1556523,44394.44141,37,48
896,0.046571076,0.044225771,0.104253277,0.103359669,28803.93945,37,49
897,0.011035304,0.010479569,0.024703458,0.024491711,6673.605469,37,50
898,0.044311713,0.042080186,0.099195503,0.09834525,20276.5625,37,51
899,0.073481672,0.069781154,0.164494917,0.163084939,58471.02344,38,1
900,0.036623921,0.034779549,0.081985734,0.081282988,22193.2207,38,18
901,0.074737318,0.070973568,0.167305782,0.165871724,46255.6875,38,2
903,0.012798882,0.012154334,0.028651377,0.028405791,7497.005371,38,3
904,0.061019611,0.057946678,0.136597544,0.135426685,36637.29297,38,4
905,0.089846656,0.085322,0.201129302,0.199405327,49515.07031,38,28
906,0.011707748,0.011118149,0.026208781,0.025984133,8190.579102,38,31
907,0.112262547,0.106609039,0.251309186,0.249155074,68261.78125,38,30
908,0.238267407,0.226268321,0.533381641,0.528809786,146006.5625,38,7
909,0.076623566,0.072764829,0.171528324,0.170058057,45699.05859,38,5
910,0.042274386,0.040145461,0.094634771,0.093823612,26950.22852,38,6
911,0.027726382,0.026330089,0.062067844,0.061535828,18977.06641,38,26
912,0.021153122,0.020087857,0.047353044,0.046947159,17488.24219,38,27
913,0.066631854,0.063276291,0.149161011,0.147882476,36254.21484,38,19
914,0.016021317,0.015214489,0.035865068,0.03555765,12861.62207,38,25
915,0.040816337,0.038760837,0.091370806,0.090587623,25359.58203,38,14
916,0.042686611,0.040536925,0.09555757,0.094738498,23781.72656,38,20
917,0.018303616,0.017381851,0.040974189,0.040622976,10721.42871,38,32
918,0.02460124,0.023362327,0.055071946,0.054599896,13699.30176,38,9
919,0.080881119,0.076807968,0.181059197,0.179507241,50239.95703,38,34
920,0.074968636,0.071193241,0.167823613,0.166385114,44470.65234,38,22
921,0.166796207,0.158396393,0.373387367,0.370186865,96369.92188,38,10
922,0.007507524,0.007129448,0.016806226,0.016662171,4828.65625,38,23
923,0.021698961,0.020606209,0.048574954,0.048158593,13379.91309,38,33
924,0.044284441,0.042054288,0.099134453,0.098284721,25745.92188,38,11
925,0.062329497,0.059190601,0.139529824,0.138333842,32681.41992,38,29
926,0.015952047,0.015148707,0.035710003,0.035403915,12998.10156,38,8
927,0.031032963,0.029470151,0.069469906,0.068874441,22532.75977,38,17
928,0.094132334,0.089391857,0.210723162,0.208916947,56953.87109,38,12
929,0.010736502,0.010195814,0.024034563,0.023828551,6020.515625,38,24
930,0.062873751,0.059707448,0.140748188,0.139541775,32966.78906,38,13
931,0.030220065,0.028698191,0.067650162,0.067070298,23750.58594,38,16
932,0.024826828,0.023576556,0.055576947,0.055100568,15655.6084,38,21
933,0.192669809,0.182967007,0.431307614,0.427610636,116230.2734,38,15
934,0.07936798,0.075371034,0.177671909,0.176148996,36457.77734,40,1
935,0.027324386,0.025948336,0.061167937,0.060643636,12669.23828,40,2
936,0.049064793,0.046593904,0.109835677,0.108894221,22537.97266,40,3
937,0.04056124,0.038518589,0.090799756,0.090021461,18308.07422,40,4
938,0.182000861,0.17283535,0.407424241,0.403932005,89493.55469,40,5
939,0.168770358,0.160271123,0.377806664,0.374568284,86794.75,40,6
940,0.121942326,0.115801349,0.272978187,0.270638347,69998.50781,41,1
941,0.069743939,0.066231653,0.156127691,0.154789433,41746.61719,41,2
942,0.107630357,0.102210119,0.240939617,0.238874406,69946.00781,41,3
943,0.018210251,0.017293189,0.040765181,0.040415764,11715.43945,41,4
944,0.070246883,0.066709273,0.157253563,0.155905664,41832.91797,41,5
945,0.090898693,0.086321063,0.203484386,0.20174022,58710.01563,41,6
946,0.033491373,0.031804759,0.074973263,0.074330628,15830.6543,41,7
947,0.0310189,0.029456796,0.06943842,0.068843231,19824.58984,41,8
948,0.020636933,0.019597663,0.046197511,0.045801528,11925.36133,41,9
949,0.124604143,0.118329115,0.278936893,0.276545972,75008.33594,41,10
950,0.068779819,0.065316088,0.153969422,0.152649671,44029.07422,41,11
951,0.252138019,0.239440411,0.564432204,0.559594154,159782.5,41,12
952,0.051971,0.049353756,0.116341464,0.115344241,34070.81641,41,13
953,0.026438283,0.025106858,0.059184324,0.058677025,19428.00977,41,14
954,0.044387002,0.042151686,0.099364042,0.098512344,28368.32031,41,15
955,0.023033841,0.021873863,0.051563196,0.05112122,14450.27051,41,16
956,0.110857777,0.105275013,0.248164475,0.246037334,62441.62109,41,17
957,0.022729468,0.021584818,0.050881829,0.050445698,14969.79395,41,18
958,0.033844408,0.032140013,0.075763561,0.075114153,24789.38477,41,19
959,0.026571847,0.025233697,0.059483323,0.058973461,15035.90332,41,20
960,0.06337966,0.06018788,0.141880721,0.140664577,42536.69922,41,21
978,0.10479594,0.099518448,0.234594554,0.232583717,41299.79688,42,1
979,0.04875451,0.046299245,0.109141074,0.108205572,21527.15625,42,2
980,0.058574032,0.055624258,0.131122902,0.129998982,29876.73633,42,3
981,0.074913308,0.071140692,0.167699754,0.166262314,33069.39844,42,4
982,0.108330294,0.102874815,0.242506489,0.240427852,47043.52344,42,5
983,0.011764467,0.011172011,0.02633575,0.026110014,5178.116699,42,6
984,0.109255984,0.103753887,0.244578734,0.242482319,53520.41016,42,17
985,0.063409276,0.060216002,0.141947001,0.140730307,25141.32422,42,7
986,0.065363899,0.062072191,0.146322593,0.145068392,28297.42188,42,8
987,0.101647459,0.096528523,0.227546409,0.225595996,41073.38281,42,9
988,0.169650897,0.161107332,0.379777849,0.376522571,70439.07031,42,10
989,0.052133437,0.049508013,0.11670509,0.115704753,20542.12109,42,11
990,0.047952816,0.045537926,0.107346416,0.106426299,21169.77539,42,12
991,0.056326803,0.053490199,0.1260923,0.125011489,24864.36133,42,13
992,0.06638255,0.063039541,0.148602933,0.147329181,26198.76367,42,14
993,0.086357743,0.082008786,0.193319082,0.191662043,42567.10156,42,15
994,0.103514396,0.09830144,0.231725708,0.229739472,42586.65625,42,16
995,0.08078716,0.07671874,0.180848867,0.179298714,35494.29688,43,1
996,0.079168774,0.075181857,0.177225977,0.175706878,30782.07227,43,2
997,0.025586138,0.024297627,0.057276726,0.056785777,10316.24805,43,3
998,0.006081301,0.005775049,0.013613505,0.013496817,2454.028809,43,4
999,0.967009425,0.918311119,2.164731979,2.146177053,378727.1875,43,5
1000,0.290739298,0.276097745,0.650844455,0.645265698,113540.7578,43,6
1001,0.301191956,0.286024034,0.674243569,0.668464303,109012.2734,43,7
1002,0.225211397,0.21386981,0.504154682,0.499833316,91041.5,43,8
1003,0.054283462,0.051549762,0.121518105,0.120476507,24951.78125,43,9
1004,0.056587365,0.05373764,0.126675591,0.125589788,23849.20117,43,10
1005,0.075208269,0.071420804,0.168360054,0.166916952,27746.00195,43,11
1006,0.014679671,0.013940407,0.03286168,0.032580007,5918.53125,43,12
1007,0.018624419,0.017686499,0.041692335,0.041334968,7515.638184,43,13
1008,0.048645206,0.046195447,0.108896397,0.107962988,22360.11719,43,14
1009,0.050401252,0.047863059,0.11282745,0.11186035,22988.68359,43,15
1010,0.009147342,0.008686685,0.020477097,0.020301577,3465.407227,43,16
1011,0.06463024,0.06137548,0.144680232,0.143440112,29177.34375,43,17
1012,0.066463478,0.063116394,0.148784086,0.147508785,25364.46094,43,18
1013,0.05103837,0.048468091,0.114253692,0.113274366,20612.22852,43,19
1014,0.04212331,0.040001992,0.094296582,0.093488313,16075.52148,43,20
1015,0.271255881,0.257595509,0.607229114,0.602024257,102236.7344,43,21
1016,0.022516914,0.021382969,0.050406009,0.049973954,9086.40332,43,22
1017,0.008444583,0.008019316,0.018903909,0.018741874,3407.699707,43,23
1018,0.052790161,0.050131664,0.118175223,0.117162287,19836.95117,43,24
1019,0.026429964,0.025098959,0.059165701,0.058658563,10658.375,43,25
1020,0.036730375,0.034880642,0.082224041,0.081519254,14033.03906,43,26
1021,0.021284763,0.020212868,0.047647733,0.047239318,8126.04248,44,1
1022,0.04271885,0.04056754,0.095629744,0.094810054,16433.57813,44,2
1023,0.020325489,0.019301903,0.045500319,0.045110311,7236.073242,44,3
1024,0.04304944,0.040881485,0.096369803,0.095543765,15717.10938,44,4
1025,0.042126313,0.040004846,0.094303302,0.093494982,17064.16406,44,5
1026,0.129743189,0.123209365,0.290441066,0.287951559,65512.55859,44,6
1027,0.034080964,0.032364655,0.076293103,0.075639158,13152.03906,44,7
1028,0.018300235,0.017378641,0.040966619,0.040615473,6792.095215,44,8
1029,0.01256076,0.011928204,0.028118318,0.027877301,4471.753418,44,9
1030,0.036682136,0.034834836,0.082116053,0.081412196,13990.86523,44,10
1031,0.510120988,0.484431446,1.141948819,1.132160664,281979,45,1
1032,0.894815266,0.849752605,2.00311923,1.985949636,496272.4375,45,2
1033,0.139945254,0.132897645,0.313279241,0.310593963,77466.13281,45,3
1034,0.427448124,0.405921966,0.956878662,0.948676765,254498.1875,45,4
1035,0.13426286,0.127501428,0.300558746,0.297982484,70615.05469,45,5
1036,0.058697507,0.055741519,0.131399319,0.130273029,30904.53125,45,6
1037,0.125304177,0.118993893,0.280503958,0.278099597,64946.72656,45,7
1038,0.154121816,0.146360293,0.345014691,0.342057377,93128.90625,45,8
1039,0.177336276,0.168405667,0.396982193,0.393579453,104032.9688,45,9
1040,0.342707723,0.325449049,0.767180085,0.760604203,200124.9688,45,10
1041,0.163887203,0.155633897,0.366875321,0.363730639,96163.85938,45,11
1042,0.089081012,0.084594913,0.199415341,0.197706059,45837.14844,45,12
1043,0.073725887,0.070013076,0.165041611,0.163626954,40485.55859,45,13
1044,0.124348231,0.118086085,0.278364003,0.275977999,66655.73438,45,14
1045,0.342348367,0.325107783,0.766375661,0.759806633,174327.6094,45,15
1046,0.11173775,0.10611067,0.250134379,0.24799034,63484.27344,45,16
1047,0.134050816,0.127300069,0.300084054,0.297511905,72396.92188,45,17
1048,0.077125974,0.073241927,0.17265299,0.171173096,47429.69531,45,18
1049,0.086150572,0.081812054,0.192855313,0.191202253,44795.03125,45,19
1050,0.235155687,0.223313302,0.526415825,0.521903634,130409.25,45,20
1051,0.125947669,0.119604982,0.281944484,0.279527783,73456.28906,45,21
1052,0.062758423,0.059597928,0.140490025,0.139285818,34708.26172,45,22
1053,0.275647044,0.26176554,0.617059112,0.611769974,161192.8594,45,23
1054,0.07983809,0.075817466,0.178724289,0.177192345,43546.36719,45,32
1055,0.239923656,0.227841169,0.537089348,0.532485664,120422.4453,45,24
1056,0.026259268,0.024936859,0.058783583,0.058279719,15327.18848,45,25
1057,0.209141299,0.198609009,0.468180418,0.464167416,125338.5625,45,26
1058,0.096801706,0.091926798,0.216698781,0.214841336,46141.23438,45,27
1059,0.197053239,0.187129691,0.441120267,0.437339216,111197.3984,45,28
1060,0.053539697,0.050843451,0.119853117,0.118825801,26210.80859,45,29
1061,0.049401514,0.046913669,0.110589452,0.109641537,28702.60547,45,30
1062,0.078264296,0.074322931,0.175201222,0.173699483,48043.84766,45,31
1063,0.028848911,0.027396088,0.064580716,0.064027168,12255.14063,46,1
1064,0.048667837,0.046216939,0.108947054,0.108013213,22819.63672,46,2
1065,0.056682974,0.053828437,0.126889616,0.12580198,23069.34375,46,3
1066,0.218205363,0.207216606,0.488471091,0.484284133,94873.41406,46,4
1067,0.067086354,0.063707903,0.150178462,0.148891196,33939.37109,46,5
1068,0.35636732,0.338420779,0.797758281,0.790920258,173541.4063,46,6
1069,0.088055834,0.083621368,0.197120413,0.1954308,40084.28906,46,7
1070,0.089999698,0.085467339,0.201471895,0.199744985,47105.05078,46,8
1071,0.06269668,0.059539296,0.140351802,0.139148787,25970.23438,46,9
1072,0.099506743,0.094495617,0.22275424,0.220844895,41717.16406,46,10
1073,0.19599022,0.186120212,0.438740611,0.434979945,92116.64844,46,11
1074,0.049212642,0.046734307,0.110166639,0.109222345,23485.29688,46,12
1075,0.056706242,0.053850532,0.126941711,0.125853628,27257.34375,46,13
1076,0.223194331,0.21195434,0.499639332,0.495356679,105181.625,46,14
1077,0.091638975,0.087024063,0.205141574,0.203383192,38212.55078,46,15
1078,0.100497596,0.095436566,0.224972337,0.223043978,44025.375,46,16
1079,0.025524057,0.024238674,0.057137754,0.056647997,10811.32129,46,17
1080,0.245291874,0.232939035,0.549106538,0.544399858,112455.7891,46,18
1081,0.135516763,0.12869218,0.303365678,0.300765395,58586.17578,46,19
1082,0.15285641,0.145158604,0.342181951,0.339248925,64420,46,20
1083,0.176326662,0.167446896,0.394722074,0.391338706,77516.15625,46,21
1084,0.045688797,0.043387923,0.102278225,0.101401545,21352.57031,46,22
1085,0.101393431,0.096287288,0.226977736,0.225032195,42869.07813,46,23
1086,0.083482407,0.079278253,0.186882406,0.185280532,39676.40625,46,24
1087,0.08046969,0.07641726,0.180138186,0.178594127,34767.10547,46,25
1088,0.111951485,0.106313638,0.250612825,0.248464689,67682.50781,47,1
1089,0.107299283,0.10189572,0.240198478,0.238139614,63998.23438,47,17
1090,0.070241809,0.066704452,0.157242209,0.155894414,38377.76172,47,15
1091,0.116021767,0.110178947,0.259724498,0.257498294,55099.82813,47,18
1092,0.090203226,0.085660622,0.201927528,0.200196698,45925.96875,47,16
1093,0.222087309,0.210903063,0.49716115,0.492899746,125457.8828,47,2
1094,0.147555068,0.140124246,0.330314457,0.327483177,87185.94531,47,3
1095,0.097638704,0.092721641,0.218572468,0.216698959,49687.36719,47,4
1096,0.055447184,0.052654881,0.124123193,0.123059273,31056.52539,47,5
1097,0.168888509,0.160383344,0.378071189,0.374830544,105982.4609,47,10
1098,0.185634345,0.176285848,0.41555813,0.411996156,86913.99219,47,6
1099,0.142759532,0.135570213,0.319579244,0.316839993,68243.78125,47,7
1100,0.197848856,0.187885255,0.442901343,0.439105004,115887.9766,47,8
1101,0.159103438,0.151091024,0.356166452,0.353113562,96036.15625,47,9
1102,0.069828719,0.066312164,0.156317472,0.154977605,42469.34766,47,11
1103,0.229504734,0.217946947,0.513765693,0.509361923,133727.5469,47,12
1104,0.080806017,0.076736651,0.180891082,0.179340571,40836.90234,47,13
1105,0.184701577,0.175400048,0.41347003,0.409925967,107416.1641,47,14
1106,0.022872515,0.021720663,0.051202055,0.050763175,12111.31836,48,1
1107,0.004649964,0.004415793,0.010409337,0.010320113,2487.14867,48,2
1108,0.056365408,0.053526863,0.126178712,0.12509717,32093.29297,48,3
1109,0.000862323,0.000818897,0.001930383,0.001913837,433.2613507,48,4
1110,0.067523949,0.064123459,0.15115805,0.149862394,39489.51172,48,5
1111,0.066845506,0.063479185,0.149639294,0.148356661,40544.625,48,6
1112,0.031931069,0.03032303,0.071480393,0.070867695,18807.58008,48,7
1113,0.061563008,0.058462709,0.13781397,0.136632711,34357.48438,48,8
1114,0.01926869,0.018298324,0.043134585,0.042764857,11204.2666,48,9
1115,0.073211245,0.069524348,0.163889542,0.162484765,44144.78125,48,10
1116,0.041849678,0.039742139,0.093684033,0.092881013,22384.3371,48,11
1117,0.036541529,0.034701306,0.081801288,0.081100129,22849.61328,48,24
1118,0.047198888,0.044821963,0.105658688,0.104753032,28333.37695,48,12
1119,0.100058585,0.095019668,0.223989576,0.222069651,56658.09766,48,13
1120,0.067255169,0.063868217,0.150556356,0.14926587,38031.61719,48,14
1121,0.069159195,0.065676361,0.154818684,0.153491661,37660.35156,48,15
1122,0.017915318,0.017013108,0.040104948,0.039761189,9416.381836,48,16
1123,0.000862323,0.000818897,0.001930383,0.001913837,433.2613507,48,17
1124,0.023282729,0.022110216,0.052120349,0.051673597,11698.05555,48,18
1125,0.024437636,0.023206964,0.054705709,0.054236796,12845.94434,48,19
1126,0.069139227,0.0656574,0.15477398,0.153447345,37985.09375,48,20
1127,0.000862323,0.000818897,0.001930383,0.001913837,433.2613507,48,21
1128,0.052402087,0.049763132,0.117306486,0.116300993,30952.23633,48,22
1129,0.020069299,0.019058615,0.044926818,0.044541728,10083.5166,48,23
1130,0.227292538,0.215846151,0.5088135,0.504452169,82679.39063,49,1
1131,0.147224516,0.139810324,0.329574466,0.326749533,52711.125,49,2
1132,0.314513147,0.298674375,0.70406419,0.698029339,113924.0938,49,3
1133,0.211577043,0.200922087,0.473633021,0.469573289,74708.75,49,4
1134,0.303851455,0.288549572,0.68019712,0.674366772,129104.25,49,5
1135,0.324310213,0.307978034,0.725995779,0.719772875,159692.5156,49,6
1136,0.06999661,0.066471599,0.15669331,0.155350208,25575.84961,49,7
1137,0.243762568,0.231486753,0.545683026,0.541005731,87734.83594,49,8
1138,0.133742645,0.12700741,0.29939419,0.296827912,48178.51172,49,9
1139,0.234885246,0.223056495,0.525810421,0.521303415,90009.85938,49,10
1140,0.427146614,0.405635625,0.95620364,0.948007584,158445.9063,49,11
1141,0.234787211,0.222963393,0.525590956,0.521085858,83508.16406,49,12
1142,0.141995475,0.134844631,0.317868829,0.315144211,51662.07813,49,13
1143,0.110127024,0.104581058,0.246528625,0.244415507,40820.91797,49,14
1144,0.169546574,0.161008254,0.379544288,0.376291007,62100.62891,49,15
1145,0.177547097,0.168605879,0.397454143,0.39404735,74667.48438,49,16
1146,0.222964466,0.211736038,0.499124736,0.494846493,84939.85938,49,17
1147,0.088307783,0.083860628,0.197684407,0.195989951,33832.22266,49,18
1148,0.076237567,0.072398268,0.170664221,0.169201359,27694.34375,49,19
1149,0.15758796,0.14965187,0.352773935,0.349750131,58325.26563,49,20
1150,0.055003654,0.052233689,0.123130314,0.122074902,20446.58008,49,21
1151,0.152830705,0.145134196,0.342124403,0.339191884,56524.80469,49,22
1152,0.169916272,0.161359325,0.380371869,0.377111524,60747.23438,49,23
1153,0.421832472,0.400589108,0.944307566,0.936213434,150071,49,24
1154,0.098405674,0.093449995,0.220289394,0.218401194,34889.94922,49,25
1155,0.174289495,0.165512323,0.390161723,0.386817455,68963.4375,49,26
1156,0.129840493,0.123301759,0.290658891,0.288167506,46181.14063,49,27
1157,0.22496666,0.213637397,0.503606796,0.499290138,81017.05469,49,28
1158,0.151230454,0.143614531,0.338542134,0.335640311,55932.94922,49,29
1159,0.201356396,0.191216141,0.450753242,0.446889609,74472.14844,49,30
1160,0.159022257,0.151013955,0.355984747,0.352933407,63433.84766,49,31
1161,0.22581318,0.214441285,0.505501807,0.501168907,80534.28906,49,32
1162,0.06936603,0.065872781,0.155281708,0.153950706,27591.35938,50,15
1163,0.094327785,0.089577466,0.21116069,0.20935072,47073.33984,50,1
1164,0.075310752,0.071518123,0.168589473,0.167144403,39513.9375,50,2
1165,0.050044976,0.047524728,0.112029895,0.111069635,26716.27148,50,3
1166,0.143514335,0.136287004,0.321268946,0.318515182,83374.94531,50,4
1167,0.069956891,0.066433884,0.156604409,0.155262068,38949.72656,50,5
1168,0.04885672,0.046396311,0.109369889,0.10843242,28264.49023,50,6
1169,0.064376183,0.061134215,0.144111499,0.142876253,36239.3125,50,7
1170,0.068451121,0.065003946,0.153233618,0.15192017,31807.07813,50,8
1171,0.046647467,0.044298314,0.104424283,0.103529207,24651.32227,50,9
1172,0.10723675,0.101836339,0.240058497,0.23800084,45400.15625,50,10
1173,0.03369889,0.032001823,0.075437807,0.074791193,18220.8457,50,11
1174,0.066645265,0.063289031,0.149191052,0.147912249,35858.62109,50,12
1175,0.032636616,0.030993046,0.07305982,0.072433583,15813.25391,50,13
1176,0.040857613,0.038800035,0.091463208,0.090679236,19670.83398,50,14
1177,0.02433395,0.023108499,0.054473601,0.054006677,10584.91113,51,1
1178,0.045891836,0.043580737,0.10273274,0.101852171,24663.12695,51,2
1179,0.013986038,0.013281705,0.031308923,0.031040559,6536.52002,51,3
1180,0.035837848,0.034033064,0.080226041,0.079538383,17487.33008,51,4
1181,0.126783654,0.120398864,0.283815891,0.281383157,65891.64844,51,5
1182,0.081389502,0.077290751,0.182197258,0.180635557,38545.41016,51,6
1183,0.037914865,0.036005486,0.084875621,0.084148109,17041.81445,51,7
1184,0.057235848,0.054353464,0.128127262,0.127029017,29128.52734,51,8
1185,0.288393766,0.273870349,0.645593762,0.640060067,148481.8906,51,9
1186,0.155054435,0.147245929,0.347102404,0.344127208,80748.07031,51,10
1187,0.083694443,0.079479612,0.187357053,0.185751125,42151.29297,51,11
1188,0.191556171,0.181909457,0.42881465,0.42513907,106726.6875,52,1
1189,0.051769532,0.049162433,0.115890458,0.114897102,24703.29102,52,2
1190,0.131031141,0.124432452,0.293324262,0.290810019,66930.53125,52,3
1191,0.07126902,0.067679934,0.159541711,0.158174202,35307.39453,52,4
1192,0.270920038,0.257276565,0.60647732,0.601278901,151634.9063,52,5
1193,0.085903212,0.081577152,0.192301586,0.190653265,40991.33203,52,6
1194,0.069304921,0.065814748,0.1551449,0.153815076,35890.625,52,7
1196,0.238577083,0.226562411,0.534074903,0.529497087,126120.5234,52,8
1197,0.077332675,0.07343822,0.1731157,0.171631843,38396.76563,52,9
1198,0.055712238,0.052906584,0.124716535,0.123647526,28004.15234,52,10
1199,0.011443164,0.01086689,0.025616487,0.025396917,4205.854492,52,11
1200,0.032089345,0.030473333,0.071834698,0.071218967,16747.48438,52,12
1201,0.137077615,0.130174428,0.306859791,0.304229528,76304.27344,52,13
1202,0.110234916,0.104683511,0.246770144,0.244654953,55568.12891,52,14
1203,0.080657274,0.076595396,0.1805581,0.179010451,40675.35156,52,15
1204,0.14996694,0.142414644,0.335713625,0.332836032,75878.28906,53,1
1205,0.004601409,0.004369683,0.010300642,0.010212349,2216.500424,53,2
1206,0.024362084,0.023135215,0.054536577,0.054069117,11195.33496,53,3
1207,0.037280798,0.035403349,0.083456211,0.082740866,16379.74707,53,4
1208,0.115471907,0.109656781,0.258493602,0.256277919,54415.44531,53,5
1209,0.138002992,0.131053194,0.308931321,0.306283325,62976.64063,53,6
1210,0.035846133,0.034040932,0.080244593,0.079556771,17434.71289,53,7
1211,0.000668659,0.000634985,0.001496849,0.001484019,279.6158489,53,8
1212,0.091856204,0.087230347,0.205627844,0.203865305,42205.12109,53,9
1213,0.036404923,0.034571581,0.081495486,0.08079695,15780.04688,53,22
1214,0.020674672,0.019633502,0.046281993,0.045885287,9958.99707,53,10
1215,0.042270724,0.040141981,0.094626576,0.093815483,20760.72852,53,11
1216,0.029837588,0.028334977,0.066793956,0.066221431,13120.78027,53,12
1217,0.006017928,0.005714867,0.01347164,0.013356168,2516.542536,53,13
1218,0.041412679,0.039327148,0.092705771,0.09191114,19948.50299,53,14
1219,0.213635147,0.202876538,0.478240281,0.474141032,109063.1875,53,15
1220,0.474026978,0.450155109,1.061149359,1.05205369,204766.0625,53,16
1221,0.098085843,0.093146272,0.219573423,0.217691347,47608.46484,53,17
1222,0.083357878,0.079159997,0.186603636,0.18500416,37301.125,53,23
1223,0.06754791,0.064146221,0.151211694,0.149915576,34874.51953,53,18
1224,0.037898004,0.035989471,0.084837876,0.084110685,17384.11719,53,19
1225,0.099770732,0.094746307,0.223345205,0.221430793,50675.44141,53,24
1226,0.079131924,0.075146861,0.177143484,0.175625086,36343.08203,53,20
1227,0.325442344,0.309053153,0.728530109,0.72228545,117465.2422,54,1
1228,0.461485863,0.438245565,1.033074975,1.02421999,160072.3438,54,2
1229,0.405914843,0.385473102,0.908674598,0.90088588,144710.7031,54,3
1230,0.409511089,0.38888824,0.916725099,0.908867359,146740.2031,54,4
1231,0.45726943,0.434241474,1.023636222,1.014862061,160762.75,54,5
1232,0.341822803,0.324608684,0.765199125,0.75864023,119706.2031,54,6
1233,0.210596815,0.199991226,0.471438706,0.467397779,72336.0625,54,7
1234,0.522832215,0.496502548,1.170403957,1.1603719,178824.0156,54,8
1235,0.781801701,0.742430389,1.750128984,1.735127687,282203.3125,54,9
1236,0.134939864,0.128144339,0.302074254,0.299485028,46153.48828,54,10
1237,0.453458697,0.430622637,1.015105486,1.006404519,163485.125,54,11
1238,0.258900136,0.245861992,0.579569757,0.574602008,88551.47656,54,12
1239,0.54968524,0.522003233,1.230516672,1.219969273,198020.4063,54,13
1240,0.169748157,0.161199689,0.379995555,0.376738399,58307.47266,54,14
1241,0.836681247,0.794546187,1.872981429,1.856927156,301961.4375,54,15
1242,0.386506706,0.367042333,0.865227818,0.857811511,139447.6563,54,16
1243,0.143885896,0.136639848,0.322100699,0.319339812,50289.17578,54,17
1244,0.28506273,0.270707041,0.638136923,0.632667124,99029.34375,54,18
1245,0.09951631,0.094504699,0.222775653,0.220866129,35144.25781,54,19
1246,0.139097154,0.132092267,0.311380714,0.308711708,49798.09375,54,20
1247,0.054067232,0.051344424,0.121034056,0.119996615,18775.47461,54,21
1248,0.177022532,0.168107733,0.396279842,0.392883152,60546.92188,54,22
1249,0.117763482,0.111832947,0.263623476,0.261363834,57605.49219,55,1
1250,0.086332172,0.081984513,0.193261847,0.1916053,46338.73438,55,2
1251,0.128205836,0.121749431,0.286999583,0.284539551,62570.40625,55,3
1252,0.0708059,0.067240134,0.158504963,0.15714635,36924.05078,55,4
1253,0.008686744,0.008249281,0.019446007,0.019279325,4860.209838,55,5
1254,0.078751124,0.07478524,0.176291019,0.174779937,41848.45313,55,6
1255,0.154443666,0.146665931,0.345735162,0.342771679,80215.82813,55,7
1256,0.137838528,0.130897015,0.308563173,0.305918306,67899.97656,55,8
1257,0.03593491,0.034125239,0.08044333,0.079753809,19752.24219,55,9
1258,0.09831965,0.093368299,0.220096827,0.218210265,51576.09766,55,10
1259,0.195351645,0.18551378,0.437311113,0.433562696,105364.5,55,11
1260,0.073992215,0.070265993,0.165637806,0.164218053,40006.88281,55,12
1261,0.139928535,0.132881775,0.31324181,0.310556859,69836.71094,55,13
1262,0.078180691,0.07424353,0.175014053,0.17351392,43741.88673,55,14
1263,0.062143054,0.059013549,0.139112473,0.137920067,32411.89453,55,15
1264,0.092726417,0.088056743,0.207575902,0.205796659,45556.25391,55,16
1265,0.102917202,0.097734317,0.23038882,0.228414044,52467.34375,55,17
1266,0.131409496,0.124791749,0.294171214,0.291649729,62462.35547,55,18
1267,0.127929881,0.121487372,0.286381811,0.283927083,58380.76172,55,19
1268,0.127929881,0.121487372,0.286381811,0.283927083,58380.76172,55,20
1269,0.047187425,0.044811081,0.105633028,0.104727596,23397.89258,55,21
1270,0.038339037,0.036408294,0.08582516,0.085089512,20729.54883,55,48
1271,0.071407624,0.067811556,0.159851983,0.158481807,36529.41016,55,22
1272,0.147233024,0.139818415,0.329593539,0.326768428,73202.48438,55,23
1273,0.206515536,0.196115464,0.462302417,0.458339781,112729.3828,55,24
1274,0.086092532,0.081756935,0.19272539,0.191073433,41976.40234,55,25
1275,0.120066412,0.114019901,0.268778771,0.266474932,57070.69531,55,26
1276,0.300296158,0.285173327,0.672238231,0.66647613,139544.5781,55,27
1277,0.058367897,0.055428505,0.130661458,0.129541487,27817.23438,55,28
1278,0.017248254,0.016379638,0.038611673,0.038280711,9503.514648,55,29
1279,0.10745874,0.102047145,0.240555435,0.238493517,54430.07422,55,30
1280,0.108015515,0.102575883,0.241801828,0.239729226,56101.71094,55,31
1281,0.246932849,0.234497383,0.552779973,0.548041821,135730.8906,55,32
1282,0.191096276,0.181472734,0.427785128,0.42411837,90833.03906,55,33
1283,0.094288185,0.089539856,0.211072043,0.209262833,44817.62891,55,34
1284,0.112678751,0.107004285,0.252240896,0.250078797,60924.32031,55,35
1285,0.113493666,0.107778162,0.254065156,0.251887411,61723.60938,55,36
1286,0.112683453,0.107008748,0.252251416,0.250089228,50114.125,55,37
1287,0.128433675,0.121965788,0.28750959,0.285045207,66460.91406,55,38
1288,0.093731143,0.089010864,0.209825054,0.208026543,48573.55078,55,39
1289,0.013265083,0.012597057,0.029695006,0.029440474,6889.693848,55,40
1290,0.195749864,0.185891956,0.43820256,0.434446514,100626.8359,55,41
1291,0.122869425,0.116681755,0.275053561,0.272695929,59472.44141,55,42
1292,0.044382956,0.042147841,0.099354982,0.098503359,22638.66797,55,43
1293,0.355513752,0.337610185,0.795847476,0.789025843,153581.3906,55,44
1294,0.100063898,0.095024712,0.224001467,0.222081438,55001.84375,55,45
1295,0.181227893,0.172101304,0.405693889,0.402216494,94624.125,55,46
1296,0.138968244,0.131969839,0.311092138,0.308425605,72178.11719,55,47
1297,0.021880101,0.020778226,0.048980452,0.048560616,8464.21582,56,1
1298,0.043324545,0.041142736,0.096985646,0.096154332,13639.81445,56,2
1299,0.144473106,0.13719748,0.32341522,0.320643067,52651.94922,56,3
1300,0.098490059,0.093530126,0.220478296,0.218588457,35685.66406,56,5
1301,0.065244153,0.061958473,0.146054536,0.144802615,21046.875,56,6
1302,0.188094735,0.178622335,0.421065927,0.417456746,65339.70703,56,7
1303,0.250935704,0.23829864,0.561740696,0.556925714,86068.375,56,8
1304,0.17420575,0.165432796,0.389974236,0.386631578,63902.82031,56,10
1305,0.112194113,0.106544055,0.251155972,0.249003202,38604.71484,56,15
1306,0.108574815,0.10310702,0.243053868,0.240970537,35167.94922,56,16
1307,0.243232697,0.23098357,0.544496894,0.539829731,77431.34375,56,17
1308,0.140611053,0.133529931,0.314769685,0.312071651,49229.65625,56,18
1309,0.155819908,0.147972852,0.348815978,0.345826089,50561.05469,56,19
1311,0.062254101,0.059119001,0.139361054,0.138166517,20801.49023,56,20
1312,0.004282156,0.004066508,0.009585968,0.009503801,1364.263595,56,21
1313,0.263769507,0.250486135,0.590470254,0.585409045,88184.40625,56,22
1314,0.135145411,0.128339529,0.302534401,0.299941212,44699.41797,56,23
1315,0.455589056,0.432645738,1.019874573,1.011132717,150615.4375,56,24
1316,0.067756653,0.064344451,0.151678979,0.150378868,21811.36328,56,25
1317,0.2308397,0.219214678,0.51675415,0.51232475,76555.64063,56,27
1318,0.153392553,0.145667747,0.34338215,0.340438873,55131.85156,56,28
1319,0.04050231,0.038462624,0.090667829,0.089890674,15668.13086,56,29
1320,0.369082123,0.350495249,0.826221406,0.819139481,123208.5,56,30
1321,0.058279492,0.055344556,0.130463555,0.129345283,18683.85352,56,31
1322,0.004282156,0.004066508,0.009585968,0.009503801,1364.263595,56,32
1323,0.025309023,0.024034467,0.056656379,0.056170747,8099.514648,56,33
1324,0.055447277,0.052654967,0.124123402,0.123059474,17991.75,56,34
1325,0.014067752,0.013359305,0.03149185,0.031221917,4890.687012,56,35
1326,0.077078813,0.07319714,0.172547413,0.171068416,24556.74369,56,36
1327,0.064601608,0.061348289,0.144616142,0.143376559,20296.76367,56,37
1328,0.192790881,0.183081985,0.431578636,0.427879363,64205.60156,56,38
1329,0.10166207,0.096542403,0.227579117,0.225628421,33602.60938,56,39
1330,0.068454571,0.065007217,0.153241321,0.151927814,24309.78711,56,40
1331,0.102115989,0.096973456,0.228595242,0.226635844,34359.4375,56,41
1332,0.122330897,0.116170347,0.273848027,0.271500736,42840.65625,56,42
1333,0.116136737,0.110288128,0.259981871,0.257753432,42385.26953,56,44
1334,0.644319534,0.611871779,1.44236362,1.430000305,214865.7188,56,45
1335,0.194523335,0.184727207,0.435456902,0.43172437,85011.70313,56,46
1336,0.391566128,0.371846974,0.876553774,0.86904037,129556.1797,56,47
1337,0.165173113,0.156855047,0.369753927,0.366584599,56589.42188,56,48
1338,0.078982875,0.075005315,0.176809818,0.175294295,27976.88477,56,49
1339,0.053607371,0.05090772,0.120004617,0.118975997,31757.04688,57,1
1340,0.049944028,0.047428861,0.111803912,0.110845581,28607.28516,57,2
1341,0.099229321,0.094232164,0.222133204,0.220229179,57446.21484,57,3
1342,0.085803524,0.081482477,0.192078412,0.190432012,48197.83984,57,4
1343,0.089215651,0.08472278,0.199716762,0.198004887,42407.46875,57,6
1344,0.048220191,0.045791835,0.107944958,0.107019708,28444.00586,57,5
1345,1.617989421,1.536507964,3.622005701,3.590959787,264542.5938,58,1
1346,12.5079298,11.87803364,28.00005341,27.76005173,2050546.875,58,2
1347,0.007925928,0.00752678,0.017742855,0.017590774,2038.586304,58,3
1348,2.362661362,2.24367857,5.289016724,5.243681908,424513.8438,58,4
1349,1.296937585,1.231624246,2.9033041,2.878418446,212050.3594,58,5
1350,1.072856784,1.018828034,2.40168047,2.381094456,209129.4375,58,6
1351,0.134355113,0.127589032,0.300765246,0.298187226,43670.11719,58,7
1352,2.272792101,2.15833497,5.087836742,5.04422617,371766.5625,58,9
1353,0.168541446,0.160053745,0.377294242,0.374060243,54616.96875,58,10
1354,3.152753353,2.9939816,7.057704449,6.997209072,551850.0625,58,8
1355,4.275963306,4.060626984,9.5721035,9.490056038,699123.4375,58,11
1356,0.101374768,0.096269563,0.226935953,0.22499077,25944.48242,58,12
1357,2.237092495,2.124433279,5.007920265,4.964994907,365766.4375,58,13
1358,1.248440623,1.185569525,2.794739485,2.770784378,204123.9844,58,14
1359,0.032314587,0.030687233,0.072338924,0.071718872,17153.4082,59,1
1360,0.000438651,0.000416561,0.000981958,0.000973541,205.829568,59,2
1361,0.064718321,0.061459124,0.144877419,0.143635601,31987.52539,59,3
1362,0.011843587,0.011247147,0.026512866,0.026285611,5557.3979,59,4
1363,0.000438651,0.000416561,0.000981958,0.000973541,205.829568,59,5
1364,0.000438651,0.000416561,0.000981958,0.000973541,205.829568,59,6
1365,0.035973411,0.034161799,0.080529511,0.079839252,19368.14063,59,16
1366,0.058575418,0.055625577,0.131126016,0.130002066,31467.67969,59,7
1367,0.032020025,0.030407505,0.071679525,0.07106512,15881.09961,59,8
1368,0.104763336,0.099487484,0.234521553,0.232511356,55825.27734,59,9
1369,0.031485315,0.029899724,0.07048253,0.069878392,12358.76074,59,10
1370,0.027092943,0.02572855,0.060649838,0.060129978,13268.4873,59,11
1371,0.033908274,0.032200664,0.07590653,0.075255893,16418.40625,59,12
1372,0.070210069,0.066674314,0.15717116,0.155823976,34809.91016,59,13
1373,0.004709052,0.004471906,0.01054161,0.010451253,2568.606288,59,14
1374,0.042381466,0.040247149,0.094874485,0.094061272,23117.45564,59,15
1375,0.017893406,0.016992299,0.040055897,0.039712556,9445.355469,59,17
1376,0.009201818,0.008738417,0.020599044,0.02042248,5137.917455,60,1
1377,0.148549989,0.141069055,0.332541674,0.329691291,82377.64844,60,2
1378,0.248449072,0.235937237,0.556174156,0.551406905,138723.7604,60,3
1379,0.036232375,0.03440772,0.081109218,0.08041399,22285.79102,60,4
1380,0.085445829,0.081142806,0.191277698,0.189638153,53427.51172,60,5
1381,0.001145665,0.001087969,0.002564667,0.002542684,679.4048929,60,6
1382,0.056150779,0.053323042,0.125698254,0.124620825,33519.12109,60,7
1383,0.054213777,0.051483586,0.121362105,0.120321855,33127.87109,60,8
1384,0.050402023,0.047863793,0.112829179,0.111862063,31508.86328,60,9
1385,0.20469591,0.194387481,0.458229035,0.454301327,125557.125,60,10
1386,0.043280113,0.041100539,0.09688618,0.096055716,25842.56836,60,11
1387,0.021793542,0.020696025,0.048786681,0.048368506,13366.93262,60,12
1388,0.012504338,0.011874624,0.027992016,0.027752083,7603.544434,60,26
1389,0.059449814,0.05645594,0.133083418,0.131942689,35638.21875,60,22
1390,0.020743418,0.019698786,0.046435889,0.046037864,12752.93848,60,13
1391,0.107857771,0.102426082,0.2414487,0.239379123,66870.14063,60,25
1392,0.01953141,0.018547814,0.043722708,0.04334794,11856.92871,60,14
1393,0.002433092,0.002310562,0.00544668,0.005399994,1497.467896,60,15
1394,0.050901435,0.048338052,0.113947146,0.112970449,28657.73242,60,16
1395,0.080056109,0.07602451,0.179212347,0.177676231,44549.28516,60,17
1396,0.009201818,0.008738417,0.020599044,0.02042248,5137.917455,60,18
1397,0.009201818,0.008738417,0.020599044,0.02042248,5137.917455,60,24
1398,0.010310983,0.009791725,0.023082004,0.022884156,6114.643783,60,19
1399,0.040813684,0.038758319,0.091364868,0.090581737,25403.60938,60,20
1400,0.04987877,0.047366888,0.11165783,0.110700751,30417.27458,60,21
1401,0.005542086,0.005262988,0.012406426,0.012300084,3379.697316,60,23
1402,0.36452207,0.346164852,0.816013336,0.80901891,183677.8125,80,1
1403,0.146276698,0.138910249,0.327452719,0.324645966,78097.75781,80,2
1404,0.055088297,0.052314065,0.12331979,0.122262754,29363.54883,80,3
1405,0.12636064,0.119997159,0.282868952,0.280444324,63844.89453,80,4
1406,0.031928755,0.030320831,0.071475208,0.070862554,14098.66309,80,5
1407,0.208841756,0.198324546,0.467509866,0.463502616,108850.125,80,6
1408,0.141679749,0.13454479,0.317162037,0.314443499,71957.23438,80,7
1409,0.017941847,0.017038301,0.040164337,0.039820068,8223.567383,61,1
1410,0.032967448,0.031307217,0.073800407,0.073167831,14557.09863,61,2
1411,0.039568409,0.037575755,0.088577218,0.087817974,17133.08203,61,3
1412,0.039723057,0.037722614,0.08892341,0.0881612,17200.04297,61,4
1413,0.043614119,0.041417725,0.097633883,0.096797012,17836.90234,61,5
1414,0.074802481,0.071035445,0.16745165,0.16601634,31415.9375,61,6
1415,0.044878565,0.042618494,0.100464448,0.099603318,32753.30469,62,2
1416,0.112024821,0.106383286,0.250777006,0.248627469,83117.80469,62,3
1417,0.056066375,0.053242888,0.125509307,0.124433503,40484.9375,62,4
1418,0.068969898,0.065496594,0.154394925,0.153071523,50331.80859,62,5
1419,0.12149559,0.115377106,0.27197811,0.269646853,85420.89844,62,6
1420,0.098836534,0.093859151,0.221253902,0.219357431,65525.64063,62,7
1421,0.070645168,0.067087501,0.158145159,0.156789616,51417.55859,62,8
1422,0.056668404,0.053814597,0.126856998,0.125769645,40317.86328,62,9
1423,0.085495621,0.081190087,0.191389158,0.18974866,60887.96875,62,10
1424,0.075610466,0.071802743,0.169260398,0.167809576,53310.03516,62,11
1425,0.051428303,0.048838388,0.115126587,0.11413978,36256.74609,62,12
1426,0.122608811,0.116434269,0.27447015,0.272117525,82120.13281,62,13
1427,0.02543336,0.024152543,0.056934718,0.056446701,16322.55566,62,14
1428,0.016787222,0.015941823,0.037579611,0.037257496,11541.98242,62,15
1429,0.17725724,0.16833061,0.396805257,0.393404037,122582.9688,62,16
1430,0.107922316,0.102487378,0.241593197,0.239522368,54304.46094,63,2
1431,1.076359034,1.022153974,2.409520388,2.388867378,465993.6563,63,3
1432,0.140601575,0.133520916,0.314748466,0.312050611,73815.01563,63,6
1433,0.12590386,0.119563386,0.281846404,0.279430568,61894.52344,63,19
1434,0.107049942,0.10165894,0.23964031,0.23758623,61008.08594,63,11
1435,0.458429575,0.435343206,1.026233315,1.017436862,197556.5156,63,12
1436,0.019675856,0.018684985,0.044046063,0.04366852,10041.87695,63,18
1437,0.113871448,0.108136915,0.254910827,0.25272584,57595.63672,63,13
1438,0.372993469,0.354209632,0.834977329,0.827820301,165895.5,63,16
1439,0.08371409,0.079498276,0.187401056,0.185794741,39556.74219,63,14
1440,0.143583447,0.136352628,0.32142365,0.318668544,82846.48438,63,15
1441,0.098599687,0.093634233,0.220723704,0.218831778,48643.13672,63,17
1442,0.034877919,0.033121478,0.07807716,0.077407926,20262.94141,64,1
1443,0.042810045,0.040654145,0.09583389,0.095012456,25810.84766,64,2
1444,0.067629524,0.064223722,0.151394382,0.150096714,42235.92188,64,3
1445,0.039995767,0.037981592,0.089533895,0.088766456,22756.85156,64,4
1446,0.054357599,0.051620167,0.121684067,0.120641053,33982.125,64,5
1447,0.02799266,0.026582958,0.062663928,0.062126808,17927.86328,64,6
1448,0.001961455,0.001862677,0.004390883,0.004353246,1118.066521,64,19
1449,0.12732327,0.120911315,0.285023898,0.282580793,67383.53125,64,7
1450,0.038734064,0.036783427,0.086709462,0.085966237,20418.375,64,8
1451,0.051473126,0.048880953,0.115226932,0.114239261,27177.69727,64,9
1452,0.017653096,0.016764091,0.039517943,0.039179214,10062.59827,64,10
1453,0.042236511,0.040109493,0.094549991,0.093739554,19257.84766,64,11
1454,0.0378417,0.035936002,0.084711835,0.083985724,23681.69141,64,12
1455,0.020164322,0.019148853,0.045139536,0.044752624,12914.21387,64,13
1456,0.016059989,0.015251212,0.035951637,0.035643477,10033.16406,64,14
1457,0.041259326,0.039181516,0.092362478,0.091570787,18730.72266,64,15
1458,0.057033863,0.054161657,0.127675116,0.126580745,34998.22266,64,16
1459,0.099059381,0.094070777,0.221752763,0.219852015,60545.73828,64,17
1460,0.043944191,0.041731175,0.09837278,0.097529575,25732.75391,64,18
1461,0.226020679,0.214638337,0.505966306,0.501629412,124408.0547,65,1
1463,0.169858783,0.161304742,0.380243212,0.376983941,88476.35938,65,2
1464,0.092799343,0.088125996,0.207739159,0.205958515,52370.52344,65,3
1465,0.123433426,0.117217354,0.276316136,0.273947686,70145.75781,65,4
1466,0.055303182,0.052518129,0.123800837,0.12273968,30558.66992,65,5
1467,0.14975208,0.142210603,0.335232645,0.332359195,80250.60156,65,8
1468,0.079628929,0.075618841,0.178256065,0.176728144,43813.80078,65,6
1469,0.085573487,0.081264026,0.191563457,0.189921468,50125.07031,65,7
1470,0.061724477,0.05861605,0.138175443,0.136991069,32561.16406,65,9
1471,0.056480687,0.053636335,0.12643677,0.125353023,31862.53125,65,10
1472,0.048215091,0.045786995,0.107933544,0.10700839,26490.29688,65,12
1473,0.132775262,0.126088738,0.297228634,0.294680923,76101.11719,65,11
1474,0.001044107,0.000991526,0.002337321,0.002317287,550.273348,66,6
1475,0.165581137,0.157242522,0.370667309,0.367490143,89541.77344,66,1
1476,0.009396961,0.008923733,0.021035889,0.020855579,4952.459927,66,2
1477,0.053802881,0.051093385,0.120442286,0.119409911,36469.29297,66,3
1478,0.001386769,0.001316932,0.003104399,0.00307779,712.4000372,66,17
1479,0.132583067,0.125906214,0.296798348,0.294254333,88038.66406,66,4
1480,0.028692033,0.02724711,0.064229533,0.063678995,20760.36328,66,5
1481,0.062851921,0.059686713,0.140699312,0.139493316,40524.23438,66,7
1482,0.001386769,0.001316932,0.003104399,0.00307779,712.4000372,66,18
1483,0.023733508,0.022538295,0.053129457,0.052674059,16784.37109,66,16
1484,0.201007575,0.190884888,0.449972391,0.446115464,63898,66,8
1485,0.036109131,0.034290686,0.080833331,0.080140471,26105.29883,66,9
1486,0.032071631,0.030456511,0.071795046,0.071179658,23144.08984,66,10
1487,0.197276935,0.187342137,0.441621065,0.437835693,104528.2813,66,11
1488,0.037442758,0.035557152,0.083818768,0.083100318,19234.79949,66,12
1489,0.160043269,0.151983544,0.358270347,0.355199456,105030.8984,66,13
1490,0.001386769,0.001316932,0.003104399,0.00307779,712.4000372,66,14
1491,0.028040206,0.026628109,0.062770367,0.062232327,17913,66,15
1492,0.024943663,0.023687506,0.055838488,0.05535987,13772.75781,67,1
1493,0.040175781,0.038152538,0.089936867,0.089165978,21954.22656,67,2
1494,0.004079436,0.003873997,0.009132161,0.009053885,1967.920288,67,4
1495,0.112032145,0.106390238,0.250793397,0.248643711,55762.1875,67,6
1496,0.052847851,0.050186448,0.118304364,0.117290318,28281.28125,67,7
1497,0.043313425,0.041132171,0.096960753,0.096129648,22230.08008,67,8
1498,0.018287951,0.017366974,0.040939119,0.040588208,9786.711914,67,10
1499,0.043078829,0.040909391,0.096435592,0.095608994,23731.23633,67,11
1501,0.053058367,0.050386366,0.118775629,0.117757544,28058.81055,67,14
1502,0.038385484,0.036452405,0.085929148,0.085192606,19481.25195,67,15
1503,0.033106282,0.031439058,0.074111201,0.073475957,17716.67188,67,16
1504,0.04747713,0.045086194,0.106281556,0.105370559,25788.30664,67,17
1505,0.024119295,0.022904655,0.053993076,0.053530272,12717.06445,67,18
1506,0.03439872,0.032666411,0.077004433,0.076344393,15929.77344,67,19
1507,0.034069691,0.032353949,0.076267868,0.075614139,18232.23633,67,20
1508,0.005593904,0.005312196,0.012522425,0.012415089,2508.728027,67,21
1509,0.03474674,0.032996904,0.07778351,0.077116787,18332.26367,67,22
1510,0.071019597,0.067443073,0.158983365,0.157620624,29718.83984,67,23
1511,0.146953434,0.139552891,0.328967631,0.326147884,68612.95313,67,24
1512,0.029939184,0.028431455,0.067021385,0.066446908,16360.39453,67,25
1513,0.023927486,0.022722505,0.053563695,0.053104572,13075.27734,67,27
1514,0.042915948,0.040754713,0.096070968,0.095247492,23823.37109,68,1
1515,0.012284911,0.011666247,0.02750081,0.027265087,6859.36377,68,2
1516,0.110432476,0.104871131,0.24721241,0.24509342,59556.73047,68,3
1517,0.046793129,0.044436641,0.104750365,0.103852496,26716.88477,68,4
1518,0.022520822,0.021386679,0.050414756,0.049982626,12080.69043,68,5
1519,0.014995159,0.014240007,0.033567928,0.033280198,7977.9375,68,6
1520,0.052376006,0.049738366,0.117248103,0.116243109,28067.03516,68,7
1521,0.022609906,0.021471279,0.050614182,0.050180342,11804.86035,68,8
1522,0.053541034,0.050844721,0.119856112,0.118828766,30389.28711,68,9
1523,0.045417897,0.043130666,0.101671793,0.100800313,23579.66797,68,10
1524,0.036204342,0.034381099,0.08104647,0.080351777,20169.95898,68,11
1525,0.092303686,0.087655298,0.206629589,0.204858467,49013.61328,68,12
1526,0.009521625,0.009042119,0.02131496,0.021132259,5129.896484,68,13
1527,0.056518365,0.053672116,0.126521125,0.125436649,32510.77344,68,14
1528,0.057054602,0.054181345,0.127721533,0.12662676,32028.49023,68,15
1529,0.047790702,0.045383975,0.106983513,0.106066503,26457.29688,68,16
1530,0.088146217,0.083707199,0.197322726,0.195631385,48684.03516,68,17
1531,0.060384635,0.05734368,0.135176092,0.134017423,34548.29688,68,18
1532,0.082406729,0.078256749,0.184474409,0.182893187,42445.51172,68,19
1533,0.051964052,0.049347155,0.116325907,0.115328819,22094.99219,69,1
1534,0.179479241,0.170440719,0.401779413,0.398335576,64629.24609,69,2
1535,0.130435273,0.12386658,0.29199034,0.289487541,46416.91797,69,3
1536,0.372649133,0.353882641,0.834206522,0.82705611,136584.3906,69,4
1537,0.518281281,0.492180765,1.160216212,1.150271416,185613.8281,69,5
1538,0.249308333,0.23675324,0.55809772,0.553313971,92725.46875,69,6
1539,0.264813453,0.25147751,0.592807233,0.587725997,95382.76563,69,7
1540,0.190550372,0.180954307,0.426563084,0.422906786,66179.92969,69,8
1541,0.170650229,0.162056327,0.3820149,0.37874046,72517.60156,69,9
1542,0.191481814,0.18183884,0.428648174,0.424974024,70707.95313,69,10
1543,0.056420945,0.053579602,0.126303032,0.125220433,21009.08203,69,11
1544,0.043985724,0.041770618,0.098465756,0.097621754,16378.66504,69,12
1545,0.07080698,0.067241155,0.158507377,0.157148734,25822.42383,69,13
1546,0.286888719,0.272441089,0.64222455,0.636719763,106879.8672,69,18
1547,0.068247035,0.064810134,0.152776748,0.151467219,35446.53516,69,14
1548,0.147871435,0.140424684,0.33102268,0.32818532,51541.98438,69,15
1549,0.508861959,0.483235836,1.139130473,1.129366398,184917.7969,69,16
1550,0.212389842,0.201693952,0.475452572,0.471377224,79085.35156,69,17
1551,0.035090056,0.033322929,0.07855205,0.077878735,23478.03922,70,2
1552,0.059975322,0.056954984,0.13425982,0.133109003,39910.79297,70,9
1553,0.017452505,0.016573602,0.039068905,0.038734024,8253.899781,70,3
1554,0.08238627,0.078237318,0.184428602,0.182847768,56185.82422,70,1
1555,0.003548257,0.003369568,0.007943071,0.007874988,2549.50293,70,10
1556,0.050475303,0.047933384,0.112993215,0.112024696,30833.09918,70,11
1557,0.003898895,0.003702548,0.008728006,0.008653193,2608.671133,70,4
1558,0.005608367,0.005325932,0.012554802,0.012447189,3425.900051,70,5
1559,0.002857182,0.002713295,0.006396042,0.006341218,1975.216826,70,6
1560,0.025714634,0.024419653,0.057564375,0.057070962,17776.9507,70,7
1561,0.001939167,0.001841511,0.00434099,0.004303781,917.1000137,70,8
1562,0.139777958,0.132738769,0.312904716,0.310222656,56013.39453,71,1
1563,0.090300791,0.085753269,0.202145934,0.200413242,38322.94922,71,2
1564,0.108694501,0.103220671,0.243321791,0.24123615,24143.79688,71,3
1565,0.107163891,0.101767145,0.239895403,0.237839133,38572.55469,71,4
1566,0.082777232,0.078608595,0.185303822,0.183715478,33297.78516,71,5
1567,0.069289312,0.065799922,0.155109957,0.153780431,17862.68164,71,6
1568,0.336550653,0.319602072,0.753396988,0.746939242,120061.6719,71,7
1569,0.107952237,0.102515794,0.241660178,0.239588782,44066.95703,71,8
1570,0.230926454,0.219297066,0.516948342,0.512517273,83464.79688,71,9
1571,0.037380747,0.035498265,0.083679952,0.082962692,15865.32617,71,10
1572,0.179880396,0.170821667,0.402677417,0.399225861,66558.42188,71,11
1573,0.055639539,0.052837547,0.124553792,0.123486176,21544.6875,71,12
1574,0.127929881,0.121487372,0.286381811,0.283927083,58380.76172,71,13
1575,0.395901144,0.375963688,0.886258066,0.878661513,142062.4688,71,14
1576,0.071430393,0.067833178,0.15990296,0.158532351,42330.98828,72,26
1577,0.07116621,0.067582294,0.159311548,0.157946005,39679.51172,72,24
1578,0.243005946,0.230768234,0.543989301,0.539326489,116546.9688,72,1
1579,0.117174864,0.111273967,0.262305796,0.260057449,59511.80859,72,2
1580,0.051877271,0.049264748,0.116131648,0.115136221,30251.70117,72,25
1581,0.078635037,0.074675001,0.176031157,0.17452231,46224.32422,72,23
1582,0.03642758,0.034593094,0.081546202,0.080847226,21562.41211,72,22
1583,0.119993933,0.113951072,0.268616527,0.266314089,69020.75,72,27
1584,0.064638555,0.061383378,0.144698858,0.14345856,36129.84375,72,3
1585,0.018852655,0.017903242,0.042203259,0.041841514,8431.276367,72,4
1586,0.07447464,0.070724122,0.166717768,0.165288731,42203,72,5
1587,0.05766261,0.054758739,0.12908262,0.127976179,32264.93359,72,6
1588,0.062703572,0.059545837,0.140367225,0.139164075,37486.03516,72,7
1589,0.019082399,0.018121414,0.042717557,0.042351402,9799.37793,72,8
1590,0.039494637,0.037505701,0.088412076,0.087654255,22864.89648,72,9
1591,0.067800403,0.064385988,0.15177691,0.150475949,33601.86719,72,10
1592,0.047022875,0.044654816,0.105264664,0.104362391,27890.16016,72,11
1593,0.05145913,0.048867662,0.115195595,0.114208199,22720.58789,72,12
1594,0.037002552,0.035139114,0.082833335,0.082123324,22043.31445,72,13
1595,0.148376331,0.140904143,0.332152903,0.329305857,85738.28125,72,14
1596,0.099893071,0.094862483,0.223619059,0.221702293,56866.32813,72,15
1597,0.102249719,0.097100452,0.228894606,0.22693263,55680.42188,72,16
1598,0.087582864,0.083172217,0.196061626,0.194381073,41271.13281,72,17
1599,0.089863613,0.085338108,0.201167271,0.199442968,51197.5,72,18
1600,0.061646976,0.058542449,0.138001949,0.136819065,35839.91406,72,19
1601,0.045589559,0.043293681,0.102056071,0.101181298,26617.24805,72,20
1602,0.053174082,0.05049625,0.119034663,0.118014358,30339.61914,72,21
1603,0.09688919,0.09200988,0.216894627,0.215035513,43897.71875,73,2
1604,0.047885142,0.045473661,0.107194923,0.106276102,25255.23242,73,3
1605,0.044442032,0.042203944,0.09948723,0.098634474,24857.82617,73,5
1606,0.071998805,0.068372972,0.1611754,0.159793884,41239.15234,73,6
1607,0.064511187,0.061262425,0.144413739,0.143175885,35238.70703,73,7
1608,0.142578632,0.135398418,0.31917429,0.316438496,86970.28906,73,8
1609,0.051860474,0.049248796,0.116094045,0.115098946,28753.89648,73,43
1610,0.016382609,0.015557585,0.036673851,0.0363595,8356.244141,73,37
1611,0.039019696,0.037054677,0.087348886,0.08660017,19006.10938,73,11
1612,0.112835795,0.107153416,0.252592444,0.250427336,59275.95703,73,12
1614,0.028266294,0.026842812,0.063276477,0.062734105,14306.30566,73,33
1615,0.074188448,0.07045234,0.166077092,0.164653555,35389.41797,73,13
1616,0.094230428,0.089485012,0.21094276,0.209134668,58211.78906,73,15
1617,0.042269636,0.040140949,0.094624139,0.093813069,20185.37305,73,17
1618,0.114890873,0.109105006,0.25719291,0.254988372,66773.49219,73,18
1619,0.033374559,0.031693824,0.074711762,0.07407137,19428.71875,73,19
1620,0.157256931,0.149337515,0.3520329,0.349015445,84634.60156,73,22
1621,0.027636392,0.026244631,0.061866391,0.061336104,14240.13477,73,38
1622,0.052780498,0.050122485,0.118153587,0.117140837,30738.20898,73,23
1623,0.041021328,0.038955506,0.091829702,0.091042578,22671.52539,73,24
1624,0.044604022,0.042357776,0.099849865,0.098993994,25548.08984,73,25
1625,0.055362042,0.052574027,0.1239326,0.122870311,32895.89063,73,40
1626,0.024868747,0.023616364,0.055670787,0.055193603,12684.24414,73,27
1627,0.080937311,0.076861329,0.181184992,0.179631963,40837.42969,73,28
1628,0.052482791,0.049839772,0.117487147,0.116480105,28046.11914,73,44
1629,0.072030909,0.068403453,0.161247268,0.159865126,33929.21484,73,30
1630,0.034523506,0.032784913,0.077283777,0.076621339,17350.88281,73,41
1631,1.510782957,1.43470037,3.38201499,3.353026152,846111.9375,73,32
1632,0.059712574,0.056705464,0.133671626,0.132525861,29913.19531,83,1
1633,0.045998596,0.043682117,0.102971725,0.102089107,22172.4668,83,2
1634,0.039627403,0.03763178,0.08870928,0.087948911,20612.75391,83,3
1635,0.02363972,0.022449231,0.052919507,0.052465905,11798.43457,83,4
1636,0.080173537,0.076136023,0.179475218,0.177936837,45148.23047,83,5
1637,0.051067479,0.048495736,0.114318855,0.11333897,29666.39844,83,6
1638,0.034947891,0.033187926,0.078233801,0.077563219,17646.9707,83,7
1639,0.055597335,0.05279747,0.124459319,0.123392515,26780.36719,83,8
1640,0.080066659,0.076034524,0.179235965,0.17769964,45973.76953,83,9
1641,0.030384203,0.028854063,0.068017602,0.067434587,15342.53223,83,10
1642,0.07030075,0.066760428,0.157374159,0.156025231,35126.69531,83,11
1643,0.103304267,0.098101899,0.231255308,0.229273111,59868.97266,83,12
1644,0.053233985,0.050553139,0.119168766,0.118147306,27229.04297,83,13
1645,0.023808433,0.022609448,0.053297184,0.052840348,12022.09082,83,14
1646,0.086548977,0.082190394,0.193747178,0.192086473,49733.06641,83,15
1647,0.188133165,0.178658828,0.421151936,0.41754204,111689.3281,83,16
9991,43.98351592,41.76851937,98.46080744,97.61684951,7252769.717,39,0
9992,6.281637102,5.965295583,14.06197417,13.94144163,2088578.637,22,99
9993,5.34173359,5.072725415,11.95792067,11.85542312,2146858.219,24,99
