id_2,areasqkm,rcp85_extreme,rcp85_median,rc45_extreme,rcp45_median,area14mean,area20mean,area30mean,area50mean,coastprotect
1,123.6470031738281,123.6470031738281,123.6470031738281,123.6470031738281,123.6470031738281,123.6470031738281,123.6470031738281,123.6470031738281,123.6470031738281,123.647
2,182.6439971923828,182.6439971923828,182.6439971923828,182.6439971923828,182.6439971923828,182.6439971923828,182.6439971923828,182.6439971923828,182.6439971923828,182.644
3,104.3860015869141,104.3860015869141,104.3860015869141,104.3860015869141,104.3860015869141,104.3860015869141,104.3860015869141,104.3860015869141,104.3860015869141,104.386
4,51.27199935913086,51.27199935913086,51.27199935913086,51.27199935913086,51.27199935913086,51.27199935913086,51.27199935913086,51.27199935913086,51.27199935913086,51.271999
5,97.27700042724609,97.27700042724609,97.27700042724609,97.27700042724609,97.27700042724609,97.27700042724609,97.27700042724609,97.27700042724609,97.27700042724609,97.277
6,175.5700073242188,175.5700073242188,175.5700073242188,175.5700073242188,175.5700073242188,175.5700073242188,175.5700073242188,175.5700073242188,175.5700073242188,175.57001
7,44.8650016784668,44.8650016784668,44.8650016784668,44.8650016784668,44.8650016784668,44.8650016784668,44.8650016784668,44.8650016784668,44.8650016784668,44.865002
8,55.14799880981445,55.14799880981445,55.14799880981445,55.14799880981445,55.14799880981445,55.14799880981445,55.14799880981445,55.14799880981445,55.14799880981445,55.147999
9,258.9580078125,258.9580078125,258.9580078125,258.9580078125,258.9580078125,258.9580078125,258.9580078125,258.9580078125,258.9580078125,258.95801
10,91.48300170898438,91.48300170898438,91.48300170898438,91.48300170898438,91.48300170898438,91.48300170898438,91.48300170898438,91.48300170898438,91.48300170898438,91.483002
11,144.1000061035156,144.1000061035156,144.1000061035156,144.1000061035156,144.1000061035156,144.1000061035156,144.1000061035156,144.1000061035156,144.1000061035156,144.10001
12,98.61599731445313,98.61599731445313,98.61599731445313,98.61599731445313,98.61599731445313,98.61599731445313,98.61599731445313,98.61599731445313,98.61599731445313,98.615997
13,305.5390014648438,305.5390014648438,305.5390014648438,305.5390014648438,305.5390014648438,305.5390014648438,305.5390014648438,305.5390014648438,305.5390014648438,305.539
14,126.4869995117188,126.4869995117188,126.4869995117188,126.4869995117188,126.4869995117188,126.4869995117188,126.4869995117188,126.4869995117188,126.4869995117188,126.487
15,241.8150024414063,241.8150024414063,241.8150024414063,241.8150024414063,241.8150024414063,241.8150024414063,241.8150024414063,241.8150024414063,241.8150024414063,241.815
16,83.29000091552734,83.29000091552734,83.29000091552734,83.29000091552734,83.29000091552734,83.29000091552734,83.29000091552734,83.29000091552734,83.29000091552734,83.290001
17,36.81600189208984,36.81600189208984,36.81600189208984,36.81600189208984,36.81600189208984,36.81600189208984,36.81600189208984,36.81600189208984,36.81600189208984,36.816002
18,58.08100128173828,58.07646560668945,58.07828140258789,58.07646560668945,58.07828140258789,58.07646560668945,58.07646560668945,58.07193374633789,58.06558990478516,58.071934
19,92.12000274658203,92.12000274658203,92.12000274658203,92.12000274658203,92.12000274658203,92.12000274658203,92.12000274658203,92.12000274658203,92.12000274658203,92.120003
20,111.1669998168945,111.1669998168945,111.1669998168945,111.1669998168945,111.1669998168945,111.1669998168945,111.1669998168945,111.1669998168945,111.1669998168945,111.167
21,41.65599822998047,41.65599822998047,41.65599822998047,41.65599822998047,41.65599822998047,41.65599822998047,41.65599822998047,41.65599822998047,41.65599822998047,41.655998
22,64.60099792480469,64.60099792480469,64.60099792480469,64.60099792480469,64.60099792480469,64.60099792480469,64.60099792480469,64.60099792480469,64.60099792480469,64.600998
23,62.22999954223633,62.21730804443359,62.22274398803711,62.21730804443359,62.22274398803711,62.21730804443359,62.21730804443359,62.20732879638672,62.18738174438477,62.207329
24,46.09099960327148,46.09099960327148,46.09099960327148,46.09099960327148,46.09099960327148,46.09099960327148,46.09099960327148,46.09099960327148,46.09099960327148,46.091
25,754.0689697265625,754.0689697265625,754.0689697265625,754.0689697265625,754.0689697265625,754.0689697265625,754.0689697265625,754.0689697265625,754.0689697265625,754.06897
26,438.1629943847656,438.1629943847656,438.1629943847656,438.1629943847656,438.1629943847656,438.1629943847656,438.1629943847656,438.1629943847656,438.1629943847656,438.16299
27,81.4010009765625,81.4010009765625,81.4010009765625,81.4010009765625,81.4010009765625,81.4010009765625,81.4010009765625,81.4010009765625,81.4010009765625,81.401001
28,367.9949951171875,367.4129638671875,367.8457336425781,367.4129638671875,367.8457336425781,367.4129638671875,367.4129638671875,366.5202026367188,363.6860961914063,366.5202
29,669.9940185546875,665.2154541015625,667.9468994140625,665.2154541015625,667.9468994140625,665.2154541015625,665.2154541015625,658.7023315429688,629.1196899414063,658.70233
30,343.4570007324219,343.2422180175781,343.3238220214844,343.2422180175781,343.3238220214844,343.2422180175781,343.2422180175781,343.1024780273438,342.2874145507813,343.10248
31,122.552001953125,122.3605041503906,122.4074325561523,122.3605041503906,122.4074325561523,122.3605041503906,122.3605041503906,122.3323364257813,122.1962203979492,122.33234
32,269.5580139160156,269.4501953125,269.4717712402344,269.4501953125,269.4717712402344,269.4501953125,269.4501953125,269.4455261230469,269.4380187988281,269.44553
33,122.2610015869141,122.2610015869141,122.2610015869141,122.2610015869141,122.2610015869141,122.2610015869141,122.2610015869141,122.2610015869141,122.2610015869141,122.261
34,468.8250122070313,468.80810546875,468.8128051757813,468.80810546875,468.8128051757813,468.80810546875,468.80810546875,468.8005981445313,468.7555236816406,468.8006
35,28.97699928283691,28.02522659301758,28.43688011169434,28.02522659301758,28.43688011169434,28.02522659301758,28.02522659301758,27.18597984313965,22.87252998352051,27.18598
37,147.3320007324219,147.0269470214844,147.2062225341797,147.0269470214844,147.2062225341797,147.0269470214844,147.0269470214844,146.7566223144531,145.6631317138672,146.75662
38,56.84700012207031,56.84700012207031,56.84700012207031,56.84700012207031,56.84700012207031,56.84700012207031,56.84700012207031,56.84606170654297,56.82448577880859,56.846062
39,218,218,218,218,218,218,218,218,218,218
40,107.0149993896484,106.8837280273438,106.9071655273438,106.8837280273438,106.9071655273438,106.8837280273438,106.8837280273438,106.8668518066406,106.749641418457,106.86685
41,327.5639953613281,327.5639953613281,327.5639953613281,327.5639953613281,327.5639953613281,327.5639953613281,327.5639953613281,327.5639953613281,327.5639953613281,327.564
42,607.260009765625,607.260009765625,607.260009765625,607.260009765625,607.260009765625,607.260009765625,607.260009765625,607.260009765625,607.260009765625,607.26001
43,850.302001953125,850.1629638671875,850.19677734375,850.1629638671875,850.19677734375,850.1629638671875,850.1629638671875,850.1263427734375,849.9967651367188,850.12634
44,1022.469970703125,1022.456787109375,1022.461486816406,1022.456787109375,1022.461486816406,1022.456787109375,1022.456787109375,1022.453979492188,1022.43896484375,1022.454
45,1296.348999023438,1296.348999023438,1296.348999023438,1296.348999023438,1296.348999023438,1296.348999023438,1296.348999023438,1296.348999023438,1296.348999023438,1296.349
46,603.31298828125,603.31298828125,603.31298828125,603.31298828125,603.31298828125,603.31298828125,603.31298828125,603.31298828125,603.31298828125,603.31299
47,451.8880004882813,451.8861083984375,451.8880004882813,451.8861083984375,451.8880004882813,451.8861083984375,451.8861083984375,451.8851623535156,451.8814392089844,451.88516
48,450.8420104980469,450.8420104980469,450.8420104980469,450.8420104980469,450.8420104980469,450.8420104980469,450.8420104980469,450.8420104980469,450.8420104980469,450.84201
49,1100.280029296875,1100.250854492188,1100.258422851563,1100.250854492188,1100.258422851563,1100.250854492188,1100.250854492188,1100.239624023438,1100.208618164063,1100.2396
50,140.8049926757813,140.8049926757813,140.8049926757813,140.8049926757813,140.8049926757813,140.8049926757813,140.8049926757813,140.8049926757813,140.8049926757813,140.80499
51,639.343994140625,639.343994140625,639.343994140625,639.343994140625,639.343994140625,639.343994140625,639.343994140625,639.343994140625,639.343994140625,639.34399
52,122.8349990844727,122.8068161010742,122.8105773925781,122.8068161010742,122.8105773925781,122.8068161010742,122.8068161010742,122.8002471923828,122.7824020385742,122.80025
53,513.9940185546875,513.9940185546875,513.9940185546875,513.9940185546875,513.9940185546875,513.9940185546875,513.9940185546875,513.9940185546875,513.9940185546875,513.99402
54,457.3800048828125,457.3800048828125,457.3800048828125,457.3800048828125,457.3800048828125,457.3800048828125,457.3800048828125,457.3800048828125,457.3800048828125,457.38
55,105.3710021972656,102.4618225097656,102.8071975708008,102.4618225097656,102.8071975708008,102.4618225097656,102.4618225097656,102.0335922241211,100.5617752075195,102.03359
56,108.4710006713867,107.5739669799805,107.8469009399414,107.5739669799805,107.8469009399414,107.5739669799805,107.5739669799805,107.1352310180664,105.4995269775391,107.13523
57,66.13999938964844,66.13720703125,66.13813781738281,66.13720703125,66.13813781738281,66.13720703125,66.13720703125,66.13348388671875,66.05436706542969,66.133484
58,80.61199951171875,70.13059234619141,71.64589691162109,70.13059234619141,71.64589691162109,70.13059234619141,70.13059234619141,67.95961761474609,60.40544509887695,67.959618
59,74.02300262451172,73.90580749511719,73.96347808837891,73.90580749511719,73.96347808837891,73.90580749511719,73.90580749511719,73.79512023925781,73.15798187255859,73.79512
60,132.4329986572266,130.7424011230469,131.6821441650391,130.7424011230469,131.6821441650391,130.7424011230469,130.7424011230469,129.1504364013672,124.2917251586914,129.15044
61,34.11600112915039,33.12422943115234,33.46972274780273,33.12422943115234,33.46972274780273,33.12422943115234,33.12422943115234,32.43883514404297,29.26982498168945,32.438835
62,20.25200080871582,20.16548538208008,20.16734504699707,20.16548538208008,20.16734504699707,20.16548538208008,20.16548538208008,20.15804481506348,20.07990074157715,20.158045
63,173.2640075683594,173.2640075683594,173.2640075683594,173.2640075683594,173.2640075683594,173.2640075683594,173.2640075683594,173.2640075683594,173.2640075683594,173.26401
64,291.4670104980469,291.4670104980469,291.4670104980469,291.4670104980469,291.4670104980469,291.4670104980469,291.4670104980469,291.4670104980469,291.4670104980469,291.46701
65,63.72299957275391,58.9962272644043,59.6273307800293,58.9962272644043,59.6273307800293,58.9962272644043,58.9962272644043,58.04491424560547,54.45468902587891,58.044914
66,75.16799926757813,74.65190124511719,74.8936767578125,74.65190124511719,74.8936767578125,74.65190124511719,74.65190124511719,74.30597686767578,73.08129119873047,74.305977
67,220.6009979248047,220.4567108154297,220.4567108154297,220.4567108154297,220.4567108154297,220.4567108154297,220.4567108154297,220.4557800292969,220.4539337158203,220.45578
68,83.42099761962891,83.00601959228516,83.28328704833984,83.00601959228516,83.28328704833984,83.00601959228516,83.00601959228516,82.71943664550781,81.57312774658203,82.719437
69,48.11800003051758,44.03484725952148,45.09953308105469,44.03484725952148,45.09953308105469,44.03484725952148,44.03484725952148,42.33748245239258,35.93637084960938,42.337482
70,23.65399932861328,22.25246047973633,22.56143188476563,22.25246047973633,22.56143188476563,22.25246047973633,22.25246047973633,21.78807258605957,19.82908058166504,21.788073
71,63.47000122070313,61.8381233215332,62.0671272277832,61.8381233215332,62.0671272277832,61.8381233215332,61.8381233215332,61.46948623657227,59.86367797851563,61.469486
72,115.2669982910156,111.9371337890625,113.4189224243164,111.9371337890625,113.4189224243164,111.9371337890625,111.9371337890625,110.5136184692383,107.0801544189453,110.51362
74,136.6329956054688,136.6329956054688,136.6329956054688,136.6329956054688,136.6329956054688,136.6329956054688,136.6329956054688,136.6329956054688,136.6329956054688,136.633
75,135.7539978027344,135.7539978027344,135.7539978027344,135.7539978027344,135.7539978027344,135.7539978027344,135.7539978027344,135.7539978027344,135.7539978027344,135.754
76,174.1959991455078,174.1959991455078,174.1959991455078,174.1959991455078,174.1959991455078,174.1959991455078,174.1959991455078,174.1959991455078,174.1959991455078,174.196
77,82.41000366210938,82.41000366210938,82.41000366210938,82.41000366210938,82.41000366210938,82.41000366210938,82.41000366210938,82.41000366210938,82.41000366210938,82.410004
78,153.2779998779297,152.3708190917969,152.7577514648438,152.3708190917969,152.7577514648438,152.3708190917969,152.3708190917969,151.9227752685547,149.9019775390625,151.92278
79,222.9869995117188,222.8334350585938,222.9379730224609,222.8334350585938,222.9379730224609,222.8334350585938,222.8334350585938,222.6252899169922,214.5760498046875,222.62529
80,258.6960144042969,258.4739074707031,258.5063171386719,258.4739074707031,258.5063171386719,258.4739074707031,258.4739074707031,258.4017333984375,257.9593811035156,258.40173
81,45.45199966430664,45.01445388793945,45.25681686401367,45.01445388793945,45.25681686401367,45.01445388793945,45.01445388793945,44.76654052734375,44.15879058837891,44.766541
82,106.8539962768555,106.0319671630859,106.5765914916992,106.0319671630859,106.5765914916992,106.0319671630859,106.0319671630859,104.963981628418,101.627799987793,104.96398
83,95.40499877929688,94.86528778076172,95.21800231933594,94.86528778076172,95.21800231933594,94.86528778076172,94.86528778076172,94.56627655029297,93.47853088378906,94.566277
84,239.7610015869141,239.663818359375,239.7119598388672,239.663818359375,239.7119598388672,239.663818359375,239.663818359375,239.5971984863281,238.6698760986328,239.5972
85,133.3350067138672,133.0351104736328,133.1480255126953,133.0351104736328,133.1480255126953,133.0351104736328,133.0351104736328,132.7379760742188,131.0116577148438,132.73798
86,149.0019989013672,149.0019989013672,149.0019989013672,149.0019989013672,149.0019989013672,149.0019989013672,149.0019989013672,149.0019989013672,149.0019989013672,149.002
87,158.9839935302734,155.5440216064453,157.3407897949219,155.5440216064453,157.3407897949219,155.5440216064453,155.5440216064453,154.0312652587891,150.1536560058594,154.03127
88,60.86399841308594,60.50040054321289,60.63362884521484,60.50040054321289,60.63362884521484,60.50040054321289,60.50040054321289,60.41343688964844,60.14975738525391,60.413437
89,112.3160018920898,111.0807342529297,111.7372055053711,111.0807342529297,111.7372055053711,111.0807342529297,111.0807342529297,110.4686431884766,108.7830963134766,110.46864
90,124.4850006103516,123.5486907958984,124.1365432739258,123.5486907958984,124.1365432739258,123.5486907958984,123.5486907958984,122.8610076904297,120.9597396850586,122.86101
91,55.17399978637695,54.83853530883789,54.87778472900391,54.83853530883789,54.87778472900391,54.83853530883789,54.83853530883789,54.782470703125,54.55353164672852,54.782471
92,171.3329925537109,170.4297485351563,171.0747833251953,170.4297485351563,171.0747833251953,170.4297485351563,170.4297485351563,169.3829650878906,166.9379730224609,169.38297
93,36.82199859619141,36.7352180480957,36.81266784667969,36.7352180480957,36.81266784667969,36.7352180480957,36.7352180480957,36.49728012084961,35.38689041137695,36.49728
94,178.9040069580078,178.4862670898438,178.8126220703125,178.4862670898438,178.8126220703125,178.4862670898438,178.4862670898438,177.8391418457031,175.5312805175781,177.83914
95,133.4069976806641,127.4037628173828,127.9150314331055,127.4037628173828,127.9150314331055,127.4037628173828,127.4037628173828,126.8144073486328,123.1983337402344,126.81441
96,201.9530029296875,201.4435729980469,201.6633605957031,201.4435729980469,201.6633605957031,201.4435729980469,201.4435729980469,200.9238891601563,198.0889587402344,200.92389
97,139.9230041503906,139.1797027587891,139.7222290039063,139.1797027587891,139.7222290039063,139.1797027587891,139.1797027587891,137.5810394287109,132.2369232177734,137.58104
98,165.7460021972656,165.5157318115234,165.6676940917969,165.5157318115234,165.6676940917969,165.5157318115234,165.5157318115234,165.2267303466797,164.0791015625,165.22673
99,92.40499877929688,92.09890747070313,92.13333129882813,92.09890747070313,92.13333129882813,92.09890747070313,92.09890747070313,92.07750701904297,91.97238159179688,92.077507
100,153.4100036621094,153.10302734375,153.1393127441406,153.10302734375,153.1393127441406,153.10302734375,153.10302734375,152.9672241210938,151.9969940185547,152.96722
101,135.7590026855469,135.2691345214844,135.6526336669922,135.2691345214844,135.6526336669922,135.2691345214844,135.2691345214844,134.6505126953125,132.5874786376953,134.65051
102,44.27899932861328,43.67777252197266,44.05493927001953,43.67777252197266,44.05493927001953,43.67777252197266,43.67777252197266,43.05413436889648,40.15628814697266,43.054134
103,371.1210021972656,371.1210021972656,371.1210021972656,371.1210021972656,371.1210021972656,371.1210021972656,371.1210021972656,371.1210021972656,371.1210021972656,371.121
104,106.8440017700195,106.6894989013672,106.787223815918,106.6894989013672,106.787223815918,106.6894989013672,106.6894989013672,106.5107955932617,105.482307434082,106.5108
105,240.6829986572266,240.6829986572266,240.6829986572266,240.6829986572266,240.6829986572266,240.6829986572266,240.6829986572266,240.6820678710938,240.6484527587891,240.68207
106,96.00700378417969,95.69860076904297,95.88494873046875,95.69860076904297,95.88494873046875,95.69860076904297,95.69860076904297,95.41909027099609,94.07462310791016,95.41909
107,102.2350006103516,102.200439453125,102.2265930175781,102.200439453125,102.2265930175781,102.200439453125,102.200439453125,102.1714706420898,101.8388900756836,102.17147
108,309.8580017089844,309.8580017089844,309.8580017089844,309.8580017089844,309.8580017089844,309.8580017089844,309.8580017089844,309.8580017089844,309.8580017089844,309.858
109,947.8920288085938,947.8920288085938,947.8920288085938,947.8920288085938,947.8920288085938,947.8920288085938,947.8920288085938,947.8920288085938,947.8920288085938,947.89203
110,775.093017578125,775.093017578125,775.093017578125,775.093017578125,775.093017578125,775.093017578125,775.093017578125,775.093017578125,775.093017578125,775.09302
111,321.7049865722656,321.7022705078125,321.7022705078125,321.7022705078125,321.7022705078125,321.7022705078125,321.7022705078125,321.7004699707031,321.6914367675781,321.70047
112,935.1099853515625,935.1099853515625,935.1099853515625,935.1099853515625,935.1099853515625,935.1099853515625,935.1099853515625,935.1099853515625,935.1099853515625,935.10999
113,602.9719848632813,602.9557495117188,602.9638671875,602.9557495117188,602.9638671875,602.9557495117188,602.9557495117188,602.9223022460938,601.8335571289063,602.9223
114,283.6619873046875,283.6547546386719,283.6556701660156,283.6547546386719,283.6556701660156,283.6547546386719,283.6547546386719,283.6520385742188,283.6466064453125,283.65204
115,47.23300170898438,47.20320510864258,47.22126388549805,47.20320510864258,47.22126388549805,47.20320510864258,47.20320510864258,47.16437911987305,46.28942489624023,47.164379
116,110.4250030517578,109.8227005004883,109.9993591308594,109.8227005004883,109.9993591308594,109.8227005004883,109.8227005004883,109.6808166503906,109.20849609375,109.68082
117,622.0709838867188,619.7426147460938,620.0474853515625,619.7426147460938,620.0474853515625,619.7426147460938,619.7426147460938,619.5189819335938,618.6473388671875,619.51898
118,398.4559936523438,397.4828796386719,397.6388244628906,397.4828796386719,397.6388244628906,397.4828796386719,397.4828796386719,397.3287658691406,396.7788391113281,397.32877
119,237.5890045166016,237.1680145263672,237.1808013916016,237.1680145263672,237.1808013916016,237.1680145263672,237.1680145263672,237.1588897705078,237.1095733642578,237.15889
120,373.1270141601563,371.6597595214844,372.3438720703125,371.6597595214844,372.3438720703125,371.6597595214844,371.6597595214844,371.021484375,369.6991577148438,371.02148
121,385.7799987792969,384.6832275390625,384.7554321289063,384.6832275390625,384.7554321289063,384.6832275390625,384.6832275390625,384.6265563964844,384.3898315429688,384.62656
122,357.8479919433594,357.8479919433594,357.8479919433594,357.8479919433594,357.8479919433594,357.8479919433594,357.8479919433594,357.8479919433594,357.8479919433594,357.84799
123,555.8319702148438,554.7763671875,555.0995483398438,554.7763671875,555.0995483398438,554.7763671875,554.7763671875,554.522705078125,553.9239501953125,554.52271
124,32.0880012512207,31.81714248657227,31.88131713867188,31.81714248657227,31.88131713867188,31.81714248657227,31.81714248657227,31.77372741699219,31.39810943603516,31.773727
125,77.94100189208984,77.20675659179688,77.41249084472656,77.20675659179688,77.41249084472656,77.20675659179688,77.20675659179688,76.93966674804688,75.5089111328125,76.939667
126,54.76100158691406,53.82545852661133,53.97272872924805,53.82545852661133,53.97272872924805,53.82545852661133,53.82545852661133,53.70745086669922,52.96166229248047,53.707451
127,221.8260040283203,218.9139251708984,220.0462951660156,218.9139251708984,220.0462951660156,218.9139251708984,218.9139251708984,217.6202087402344,212.2839202880859,217.62021
128,235.5890045166016,233.2457885742188,234.7774200439453,233.2457885742188,234.7774200439453,233.2457885742188,233.2457885742188,232.2822418212891,230.5448913574219,232.28224
129,189.2960052490234,170.740966796875,174.8572692871094,170.740966796875,174.8572692871094,170.740966796875,170.740966796875,164.8386688232422,148.8838043212891,164.83867
130,62.5369987487793,59.33967208862305,60.81899261474609,59.33967208862305,60.81899261474609,59.33967208862305,59.33967208862305,57.0989990234375,49.74486923217773,57.098999
131,352.4209899902344,349.8923950195313,350.6031188964844,349.8923950195313,350.6031188964844,349.8923950195313,349.8923950195313,348.5634460449219,338.5661010742188,348.56345
132,40.20100021362305,39.97359848022461,40.01417541503906,39.97359848022461,40.01417541503906,39.97359848022461,39.97359848022461,39.92264556884766,39.77544784545898,39.922646
133,44.9640007019043,44.45274353027344,44.53589630126953,44.45274353027344,44.53589630126953,44.45274353027344,44.45274353027344,44.37580108642578,43.98730087280273,44.375801
134,57.25299835205078,56.83306121826172,56.85665130615234,56.83306121826172,56.85665130615234,56.83306121826172,56.83306121826172,56.80474853515625,56.50088882446289,56.804749
135,77.73500061035156,77.63201141357422,77.64764404296875,77.63201141357422,77.64764404296875,77.63201141357422,77.63201141357422,77.59798431396484,72.94219970703125,77.597984
136,227.4049987792969,227.1887969970703,227.1915588378906,227.1887969970703,227.1915588378906,227.1887969970703,227.1887969970703,227.18603515625,227.1299133300781,227.18604
137,80.697998046875,79.03550720214844,79.68193054199219,79.03550720214844,79.68193054199219,79.03550720214844,79.03550720214844,78.95550537109375,78.44701385498047,78.955505
138,95.12100219726563,95.12100219726563,95.12100219726563,95.12100219726563,95.12100219726563,95.12100219726563,95.12100219726563,95.12100219726563,95.10354614257813,95.121002
139,135.1230010986328,133.8050384521484,134.2223052978516,133.8050384521484,134.2223052978516,133.8050384521484,133.8050384521484,133.2434844970703,130.4889984130859,133.24348
140,74.22499847412109,74.09708404541016,74.10996246337891,74.09708404541016,74.10996246337891,74.09708404541016,74.09708404541016,74.08512115478516,74.00045776367188,74.085121
141,185.5359954833984,184.4003601074219,184.4482116699219,184.4003601074219,184.4482116699219,184.4003601074219,184.4003601074219,184.3543548583984,184.0028076171875,184.35435
142,240.2689971923828,239.7578277587891,239.7890777587891,239.7578277587891,239.7890777587891,239.7578277587891,239.7578277587891,239.7293243408203,239.4075469970703,239.72932
143,53.19499969482422,52.49641799926758,52.69312286376953,52.49641799926758,52.69312286376953,52.49641799926758,52.49641799926758,52.2454833984375,50.40987396240234,52.245483
144,59.71099853515625,59.10386276245117,59.46170425415039,59.10386276245117,59.46170425415039,59.10386276245117,59.10386276245117,58.71658325195313,57.91442489624023,58.716583
145,41.12099838256836,39.16745376586914,40.78253173828125,39.16745376586914,40.78253173828125,39.16745376586914,39.16745376586914,38.78852081298828,38.25690460205078,38.788521
146,46.75799942016602,46.62931442260742,46.65413284301758,46.62931442260742,46.65413284301758,46.62931442260742,46.62931442260742,46.60817337036133,44.26517105102539,46.608173
147,34.57799911499023,34.03533554077148,34.17078018188477,34.03533554077148,34.17078018188477,34.03533554077148,34.03533554077148,33.98187255859375,33.82593536376953,33.981873
148,91.62799835205078,90.51410675048828,90.63421630859375,90.51410675048828,90.63421630859375,90.51410675048828,90.51410675048828,90.42603302001953,90.12353515625,90.426033
149,11.53499984741211,11.46004486083984,11.48681449890137,11.46004486083984,11.48681449890137,11.46004486083984,11.46004486083984,11.43862915039063,11.3270902633667,11.438629
150,9.781999588012695,9.671387672424316,9.7061767578125,9.671387672424316,9.7061767578125,9.671387672424316,9.671387672424316,9.657115936279297,9.575048446655273,9.6571159
151,42.41600036621094,41.85060882568359,41.90322113037109,41.85060882568359,41.90322113037109,41.85060882568359,41.85060882568359,41.77926635742188,41.41452407836914,41.779266
152,17.66900062561035,17.44782638549805,17.47904014587402,17.44782638549805,17.47904014587402,17.44782638549805,17.44782638549805,17.42107200622559,17.33634757995605,17.421072
153,39.52399826049805,39.52399826049805,39.52399826049805,39.52399826049805,39.52399826049805,39.52399826049805,39.52399826049805,39.52399826049805,39.52123260498047,39.523998
154,27.02000045776367,27.02000045776367,27.02000045776367,27.02000045776367,27.02000045776367,27.02000045776367,27.02000045776367,27.02000045776367,27.02000045776367,27.02
155,94.38300323486328,94.07225799560547,94.07687377929688,94.07225799560547,94.07687377929688,94.07225799560547,94.07225799560547,94.05289459228516,93.63980102539063,94.052895
156,22.01799964904785,22.01707649230957,22.01799964904785,22.01707649230957,22.01799964904785,22.01707649230957,22.01707649230957,22.01523399353027,22.00785446166992,22.015234
157,274.4129943847656,273.6354370117188,273.7388916015625,273.6354370117188,273.7388916015625,273.6354370117188,273.6354370117188,273.4812316894531,272.5402526855469,273.48123
158,51.2859992980957,51.11528015136719,51.14204025268555,51.11528015136719,51.14204025268555,51.11528015136719,51.11528015136719,51.07836532592773,50.81167602539063,51.078365
159,117.786003112793,117.5683212280273,117.5775451660156,117.5683212280273,117.5775451660156,117.5683212280273,117.5683212280273,117.5517196655273,117.2362670898438,117.55172
160,106.2490005493164,105.2315902709961,105.3468856811523,105.2315902709961,105.3468856811523,105.2315902709961,105.2315902709961,105.0120544433594,103.6487426757813,105.01205
161,27.89800071716309,27.89800071716309,27.89800071716309,27.89800071716309,27.89800071716309,27.89800071716309,27.89800071716309,27.89800071716309,27.89800071716309,27.898001
162,69.09799957275391,69.09799957275391,69.09799957275391,69.09799957275391,69.09799957275391,69.09799957275391,69.09799957275391,69.09799957275391,69.09799957275391,69.098
163,69.49700164794922,69.49515533447266,69.49700164794922,69.49515533447266,69.49700164794922,69.49515533447266,69.49515533447266,69.49147033691406,69.46565246582031,69.49147
164,82.27799987792969,82.07138061523438,82.11565399169922,82.07138061523438,82.11565399169922,82.07138061523438,82.07138061523438,81.97637176513672,81.44230651855469,81.976372
165,91.20099639892578,90.71112823486328,91.04139709472656,90.71112823486328,91.04139709472656,90.71112823486328,90.71112823486328,90.6539306640625,89.82179260253906,90.653931
166,202.7539978027344,202.7539978027344,202.7539978027344,202.7539978027344,202.7539978027344,202.7539978027344,202.7539978027344,202.7539978027344,202.7539978027344,202.754
167,199.8569946289063,199.4533843994141,199.4570770263672,199.4533843994141,199.4570770263672,199.4533843994141,199.4533843994141,199.4496917724609,199.3628845214844,199.44969
168,40.01300048828125,39.63087844848633,39.64472579956055,39.63087844848633,39.64472579956055,39.63087844848633,39.63087844848633,39.61241912841797,39.53119277954102,39.612419
169,35.92499923706055,35.92499923706055,35.92499923706055,35.92499923706055,35.92499923706055,35.92499923706055,35.92499923706055,35.92499923706055,35.92499923706055,35.924999
170,17.59000015258789,17.59000015258789,17.59000015258789,17.59000015258789,17.59000015258789,17.59000015258789,17.59000015258789,17.59000015258789,17.59000015258789,17.59
171,266.6340026855469,265.9749145507813,266.0136413574219,265.9749145507813,266.0136413574219,265.9749145507813,265.9749145507813,265.8357238769531,263.8474426269531,265.83572
172,40.70000076293945,40.70000076293945,40.70000076293945,40.70000076293945,40.70000076293945,40.70000076293945,40.70000076293945,40.70000076293945,40.70000076293945,40.700001
173,197.02099609375,197.02099609375,197.02099609375,197.02099609375,197.02099609375,197.02099609375,197.02099609375,197.02099609375,197.02099609375,197.021
174,60.6879997253418,60.6879997253418,60.6879997253418,60.6879997253418,60.6879997253418,60.6879997253418,60.6879997253418,60.6879997253418,60.6879997253418,60.688
175,236.85400390625,236.2418212890625,236.2806091308594,236.2418212890625,236.2806091308594,236.2418212890625,236.2418212890625,235.8835601806641,234.3166351318359,235.88356
176,42.02199935913086,42.00446701049805,42.00907897949219,42.00446701049805,42.00907897949219,42.00446701049805,42.00446701049805,41.99985122680664,41.97678375244141,41.999851
177,18.14800071716309,18.14800071716309,18.14800071716309,18.14800071716309,18.14800071716309,18.14800071716309,18.14800071716309,18.14800071716309,18.13784599304199,18.148001
178,35.79899978637695,35.78607940673828,35.79069137573242,35.78607940673828,35.79069137573242,35.78607940673828,35.78607940673828,35.78054046630859,35.74823379516602,35.78054
179,12.66699981689453,12.66699981689453,12.66699981689453,12.66699981689453,12.66699981689453,12.66699981689453,12.66699981689453,12.66699981689453,12.66699981689453,12.667
180,92.06999969482422,92.06999969482422,92.06999969482422,92.06999969482422,92.06999969482422,92.06999969482422,92.06999969482422,92.06999969482422,92.06999969482422,92.07
182,29.36199951171875,29.35369110107422,29.36107635498047,29.35369110107422,29.36107635498047,29.35369110107422,29.35369110107422,29.33892250061035,29.2558422088623,29.338923
183,49.75799942016602,49.75431442260742,49.75615310668945,49.75431442260742,49.75615310668945,49.75431442260742,49.75431442260742,49.7506217956543,49.73863983154297,49.750622
184,111.7389984130859,111.7389984130859,111.7389984130859,111.7389984130859,111.7389984130859,111.7389984130859,111.7389984130859,111.7389984130859,111.7334671020508,111.739
185,91.01899719238281,91.01899719238281,91.01899719238281,91.01899719238281,91.01899719238281,91.01899719238281,91.01899719238281,91.01899719238281,91.01899719238281,91.018997
186,33.59400177001953,33.01868057250977,33.02421951293945,33.01868057250977,33.02421951293945,33.01868057250977,33.01868057250977,33.01036834716797,32.96234893798828,33.010368
187,92.48699951171875,92.48699951171875,92.48699951171875,92.48699951171875,92.48699951171875,92.48699951171875,92.48699951171875,92.48699951171875,92.48699951171875,92.487
188,143.4490051269531,143.4490051269531,143.4490051269531,143.4490051269531,143.4490051269531,143.4490051269531,143.4490051269531,143.4490051269531,143.4490051269531,143.44901
189,60.84700012207031,60.84700012207031,60.84700012207031,60.84700012207031,60.84700012207031,60.84700012207031,60.84700012207031,60.84700012207031,60.84700012207031,60.847
190,261.43798828125,261.43798828125,261.43798828125,261.43798828125,261.43798828125,261.43798828125,261.43798828125,261.43798828125,261.43798828125,261.43799
191,410.8720092773438,410.8720092773438,410.8720092773438,410.8720092773438,410.8720092773438,410.8720092773438,410.8720092773438,410.8720092773438,410.8720092773438,410.87201
192,174.0800018310547,174.0800018310547,174.0800018310547,174.0800018310547,174.0800018310547,174.0800018310547,174.0800018310547,174.0800018310547,174.0800018310547,174.08
193,417.6919860839844,417.6919860839844,417.6919860839844,417.6919860839844,417.6919860839844,417.6919860839844,417.6919860839844,417.6919860839844,417.6919860839844,417.69199
194,170.0269927978516,170.0269927978516,170.0269927978516,170.0269927978516,170.0269927978516,170.0269927978516,170.0269927978516,170.0269927978516,170.0269927978516,170.02699
195,133.7890014648438,133.7890014648438,133.7890014648438,133.7890014648438,133.7890014648438,133.7890014648438,133.7890014648438,133.7890014648438,133.7890014648438,133.789
196,177.5460052490234,177.5460052490234,177.5460052490234,177.5460052490234,177.5460052490234,177.5460052490234,177.5460052490234,177.5460052490234,177.5460052490234,177.54601
197,74.84500122070313,74.84500122070313,74.84500122070313,74.84500122070313,74.84500122070313,74.84500122070313,74.84500122070313,74.84500122070313,74.84500122070313,74.845001
198,139.6799926757813,139.6799926757813,139.6799926757813,139.6799926757813,139.6799926757813,139.6799926757813,139.6799926757813,139.6799926757813,139.6799926757813,139.67999
199,90.13200378417969,90.13200378417969,90.13200378417969,90.13200378417969,90.13200378417969,90.13200378417969,90.13200378417969,90.13200378417969,90.13200378417969,90.132004
200,321.739990234375,321.739990234375,321.739990234375,321.739990234375,321.739990234375,321.739990234375,321.739990234375,321.739990234375,321.739990234375,321.73999
201,63.15999984741211,63.15999984741211,63.15999984741211,63.15999984741211,63.15999984741211,63.15999984741211,63.15999984741211,63.15999984741211,63.15999984741211,63.16
202,62.15900039672852,61.82859420776367,61.98960876464844,61.82859420776367,61.98960876464844,61.82859420776367,61.82859420776367,61.6247673034668,61.18732833862305,61.624767
203,74.70899963378906,74.01815795898438,74.38219451904297,74.01815795898438,74.38219451904297,74.01815795898438,74.01815795898438,73.5228271484375,72.25007629394531,73.522827
204,54.2400016784668,53.88508605957031,53.96053695678711,53.88508605957031,53.96053695678711,53.88508605957031,53.88508605957031,53.71368026733398,53.18735885620117,53.71368
205,77.63500213623047,77.00949096679688,77.3939208984375,77.00949096679688,77.3939208984375,77.00949096679688,77.00949096679688,76.42958831787109,74.74387359619141,76.429588
206,91.1719970703125,90.81930541992188,91.01751708984375,90.81930541992188,91.01751708984375,90.81930541992188,90.81930541992188,90.62387847900391,90.05342102050781,90.623878
207,45.61000061035156,45.0284309387207,45.33829116821289,45.0284309387207,45.33829116821289,45.0284309387207,45.0284309387207,44.76137161254883,44.09977722167969,44.761372
208,29.55400085449219,29.2711067199707,29.36416435241699,29.2711067199707,29.36416435241699,29.2711067199707,29.2711067199707,29.20131492614746,29.05149269104004,29.201315
209,99.33699798583984,97.63814544677734,98.49269104003906,97.63814544677734,98.49269104003906,97.63814544677734,97.63814544677734,96.33491516113281,93.92951965332031,96.334915
210,26.85600090026855,26.61349868774414,26.74458122253418,26.61349868774414,26.74458122253418,26.61349868774414,26.61349868774414,26.44589996337891,25.99553871154785,26.4459
211,118.3679962158203,118.3408508300781,118.3605117797852,118.3408508300781,118.3605117797852,118.3408508300781,118.3408508300781,118.2603454589844,117.6481552124023,118.26035
212,51.40399932861328,50.21667861938477,50.85060501098633,50.21667861938477,50.85060501098633,50.21667861938477,50.21667861938477,49.63987731933594,48.18100738525391,49.639877
213,54.56100082397461,54.52916717529297,54.54976654052734,54.52916717529297,54.54976654052734,54.52916717529297,54.52916717529297,54.50575637817383,54.45051574707031,54.505756
214,31.23699951171875,30.8830451965332,30.9766845703125,30.8830451965332,30.9766845703125,30.8830451965332,30.8830451965332,30.78940582275391,30.55156326293945,30.789406
215,123.5199966430664,123.5199966430664,123.5199966430664,123.5199966430664,123.5199966430664,123.5199966430664,123.5199966430664,123.5199966430664,123.5199966430664,123.52
216,90.30799865722656,90.30799865722656,90.30799865722656,90.30799865722656,90.30799865722656,90.30799865722656,90.30799865722656,90.30799865722656,90.30799865722656,90.307999
217,28.82999992370605,25.88161659240723,26.71038055419922,25.88161659240723,26.71038055419922,25.88161659240723,25.88161659240723,24.16889572143555,18.8661060333252,24.168896
218,137.9850006103516,137.9850006103516,137.9850006103516,137.9850006103516,137.9850006103516,137.9850006103516,137.9850006103516,137.9850006103516,137.9850006103516,137.985
219,107.995002746582,101.3337860107422,103.0514831542969,101.3337860107422,103.0514831542969,101.3337860107422,101.3337860107422,100.1110000610352,98.1453857421875,100.111
220,77.23500061035156,71.57102966308594,74.82617950439453,71.57102966308594,74.82617950439453,71.57102966308594,71.57102966308594,69.29046630859375,62.92996978759766,69.290466
221,94.73100280761719,90.39801788330078,92.11454010009766,90.39801788330078,92.11454010009766,90.39801788330078,90.39801788330078,87.45286560058594,79.53324890136719,87.452866
222,221.4880065917969,221.4880065917969,221.4880065917969,221.4880065917969,221.4880065917969,221.4880065917969,221.4880065917969,221.4880065917969,221.4880065917969,221.48801
223,84.41600036621094,84.41600036621094,84.41600036621094,84.41600036621094,84.41600036621094,84.41600036621094,84.41600036621094,84.41600036621094,84.41600036621094,84.416
224,53.15000152587891,51.83393478393555,52.49571228027344,51.83393478393555,52.49571228027344,51.83393478393555,51.83393478393555,51.05515289306641,49.82051849365234,51.055153
225,40.1150016784668,40.1150016784668,40.1150016784668,40.1150016784668,40.1150016784668,40.1150016784668,40.1150016784668,40.1150016784668,40.1150016784668,40.115002
226,30.53899955749512,30.10912322998047,30.3292121887207,30.10912322998047,30.3292121887207,30.10912322998047,30.10912322998047,29.74667930603027,28.88411712646484,29.746679
227,73.92600250244141,73.92600250244141,73.92600250244141,73.92600250244141,73.92600250244141,73.92600250244141,73.92600250244141,73.92600250244141,73.92600250244141,73.926003
228,144.5809936523438,144.5809936523438,144.5809936523438,144.5809936523438,144.5809936523438,144.5809936523438,144.5809936523438,144.5809936523438,144.5809936523438,144.58099
229,43.62300109863281,43.294189453125,43.40004730224609,43.294189453125,43.40004730224609,43.294189453125,43.294189453125,42.85483932495117,42.47825622558594,42.854839
230,55.67300033569336,55.40612411499023,55.51849365234375,55.40612411499023,55.51849365234375,55.40612411499023,55.40612411499023,55.21884536743164,54.70569610595703,55.218845
231,74.76899719238281,74.57425689697266,74.62762451171875,74.57425689697266,74.62762451171875,74.57425689697266,74.57425689697266,74.43380737304688,73.71194458007813,74.433807
232,100.197998046875,99.83462524414063,99.95075225830078,99.83462524414063,99.95075225830078,99.83462524414063,99.83462524414063,99.69976806640625,99.12567901611328,99.699768
233,100.8580017089844,98.92242431640625,100.0292739868164,98.92242431640625,100.0292739868164,98.92242431640625,98.92242431640625,97.63671875,95.46984100341797,97.636719
234,103.7109985351563,92.00994110107422,96.33769989013672,92.00994110107422,96.33769989013672,92.00994110107422,92.00994110107422,88.39628601074219,83.80646514892578,88.396286
235,106.0849990844727,105.6494979858398,105.8068466186523,105.6494979858398,105.8068466186523,105.6494979858398,105.6494979858398,105.4462661743164,104.6717300415039,105.44627
236,99.34700012207031,84.275634765625,90.16914367675781,84.275634765625,90.16914367675781,84.275634765625,84.275634765625,80.43859100341797,76.23308563232422,80.438591
237,32.98400115966797,32.80130004882813,32.83502578735352,32.80130004882813,32.83502578735352,32.80130004882813,32.80130004882813,32.77881240844727,32.66075897216797,32.778812
238,29.64599990844727,28.12261772155762,28.98268127441406,28.12261772155762,28.98268127441406,28.12261772155762,28.12261772155762,27.15480995178223,25.44124031066895,27.15481
239,57.43000030517578,57.20323181152344,57.34285354614258,57.20323181152344,57.34285354614258,57.20323181152344,57.20323181152344,56.991455078125,56.39173126220703,56.991455
240,101.5670013427734,100.1335525512695,100.8844528198242,100.1335525512695,100.8844528198242,100.1335525512695,100.1335525512695,98.91545104980469,96.03825378417969,98.915451
241,87.75099945068359,86.28807830810547,86.83468627929688,86.28807830810547,86.83468627929688,86.28807830810547,86.28807830810547,85.19580078125,80.52436828613281,85.195801
242,53.17200088500977,51.97516632080078,52.58388519287109,51.97516632080078,52.58388519287109,51.97516632080078,51.97516632080078,51.22316741943359,49.56932830810547,51.223167
243,48.11600112915039,47.66151809692383,47.84518814086914,47.66151809692383,47.84518814086914,47.66151809692383,47.66151809692383,47.35134887695313,45.85108947753906,47.351349
244,121.4509963989258,121.4509963989258,121.4509963989258,121.4509963989258,121.4509963989258,121.4509963989258,121.4509963989258,121.4509963989258,121.4509963989258,121.451
245,48.06600189208984,44.68245697021484,45.63059616088867,44.68245697021484,45.63059616088867,44.68245697021484,44.68245697021484,42.77962112426758,35.75888061523438,42.779621
246,94.11499786376953,94.11499786376953,94.11499786376953,94.11499786376953,94.11499786376953,94.11499786376953,94.11499786376953,94.11499786376953,94.11499786376953,94.114998
247,59.96699905395508,59.96699905395508,59.96699905395508,59.96699905395508,59.96699905395508,59.96699905395508,59.96699905395508,59.96699905395508,59.96699905395508,59.966999
248,114.5719985961914,114.5710601806641,114.5719985961914,114.5710601806641,114.5719985961914,114.5710601806641,114.5710601806641,114.5673217773438,114.5102386474609,114.56732
249,68.40599822998047,68.40599822998047,68.40599822998047,68.40599822998047,68.40599822998047,68.40599822998047,68.40599822998047,68.40599822998047,68.40599822998047,68.405998
250,85.95200347900391,85.95200347900391,85.95200347900391,85.95200347900391,85.95200347900391,85.95200347900391,85.95200347900391,85.95200347900391,85.95200347900391,85.952003
251,21.89100074768066,21.89100074768066,21.89100074768066,21.89100074768066,21.89100074768066,21.89100074768066,21.89100074768066,21.89100074768066,21.89100074768066,21.891001
252,30.73600006103516,30.39317893981934,30.60018157958984,30.39317893981934,30.60018157958984,30.39317893981934,30.39317893981934,30.21239852905273,29.71221542358398,30.212399
253,139.8580017089844,129.1893463134766,133.6373443603516,129.1893463134766,133.6373443603516,129.1893463134766,129.1893463134766,124.9761505126953,116.6498336791992,124.97615
254,116.3280029296875,114.7570648193359,115.5486145019531,114.7570648193359,115.5486145019531,114.7570648193359,114.7570648193359,113.0382919311523,107.2008438110352,113.03829
255,62.77799987792969,60.18241500854492,61.18302154541016,60.18241500854492,61.18302154541016,60.18241500854492,60.18241500854492,59.10692596435547,56.66671752929688,59.106926
256,232.6999969482422,226.2926940917969,227.7450408935547,226.2926940917969,227.7450408935547,226.2926940917969,226.2926940917969,224.0842590332031,211.6336669921875,224.08426
257,95.31199645996094,95.07122039794922,95.20050811767578,95.07122039794922,95.20050811767578,95.07122039794922,95.07122039794922,94.89414215087891,94.41445922851563,94.894142
258,331.8489990234375,331.8480529785156,331.8480529785156,331.8480529785156,331.8480529785156,331.8480529785156,331.8480529785156,331.8480529785156,331.8471069335938,331.84805
259,223.0200042724609,223.0200042724609,223.0200042724609,223.0200042724609,223.0200042724609,223.0200042724609,223.0200042724609,223.0200042724609,223.0200042724609,223.02
260,172.8099975585938,172.8099975585938,172.8099975585938,172.8099975585938,172.8099975585938,172.8099975585938,172.8099975585938,172.8099975585938,172.8099975585938,172.81
261,73.55300140380859,73.55300140380859,73.55300140380859,73.55300140380859,73.55300140380859,73.55300140380859,73.55300140380859,73.55300140380859,73.55300140380859,73.553001
262,203.6600036621094,203.6600036621094,203.6600036621094,203.6600036621094,203.6600036621094,203.6600036621094,203.6600036621094,203.6600036621094,203.6600036621094,203.66
263,854.156982421875,854.156982421875,854.156982421875,854.156982421875,854.156982421875,854.156982421875,854.156982421875,854.156982421875,854.156982421875,854.15698
264,173.1170043945313,173.1170043945313,173.1170043945313,173.1170043945313,173.1170043945313,173.1170043945313,173.1170043945313,173.1170043945313,173.1170043945313,173.117
265,268.7160034179688,268.7160034179688,268.7160034179688,268.7160034179688,268.7160034179688,268.7160034179688,268.7160034179688,268.7160034179688,268.7160034179688,268.716
266,257.6210021972656,257.6210021972656,257.6210021972656,257.6210021972656,257.6210021972656,257.6210021972656,257.6210021972656,257.6210021972656,257.6210021972656,257.621
267,189.1990051269531,189.1990051269531,189.1990051269531,189.1990051269531,189.1990051269531,189.1990051269531,189.1990051269531,189.1990051269531,189.1990051269531,189.19901
268,290.7070007324219,290.7070007324219,290.7070007324219,290.7070007324219,290.7070007324219,290.7070007324219,290.7070007324219,290.7070007324219,290.7070007324219,290.707
269,282.1969909667969,282.1969909667969,282.1969909667969,282.1969909667969,282.1969909667969,282.1969909667969,282.1969909667969,282.1969909667969,282.1969909667969,282.19699
270,1115.276000976563,1115.276000976563,1115.276000976563,1115.276000976563,1115.276000976563,1115.276000976563,1115.276000976563,1115.276000976563,1115.276000976563,1115.276
271,359.4660034179688,359.4660034179688,359.4660034179688,359.4660034179688,359.4660034179688,359.4660034179688,359.4660034179688,359.4660034179688,359.4660034179688,359.466
272,350.0599975585938,350.0599975585938,350.0599975585938,350.0599975585938,350.0599975585938,350.0599975585938,350.0599975585938,350.0599975585938,350.0599975585938,350.06
273,323.7650146484375,323.7650146484375,323.7650146484375,323.7650146484375,323.7650146484375,323.7650146484375,323.7650146484375,323.7650146484375,323.7650146484375,323.76501
274,432.7239990234375,432.7239990234375,432.7239990234375,432.7239990234375,432.7239990234375,432.7239990234375,432.7239990234375,432.7239990234375,432.7239990234375,432.724
275,640.8489990234375,640.8489990234375,640.8489990234375,640.8489990234375,640.8489990234375,640.8489990234375,640.8489990234375,640.8489990234375,640.8489990234375,640.849
276,559.9609985351563,559.9609985351563,559.9609985351563,559.9609985351563,559.9609985351563,559.9609985351563,559.9609985351563,559.9609985351563,559.9609985351563,559.961
277,259.1759948730469,259.1759948730469,259.1759948730469,259.1759948730469,259.1759948730469,259.1759948730469,259.1759948730469,259.1759948730469,259.1759948730469,259.17599
278,1013.189025878906,1013.189025878906,1013.189025878906,1013.189025878906,1013.189025878906,1013.189025878906,1013.189025878906,1013.189025878906,1013.189025878906,1013.189
279,725.7130126953125,725.7130126953125,725.7130126953125,725.7130126953125,725.7130126953125,725.7130126953125,725.7130126953125,725.7130126953125,725.7130126953125,725.71301
280,53.60599899291992,53.60599899291992,53.60599899291992,53.60599899291992,53.60599899291992,53.60599899291992,53.60599899291992,53.60599899291992,53.60599899291992,53.605999
281,19.20499992370605,18.61904335021973,18.88580703735352,18.61904335021973,18.88580703735352,18.61904335021973,18.61904335021973,18.14807319641113,15.88887691497803,18.148073
282,48.83200073242188,48.83200073242188,48.83200073242188,48.83200073242188,48.83200073242188,48.83200073242188,48.83200073242188,48.83108139038086,48.81913757324219,48.831081
283,20.80999946594238,20.22472190856934,20.43329048156738,20.22472190856934,20.43329048156738,20.22472190856934,20.22472190856934,19.86914253234863,18.25020980834961,19.869143
284,75.27500152587891,62.09321594238281,67.75292205810547,62.09321594238281,67.75292205810547,62.09321594238281,62.09321594238281,53.00093841552734,27.75920104980469,53.000938
285,43.13100051879883,43.13100051879883,43.13100051879883,43.13100051879883,43.13100051879883,43.13100051879883,43.13100051879883,43.13100051879883,43.13100051879883,43.131001
286,44.47999954223633,43.63219451904297,44.02440643310547,43.63219451904297,44.02440643310547,43.63219451904297,43.63219451904297,42.78713989257813,37.71500015258789,42.78714
287,871.1110229492188,871.1110229492188,871.1110229492188,871.1110229492188,871.1110229492188,871.1110229492188,871.1110229492188,871.1110229492188,871.1110229492188,871.11102
288,20.38699913024902,20.19771194458008,20.30062484741211,20.19771194458008,20.30062484741211,20.19771194458008,20.19771194458008,19.93675231933594,18.12381935119629,19.936752
289,88.83300018310547,77.80892181396484,82.60295867919922,77.80892181396484,82.60295867919922,77.80892181396484,77.80892181396484,69.63388824462891,41.54954147338867,69.633888
290,64.52100372314453,61.44717407226563,62.89908981323242,61.44717407226563,62.89908981323242,61.44717407226563,61.44717407226563,58.56907653808594,46.51636123657227,58.569077
291,31.13899993896484,30.88344573974609,30.97353363037109,30.88344573974609,30.97353363037109,30.88344573974609,30.88344573974609,30.73912239074707,30.07541656494141,30.739122
292,37.61700057983398,35.16905212402344,36.11919403076172,35.16905212402344,36.11919403076172,35.16905212402344,35.16905212402344,33.69513702392578,29.13739395141602,33.695137
293,238.9049987792969,238.9049987792969,238.9049987792969,238.9049987792969,238.9049987792969,238.9049987792969,238.9049987792969,238.9049987792969,238.9049987792969,238.905
294,22.37700080871582,17.51975059509277,19.0245418548584,17.51975059509277,19.0245418548584,17.51975059509277,17.51975059509277,15.32460975646973,8.841226577758789,15.32461
295,41.81900024414063,41.81900024414063,41.81900024414063,41.81900024414063,41.81900024414063,41.81900024414063,41.81900024414063,41.81900024414063,41.81900024414063,41.819
296,40.7859992980957,36.1656494140625,38.28618240356445,36.1656494140625,38.28618240356445,36.1656494140625,36.1656494140625,32.30938720703125,18.64211654663086,32.309387
297,39.14599990844727,39.1129264831543,39.13130187988281,39.1129264831543,39.13130187988281,39.1129264831543,39.1129264831543,39.07342147827148,38.76105499267578,39.073421
298,37.14400100708008,37.08155059814453,37.11001968383789,37.08155059814453,37.11001968383789,37.08155059814453,37.08155059814453,37.05308151245117,36.86940383911133,37.053082
299,130.4450073242188,130.4450073242188,130.4450073242188,130.4450073242188,130.4450073242188,130.4450073242188,130.4450073242188,130.4450073242188,130.4450073242188,130.44501
300,119.036003112793,119.036003112793,119.036003112793,119.036003112793,119.036003112793,119.036003112793,119.036003112793,119.036003112793,119.036003112793,119.036
301,271.9630126953125,271.9630126953125,271.9630126953125,271.9630126953125,271.9630126953125,271.9630126953125,271.9630126953125,271.9630126953125,271.9630126953125,271.96301
302,106.306999206543,106.306999206543,106.306999206543,106.306999206543,106.306999206543,106.306999206543,106.306999206543,106.306999206543,106.306999206543,106.307
303,90.02200317382813,90.02200317382813,90.02200317382813,90.02200317382813,90.02200317382813,90.02200317382813,90.02200317382813,90.02108764648438,90.00362396240234,90.021088
304,123.2040023803711,117.4299011230469,121.5711517333984,117.4299011230469,121.5711517333984,117.4299011230469,117.4299011230469,110.1213302612305,82.45131683349609,110.12133
305,182.9850006103516,182.971435546875,182.9768524169922,182.971435546875,182.9768524169922,182.971435546875,182.971435546875,182.9651031494141,182.9053649902344,182.9651
306,252.2929992675781,250.9965209960938,252.0011749267578,250.9965209960938,252.0011749267578,250.9965209960938,250.9965209960938,248.0910034179688,238.3327331542969,248.091
307,231.2400054931641,231.2173767089844,231.2237091064453,231.2173767089844,231.2237091064453,231.2173767089844,231.2173767089844,231.2110290527344,231.1585235595703,231.21103
308,254.0829925537109,210.7380218505859,236.4831695556641,210.7380218505859,236.4831695556641,210.7380218505859,210.7380218505859,178.0368041992188,136.6907348632813,178.0368
309,1009.64501953125,1007.635559082031,1008.473388671875,1007.635559082031,1008.473388671875,1007.635559082031,1007.635559082031,1007.223022460938,1006.400573730469,1007.223
310,117.9400024414063,112.0435409545898,116.2648391723633,112.0435409545898,116.2648391723633,112.0435409545898,112.0435409545898,103.660514831543,85.87908172607422,103.66051
311,98.08000183105469,75.48020172119141,86.95622253417969,75.48020172119141,86.95622253417969,75.48020172119141,75.48020172119141,61.64050674438477,36.80258178710938,61.640507
312,512.155029296875,508.6816101074219,509.3175659179688,508.6816101074219,509.3175659179688,508.6816101074219,508.6816101074219,507.8858032226563,505.2926330566406,507.8858
313,80.94400024414063,55.41115951538086,65.8603515625,55.41115951538086,65.8603515625,55.41115951538086,55.41115951538086,43.3807258605957,26.20380783081055,43.380726
314,161.2149963378906,161.0301513671875,161.1275329589844,161.0301513671875,161.1275329589844,161.0301513671875,161.0301513671875,160.6541442871094,156.6939697265625,160.65414
315,161.3059997558594,161.3059997558594,161.3059997558594,161.3059997558594,161.3059997558594,161.3059997558594,161.3059997558594,161.3059997558594,161.3059997558594,161.306
316,557.2839965820313,552.6040649414063,557.0118408203125,552.6040649414063,557.0118408203125,552.6040649414063,552.6040649414063,552.1456909179688,550.8228759765625,552.14569
317,497.8919982910156,497.3356628417969,497.6228637695313,497.3356628417969,497.6228637695313,497.3356628417969,497.3356628417969,497.0457458496094,494.9838562011719,497.04575
318,97.62300109863281,97.60850524902344,97.61394500732422,97.60850524902344,97.61394500732422,97.60850524902344,97.60850524902344,97.60760498046875,97.59220123291016,97.607605
319,760.7869873046875,748.0968627929688,753.6245727539063,748.0968627929688,753.6245727539063,748.0968627929688,748.0968627929688,746.1070556640625,736.2110595703125,746.10706
320,215.4040069580078,213.3273468017578,215.3181304931641,213.3273468017578,215.3181304931641,213.3273468017578,213.3273468017578,213.2188720703125,212.5968780517578,213.21887
321,206.552001953125,201.8821716308594,204.3307495117188,201.8821716308594,204.3307495117188,201.8821716308594,201.8821716308594,195.9320831298828,172.9401550292969,195.93208
322,1213.568969726563,1212.486206054688,1212.816040039063,1212.486206054688,1212.816040039063,1212.486206054688,1212.486206054688,1212.1083984375,1211.068237304688,1212.1084
323,153.7700042724609,153.7700042724609,153.7700042724609,153.7700042724609,153.7700042724609,153.7700042724609,153.7700042724609,153.7700042724609,153.7700042724609,153.77
324,166.3300018310547,166.3300018310547,166.3300018310547,166.3300018310547,166.3300018310547,166.3300018310547,166.3300018310547,166.3300018310547,166.3300018310547,166.33
325,205.2960052490234,203.6837005615234,204.6665954589844,203.6837005615234,204.6665954589844,203.6837005615234,203.6837005615234,201.7269134521484,193.8827056884766,201.72691
326,437.4349975585938,434.8359375,435.8936157226563,434.8359375,435.8936157226563,434.8359375,434.8359375,432.9904479980469,421.8442993164063,432.99045
327,86.16100311279297,86.11952209472656,86.13845825195313,86.11952209472656,86.13845825195313,86.11952209472656,86.11952209472656,86.10869598388672,86.06180572509766,86.108696
328,66.25800323486328,66.18032836914063,66.22819519042969,66.18032836914063,66.22819519042969,66.18032836914063,66.18032836914063,65.90212249755859,61.79051971435547,65.902122
329,437.89599609375,437.2644348144531,437.7892150878906,437.2644348144531,437.7892150878906,437.2644348144531,437.2644348144531,436.8536682128906,436.0836791992188,436.85367
330,238.5469970703125,238.5460815429688,238.5460815429688,238.5460815429688,238.5460815429688,238.5460815429688,238.5460815429688,238.5460815429688,238.5451965332031,238.54608
331,161.9539947509766,161.9539947509766,161.9539947509766,161.9539947509766,161.9539947509766,161.9539947509766,161.9539947509766,161.9539947509766,161.9539947509766,161.95399
332,129.6620025634766,129.6465911865234,129.6502227783203,129.6465911865234,129.6502227783203,129.6465911865234,129.6465911865234,129.6420593261719,129.6375274658203,129.64206
333,251.9120025634766,249.3489227294922,250.9389801025391,249.3489227294922,250.9389801025391,249.3489227294922,249.3489227294922,246.7544860839844,240.4192047119141,246.75449
334,220.2250061035156,216.8671569824219,218.9500427246094,216.8671569824219,218.9500427246094,216.8671569824219,216.8671569824219,214.0187530517578,204.5265045166016,214.01875
335,42.23699951171875,38.85468292236328,40.91873550415039,38.85468292236328,40.91873550415039,38.85468292236328,38.85468292236328,35.83097076416016,29.9789867401123,35.830971
336,211.8719940185547,210.0507354736328,210.8264007568359,210.0507354736328,210.8264007568359,210.0507354736328,210.0507354736328,208.8356323242188,204.8881683349609,208.83563
337,622.9979858398438,622.8338623046875,622.9288330078125,622.8338623046875,622.9288330078125,622.8338623046875,622.8338623046875,622.6384887695313,620.8953857421875,622.63849
338,117.2669982910156,109.834716796875,113.8470001220703,109.834716796875,113.8470001220703,109.834716796875,109.834716796875,106.3270721435547,99.83950805664063,106.32707
339,148.3979949951172,146.108642578125,147.5264739990234,146.108642578125,147.5264739990234,146.108642578125,146.108642578125,144.1970062255859,137.2589263916016,144.19701
340,108.8919982910156,108.8919982910156,108.8919982910156,108.8919982910156,108.8919982910156,108.8919982910156,108.8919982910156,108.8919982910156,108.8919982910156,108.892
341,47.20500183105469,47.20500183105469,47.20500183105469,47.20500183105469,47.20500183105469,47.20500183105469,47.20500183105469,47.20500183105469,47.20500183105469,47.205002
342,210.4400024414063,203.1902160644531,206.0304107666016,203.1902160644531,206.0304107666016,203.1902160644531,203.1902160644531,199.4671783447266,188.4796142578125,199.46718
343,37.93299865722656,37.35114288330078,37.74765396118164,37.35114288330078,37.74765396118164,37.35114288330078,37.35114288330078,36.40229034423828,31.70319747924805,36.40229
344,90.50800323486328,85.44007110595703,88.46222686767578,85.44007110595703,88.46222686767578,85.44007110595703,85.44007110595703,81.77406311035156,65.40875244140625,81.774063
345,106.5810012817383,106.4756317138672,106.5107498168945,106.4756317138672,106.5107498168945,106.4756317138672,106.4756317138672,106.4210891723633,84.09220123291016,106.42109
346,59.88299942016602,59.83121109008789,59.86542892456055,59.83121109008789,59.86542892456055,59.83121109008789,59.83121109008789,59.78035354614258,59.51865005493164,59.780354
348,76,75.93988037109375,75.97317504882813,75.93988037109375,75.97317504882813,75.93988037109375,75.93988037109375,75.91306304931641,68.12207794189453,75.913063
349,40.67300033569336,34.77146530151367,37.89830780029297,34.77146530151367,37.89830780029297,34.77146530151367,34.77146530151367,29.91898536682129,21.60784912109375,29.918985
351,168.0930023193359,168.0930023193359,168.0930023193359,168.0930023193359,168.0930023193359,168.0930023193359,168.0930023193359,168.0930023193359,168.0930023193359,168.093
352,164.6699981689453,163.7613067626953,163.8241577148438,163.7613067626953,163.8241577148438,163.7613067626953,163.7613067626953,163.3804473876953,144.8940734863281,163.38045
353,38.51100158691406,32.08542251586914,36.07925415039063,32.08542251586914,36.07925415039063,32.08542251586914,32.08542251586914,25.44473648071289,14.79083156585693,25.444736
354,151.6080017089844,144.7118225097656,148.3565979003906,144.7118225097656,148.3565979003906,144.7118225097656,144.7118225097656,138.1369934082031,121.3859481811523,138.13699
355,8.96399974822998,6.37185525894165,7.831840991973877,6.37185525894165,7.831840991973877,6.37185525894165,6.37185525894165,4.612668991088867,1.760109663009644,4.612669
356,36.47499847412109,23.7485179901123,30.94873428344727,23.7485179901123,30.94873428344727,23.7485179901123,23.7485179901123,15.48683929443359,5.322100162506104,15.486839
357,269.1610107421875,260.7411499023438,264.7664794921875,260.7411499023438,264.7664794921875,260.7411499023438,260.7411499023438,257.1136779785156,250.3626556396484,257.11368
358,279.4849853515625,278.1492309570313,279.0809326171875,278.1492309570313,279.0809326171875,278.1492309570313,278.1492309570313,277.6427917480469,275.1281127929688,277.64279
359,12.42399978637695,8.715839385986328,10.94147491455078,8.715839385986328,10.94147491455078,8.715839385986328,8.715839385986328,5.495693206787109,1.252382040023804,5.4956932
360,245.6889953613281,240.2817993164063,242.8543548583984,240.2817993164063,242.8543548583984,240.2817993164063,240.2817993164063,237.3309020996094,230.2747802734375,237.3309
361,220.9290008544922,220.9290008544922,220.9290008544922,220.9290008544922,220.9290008544922,220.9290008544922,220.9290008544922,220.9290008544922,220.9290008544922,220.929
362,130.1479949951172,130.1479949951172,130.1479949951172,130.1479949951172,130.1479949951172,130.1479949951172,130.1479949951172,130.1479949951172,130.1470794677734,130.14799
363,395.1499938964844,389.4378356933594,391.8283081054688,389.4378356933594,391.8283081054688,389.4378356933594,389.4378356933594,386.5342102050781,378.9503479003906,386.53421
364,353.5809936523438,347.4850158691406,351.3319396972656,347.4850158691406,351.3319396972656,347.4850158691406,347.4850158691406,338.8509216308594,312.2512512207031,338.85092
365,230.8049926757813,230.7634582519531,230.7708435058594,230.7634582519531,230.7708435058594,230.7634582519531,230.7634582519531,230.7523803710938,230.6554870605469,230.75238
366,38.07300186157227,30.13777923583984,34.09062576293945,30.13777923583984,34.09062576293945,30.13777923583984,30.13777923583984,23.72167778015137,12.18985748291016,23.721678
367,34.17800140380859,26.76217842102051,30.90281105041504,26.76217842102051,30.90281105041504,26.76217842102051,26.76217842102051,20.52582740783691,10.26614665985107,20.525827
368,138.9750061035156,135.9011688232422,137.8632049560547,135.9011688232422,137.8632049560547,135.9011688232422,135.9011688232422,131.7682189941406,118.5191268920898,131.76822
369,96.68699645996094,96.65648651123047,96.66850280761719,96.65648651123047,96.66850280761719,96.65648651123047,96.65648651123047,96.63706970214844,84.60771179199219,96.63707
370,78.11900329589844,77.54450225830078,77.86592864990234,77.54450225830078,77.86592864990234,77.54450225830078,77.54450225830078,77.03466033935547,75.30838775634766,77.03466
371,128.2619934082031,128.2619934082031,128.2619934082031,128.2619934082031,128.2619934082031,128.2619934082031,128.2619934082031,128.2619934082031,128.2619934082031,128.26199
372,79.73500061035156,75.83207702636719,78.40293121337891,75.83207702636719,78.40293121337891,75.83207702636719,75.83207702636719,71.48298645019531,61.83053970336914,71.482986
373,142.2400054931641,141.8805694580078,141.9803619384766,141.8805694580078,141.9803619384766,141.8805694580078,141.8805694580078,141.7548980712891,141.0923767089844,141.7549
374,123.7149963378906,123.7149963378906,123.7149963378906,123.7149963378906,123.7149963378906,123.7149963378906,123.7149963378906,123.7149963378906,123.7149963378906,123.715
375,160.2339935302734,159.5248260498047,159.7935333251953,159.5248260498047,159.7935333251953,159.5248260498047,159.5248260498047,159.3059692382813,158.6919097900391,159.30597
376,296.4909973144531,293.4129638671875,295.6012573242188,293.4129638671875,295.6012573242188,293.4129638671875,293.4129638671875,291.4840087890625,286.5831604003906,291.48401
377,106.2890014648438,105.3068389892578,105.8501205444336,105.3068389892578,105.8501205444336,105.3068389892578,105.3068389892578,104.5815353393555,102.5774765014648,104.58154
378,61.19200134277344,60.51376342773438,60.90832138061523,60.51376342773438,60.90832138061523,60.51376342773438,60.51376342773438,59.55831527709961,55.76055908203125,59.558315
379,44.66400146484375,42.77594375610352,43.88531494140625,42.77594375610352,43.88531494140625,42.77594375610352,42.77594375610352,40.84354782104492,35.64769744873047,40.843548
380,238.6600036621094,238.1339111328125,238.4181823730469,238.1339111328125,238.4181823730469,238.1339111328125,238.1339111328125,237.4444732666016,236.6368713378906,237.44447
381,137.4629974365234,131.2616882324219,134.5223693847656,131.2616882324219,134.5223693847656,131.2616882324219,131.2616882324219,128.0471038818359,121.1124801635742,128.0471
382,79.40299987792969,79.24966430664063,79.34018707275391,79.24966430664063,79.34018707275391,79.24966430664063,79.24966430664063,79.09355926513672,78.60492706298828,79.093559
383,288.7529907226563,282.3775939941406,285.1412658691406,282.3775939941406,285.1412658691406,282.3775939941406,282.3775939941406,278.9938049316406,270.7627563476563,278.9938
384,73.3489990234375,73.14826965332031,73.29647064208984,73.14826965332031,73.29647064208984,73.14826965332031,73.14826965332031,73.05165863037109,72.77589416503906,73.051659
385,32.54100036621094,32.02581787109375,32.21349716186523,32.02581787109375,32.21349716186523,32.02581787109375,32.02581787109375,31.91883850097656,31.6345043182373,31.918839
386,30.875,29.80652809143066,30.0297908782959,29.80652809143066,30.0297908782959,29.80652809143066,29.80652809143066,29.61328315734863,29.09077262878418,29.613283
387,71.63400268554688,70.68010711669922,71.08342742919922,70.68010711669922,71.08342742919922,70.68010711669922,70.68010711669922,70.3255615234375,69.53955841064453,70.325562
388,35.65999984741211,35.20140075683594,35.39459609985352,35.20140075683594,35.39459609985352,35.20140075683594,35.20140075683594,35.05041122436523,34.73530197143555,35.050411
389,108.2639999389648,108.2639999389648,108.2639999389648,108.2639999389648,108.2639999389648,108.2639999389648,108.2639999389648,108.2639999389648,108.2639999389648,108.264
390,67.81099700927734,67.80727386474609,67.80913543701172,67.80727386474609,67.80913543701172,67.80727386474609,67.80727386474609,67.79422760009766,67.75045013427734,67.794228
391,97.04300308227539,97.04300308227539,97.04300308227539,97.04300308227539,97.04300308227539,97.04300308227539,97.04300308227539,97.04300308227539,97.04300308227539,97.042999
392,228.6260070800781,228.6260070800781,228.6260070800781,228.6260070800781,228.6260070800781,228.6260070800781,228.6260070800781,228.6260070800781,228.6260070800781,228.62601
393,53.88700103759766,52.00714874267578,52.47198486328125,52.00714874267578,52.47198486328125,52.00714874267578,52.00714874267578,51.48734283447266,49.79473114013672,51.487343
394,500.510009765625,500.510009765625,500.510009765625,500.510009765625,500.510009765625,500.510009765625,500.510009765625,500.510009765625,500.510009765625,500.51001
395,192.7519989013672,192.6318054199219,192.6802520751953,192.6318054199219,192.6802520751953,192.6318054199219,192.6318054199219,192.5479431152344,192.15380859375,192.54794
396,103.3330001831055,103.3330001831055,103.3330001831055,103.3330001831055,103.3330001831055,103.3330001831055,103.3330001831055,103.3330001831055,103.3330001831055,103.333
397,129.9759979248047,98.71223449707031,109.0403366088867,98.71223449707031,109.0403366088867,98.71223449707031,98.71223449707031,84.39372253417969,46.61061477661133,84.393723
398,89.01599884033203,88.95264434814453,88.97686767578125,88.95264434814453,88.97686767578125,88.95264434814453,88.95264434814453,88.88649749755859,88.16448974609375,88.886497
399,120.6129989624023,114.7018585205078,115.8950729370117,114.7018585205078,115.8950729370117,114.7018585205078,114.7018585205078,113.3046417236328,108.7916488647461,113.30464
400,95.35900115966797,74.34229278564453,77.66670227050781,74.34229278564453,77.66670227050781,74.34229278564453,74.34229278564453,70.76545715332031,60.92636871337891,70.765457
401,76.34400177001953,71.14910125732422,72.83199310302734,71.14910125732422,72.83199310302734,71.14910125732422,71.14910125732422,70.26528167724609,67.85968017578125,70.265282
402,99.72699737548828,88.66918182373047,92.12487030029297,88.66918182373047,92.12487030029297,88.66918182373047,88.66918182373047,83.19706726074219,66.77790832519531,83.197067
403,67.44699859619141,54.25173950195313,56.25333404541016,54.25173950195313,56.25333404541016,54.25173950195313,54.25173950195313,52.11602020263672,47.29039001464844,52.11602
404,103.9710006713867,103.9477157592773,103.9514389038086,103.9477157592773,103.9514389038086,103.9477157592773,103.9477157592773,103.9411926269531,103.9179077148438,103.94119
405,516.3489990234375,516.3489990234375,516.3489990234375,516.3489990234375,516.3489990234375,516.3489990234375,516.3489990234375,516.3489990234375,516.3489990234375,516.349
406,82.87899780273438,79.67285919189453,81.14444732666016,79.67285919189453,81.14444732666016,79.67285919189453,79.67285919189453,78.55831909179688,76.81362152099609,78.558319
407,75.40399932861328,74.62084197998047,74.90898132324219,74.62084197998047,74.90898132324219,74.62084197998047,74.62084197998047,74.22556304931641,73.00465393066406,74.225563
408,45.84199905395508,44.12091445922852,44.97360610961914,44.12091445922852,44.97360610961914,44.12091445922852,44.12091445922852,42.85065841674805,39.89995956420898,42.850658
409,266.9039916992188,264.3819274902344,265.5557556152344,264.3819274902344,265.5557556152344,264.3819274902344,264.3819274902344,263.2671203613281,261.2839965820313,263.26712
410,117.4820022583008,116.8792037963867,117.0665969848633,116.8792037963867,117.0665969848633,116.8792037963867,116.8792037963867,116.6558074951172,115.6080627441406,116.65581
411,117.4250030517578,112.7620162963867,115.0400161743164,112.7620162963867,115.0400161743164,112.7620162963867,112.7620162963867,111.077033996582,108.3434295654297,111.07703
412,85.62000274658203,81.18199920654297,83.60163879394531,81.18199920654297,83.60163879394531,81.18199920654297,81.18199920654297,78.26514434814453,74.10942077636719,78.265144
413,172.9550018310547,170.1836395263672,171.7701721191406,170.1836395263672,171.7701721191406,170.1836395263672,170.1836395263672,168.3653106689453,163.6398468017578,168.36531
414,174.3090057373047,174.3043975830078,174.3062286376953,174.3043975830078,174.3062286376953,174.3043975830078,174.3043975830078,174.2960815429688,174.2637634277344,174.29608
415,158.7969970703125,156.8727416992188,158.156494140625,156.8727416992188,158.156494140625,156.8727416992188,156.8727416992188,154.6245422363281,150.0792388916016,154.62454
416,175.3639984130859,174.4365081787109,174.8097229003906,174.4365081787109,174.8097229003906,174.4365081787109,174.4365081787109,173.6485137939453,170.3810424804688,173.64851
417,54.61199951171875,54.61199951171875,54.61199951171875,54.61199951171875,54.61199951171875,54.61199951171875,54.61199951171875,54.61199951171875,54.61199951171875,54.612
418,45.87799835205078,45.87799835205078,45.87799835205078,45.87799835205078,45.87799835205078,45.87799835205078,45.87799835205078,45.87799835205078,45.87799835205078,45.877998
419,47.40999984741211,47.17690277099609,47.28377914428711,47.17690277099609,47.28377914428711,47.17690277099609,47.17690277099609,45.49731063842773,44.5584716796875,45.497311
420,22.03899955749512,22.03899955749512,22.03899955749512,22.03899955749512,22.03899955749512,22.03899955749512,22.03899955749512,22.03899955749512,22.03899955749512,22.039
421,6.620999813079834,5.82853889465332,6.0749192237854,5.82853889465332,6.0749192237854,5.82853889465332,5.82853889465332,5.559175968170166,4.359452724456787,5.559176
422,83.97899627685547,83.97899627685547,83.97899627685547,83.97899627685547,83.97899627685547,83.97899627685547,83.97899627685547,83.97899627685547,83.97899627685547,83.978996
423,39.36700057983398,39.36700057983398,39.36700057983398,39.36700057983398,39.36700057983398,39.36700057983398,39.36700057983398,39.36700057983398,39.36700057983398,39.367001
424,9.39799976348877,9.39799976348877,9.39799976348877,9.39799976348877,9.39799976348877,9.39799976348877,9.39799976348877,9.39799976348877,9.39799976348877,9.3979998
425,85.93800354003906,85.93800354003906,85.93800354003906,85.93800354003906,85.93800354003906,85.93800354003906,85.93800354003906,85.93708038330078,85.92326354980469,85.93708
426,56.78200149536133,56.77280044555664,56.78108215332031,56.77280044555664,56.78108215332031,56.77280044555664,56.77280044555664,56.74150466918945,56.38441848754883,56.741505
427,88.60299682617188,88.60299682617188,88.60299682617188,88.60299682617188,88.60299682617188,88.60299682617188,88.60299682617188,88.60299682617188,88.60299682617188,88.602997
428,9.467000007629395,7.968811988830566,9.048171043395996,7.968811988830566,9.048171043395996,7.968811988830566,7.968811988830566,7.519539356231689,5.93924617767334,7.5195394
429,69.02999877929688,69.02999877929688,69.02999877929688,69.02999877929688,69.02999877929688,69.02999877929688,69.02999877929688,69.02999877929688,69.02999877929688,69.029999
430,147.2910003662109,147.2725677490234,147.2725677490234,147.2725677490234,147.2725677490234,147.2725677490234,147.2725677490234,147.2725677490234,147.2688903808594,147.27257
431,15.20800018310547,15.20800018310547,15.20800018310547,15.20800018310547,15.20800018310547,15.20800018310547,15.20800018310547,15.20800018310547,15.20800018310547,15.208
432,76.05999755859375,75.91448211669922,75.92000579833984,75.91448211669922,75.92000579833984,75.91448211669922,75.91448211669922,75.91079711914063,75.73949432373047,75.910797
433,5.714000225067139,5.236833572387695,5.658623218536377,5.236833572387695,5.658623218536377,5.236833572387695,5.236833572387695,5.056857585906982,4.271424770355225,5.0568576
434,4.890999794006348,4.832992553710938,4.86613941192627,4.832992553710938,4.86613941192627,4.832992553710938,4.832992553710938,4.806291103363037,4.59544038772583,4.8062911
435,153.9409942626953,153.9409942626953,153.9409942626953,153.9409942626953,153.9409942626953,153.9409942626953,153.9409942626953,153.9409942626953,153.9409942626953,153.94099
436,61.38600158691406,61.38600158691406,61.38600158691406,61.38600158691406,61.38600158691406,61.38600158691406,61.38600158691406,61.38600158691406,61.38600158691406,61.386002
437,71.37200164794922,71.35726165771484,71.37108612060547,71.35726165771484,71.37108612060547,71.35726165771484,71.35726165771484,71.33884429931641,71.14543914794922,71.338844
438,44.4900016784668,44.32129287719727,44.34065246582031,44.32129287719727,44.34065246582031,44.32129287719727,44.32129287719727,44.31391906738281,44.15074157714844,44.313919
439,44.33200073242188,44.33200073242188,44.33200073242188,44.33200073242188,44.33200073242188,44.33200073242188,44.33200073242188,44.33200073242188,44.33200073242188,44.332001
440,31.57999992370605,31.39564323425293,31.48080444335938,31.39564323425293,31.48080444335938,31.39564323425293,31.39564323425293,31.28521728515625,30.87158966064453,31.285217
441,75.20999908447266,75.05175018310547,75.0657958984375,75.05175018310547,75.0657958984375,75.05175018310547,75.05175018310547,75.03022003173828,74.92253875732422,75.03022
442,100.443000793457,100.4298858642578,100.443000793457,100.4298858642578,100.443000793457,100.4298858642578,100.4298858642578,100.4242706298828,100.3886871337891,100.42427
443,65.69100189208984,65.46562194824219,65.59934997558594,65.46562194824219,65.59934997558594,65.46562194824219,65.46562194824219,65.35807800292969,65.01486206054688,65.358078
444,199.5240020751953,198.6619873046875,198.9596099853516,198.6619873046875,198.9596099853516,198.6619873046875,198.6619873046875,198.3559112548828,197.2355804443359,198.35591
445,252.6739959716797,250.9516296386719,251.7408905029297,250.9516296386719,251.7408905029297,250.9516296386719,250.9516296386719,250.0642852783203,247.8254089355469,250.06429
446,105.7850036621094,105.6305313110352,105.6951293945313,105.6305313110352,105.6951293945313,105.6305313110352,105.6305313110352,105.5322265625,105.0856552124023,105.53223
447,236.4400024414063,234.7973937988281,235.6981048583984,234.7973937988281,235.6981048583984,234.7973937988281,234.7973937988281,233.5873718261719,230.4030456542969,233.58737
448,82.86000061035156,78.06866455078125,80.17961120605469,78.06866455078125,80.17961120605469,78.06866455078125,78.06866455078125,75.92789459228516,70.16449737548828,75.927895
449,116.588996887207,116.4964065551758,116.5674819946289,116.4964065551758,116.5674819946289,116.4964065551758,116.4964065551758,116.4150314331055,115.9567413330078,116.41503
450,86.21399688720703,85.35562133789063,85.64859008789063,85.35562133789063,85.64859008789063,85.35562133789063,85.35562133789063,84.904052734375,83.09774017333984,84.904053
451,79.99600219726563,79.76746368408203,79.78900146484375,79.76746368408203,79.78900146484375,79.76746368408203,79.76746368408203,79.7618408203125,79.74123382568359,79.761841
452,91.61100006103516,91.30392456054688,91.43273162841797,91.30392456054688,91.43273162841797,91.30392456054688,91.30392456054688,91.22926330566406,90.99405670166016,91.229263
454,58.47499847412109,57.36833190917969,57.93520736694336,57.36833190917969,57.93520736694336,57.36833190917969,57.36833190917969,56.71927261352539,55.18581771850586,56.719273
455,93.03800201416016,92.79334259033203,92.84283447265625,92.79334259033203,92.84283447265625,92.79334259033203,92.79334259033203,92.74198150634766,92.55615997314453,92.741982
457,51.57899856567383,51.41737365722656,51.48370742797852,51.41737365722656,51.48370742797852,51.41737365722656,51.41737365722656,51.35664749145508,51.1156120300293,51.356647
458,32.99300003051758,31.97872161865234,32.42795562744141,31.97872161865234,32.42795562744141,31.97872161865234,31.97872161865234,31.56778144836426,30.46757888793945,31.567781
459,9.831999778747559,8.579432487487793,9.326119422912598,8.579432487487793,9.326119422912598,8.579432487487793,8.579432487487793,7.7170090675354,4.799330234527588,7.7170091
460,95.03199768066406,94.00213623046875,94.45508575439453,94.00213623046875,94.45508575439453,94.00213623046875,94.00213623046875,93.45692443847656,91.02440643310547,93.456924
461,116.2559967041016,115.9985046386719,116.0284729003906,115.9985046386719,116.0284729003906,115.9985046386719,115.9985046386719,115.9601211547852,115.7840881347656,115.96012
462,137.1959991455078,135.4361572265625,136.1507415771484,135.4361572265625,136.1507415771484,135.4361572265625,135.4361572265625,134.7169036865234,133.1270904541016,134.7169
464,81.06900024414063,80.97450256347656,81.03157806396484,80.97450256347656,81.03157806396484,80.97450256347656,80.97450256347656,80.90620422363281,80.60306549072266,80.906204
465,57.14199829101563,57.1223258972168,57.13825225830078,57.1223258972168,57.13825225830078,57.1223258972168,57.1223258972168,57.11296081542969,57.08672714233398,57.112961
468,24.34099960327148,22.99909019470215,23.59819030761719,22.99909019470215,23.59819030761719,22.99909019470215,22.99909019470215,22.25814819335938,19.91867256164551,22.258148
469,79.25099945068359,79.24069976806641,79.25099945068359,79.24069976806641,79.25099945068359,79.24069976806641,79.24069976806641,79.22757720947266,79.19853973388672,79.227577
471,75.73999786376953,73.5181884765625,74.20411682128906,73.5181884765625,74.20411682128906,73.5181884765625,73.5181884765625,72.29637908935547,68.53123474121094,72.296379
473,81.14299774169922,80.75082397460938,80.93895721435547,80.75082397460938,80.93895721435547,80.75082397460938,80.75082397460938,80.56643676757813,79.64076995849609,80.566437
475,127.4329986572266,126.7630615234375,126.7892990112305,126.7630615234375,126.7892990112305,126.7630615234375,126.7630615234375,126.7377624511719,126.6253280639648,126.73776
476,34.74700164794922,33.42847442626953,34.02526092529297,33.42847442626953,34.02526092529297,33.42847442626953,33.42847442626953,32.95011520385742,31.84698867797852,32.950115
477,109.0690002441406,105.3187713623047,106.2378616333008,105.3187713623047,106.2378616333008,105.3187713623047,105.3187713623047,104.4024810791016,102.4801483154297,104.40248
478,62.86399841308594,61.51190185546875,62.31774520874023,61.51190185546875,62.31774520874023,61.51190185546875,61.51190185546875,60.71913909912109,59.84046173095703,60.719139
479,42.50799942016602,42.45279312133789,42.48366928100586,42.45279312133789,42.48366928100586,42.45279312133789,42.45279312133789,42.41443252563477,42.21887588500977,42.414433
480,58.59799957275391,58.59425354003906,58.59799957275391,58.59425354003906,58.59799957275391,58.59425354003906,58.59425354003906,58.58862686157227,58.55583572387695,58.588627
481,76.50800323486328,76.05067443847656,76.23865509033203,76.05067443847656,76.23865509033203,76.05067443847656,76.05067443847656,75.88140106201172,75.52414703369141,75.881401
482,92.70200347900391,90.04830932617188,90.69071960449219,90.04830932617188,90.69071960449219,90.04830932617188,90.04830932617188,89.568359375,88.41892242431641,89.568359
483,97.18699645996094,96.81014251708984,97.02188873291016,96.81014251708984,97.02188873291016,96.81014251708984,96.81014251708984,96.57506561279297,95.68610382080078,96.575066
484,32.24900054931641,31.01059341430664,31.24110221862793,31.01059341430664,31.24110221862793,31.01059341430664,31.01059341430664,30.74835205078125,29.75818634033203,30.748352
485,31.95299911499023,31.81428146362305,31.84239959716797,31.81428146362305,31.84239959716797,31.81428146362305,31.81428146362305,31.8011589050293,31.73461151123047,31.801159
486,121.0009994506836,120.4339828491211,120.6744537353516,120.4339828491211,120.6744537353516,120.4339828491211,120.4339828491211,120.1205291748047,118.9181976318359,120.12053
487,75.14299774169922,74.93574523925781,74.98336029052734,74.93574523925781,74.98336029052734,74.93574523925781,74.93574523925781,74.89000701904297,74.77983856201172,74.890007
488,91.54000091552734,91.25823974609375,91.33753967285156,91.25823974609375,91.33753967285156,91.25823974609375,91.25823974609375,91.18920135498047,90.98767852783203,91.189201
489,85.98799896240234,85.70056915283203,85.86575317382813,85.70056915283203,85.86575317382813,85.70056915283203,85.70056915283203,85.54192352294922,85.09771728515625,85.541924
491,214.2129974365234,211.7857360839844,212.7923431396484,211.7857360839844,212.7923431396484,211.7857360839844,211.7857360839844,210.4706878662109,207.2012939453125,210.47069
492,242.9179992675781,241.1422882080078,242.0142822265625,241.1422882080078,242.0142822265625,241.1422882080078,241.1422882080078,240.3272705078125,238.4068450927734,240.32727
493,36.92399978637695,36.42247772216797,36.67277145385742,36.42247772216797,36.67277145385742,36.42247772216797,36.42247772216797,36.2375602722168,35.73510360717773,36.23756
494,261.5650024414063,261.5650024414063,261.5650024414063,261.5650024414063,261.5650024414063,261.5650024414063,261.5650024414063,261.5650024414063,261.5650024414063,261.565
495,757.3709716796875,757.3709716796875,757.3709716796875,757.3709716796875,757.3709716796875,757.3709716796875,757.3709716796875,757.3709716796875,757.3709716796875,757.37097
496,270.8529968261719,270.6240234375,270.6730346679688,270.6240234375,270.6730346679688,270.6240234375,270.6240234375,270.5580749511719,270.2923278808594,270.55807
497,250.1069946289063,250.0467071533203,250.0523529052734,250.0467071533203,250.0523529052734,250.0467071533203,250.0467071533203,250.0457763671875,249.9845275878906,250.04578
498,340.4209899902344,340.4209899902344,340.4209899902344,340.4209899902344,340.4209899902344,340.4209899902344,340.4209899902344,340.4209899902344,340.4209899902344,340.42099
499,136.4029998779297,136.4029998779297,136.4029998779297,136.4029998779297,136.4029998779297,136.4029998779297,136.4029998779297,136.4029998779297,136.4029998779297,136.403
500,657.5170288085938,657.5170288085938,657.5170288085938,657.5170288085938,657.5170288085938,657.5170288085938,657.5170288085938,657.5170288085938,657.5170288085938,657.51703
501,171.1829986572266,171.1829986572266,171.1829986572266,171.1829986572266,171.1829986572266,171.1829986572266,171.1829986572266,171.1829986572266,171.1829986572266,171.183
502,243.0690002441406,243.0690002441406,243.0690002441406,243.0690002441406,243.0690002441406,243.0690002441406,243.0690002441406,243.0690002441406,243.0690002441406,243.069
503,578.39697265625,578.39697265625,578.39697265625,578.39697265625,578.39697265625,578.39697265625,578.39697265625,578.39697265625,578.39697265625,578.39697
504,580.1729736328125,579.9552612304688,579.9957885742188,579.9552612304688,579.9957885742188,579.9552612304688,579.9552612304688,579.9326782226563,579.7734375,579.93268
505,244.2220001220703,244.2182312011719,244.2201232910156,244.2182312011719,244.2201232910156,244.2182312011719,244.2182312011719,244.2144775390625,244.1956329345703,244.21448
506,119.0699996948242,118.7064590454102,118.8901138305664,118.7064590454102,118.8901138305664,118.7064590454102,118.7064590454102,118.3984832763672,116.1013946533203,118.39848
508,872.197998046875,872.197998046875,872.197998046875,872.197998046875,872.197998046875,872.197998046875,872.197998046875,872.197998046875,872.197998046875,872.198
509,261.8970031738281,261.8970031738281,261.8970031738281,261.8970031738281,261.8970031738281,261.8970031738281,261.8970031738281,261.8970031738281,261.8970031738281,261.897
512,209.4019927978516,209.4019927978516,209.4019927978516,209.4019927978516,209.4019927978516,209.4019927978516,209.4019927978516,209.4019927978516,209.4019927978516,209.40199
513,267.7820129394531,267.7801208496094,267.7810668945313,267.7801208496094,267.7810668945313,267.7801208496094,267.7801208496094,267.7744750976563,267.756591796875,267.77448
515,598.8519897460938,598.8519897460938,598.8519897460938,598.8519897460938,598.8519897460938,598.8519897460938,598.8519897460938,598.8519897460938,598.8519897460938,598.85199
516,136.0850067138672,136.0850067138672,136.0850067138672,136.0850067138672,136.0850067138672,136.0850067138672,136.0850067138672,136.0850067138672,136.0850067138672,136.08501
518,226.5249938964844,226.2467651367188,226.3023986816406,226.2467651367188,226.3023986816406,226.2467651367188,226.2467651367188,226.1713104248047,225.8562774658203,226.17131
519,350.6690063476563,350.0334167480469,350.2062377929688,350.0334167480469,350.2062377929688,350.0334167480469,350.0334167480469,349.9691772460938,349.78125,349.96918
520,85.62400054931641,82.26071929931641,83.60546875,82.26071929931641,83.60546875,82.26071929931641,82.26071929931641,82.05122375488281,81.13301849365234,82.051224
521,685.4299926757813,683.0513916015625,683.2725219726563,683.0513916015625,683.2725219726563,683.0513916015625,683.0513916015625,682.9133911132813,682.4503784179688,682.91339
522,79.97000122070313,79.97000122070313,79.97000122070313,79.97000122070313,79.97000122070313,79.97000122070313,79.97000122070313,79.97000122070313,79.97000122070313,79.970001
523,109.7350006103516,109.7350006103516,109.7350006103516,109.7350006103516,109.7350006103516,109.7350006103516,109.7350006103516,109.7350006103516,109.7350006103516,109.735
524,444.6470031738281,444.4025573730469,444.50732421875,444.4025573730469,444.50732421875,444.4025573730469,444.4025573730469,444.2808227539063,443.8315734863281,444.28082
525,857.5250244140625,856.7667846679688,856.98681640625,856.7667846679688,856.98681640625,856.7667846679688,856.7667846679688,856.6033935546875,855.967041015625,856.60339
526,123.3099975585938,123.3099975585938,123.3099975585938,123.3099975585938,123.3099975585938,123.3099975585938,123.3099975585938,123.3099975585938,123.3099975585938,123.31
527,55.93000030517578,54.69004821777344,55.79222869873047,54.69004821777344,55.79222869873047,54.69004821777344,54.69004821777344,54.59284973144531,54.24275588989258,54.59285
528,267.2919921875,266.2498474121094,266.5375061035156,266.2498474121094,266.5375061035156,266.2498474121094,266.2498474121094,265.9027709960938,264.4126281738281,265.90277
529,262.9840087890625,262.2742309570313,262.5243530273438,262.2742309570313,262.5243530273438,262.2742309570313,262.2742309570313,262.0448608398438,261.1935119628906,262.04486
530,90.13400268554688,89.17066955566406,89.20757293701172,89.17066955566406,89.20757293701172,89.17066955566406,89.17066955566406,89.13660430908203,88.97005462646484,89.136604
531,50.75500106811523,50.553955078125,50.57944107055664,50.553955078125,50.57944107055664,50.553955078125,50.553955078125,50.50581741333008,50.28495407104492,50.505817
532,1150.006958007813,1148.989990234375,1149.077514648438,1148.989990234375,1149.077514648438,1148.989990234375,1148.989990234375,1148.832641601563,1147.767578125,1148.8326
533,384.4679870605469,384.2917175292969,384.3303833007813,384.2917175292969,384.3303833007813,384.2917175292969,384.2917175292969,384.2785034179688,384.2191467285156,384.2785
534,391.6690063476563,391.4328308105469,391.445068359375,391.4328308105469,391.445068359375,391.4328308105469,391.4328308105469,391.4300231933594,391.3716735839844,391.43002
535,567.916015625,567.5052490234375,567.5523681640625,567.5052490234375,567.5523681640625,567.5052490234375,567.5052490234375,567.4449462890625,567.20849609375,567.44495
536,262.9729919433594,262.61328125,262.6613159179688,262.61328125,262.6613159179688,262.61328125,262.61328125,262.568115234375,262.3232727050781,262.56812
537,285.3269958496094,284.5003356933594,284.9051513671875,284.5003356933594,284.9051513671875,284.5003356933594,284.5003356933594,284.1558837890625,283.1923828125,284.15588
538,355.5090026855469,355.2337341308594,355.2865295410156,355.2337341308594,355.2865295410156,355.2337341308594,355.2337341308594,355.2120361328125,355.1649169921875,355.21204
539,429.6969909667969,429.0551452636719,429.1418151855469,429.0551452636719,429.1418151855469,429.0551452636719,429.0551452636719,428.9919738769531,428.7214660644531,428.99197
540,795.5369873046875,792.33447265625,792.644775390625,792.33447265625,792.644775390625,792.33447265625,792.33447265625,792.1476440429688,791.5637817382813,792.14764
541,224.3609924316406,224.2280120849609,224.2534790039063,224.2280120849609,224.2534790039063,224.2280120849609,224.2280120849609,224.2185821533203,224.1704864501953,224.21858
542,277.177001953125,276.6679382324219,276.7037658691406,276.6679382324219,276.7037658691406,276.6679382324219,276.6679382324219,276.6566467285156,276.5736694335938,276.65665
543,71.11599731445313,69.57736968994141,69.92137145996094,69.57736968994141,69.92137145996094,69.57736968994141,69.57736968994141,69.23431396484375,68.14624786376953,69.234314
544,235.9369964599609,233.4361724853516,234.1624450683594,233.4361724853516,234.1624450683594,233.4361724853516,233.4361724853516,232.4216156005859,228.0816650390625,232.42162
545,12.96699976176023,12.33863835223019,12.48255066759884,12.33863835223019,12.48255066759884,12.33863835223019,12.33863835223019,12.19752793200314,11.60131554491818,12.197528
546,204.8730010986328,200.8056945800781,202.4769439697266,200.8056945800781,202.4769439697266,200.8056945800781,200.8056945800781,198.7107849121094,194.0916900634766,198.71078
547,168.6470031738281,165.2228698730469,166.6343994140625,165.2228698730469,166.6343994140625,165.2228698730469,165.2228698730469,163.8571472167969,160.9677124023438,163.85715
548,29.29599952697754,28.84874534606934,29.03681755065918,28.84874534606934,29.03681755065918,28.84874534606934,28.84874534606934,28.5914363861084,27.86067199707031,28.591436
549,85.78299713134766,84.27896881103516,85.17353820800781,84.27896881103516,85.17353820800781,84.27896881103516,84.27896881103516,82.90953826904297,79.77342224121094,82.909538
550,162.1730041503906,160.7115936279297,161.6397247314453,160.7115936279297,161.6397247314453,160.7115936279297,160.7115936279297,159.3375091552734,153.38037109375,159.33751
551,206.3419952392578,204.6363067626953,205.5497283935547,204.6363067626953,205.5497283935547,204.6363067626953,204.6363067626953,203.2531127929688,198.7521362304688,203.25311
552,170.4120025634766,170.111083984375,170.2135620117188,170.111083984375,170.2135620117188,170.111083984375,170.111083984375,169.9732208251953,169.1897430419922,169.97322
553,595.5900268554688,593.0596313476563,594.0315551757813,593.0596313476563,594.0315551757813,593.0596313476563,593.0596313476563,591.7031860351563,585.6954956054688,591.70319
554,284.9960021972656,282.7964782714844,283.026123046875,282.7964782714844,283.026123046875,282.7964782714844,282.7964782714844,282.0964660644531,276.1430969238281,282.09647
555,281.4400024414063,279.1785888671875,279.6247253417969,279.1785888671875,279.6247253417969,279.1785888671875,279.1785888671875,278.3541259765625,272.8841247558594,278.35413
556,114.5339965820313,113.8638305664063,114.1360015869141,113.8638305664063,114.1360015869141,113.8638305664063,113.8638305664063,113.392204284668,111.2903823852539,113.3922
557,53.11999893188477,50.35392379760742,52.02530670166016,50.35392379760742,52.02530670166016,50.35392379760742,50.35392379760742,48.33596801757813,44.31216430664063,48.335968
558,178.9819946289063,174.7416687011719,176.3417053222656,174.7416687011719,176.3417053222656,174.7416687011719,174.7416687011719,173.0418090820313,167.2424926757813,173.04181
559,46.38999938964844,45.85489273071289,45.98913955688477,45.85489273071289,45.98913955688477,45.85489273071289,45.85489273071289,45.6274299621582,44.60476303100586,45.62743
560,173.1869964599609,173.1869964599609,173.1869964599609,173.1869964599609,173.1869964599609,173.1869964599609,173.1869964599609,173.1869964599609,173.1637878417969,173.187
561,141.6410064697266,140.31103515625,141.0380096435547,140.31103515625,141.0380096435547,140.31103515625,140.31103515625,139.3836975097656,137.3910827636719,139.3837
562,343.7520141601563,342.6971740722656,343.1304626464844,342.6971740722656,343.1304626464844,342.6971740722656,342.6971740722656,342.4474182128906,341.6935729980469,342.44742
563,284.7539978027344,284.7539978027344,284.7539978027344,284.7539978027344,284.7539978027344,284.7539978027344,284.7539978027344,284.7539978027344,284.7530517578125,284.754
564,202.7779998779297,202.2852935791016,202.5237274169922,202.2852935791016,202.5237274169922,202.2852935791016,202.2852935791016,202.0822448730469,200.7736206054688,202.08224
565,22.79999923706055,22.47612380981445,22.58719444274902,22.47612380981445,22.58719444274902,22.47612380981445,22.47612380981445,22.27265357971191,21.53437042236328,22.272654
566,173.8379974365234,172.7963714599609,173.1912841796875,172.7963714599609,173.1912841796875,172.7963714599609,172.7963714599609,171.8959808349609,166.0792388916016,171.89598
567,136.3289947509766,133.4287719726563,135.1487731933594,133.4287719726563,135.1487731933594,133.4287719726563,133.4287719726563,131.5642852783203,127.4353561401367,131.56429
568,121.1989974975586,117.6522903442383,119.5259017944336,117.6522903442383,119.5259017944336,117.6522903442383,117.6522903442383,115.0493774414063,106.4255447387695,115.04938
569,127.3249969482422,126.8634185791016,127.0718688964844,126.8634185791016,127.0718688964844,126.8634185791016,126.8634185791016,126.4167251586914,123.7216796875,126.41673
570,77.20500183105469,76.38871002197266,76.6220703125,76.38871002197266,76.6220703125,76.38871002197266,76.38871002197266,76.07910919189453,74.42513275146484,76.079109
571,149.9210052490234,148.7616729736328,148.9635772705078,148.7616729736328,148.9635772705078,148.7616729736328,148.7616729736328,148.3606414794922,145.6474609375,148.36064
572,230.0809936523438,229.3192596435547,229.6903533935547,229.3192596435547,229.6903533935547,229.3192596435547,229.3192596435547,228.7119140625,225.8547058105469,228.71191
573,109.8030014038086,107.5201644897461,107.967399597168,107.5201644897461,107.967399597168,107.5201644897461,107.5201644897461,106.9347534179688,104.8479919433594,106.93475
574,100.6669998168945,100.4550094604492,100.5371932983398,100.4550094604492,100.5371932983398,100.4550094604492,100.4550094604492,100.3690872192383,100.0198135375977,100.36909
575,122.8519973754883,119.4341430664063,120.0403747558594,119.4341430664063,120.0403747558594,119.4341430664063,119.4341430664063,118.5971984863281,115.2680892944336,118.5972
576,118.7809982299805,117.9552993774414,118.2299118041992,117.9552993774414,118.2299118041992,117.9552993774414,117.9552993774414,117.3584442138672,114.3386688232422,117.35844
577,152.8840026855469,150.6764373779297,151.0706634521484,150.6764373779297,151.0706634521484,150.6764373779297,150.6764373779297,149.866455078125,146.1080627441406,149.86646
578,376.1520080566406,376.1520080566406,376.1520080566406,376.1520080566406,376.1520080566406,376.1520080566406,376.1520080566406,376.1520080566406,376.1520080566406,376.15201
579,458.5450134277344,458.5450134277344,458.5450134277344,458.5450134277344,458.5450134277344,458.5450134277344,458.5450134277344,458.5450134277344,458.5450134277344,458.54501
580,172.1970062255859,172.1970062255859,172.1970062255859,172.1970062255859,172.1970062255859,172.1970062255859,172.1970062255859,172.1970062255859,172.1970062255859,172.19701
581,175.1869964599609,175.1869964599609,175.1869964599609,175.1869964599609,175.1869964599609,175.1869964599609,175.1869964599609,175.1869964599609,175.1869964599609,175.187
582,66.03299713134766,66.03299713134766,66.03299713134766,66.03299713134766,66.03299713134766,66.03299713134766,66.03299713134766,66.03299713134766,66.03299713134766,66.032997
583,238.5249938964844,238.5249938964844,238.5249938964844,238.5249938964844,238.5249938964844,238.5249938964844,238.5249938964844,238.5249938964844,238.5249938964844,238.52499
584,90.63300323486328,90.63300323486328,90.63300323486328,90.63300323486328,90.63300323486328,90.63300323486328,90.63300323486328,90.63300323486328,90.63300323486328,90.633003
585,270.0140075683594,270.0140075683594,270.0140075683594,270.0140075683594,270.0140075683594,270.0140075683594,270.0140075683594,270.0140075683594,270.0140075683594,270.01401
586,151.427001953125,151.427001953125,151.427001953125,151.427001953125,151.427001953125,151.427001953125,151.427001953125,151.427001953125,151.427001953125,151.427
587,248.4299926757813,248.4299926757813,248.4299926757813,248.4299926757813,248.4299926757813,248.4299926757813,248.4299926757813,248.4299926757813,248.4299926757813,248.42999
588,256.1830139160156,256.1830139160156,256.1830139160156,256.1830139160156,256.1830139160156,256.1830139160156,256.1830139160156,256.1830139160156,256.1830139160156,256.18301
589,115.5999984741211,115.5999984741211,115.5999984741211,115.5999984741211,115.5999984741211,115.5999984741211,115.5999984741211,115.5999984741211,115.5999984741211,115.6
590,47.05899810791016,46.56027221679688,46.94244766235352,46.56027221679688,46.94244766235352,46.56027221679688,46.56027221679688,46.02089309692383,43.82813262939453,46.020893
591,77,76.79449462890625,76.88140869140625,76.79449462890625,76.88140869140625,76.79449462890625,76.79449462890625,76.60890197753906,75.49085235595703,76.608902
592,142.7749938964844,142.7082366943359,142.7416229248047,142.7082366943359,142.7416229248047,142.7082366943359,142.7082366943359,142.636962890625,142.1101226806641,142.63696
593,89.55400085449219,89.55400085449219,89.55400085449219,89.55400085449219,89.55400085449219,89.55400085449219,89.55400085449219,89.55400085449219,89.55400085449219,89.554001
594,134.5099945068359,134.5099945068359,134.5099945068359,134.5099945068359,134.5099945068359,134.5099945068359,134.5099945068359,134.5099945068359,134.5099945068359,134.50999
595,170.781005859375,170.4327697753906,170.6267395019531,170.4327697753906,170.6267395019531,170.4327697753906,170.4327697753906,170.1873931884766,169.1074981689453,170.18739
596,190.1510009765625,190.1510009765625,190.1510009765625,190.1510009765625,190.1510009765625,190.1510009765625,190.1510009765625,190.1510009765625,190.1510009765625,190.151
597,32.93399810791016,32.78118896484375,32.81826400756836,32.78118896484375,32.81826400756836,32.78118896484375,32.78118896484375,32.74773788452148,32.43850326538086,32.747738
598,90.59300231933594,90.59300231933594,90.59300231933594,90.59300231933594,90.59300231933594,90.59300231933594,90.59300231933594,90.59300231933594,90.59300231933594,90.593002
599,82.90399932861328,82.90399932861328,82.90399932861328,82.90399932861328,82.90399932861328,82.90399932861328,82.90399932861328,82.90399932861328,82.90399932861328,82.903999
600,114.2620010375977,112.1997756958008,113.3646392822266,112.1997756958008,113.3646392822266,112.1997756958008,112.1997756958008,109.7824020385742,100.8530120849609,109.7824
601,73.52500152587891,73.52500152587891,73.52500152587891,73.52500152587891,73.52500152587891,73.52500152587891,73.52500152587891,73.52500152587891,73.52500152587891,73.525002
602,618.6170043945313,618.6170043945313,618.6170043945313,618.6170043945313,618.6170043945313,618.6170043945313,618.6170043945313,618.6170043945313,618.6170043945313,618.617
603,194.0599975585938,193.6640472412109,193.7776947021484,193.6640472412109,193.7776947021484,193.6640472412109,193.6640472412109,193.5071105957031,192.4293060302734,193.50711
605,71.552001953125,70.90100860595703,71.23735046386719,70.90100860595703,71.23735046386719,70.90100860595703,70.90100860595703,70.38562774658203,68.55560302734375,70.385628
606,154.0410003662109,153.2287139892578,153.6592254638672,153.2287139892578,153.6592254638672,153.2287139892578,153.2287139892578,152.5536193847656,149.4209289550781,152.55362
607,128.4900054931641,128.4900054931641,128.4900054931641,128.4900054931641,128.4900054931641,128.4900054931641,128.4900054931641,128.4900054931641,128.4900054931641,128.49001
608,63.12799835205078,63.12799835205078,63.12799835205078,63.12799835205078,63.12799835205078,63.12799835205078,63.12799835205078,63.12799835205078,63.12528610229492,63.127998
609,40.19300079345703,40.19300079345703,40.19300079345703,40.19300079345703,40.19300079345703,40.19300079345703,40.19300079345703,40.19209671020508,40.1595573425293,40.192097
610,92.18000030517578,92.17819213867188,92.17909240722656,92.17819213867188,92.17909240722656,92.17819213867188,92.17819213867188,92.17819213867188,92.16825103759766,92.178192
611,153.0559997558594,153.0559997558594,153.0559997558594,153.0559997558594,153.0559997558594,153.0559997558594,153.0559997558594,153.0559997558594,153.0559997558594,153.056
612,497.1199951171875,497.1199951171875,497.1199951171875,497.1199951171875,497.1199951171875,497.1199951171875,497.1199951171875,497.1199951171875,497.1199951171875,497.12
613,132.0659942626953,132.0659942626953,132.0659942626953,132.0659942626953,132.0659942626953,132.0659942626953,132.0659942626953,132.0659942626953,132.0659942626953,132.06599
614,23.20899963378906,23.20899963378906,23.20899963378906,23.20899963378906,23.20899963378906,23.20899963378906,23.20899963378906,23.20899963378906,23.20899963378906,23.209
615,70.99099731445313,70.98827362060547,70.98827362060547,70.98827362060547,70.98827362060547,70.98827362060547,70.98827362060547,70.97830963134766,70.59667205810547,70.97831
616,49.55799865722656,49.55799865722656,49.55799865722656,49.55799865722656,49.55799865722656,49.55799865722656,49.55799865722656,49.55709075927734,49.51078796386719,49.557091
617,68.86499786376953,68.74273681640625,68.75994873046875,68.74273681640625,68.75994873046875,68.74273681640625,68.74273681640625,68.68025207519531,68.11153411865234,68.680252
618,80.09500122070313,79.44648742675781,79.86066436767578,79.44648742675781,79.86066436767578,79.44648742675781,79.44648742675781,78.38652038574219,73.01131439208984,78.38652
619,21.17200088500977,19.71458053588867,20.52798271179199,19.71458053588867,20.52798271179199,19.71458053588867,19.71458053588867,17.99266815185547,11.16208457946777,17.992668
620,229.9140014648438,229.9140014648438,229.9140014648438,229.9140014648438,229.9140014648438,229.9140014648438,229.9140014648438,229.9140014648438,229.9140014648438,229.914
621,32.78200149536133,32.78200149536133,32.78200149536133,32.78200149536133,32.78200149536133,32.78200149536133,32.78200149536133,32.78200149536133,32.78200149536133,32.782001
622,63.93199920654297,63.93199920654297,63.93199920654297,63.93199920654297,63.93199920654297,63.93199920654297,63.93199920654297,63.93199920654297,63.93199920654297,63.931999
623,39.44100189208984,39.44100189208984,39.44100189208984,39.44100189208984,39.44100189208984,39.44100189208984,39.44100189208984,39.44100189208984,39.44100189208984,39.441002
624,78.81800079345703,78.60142517089844,78.70291900634766,78.60142517089844,78.70291900634766,78.60142517089844,78.60142517089844,78.33139038085938,75.95724487304688,78.33139
625,36.42699813842773,36.42699813842773,36.42699813842773,36.42699813842773,36.42699813842773,36.42699813842773,36.42699813842773,36.42699813842773,36.42699813842773,36.426998
626,97.08399963378906,96.58235168457031,96.85267639160156,96.58235168457031,96.85267639160156,96.58235168457031,96.58235168457031,96.01629638671875,92.67711639404297,96.016296
627,205.5440063476563,205.5440063476563,205.5440063476563,205.5440063476563,205.5440063476563,205.5440063476563,205.5440063476563,205.5440063476563,205.5440063476563,205.54401
628,69.17500305175781,69.17500305175781,69.17500305175781,69.17500305175781,69.17500305175781,69.17500305175781,69.17500305175781,69.17500305175781,69.17500305175781,69.175003
629,137.9129943847656,137.9129943847656,137.9129943847656,137.9129943847656,137.9129943847656,137.9129943847656,137.9129943847656,137.9129943847656,137.9129943847656,137.91299
630,17.24900054931641,17.04192543029785,17.19087409973145,17.04192543029785,17.19087409973145,17.04192543029785,17.04192543029785,16.74947738647461,15.64598369598389,16.749477
631,13.19499969482422,13.18684577941895,13.19499969482422,13.18684577941895,13.19499969482422,13.18684577941895,13.18684577941895,13.16419410705566,12.84525966644287,13.164194
632,59.81999969482422,59.62705993652344,59.72579574584961,59.62705993652344,59.72579574584961,59.62705993652344,59.62705993652344,59.3344841003418,57.56814575195313,59.334484
633,12.18200016021729,11.92985248565674,12.16295337677002,11.92985248565674,12.16295337677002,11.92985248565674,11.92985248565674,10.77251243591309,7.519988536834717,10.772512
634,10.81999969482422,9.702722549438477,9.912211418151855,9.702722549438477,9.912211418151855,9.702722549438477,9.702722549438477,9.080601692199707,5.620849609375,9.0806017
635,105.8550033569336,105.2904586791992,105.6359176635742,105.2904586791992,105.6359176635742,105.2904586791992,105.2904586791992,104.4713745117188,100.9513854980469,104.47137
636,43.83100128173828,43.46284866333008,43.73464584350586,43.46284866333008,43.73464584350586,43.46284866333008,43.46284866333008,42.71290969848633,39.40772247314453,42.71291
637,52.27000045776367,51.04439926147461,51.77649307250977,51.04439926147461,51.77649307250977,51.04439926147461,51.04439926147461,49.70630645751953,44.94541549682617,49.706306
638,57.13800048828125,52.8339958190918,55.08890533447266,52.8339958190918,55.08890533447266,52.8339958190918,52.8339958190918,48.46380233764648,43.18330383300781,48.463802
639,65.5,65.36378479003906,65.41918182373047,65.36378479003906,65.41918182373047,65.36378479003906,65.36378479003906,65.22303009033203,64.37940979003906,65.22303
640,50.30699920654297,50.29611968994141,50.30518341064453,50.29611968994141,50.30518341064453,50.29611968994141,50.29611968994141,50.26439666748047,49.83111572265625,50.264397
641,98.36900329589844,98.36900329589844,98.36900329589844,98.36900329589844,98.36900329589844,98.36900329589844,98.36900329589844,98.36900329589844,98.36900329589844,98.369003
642,73.69699859619141,73.53591156005859,73.60921478271484,73.53591156005859,73.60921478271484,73.53591156005859,73.53591156005859,73.37754821777344,72.38932037353516,73.377548
643,180.1269989013672,180.1269989013672,180.1269989013672,180.1269989013672,180.1269989013672,180.1269989013672,180.1269989013672,180.1269989013672,180.1269989013672,180.127
644,148.3899993896484,148.3899993896484,148.3899993896484,148.3899993896484,148.3899993896484,148.3899993896484,148.3899993896484,148.3899993896484,148.3899993896484,148.39
645,54.29399871826172,54.09846115112305,54.21396636962891,54.09846115112305,54.21396636962891,54.09846115112305,54.09846115112305,53.84197998046875,52.04573059082031,53.84198
646,23.97900009155273,23.66984558105469,23.74690628051758,23.66984558105469,23.74690628051758,23.66984558105469,23.66984558105469,23.3906078338623,21.2845458984375,23.390608
647,169.8009948730469,163.3440856933594,164.9065704345703,163.3440856933594,164.9065704345703,163.3440856933594,163.3440856933594,161.7135467529297,155.3414764404297,161.71355
648,118.2679977416992,118.2679977416992,118.2679977416992,118.2679977416992,118.2679977416992,118.2679977416992,118.2679977416992,118.2679977416992,118.2679977416992,118.268
649,103.0550003051758,96.25618743896484,96.81311798095703,96.25618743896484,96.81311798095703,96.25618743896484,96.25618743896484,95.52947998046875,92.90622711181641,95.52948
650,62.32899856567383,62.32899856567383,62.32899856567383,62.32899856567383,62.32899856567383,62.32899856567383,62.32899856567383,62.32899856567383,62.32899856567383,62.328999
651,51.14799880981445,46.31127166748047,47.02206420898438,46.31127166748047,47.02206420898438,46.31127166748047,46.31127166748047,45.26045989990234,41.63291549682617,45.26046
652,51.82199859619141,49.74207305908203,50.27254104614258,49.74207305908203,50.27254104614258,49.74207305908203,49.74207305908203,49.24516296386719,46.03157424926758,49.245163
653,94.92099761962891,78.24612426757813,79.33189392089844,78.24612426757813,79.33189392089844,78.24612426757813,78.24612426757813,76.63475036621094,69.25377655029297,76.63475
654,187.89599609375,186.2808380126953,186.5251617431641,186.2808380126953,186.5251617431641,186.2808380126953,186.2808380126953,185.7726135253906,183.0393371582031,185.77261
655,48.09199905395508,47.66887283325195,47.89255142211914,47.66887283325195,47.89255142211914,47.66887283325195,47.66887283325195,47.60456466674805,47.24201583862305,47.604565
656,38.3650016784668,38.3650016784668,38.3650016784668,38.3650016784668,38.3650016784668,38.3650016784668,38.3650016784668,38.3650016784668,38.3650016784668,38.365002
657,101.9909973144531,101.9909973144531,101.9909973144531,101.9909973144531,101.9909973144531,101.9909973144531,101.9909973144531,101.9909973144531,101.9909973144531,101.991
658,133.0180053710938,133.0180053710938,133.0180053710938,133.0180053710938,133.0180053710938,133.0180053710938,133.0180053710938,133.0180053710938,133.0180053710938,133.01801
659,103.9179992675781,92.17070770263672,96.33729553222656,92.17070770263672,96.33729553222656,92.17070770263672,92.17070770263672,87.51332855224609,75.72039794921875,87.513329
660,93.89800262451172,91.67909240722656,92.12380981445313,91.67909240722656,92.12380981445313,91.67909240722656,91.67909240722656,91.19709014892578,89.12641906738281,91.19709
661,103.2009963989258,103.2009963989258,103.2009963989258,103.2009963989258,103.2009963989258,103.2009963989258,103.2009963989258,103.2009963989258,103.2009963989258,103.201
662,93.58699798583984,93.58699798583984,93.58699798583984,93.58699798583984,93.58699798583984,93.58699798583984,93.58699798583984,93.58699798583984,93.58699798583984,93.586998
663,121.1340026855469,84.37844085693359,88.87445831298828,84.37844085693359,88.87445831298828,84.37844085693359,84.37844085693359,78.49508666992188,59.67880630493164,78.495087
664,29.46199989318848,27.90411376953125,28.10525131225586,27.90411376953125,28.10525131225586,27.90411376953125,27.90411376953125,27.47204208374023,25.44856071472168,27.472042
665,40.7140007019043,40.4806022644043,40.54128646850586,40.4806022644043,40.54128646850586,40.4806022644043,40.4806022644043,40.38911056518555,40.03154373168945,40.389111
666,132.4539947509766,132.4539947509766,132.4539947509766,132.4539947509766,132.4539947509766,132.4539947509766,132.4539947509766,132.4539947509766,132.4539947509766,132.45399
667,70.83000183105469,64.24301147460938,66.62545776367188,64.24301147460938,66.62545776367188,64.24301147460938,64.24301147460938,60.99667739868164,49.93990707397461,60.996677
668,192.5440063476563,192.5440063476563,192.5440063476563,192.5440063476563,192.5440063476563,192.5440063476563,192.5440063476563,192.5440063476563,192.5440063476563,192.54401
669,418.0920104980469,418.0920104980469,418.0920104980469,418.0920104980469,418.0920104980469,418.0920104980469,418.0920104980469,418.0920104980469,418.0920104980469,418.09201
670,32.11600112915039,26.94953727722168,28.28032112121582,26.94953727722168,28.28032112121582,26.94953727722168,26.94953727722168,25.15153312683105,19.59805297851563,25.151533
671,132.3179931640625,132.3179931640625,132.3179931640625,132.3179931640625,132.3179931640625,132.3179931640625,132.3179931640625,132.3179931640625,132.3179931640625,132.31799
672,147.5610046386719,147.5610046386719,147.5610046386719,147.5610046386719,147.5610046386719,147.5610046386719,147.5610046386719,147.5610046386719,147.5610046386719,147.561
673,137.9100036621094,137.9100036621094,137.9100036621094,137.9100036621094,137.9100036621094,137.9100036621094,137.9100036621094,137.9100036621094,137.9100036621094,137.91
674,170.6289978027344,170.2228546142578,170.2966156005859,170.2228546142578,170.2966156005859,170.2228546142578,170.2228546142578,170.1145477294922,169.7849578857422,170.11455
675,40.16600036621094,40.16600036621094,40.16600036621094,40.16600036621094,40.16600036621094,40.16600036621094,40.16600036621094,40.16600036621094,40.16600036621094,40.166
676,39.52999877929688,39.52999877929688,39.52999877929688,39.52999877929688,39.52999877929688,39.52999877929688,39.52999877929688,39.52999877929688,39.51507186889648,39.529999
677,85.43800354003906,84.58293914794922,85.03847503662109,84.58293914794922,85.03847503662109,84.58293914794922,84.58293914794922,83.65693664550781,79.01103973388672,83.656937
678,257.406005859375,257.406005859375,257.406005859375,257.406005859375,257.406005859375,257.406005859375,257.406005859375,257.406005859375,257.406005859375,257.40601
679,27.90999984741211,27.90999984741211,27.90999984741211,27.90999984741211,27.90999984741211,27.90999984741211,27.90999984741211,27.90999984741211,27.90906715393066,27.91
680,96.89700317382813,96.89700317382813,96.89700317382813,96.89700317382813,96.89700317382813,96.89700317382813,96.89700317382813,96.89700317382813,96.89606475830078,96.897003
681,108.6439971923828,106.3559265136719,106.5842590332031,106.3559265136719,106.5842590332031,106.3559265136719,106.3559265136719,105.6550521850586,103.7919692993164,105.65505
682,93.28299713134766,93.28299713134766,93.28299713134766,93.28299713134766,93.28299713134766,93.28299713134766,93.28299713134766,93.28299713134766,93.28299713134766,93.282997
683,200.1739959716797,199.6499786376953,199.6667938232422,199.6499786376953,199.6667938232422,199.6499786376953,199.6499786376953,199.6266326904297,199.5397644042969,199.62663
684,31.54899978637695,31.54899978637695,31.54899978637695,31.54899978637695,31.54899978637695,31.54899978637695,31.54899978637695,31.54899978637695,31.54899978637695,31.549
685,73.95800018310547,73.95800018310547,73.95800018310547,73.95800018310547,73.95800018310547,73.95800018310547,73.95800018310547,73.95800018310547,73.95800018310547,73.958
686,70.71700286865234,70.70860290527344,70.71700286865234,70.70860290527344,70.71700286865234,70.70860290527344,70.70860290527344,70.68153381347656,70.36701202392578,70.681534
687,191.197998046875,191.1914825439453,191.197998046875,191.1914825439453,191.197998046875,191.1914825439453,191.1914825439453,191.1728515625,191.0060577392578,191.17285
688,90.26599884033203,90.02320098876953,90.09230804443359,90.02320098876953,90.09230804443359,90.02320098876953,90.02320098876953,89.88219451904297,89.17529296875,89.882195
689,87.78800201416016,87.78800201416016,87.78800201416016,87.78800201416016,87.78800201416016,87.78800201416016,87.78800201416016,87.78800201416016,87.78800201416016,87.788002
690,37.98699951171875,32.90601348876953,33.75533294677734,32.90601348876953,33.75533294677734,32.90601348876953,32.90601348876953,31.48456764221191,26.5146484375,31.484568
691,172.8470001220703,172.8470001220703,172.8470001220703,172.8470001220703,172.8470001220703,172.8470001220703,172.8470001220703,172.8470001220703,172.8470001220703,172.847
692,182.9980010986328,182.9980010986328,182.9980010986328,182.9980010986328,182.9980010986328,182.9980010986328,182.9980010986328,182.9980010986328,182.9980010986328,182.998
693,69.44000244140625,69.44000244140625,69.44000244140625,69.44000244140625,69.44000244140625,69.44000244140625,69.44000244140625,69.44000244140625,69.44000244140625,69.440002
694,290.93798828125,290.93798828125,290.93798828125,290.93798828125,290.93798828125,290.93798828125,290.93798828125,290.93798828125,290.93798828125,290.93799
695,74.29199981689453,74.29199981689453,74.29199981689453,74.29199981689453,74.29199981689453,74.29199981689453,74.29199981689453,74.29199981689453,74.29199981689453,74.292
696,340.4049987792969,340.4049987792969,340.4049987792969,340.4049987792969,340.4049987792969,340.4049987792969,340.4049987792969,340.4049987792969,340.4049987792969,340.405
697,60.95000076293945,60.95000076293945,60.95000076293945,60.95000076293945,60.95000076293945,60.95000076293945,60.95000076293945,60.95000076293945,60.95000076293945,60.950001
698,276.1470031738281,276.1470031738281,276.1470031738281,276.1470031738281,276.1470031738281,276.1470031738281,276.1470031738281,276.1470031738281,276.1470031738281,276.147
699,121.7809982299805,121.7809982299805,121.7809982299805,121.7809982299805,121.7809982299805,121.7809982299805,121.7809982299805,121.7809982299805,121.7809982299805,121.781
700,192.5980072021484,192.5980072021484,192.5980072021484,192.5980072021484,192.5980072021484,192.5980072021484,192.5980072021484,192.5980072021484,192.5980072021484,192.59801
701,756.531005859375,756.531005859375,756.531005859375,756.531005859375,756.531005859375,756.531005859375,756.531005859375,756.531005859375,756.531005859375,756.53101
702,370.8739929199219,370.747802734375,370.7913513183594,370.747802734375,370.7913513183594,370.747802734375,370.747802734375,370.6660766601563,370.2265930175781,370.66608
703,529.4000244140625,529.4000244140625,529.4000244140625,529.4000244140625,529.4000244140625,529.4000244140625,529.4000244140625,529.4000244140625,529.4000244140625,529.40002
704,99.67900085449219,99.67900085449219,99.67900085449219,99.67900085449219,99.67900085449219,99.67900085449219,99.67900085449219,99.67900085449219,99.67900085449219,99.679001
705,1312.14599609375,1311.106567382813,1311.24365234375,1311.106567382813,1311.24365234375,1311.106567382813,1311.106567382813,1310.955688476563,1310.148803710938,1310.9557
706,338.6749877929688,338.6749877929688,338.6749877929688,338.6749877929688,338.6749877929688,338.6749877929688,338.6749877929688,338.6749877929688,338.6749877929688,338.67499
707,44.36999893188477,44.36999893188477,44.36999893188477,44.36999893188477,44.36999893188477,44.36999893188477,44.36999893188477,44.36999893188477,44.36999893188477,44.369999
708,222.8849945068359,222.6807708740234,222.7116394042969,222.6807708740234,222.7116394042969,222.6807708740234,222.6807708740234,222.6426696777344,222.3621978759766,222.64267
709,112.4570007324219,112.4570007324219,112.4570007324219,112.4570007324219,112.4570007324219,112.4570007324219,112.4570007324219,112.4570007324219,112.4570007324219,112.457
710,86.61699676513672,86.61699676513672,86.61699676513672,86.61699676513672,86.61699676513672,86.61699676513672,86.61699676513672,86.61699676513672,86.61699676513672,86.616997
711,713.6699829101563,712.2705078125,712.4796142578125,712.2705078125,712.4796142578125,712.2705078125,712.2705078125,712.0668334960938,711.1583862304688,712.06683
712,233.5850067138672,233.5850067138672,233.5850067138672,233.5850067138672,233.5850067138672,233.5850067138672,233.5850067138672,233.5850067138672,233.5850067138672,233.58501
713,130.2400054931641,130.2400054931641,130.2400054931641,130.2400054931641,130.2400054931641,130.2400054931641,130.2400054931641,130.2400054931641,130.2400054931641,130.24001
714,92.84400177001953,92.84400177001953,92.84400177001953,92.84400177001953,92.84400177001953,92.84400177001953,92.84400177001953,92.84400177001953,92.84400177001953,92.844002
715,36.91699981689453,36.91699981689453,36.91699981689453,36.91699981689453,36.91699981689453,36.91699981689453,36.91699981689453,36.91699981689453,36.91699981689453,36.917
716,120.9219970703125,120.9219970703125,120.9219970703125,120.9219970703125,120.9219970703125,120.9219970703125,120.9219970703125,120.9219970703125,120.9219970703125,120.922
717,308.3049926757813,308.3049926757813,308.3049926757813,308.3049926757813,308.3049926757813,308.3049926757813,308.3049926757813,308.3049926757813,308.3049926757813,308.30499
718,464.0350036621094,464.0350036621094,464.0350036621094,464.0350036621094,464.0350036621094,464.0350036621094,464.0350036621094,464.0350036621094,464.0350036621094,464.035
719,58.75699996948242,58.75699996948242,58.75699996948242,58.75699996948242,58.75699996948242,58.75699996948242,58.75699996948242,58.75699996948242,58.75699996948242,58.757
720,82.85299682617188,82.85299682617188,82.85299682617188,82.85299682617188,82.85299682617188,82.85299682617188,82.85299682617188,82.85299682617188,82.85299682617188,82.852997
721,888.6849975585938,888.3464965820313,888.3829345703125,888.3464965820313,888.3829345703125,888.3464965820313,888.3464965820313,888.31103515625,888.160888671875,888.31104
722,95.41999816894531,95.41999816894531,95.41999816894531,95.41999816894531,95.41999816894531,95.41999816894531,95.41999816894531,95.41999816894531,95.41999816894531,95.419998
723,636.31298828125,636.0426635742188,636.0517578125,636.0426635742188,636.0517578125,636.0426635742188,636.0426635742188,635.9937133789063,635.6716918945313,635.99371
724,116.4440002441406,116.4421920776367,116.4430923461914,116.4421920776367,116.4430923461914,116.4421920776367,116.4421920776367,116.441276550293,116.4394683837891,116.44128
725,315.1530151367188,315.1530151367188,315.1530151367188,315.1530151367188,315.1530151367188,315.1530151367188,315.1530151367188,315.1530151367188,315.1530151367188,315.15302
726,60.64899826049805,60.64899826049805,60.64899826049805,60.64899826049805,60.64899826049805,60.64899826049805,60.64899826049805,60.64899826049805,60.64899826049805,60.648998
727,271.3840026855469,271.3840026855469,271.3840026855469,271.3840026855469,271.3840026855469,271.3840026855469,271.3840026855469,271.3840026855469,271.3840026855469,271.384
728,525.2069702148438,525.2069702148438,525.2069702148438,525.2069702148438,525.2069702148438,525.2069702148438,525.2069702148438,525.2069702148438,525.2069702148438,525.20697
729,258.8479919433594,258.8479919433594,258.8479919433594,258.8479919433594,258.8479919433594,258.8479919433594,258.8479919433594,258.8479919433594,258.8479919433594,258.84799
730,222.4329986572266,222.4329986572266,222.4329986572266,222.4329986572266,222.4329986572266,222.4329986572266,222.4329986572266,222.4329986572266,222.4329986572266,222.433
731,477.1440124511719,477.1440124511719,477.1440124511719,477.1440124511719,477.1440124511719,477.1440124511719,477.1440124511719,477.1440124511719,477.1440124511719,477.14401
732,187.9530029296875,187.9530029296875,187.9530029296875,187.9530029296875,187.9530029296875,187.9530029296875,187.9530029296875,187.9530029296875,187.9530029296875,187.953
733,748.208984375,748.208984375,748.208984375,748.208984375,748.208984375,748.208984375,748.208984375,748.208984375,748.208984375,748.20898
734,311.1159973144531,311.1159973144531,311.1159973144531,311.1159973144531,311.1159973144531,311.1159973144531,311.1159973144531,311.1159973144531,311.1159973144531,311.116
735,166.8500061035156,166.8500061035156,166.8500061035156,166.8500061035156,166.8500061035156,166.8500061035156,166.8500061035156,166.8500061035156,166.8500061035156,166.85001
736,33.66899871826172,33.36857986450195,33.57129287719727,33.36857986450195,33.57129287719727,33.36857986450195,33.36857986450195,32.78143310546875,29.25674438476563,32.781433
737,95.54299926757813,94.66013336181641,94.88722991943359,94.66013336181641,94.88722991943359,94.66013336181641,94.66013336181641,94.23785400390625,92.35446166992188,94.237854
738,80.58000183105469,80.44248962402344,80.54448699951172,80.44248962402344,80.54448699951172,80.44248962402344,80.44248962402344,80.23120880126953,78.97630310058594,80.231209
739,77.89199829101563,77.89199829101563,77.89199829101563,77.89199829101563,77.89199829101563,77.89199829101563,77.89199829101563,77.89199829101563,77.89199829101563,77.891998
740,60.89400100708008,60.84029006958008,60.88125610351563,60.84029006958008,60.88125610351563,60.84029006958008,60.84029006958008,60.76018142700195,60.48617935180664,60.760181
741,45.07300186157227,44.05815124511719,44.48502731323242,44.05815124511719,44.48502731323242,44.05815124511719,44.05815124511719,43.07698059082031,39.09949493408203,43.076981
742,85.15899658203125,84.67948150634766,84.94658660888672,84.67948150634766,84.94658660888672,84.67948150634766,84.67948150634766,84.19266510009766,81.68386077880859,84.192665
743,51.86800003051758,51.86800003051758,51.86800003051758,51.86800003051758,51.86800003051758,51.86800003051758,51.86800003051758,51.86800003051758,51.86800003051758,51.868
744,56.12699890136719,56.10055160522461,56.1206169128418,56.10055160522461,56.1206169128418,56.10055160522461,56.10055160522461,56.03397369384766,55.40377426147461,56.033974
745,50.60100173950195,49.7911262512207,50.35166931152344,49.7911262512207,50.35166931152344,49.7911262512207,49.7911262512207,48.14315795898438,41.39659881591797,48.143158
746,86.29499816894531,86.29499816894531,86.29499816894531,86.29499816894531,86.29499816894531,86.29499816894531,86.29499816894531,86.29499816894531,86.29499816894531,86.294998
747,60.47700119018555,60.47700119018555,60.47700119018555,60.47700119018555,60.47700119018555,60.47700119018555,60.47700119018555,60.47700119018555,60.47700119018555,60.477001
748,64.26200103759766,64.25104522705078,64.26200103759766,64.25104522705078,64.26200103759766,64.25104522705078,64.25104522705078,64.23917388916016,64.21361541748047,64.239174
749,120.9130020141602,120.3153076171875,120.6797561645508,120.3153076171875,120.6797561645508,120.3153076171875,120.3153076171875,119.6848068237305,117.418830871582,119.68481
750,154.0390014648438,154.0390014648438,154.0390014648438,154.0390014648438,154.0390014648438,154.0390014648438,154.0390014648438,154.0390014648438,154.0390014648438,154.039
751,53.38100051879883,53.31359481811523,53.35823059082031,53.31359481811523,53.35823059082031,53.31359481811523,53.31359481811523,53.13323593139648,51.83430480957031,53.133236
752,58.46599960327148,56.5650749206543,57.43112182617188,56.5650749206543,57.43112182617188,56.5650749206543,56.5650749206543,54.94887924194336,48.90935516357422,54.948879
753,97.87599945068359,97.87599945068359,97.87599945068359,97.87599945068359,97.87599945068359,97.87599945068359,97.87599945068359,97.87599945068359,97.87599945068359,97.875999
754,75.6719970703125,75.6719970703125,75.6719970703125,75.6719970703125,75.6719970703125,75.6719970703125,75.6719970703125,75.6719970703125,75.66562652587891,75.671997
755,53.81499862670898,53.81499862670898,53.81499862670898,53.81499862670898,53.81499862670898,53.81499862670898,53.81499862670898,53.81499862670898,53.81499862670898,53.814999
756,60.55400085449219,60.55400085449219,60.55400085449219,60.55400085449219,60.55400085449219,60.55400085449219,60.55400085449219,60.55400085449219,60.55400085449219,60.554001
757,40.79499816894531,40.66131591796875,40.74337005615234,40.66131591796875,40.74337005615234,40.66131591796875,40.66131591796875,40.15332412719727,38.69573593139648,40.153324
758,44.33700180053711,44.29278564453125,44.31949996948242,44.29278564453125,44.31949996948242,44.29278564453125,44.29278564453125,44.15921020507813,43.79534149169922,44.15921
759,45.68600082397461,45.66941833496094,45.68139266967773,45.66941833496094,45.68139266967773,45.66941833496094,45.66941833496094,45.27506256103516,44.76553726196289,45.275063
760,130.6519927978516,130.5284881591797,130.5976104736328,130.5284881591797,130.5976104736328,130.5284881591797,130.5284881591797,129.7975921630859,128.6123199462891,129.79759
761,79.44000244140625,79.32386016845703,79.40958404541016,79.32386016845703,79.40958404541016,79.32386016845703,79.32386016845703,79.06301879882813,77.67489624023438,79.063019
762,96.80899810791016,96.80899810791016,96.80899810791016,96.80899810791016,96.80899810791016,96.80899810791016,96.80899810791016,96.80899810791016,96.80899810791016,96.808998
763,33.43600082397461,33.17363739013672,33.30896377563477,33.17363739013672,33.30896377563477,33.17363739013672,33.17363739013672,32.76122283935547,32.08736419677734,32.761223
764,52.6349983215332,52.39544677734375,52.47560501098633,52.39544677734375,52.47560501098633,52.39544677734375,52.39544677734375,51.34049987792969,50.83191299438477,51.3405
767,36.20600128173828,36.20600128173828,36.20600128173828,36.20600128173828,36.20600128173828,36.20600128173828,36.20600128173828,36.20600128173828,36.20600128173828,36.206001
768,50.47900009155273,50.32051467895508,50.32880783081055,50.32051467895508,50.32880783081055,50.32051467895508,50.32051467895508,49.48847579956055,49.2406120300293,49.488476
769,61.01499938964844,61.01499938964844,61.01499938964844,61.01499938964844,61.01499938964844,61.01499938964844,61.01499938964844,61.01499938964844,61.01499938964844,61.014999
770,117.3560028076172,115.8528671264648,116.7932510375977,115.8528671264648,116.7932510375977,115.8528671264648,115.8528671264648,106.0972290039063,99.90876770019531,106.09723
771,60.07199859619141,58.91558074951172,59.55731964111328,58.91558074951172,59.55731964111328,58.91558074951172,58.91558074951172,54.27794647216797,50.09053802490234,54.277946
772,29.61700057983398,29.61700057983398,29.61700057983398,29.61700057983398,29.61700057983398,29.61700057983398,29.61700057983398,29.61700057983398,29.61700057983398,29.617001
773,64.41400146484375,64.41400146484375,64.41400146484375,64.41400146484375,64.41400146484375,64.41400146484375,64.41400146484375,64.41400146484375,64.41400146484375,64.414001
774,81.20700073242188,81.20700073242188,81.20700073242188,81.20700073242188,81.20700073242188,81.20700073242188,81.20700073242188,81.20700073242188,81.20700073242188,81.207001
775,78.95400238037109,78.91717529296875,78.93650817871094,78.91717529296875,78.93650817871094,78.91717529296875,78.91717529296875,78.19172668457031,77.83268737792969,78.191727
776,40.77799987792969,40.622314453125,40.72733306884766,40.622314453125,40.72733306884766,40.622314453125,40.622314453125,40.36529922485352,39.42843627929688,40.365299
777,30.02400016784668,29.83160400390625,29.9411506652832,29.83160400390625,29.9411506652832,29.83160400390625,29.83160400390625,29.0417652130127,28.31820487976074,29.041765
779,35.64199829101563,34.8308219909668,35.21753692626953,34.8308219909668,35.21753692626953,34.8308219909668,34.8308219909668,33.37973022460938,32.05385971069336,33.37973
780,28.77400016784668,28.5601634979248,28.69657707214355,28.5601634979248,28.69657707214355,28.5601634979248,28.5601634979248,27.68730163574219,25.72405624389648,27.687302
781,24.01600074768066,24.01600074768066,24.01600074768066,24.01600074768066,24.01600074768066,24.01600074768066,24.01600074768066,24.01600074768066,24.01600074768066,24.016001
783,180.9279937744141,180.9279937744141,180.9279937744141,180.9279937744141,180.9279937744141,180.9279937744141,180.9279937744141,180.9279937744141,180.9279937744141,180.92799
784,21.40200042724609,21.39739799499512,21.40200042724609,21.39739799499512,21.40200042724609,21.39739799499512,21.39739799499512,21.3283519744873,21.21696090698242,21.328352
785,37.63100051879883,36.87757110595703,37.3638916015625,36.87757110595703,37.3638916015625,36.87757110595703,36.87757110595703,32.72817611694336,28.45627975463867,32.728176
786,137.3589935302734,137.3589935302734,137.3589935302734,137.3589935302734,137.3589935302734,137.3589935302734,137.3589935302734,137.3589935302734,137.3387451171875,137.35899
787,47.63600158691406,47.62586975097656,47.63047409057617,47.62586975097656,47.63047409057617,47.62586975097656,47.62586975097656,47.59638977050781,47.28686904907227,47.59639
788,26.18199920654297,25.40519905090332,25.86815071105957,25.40519905090332,25.86815071105957,25.40519905090332,25.40519905090332,23.72643089294434,22.10472297668457,23.726431
789,28.36499977111816,27.91986846923828,28.20924949645996,27.91986846923828,28.20924949645996,27.91986846923828,27.91986846923828,26.8563404083252,23.69341087341309,26.85634
791,62.28900146484375,62.21093368530273,62.26454544067383,62.21093368530273,62.26454544067383,62.21093368530273,62.21093368530273,62.1601448059082,61.93722915649414,62.160145
792,65.2030029296875,65.2030029296875,65.2030029296875,65.2030029296875,65.2030029296875,65.2030029296875,65.2030029296875,65.2030029296875,65.2030029296875,65.203003
793,62.12200164794922,61.11247634887695,61.57913589477539,61.11247634887695,61.57913589477539,61.11247634887695,61.11247634887695,60.55737686157227,59.27406692504883,60.557377
794,651.0089721679688,649.9456176757813,650.5576782226563,649.9456176757813,650.5576782226563,649.9456176757813,649.9456176757813,649.0355224609375,645.5520629882813,649.03552
795,184.8840026855469,182.0557708740234,182.8341217041016,182.0557708740234,182.8341217041016,182.0557708740234,182.0557708740234,180.4783477783203,176.2844696044922,180.47835
796,45.0989990234375,45.03971862792969,45.08206176757813,45.03971862792969,45.08206176757813,45.03971862792969,45.03971862792969,44.97102737426758,44.77059936523438,44.971027
797,70.73799896240234,70.21977996826172,70.70226287841797,70.21977996826172,70.70226287841797,70.21977996826172,70.21977996826172,69.95174407958984,68.794921875,69.951744
798,125.2600021362305,109.3622436523438,115.8528671264648,109.3622436523438,115.8528671264648,109.3622436523438,109.3622436523438,101.825439453125,88.73880767822266,101.82544
799,22.22299957275391,22.22111701965332,22.22205924987793,22.22111701965332,22.22205924987793,22.22111701965332,22.22111701965332,22.22111701965332,22.19289207458496,22.221117
800,83.10099792480469,83.10099792480469,83.10099792480469,83.10099792480469,83.10099792480469,83.10099792480469,83.10099792480469,83.10099792480469,83.10099792480469,83.100998
801,126.4209976196289,126.3175277709961,126.3984222412109,126.3175277709961,126.3984222412109,126.3175277709961,126.3175277709961,126.1604537963867,125.2988510131836,126.16045
802,52.52099990844727,52.52099990844727,52.52099990844727,52.52099990844727,52.52099990844727,52.52099990844727,52.52099990844727,52.52099990844727,52.52099990844727,52.521
803,140.3800048828125,140.3800048828125,140.3800048828125,140.3800048828125,140.3800048828125,140.3800048828125,140.3800048828125,140.3800048828125,140.3800048828125,140.38
804,418.4419860839844,418.4419860839844,418.4419860839844,418.4419860839844,418.4419860839844,418.4419860839844,418.4419860839844,418.4419860839844,418.4419860839844,418.44199
805,71.39399719238281,71.39399719238281,71.39399719238281,71.39399719238281,71.39399719238281,71.39399719238281,71.39399719238281,71.39399719238281,71.39399719238281,71.393997
806,50.21200180053711,50.21200180053711,50.21200180053711,50.21200180053711,50.21200180053711,50.21200180053711,50.21200180053711,50.21200180053711,50.21200180053711,50.212002
807,88.14499664306641,88.14499664306641,88.14499664306641,88.14499664306641,88.14499664306641,88.14499664306641,88.14499664306641,88.14499664306641,88.14499664306641,88.144997
808,46.4900016784668,46.4900016784668,46.4900016784668,46.4900016784668,46.4900016784668,46.4900016784668,46.4900016784668,46.4900016784668,46.4900016784668,46.490002
809,65.16699981689453,65.16699981689453,65.16699981689453,65.16699981689453,65.16699981689453,65.16699981689453,65.16699981689453,65.16699981689453,65.16699981689453,65.167
810,143.7420043945313,142.6146240234375,143.2460784912109,142.6146240234375,143.2460784912109,142.6146240234375,142.6146240234375,141.2228088378906,135.8597412109375,141.22281
811,25.06900024414063,25.06900024414063,25.06900024414063,25.06900024414063,25.06900024414063,25.06900024414063,25.06900024414063,25.06900024414063,25.06900024414063,25.069
812,119.0029983520508,119.0029983520508,119.0029983520508,119.0029983520508,119.0029983520508,119.0029983520508,119.0029983520508,119.0029983520508,119.0029983520508,119.003
813,122.0149993896484,121.6715927124023,121.9180908203125,121.6715927124023,121.9180908203125,121.6715927124023,121.6715927124023,121.2548065185547,120.2772750854492,121.25481
814,9.736000061035156,9.736000061035156,9.736000061035156,9.736000061035156,9.736000061035156,9.736000061035156,9.736000061035156,9.736000061035156,9.736000061035156,9.7360001
815,62.73799896240234,62.61470794677734,62.62694549560547,62.61470794677734,62.62694549560547,62.61470794677734,62.61470794677734,62.58647537231445,62.33801651000977,62.586475
816,34.47200012207031,34.47200012207031,34.47200012207031,34.47200012207031,34.47200012207031,34.47200012207031,34.47200012207031,34.47200012207031,34.47200012207031,34.472
817,39.35499954223633,39.35499954223633,39.35499954223633,39.35499954223633,39.35499954223633,39.35499954223633,39.35499954223633,39.35499954223633,39.35499954223633,39.355
818,55.59299850463867,55.59299850463867,55.59299850463867,55.59299850463867,55.59299850463867,55.59299850463867,55.59299850463867,55.59299850463867,55.59299850463867,55.592999
819,35.68299865722656,35.68299865722656,35.68299865722656,35.68299865722656,35.68299865722656,35.68299865722656,35.68299865722656,35.68299865722656,35.68299865722656,35.682999
820,215.8150024414063,215.8150024414063,215.8150024414063,215.8150024414063,215.8150024414063,215.8150024414063,215.8150024414063,215.8150024414063,215.8150024414063,215.815
821,180.6340026855469,180.6340026855469,180.6340026855469,180.6340026855469,180.6340026855469,180.6340026855469,180.6340026855469,180.6340026855469,180.6340026855469,180.634
822,75.3280029296875,75.3280029296875,75.3280029296875,75.3280029296875,75.3280029296875,75.3280029296875,75.3280029296875,75.3280029296875,75.3280029296875,75.328003
823,64.33799743652344,64.33799743652344,64.33799743652344,64.33799743652344,64.33799743652344,64.33799743652344,64.33799743652344,64.33799743652344,64.33799743652344,64.337997
825,11.29399967193604,11.29399967193604,11.29399967193604,11.29399967193604,11.29399967193604,11.29399967193604,11.29399967193604,11.29399967193604,11.29399967193604,11.294
826,45.48899841308594,45.48899841308594,45.48899841308594,45.48899841308594,45.48899841308594,45.48899841308594,45.48899841308594,45.48899841308594,45.48899841308594,45.488998
827,188.2680053710938,188.2680053710938,188.2680053710938,188.2680053710938,188.2680053710938,188.2680053710938,188.2680053710938,188.2680053710938,188.2680053710938,188.26801
828,100.6679992675781,100.1634674072266,100.1738128662109,100.1634674072266,100.1738128662109,100.1634674072266,100.1634674072266,100.1493453979492,99.97332000732422,100.14935
830,671.5709838867188,671.5709838867188,671.5709838867188,671.5709838867188,671.5709838867188,671.5709838867188,671.5709838867188,671.5709838867188,671.5709838867188,671.57098
831,10.82400035858154,10.82400035858154,10.82400035858154,10.82400035858154,10.82400035858154,10.82400035858154,10.82400035858154,10.82400035858154,10.82400035858154,10.824
832,27.02999949455261,27.02999949455261,27.02999949455261,27.02999949455261,27.02999949455261,27.02999949455261,27.02999949455261,27.02999949455261,27.02999949455261,27.029999
833,21.95400047302246,21.95400047302246,21.95400047302246,21.95400047302246,21.95400047302246,21.95400047302246,21.95400047302246,21.95400047302246,21.95400047302246,21.954
834,14.38799953460693,14.38799953460693,14.38799953460693,14.38799953460693,14.38799953460693,14.38799953460693,14.38799953460693,14.38799953460693,14.38799953460693,14.388
835,36.66799926757813,36.66799926757813,36.66799926757813,36.66799926757813,36.66799926757813,36.66799926757813,36.66799926757813,36.66799926757813,36.66799926757813,36.667999
836,309.7650146484375,309.7650146484375,309.7650146484375,309.7650146484375,309.7650146484375,309.7650146484375,309.7650146484375,309.7650146484375,309.7650146484375,309.76501
837,81.01899719238281,80.77626037597656,80.80166625976563,80.77626037597656,80.80166625976563,80.77626037597656,80.77626037597656,80.68782043457031,80.04711151123047,80.68782
838,66.37100219726563,66.37100219726563,66.37100219726563,66.37100219726563,66.37100219726563,66.37100219726563,66.37100219726563,66.37100219726563,66.37100219726563,66.371002
839,49.88000106811523,49.88000106811523,49.88000106811523,49.88000106811523,49.88000106811523,49.88000106811523,49.88000106811523,49.88000106811523,49.88000106811523,49.880001
840,208.7799987792969,208.7799987792969,208.7799987792969,208.7799987792969,208.7799987792969,208.7799987792969,208.7799987792969,208.7799987792969,208.7799987792969,208.78
841,20.35499954223633,20.35499954223633,20.35499954223633,20.35499954223633,20.35499954223633,20.35499954223633,20.35499954223633,20.35499954223633,20.35499954223633,20.355
842,40.47200012207031,40.47200012207031,40.47200012207031,40.47200012207031,40.47200012207031,40.47200012207031,40.47200012207031,40.47200012207031,40.47200012207031,40.472
843,36.79700088500977,36.79700088500977,36.79700088500977,36.79700088500977,36.79700088500977,36.79700088500977,36.79700088500977,36.79700088500977,36.79700088500977,36.797001
844,14.81099987030029,14.81099987030029,14.81099987030029,14.81099987030029,14.81099987030029,14.81099987030029,14.81099987030029,14.81099987030029,14.81099987030029,14.811
845,105.4580001831055,104.7407531738281,104.9007720947266,104.7407531738281,104.9007720947266,104.7407531738281,104.7407531738281,104.6673355102539,104.1543426513672,104.66734
846,23.57299995422363,23.57299995422363,23.57299995422363,23.57299995422363,23.57299995422363,23.57299995422363,23.57299995422363,23.57299995422363,23.57299995422363,23.573
847,21.81999969482422,21.81999969482422,21.81999969482422,21.81999969482422,21.81999969482422,21.81999969482422,21.81999969482422,21.81999969482422,21.81999969482422,21.82
848,29.11599922180176,29.11599922180176,29.11599922180176,29.11599922180176,29.11599922180176,29.11599922180176,29.11599922180176,29.11599922180176,29.11599922180176,29.115999
849,190.2519989013672,190.2519989013672,190.2519989013672,190.2519989013672,190.2519989013672,190.2519989013672,190.2519989013672,190.2519989013672,190.2519989013672,190.252
850,149.7070007324219,149.7070007324219,149.7070007324219,149.7070007324219,149.7070007324219,149.7070007324219,149.7070007324219,149.7070007324219,149.7070007324219,149.707
851,10.03499984741211,10.03499984741211,10.03499984741211,10.03499984741211,10.03499984741211,10.03499984741211,10.03499984741211,10.03499984741211,10.03499984741211,10.035
852,15.17599964141846,15.17599964141846,15.17599964141846,15.17599964141846,15.17599964141846,15.17599964141846,15.17599964141846,15.17599964141846,15.17599964141846,15.176
853,71.00499725341797,71.00499725341797,71.00499725341797,71.00499725341797,71.00499725341797,71.00499725341797,71.00499725341797,71.00499725341797,71.00499725341797,71.004997
854,31.47900009155273,31.47900009155273,31.47900009155273,31.47900009155273,31.47900009155273,31.47900009155273,31.47900009155273,31.47900009155273,31.47900009155273,31.479
855,116.4329986572266,116.4329986572266,116.4329986572266,116.4329986572266,116.4329986572266,116.4329986572266,116.4329986572266,116.4329986572266,116.4329986572266,116.433
856,256.5239868164063,254.5462799072266,255.6094055175781,254.5462799072266,255.6094055175781,254.5462799072266,254.5462799072266,252.3434143066406,242.929443359375,252.34341
857,145.4120025634766,145.4120025634766,145.4120025634766,145.4120025634766,145.4120025634766,145.4120025634766,145.4120025634766,145.4120025634766,145.4120025634766,145.412
858,167.5899963378906,167.4649658203125,167.5480194091797,167.4649658203125,167.5480194091797,167.4649658203125,167.4649658203125,167.3455505371094,166.2669982910156,167.34555
859,136.5359954833984,131.3874969482422,134.0968322753906,131.3874969482422,134.0968322753906,131.3874969482422,131.3874969482422,128.2924194335938,121.0038299560547,128.29242
860,81.23999786376953,78.77787017822266,80.48700714111328,78.77787017822266,80.48700714111328,78.77787017822266,78.77787017822266,75.94297027587891,69.36921691894531,75.94297
861,57.53900146484375,57.44834518432617,57.48292541503906,57.44834518432617,57.48292541503906,57.44834518432617,57.44834518432617,57.36983871459961,56.51093673706055,57.369839
862,404.2900085449219,403.3152160644531,403.9305114746094,403.3152160644531,403.9305114746094,403.3152160644531,403.3152160644531,402.1788635253906,397.4468078613281,402.17886
863,205.2619934082031,205.2619934082031,205.2619934082031,205.2619934082031,205.2619934082031,205.2619934082031,205.2619934082031,205.2619934082031,205.2619934082031,205.26199
864,102.6129989624023,102.2050094604492,102.4919052124023,102.2050094604492,102.4919052124023,102.2050094604492,102.2050094604492,101.9600296020508,101.0369338989258,101.96003
865,160.6210021972656,160.4551086425781,160.5772094726563,160.4551086425781,160.5772094726563,160.4551086425781,160.4551086425781,160.2286376953125,159.1428680419922,160.22864
866,116.6039962768555,115.5060348510742,116.2488861083984,115.5060348510742,116.2488861083984,115.5060348510742,115.5060348510742,114.216064453125,110.3564147949219,114.21606
867,134.052001953125,134.052001953125,134.052001953125,134.052001953125,134.052001953125,134.052001953125,134.052001953125,134.052001953125,134.052001953125,134.052
868,63.62400054931641,63.06509399414063,63.26010513305664,63.06509399414063,63.26010513305664,63.06509399414063,63.06509399414063,62.5239143371582,59.42239761352539,62.523914
869,156.7660064697266,155.9266510009766,156.5117645263672,155.9266510009766,156.5117645263672,155.9266510009766,155.9266510009766,154.7582702636719,149.0332336425781,154.75827
870,106.7470016479492,106.4825973510742,106.6208724975586,106.4825973510742,106.6208724975586,106.4825973510742,106.4825973510742,106.3116226196289,105.380126953125,106.31162
871,196.0099945068359,195.2139892578125,195.4260711669922,195.2139892578125,195.4260711669922,195.2139892578125,195.2139892578125,194.8888549804688,193.7742614746094,194.88885
872,102.0849990844727,100.4924697875977,101.5597534179688,100.4924697875977,101.5597534179688,100.4924697875977,100.4924697875977,98.69283294677734,94.20539093017578,98.692833
873,190.6309967041016,190.6309967041016,190.6309967041016,190.6309967041016,190.6309967041016,190.6309967041016,190.6309967041016,190.6309967041016,190.6309967041016,190.631
874,153.0679931640625,151.241943359375,152.8775482177734,151.241943359375,152.8775482177734,151.241943359375,151.241943359375,150.1674041748047,146.0223999023438,150.1674
875,57.14699935913086,57.14699935913086,57.14699935913086,57.14699935913086,57.14699935913086,57.14699935913086,57.14699935913086,57.14699935913086,57.14699935913086,57.146999
876,145.8639984130859,145.8639984130859,145.8639984130859,145.8639984130859,145.8639984130859,145.8639984130859,145.8639984130859,145.8639984130859,145.8639984130859,145.864
877,135.9810028076172,135.9810028076172,135.9810028076172,135.9810028076172,135.9810028076172,135.9810028076172,135.9810028076172,135.9810028076172,135.9810028076172,135.981
878,240.2350006103516,235.7430419921875,237.9168243408203,235.7430419921875,237.9168243408203,235.7430419921875,235.7430419921875,232.5247955322266,225.3596649169922,232.5248
879,57.84500122070313,56.57686996459961,57.37936782836914,56.57686996459961,57.37936782836914,56.57686996459961,56.57686996459961,55.012939453125,50.21009826660156,55.012939
880,180.2339935302734,180.2339935302734,180.2339935302734,180.2339935302734,180.2339935302734,180.2339935302734,180.2339935302734,180.2339935302734,180.2339935302734,180.23399
881,63.47000122070313,63.47000122070313,63.47000122070313,63.47000122070313,63.47000122070313,63.47000122070313,63.47000122070313,63.46627044677734,63.45880889892578,63.46627
882,110.1050033569336,109.5139617919922,109.8094787597656,109.5139617919922,109.8094787597656,109.5139617919922,109.5139617919922,108.9210433959961,107.4200592041016,108.92104
883,39.43999862670898,38.75705337524414,39.14144515991211,38.75705337524414,39.14144515991211,38.75705337524414,38.75705337524414,37.59082412719727,31.96773719787598,37.590824
884,101.4899978637695,100.7482681274414,101.0972061157227,100.7482681274414,101.0972061157227,100.7482681274414,100.7482681274414,100.253776550293,98.66769409179688,100.25378
885,451.9649963378906,449.6736755371094,451.0137634277344,449.6736755371094,451.0137634277344,449.6736755371094,449.6736755371094,446.2418518066406,432.8903503417969,446.24185
886,65.31400299072266,64.77783203125,65.10233306884766,64.77783203125,65.10233306884766,64.77783203125,64.77783203125,64.02812194824219,59.55039596557617,64.028122
887,125.8919982910156,123.359260559082,124.9286956787109,123.359260559082,124.9286956787109,123.359260559082,123.359260559082,121.3459320068359,116.2021179199219,121.34593
888,79.15299987792969,79.15299987792969,79.15299987792969,79.15299987792969,79.15299987792969,79.15299987792969,79.15299987792969,79.15299987792969,79.15299987792969,79.153
889,112.2919998168945,111.3111190795898,111.9044876098633,111.3111190795898,111.9044876098633,111.3111190795898,111.3111190795898,110.5239944458008,108.1365203857422,110.52399
890,103.838996887207,103.5018310546875,103.7123260498047,103.5018310546875,103.7123260498047,103.5018310546875,103.5018310546875,102.9737167358398,100.6656875610352,102.97372
891,57.12799835205078,57.12799835205078,57.12799835205078,57.12799835205078,57.12799835205078,57.12799835205078,57.12799835205078,57.12799835205078,57.12240219116211,57.127998
892,115.9980010986328,115.1220169067383,115.6792907714844,115.1220169067383,115.6792907714844,115.1220169067383,115.1220169067383,114.1863861083984,111.2630233764648,114.18639
893,20.45000076293945,20.45000076293945,20.45000076293945,20.45000076293945,20.45000076293945,20.45000076293945,20.45000076293945,20.45000076293945,20.45000076293945,20.450001
894,118.4179992675781,115.4155578613281,117.145622253418,115.4155578613281,117.145622253418,115.4155578613281,115.4155578613281,112.6275100708008,103.1932525634766,112.62751
895,62.75299835205078,62.11587905883789,62.47035217285156,62.11587905883789,62.47035217285156,62.11587905883789,62.11587905883789,61.09723281860352,55.72695922851563,61.097233
896,28.16200065612793,27.73644828796387,27.90349578857422,27.73644828796387,27.90349578857422,27.73644828796387,27.73644828796387,27.15224838256836,23.6694450378418,27.152248
897,17.36100006103516,17.36100006103516,17.36100006103516,17.36100006103516,17.36100006103516,17.36100006103516,17.36100006103516,17.36100006103516,17.36100006103516,17.361
898,133.7070007324219,133.0367126464844,133.4142761230469,133.0367126464844,133.4142761230469,133.0367126464844,133.0367126464844,132.5705871582031,131.3717041015625,132.57059
899,343.0220031738281,343.0220031738281,343.0220031738281,343.0220031738281,343.0220031738281,343.0220031738281,343.0220031738281,343.0220031738281,343.0220031738281,343.022
900,133.5559997558594,133.5559997558594,133.5559997558594,133.5559997558594,133.5559997558594,133.5559997558594,133.5559997558594,133.5559997558594,133.5559997558594,133.556
901,318.1969909667969,318.1969909667969,318.1969909667969,318.1969909667969,318.1969909667969,318.1969909667969,318.1969909667969,318.1969909667969,318.1969909667969,318.19699
903,22.54999923706055,22.54999923706055,22.54999923706055,22.54999923706055,22.54999923706055,22.54999923706055,22.54999923706055,22.54999923706055,22.54999923706055,22.549999
904,83.31099700927734,73.81594848632813,75.55165100097656,73.81594848632813,75.55165100097656,73.81594848632813,73.81594848632813,68.84239959716797,43.62240982055664,68.8424
905,136.64599609375,136.64599609375,136.64599609375,136.64599609375,136.64599609375,136.64599609375,136.64599609375,136.64599609375,136.64599609375,136.646
906,30.71299934387207,29.9362907409668,30.04280471801758,29.9362907409668,30.04280471801758,29.9362907409668,29.9362907409668,29.6761302947998,27.2423152923584,29.67613
907,393.3630065917969,391.9146728515625,392.513427734375,391.9146728515625,392.513427734375,391.9146728515625,391.9146728515625,391.1650390625,389.0415649414063,391.16504
908,350.781005859375,347.3370361328125,347.8621520996094,347.3370361328125,347.8621520996094,347.3370361328125,347.3370361328125,345.5862731933594,331.8159790039063,345.58627
909,142.1840057373047,142.1840057373047,142.1840057373047,142.1840057373047,142.1840057373047,142.1840057373047,142.1840057373047,142.1840057373047,142.1840057373047,142.18401
910,81.77799987792969,73.92711639404297,75.25288391113281,73.92711639404297,75.25288391113281,73.92711639404297,73.92711639404297,69.86589050292969,45.87665939331055,69.865891
911,73.69200134277344,73.24126434326172,73.28369903564453,73.24126434326172,73.28369903564453,73.24126434326172,73.24126434326172,72.06443786621094,69.94558715820313,72.064438
912,85.46700286865234,85.46700286865234,85.46700286865234,85.46700286865234,85.46700286865234,85.46700286865234,85.46700286865234,85.46700286865234,85.46605682373047,85.467003
913,98.08499908447266,98.07462310791016,98.07650756835938,98.07462310791016,98.07650756835938,98.07462310791016,98.07462310791016,98.07179260253906,98.05293273925781,98.071793
914,60.45399856567383,60.18512344360352,60.20587921142578,60.18512344360352,60.20587921142578,60.18512344360352,60.18512344360352,60.12002944946289,59.15019989013672,60.120029
915,71.47100067138672,52.70645523071289,54.8587646484375,52.70645523071289,54.8587646484375,52.70645523071289,52.70645523071289,45.98180770874023,15.62234973907471,45.981808
916,68.75800323486328,68.71840667724609,68.72971343994141,68.71840667724609,68.72971343994141,68.71840667724609,68.71840667724609,68.69294738769531,68.41197967529297,68.692947
917,32.38000106811523,32.37811279296875,32.37905883789063,32.37811279296875,32.37905883789063,32.37811279296875,32.37811279296875,32.37622451782227,32.37434005737305,32.376225
918,80.5780029296875,80.39809417724609,80.40657043457031,80.39809417724609,80.40657043457031,80.39809417724609,80.39809417724609,80.39055633544922,80.3189697265625,80.390556
919,141.4700012207031,126.3516387939453,132.0721588134766,126.3516387939453,132.0721588134766,126.3516387939453,126.3516387939453,114.8003616333008,64.98763275146484,114.80036
920,110.9520034790039,110.9030151367188,110.918083190918,110.9030151367188,110.918083190918,110.9030151367188,110.9030151367188,110.8813400268555,110.8389434814453,110.88134
921,274.1740112304688,274.0976257324219,274.1230773925781,274.0976257324219,274.1230773925781,274.0976257324219,274.0976257324219,274.0401000976563,273.5816955566406,274.0401
922,16.95199966430664,16.95105743408203,16.95199966430664,16.95105743408203,16.95199966430664,16.95105743408203,16.95105743408203,16.95011329650879,16.9378547668457,16.950113
923,44.05199813842773,44.05199813842773,44.05199813842773,44.05199813842773,44.05199813842773,44.05199813842773,44.05199813842773,44.05199813842773,44.05199813842773,44.051998
924,158.3079986572266,156.2525787353516,157.0862426757813,156.2525787353516,157.0862426757813,156.2525787353516,156.2525787353516,155.7325897216797,153.2504577636719,155.73259
925,81.98000335693359,81.93567657470703,81.94887542724609,81.93567657470703,81.94887542724609,81.93567657470703,81.93567657470703,81.91114807128906,81.76496124267578,81.911148
926,62.73899841308594,62.73899841308594,62.73899841308594,62.73899841308594,62.73899841308594,62.73899841308594,62.73899841308594,62.73899841308594,62.73899841308594,62.738998
927,374.0230102539063,374.0230102539063,374.0230102539063,374.0230102539063,374.0230102539063,374.0230102539063,374.0230102539063,374.0230102539063,374.0230102539063,374.02301
928,214.7449951171875,211.113037109375,212.6595001220703,211.113037109375,212.6595001220703,211.113037109375,211.113037109375,206.5905303955078,183.0441131591797,206.59053
929,33.2859992980957,32.9590950012207,33.18708038330078,32.9590950012207,33.18708038330078,32.9590950012207,32.9590950012207,32.27325057983398,29.43190002441406,32.273251
930,82.69599914550781,82.66205596923828,82.66677093505859,82.66205596923828,82.66677093505859,82.66205596923828,82.66205596923828,81.92758178710938,81.79747009277344,81.927582
931,108.3529968261719,108.0295791625977,108.040901184082,108.0295791625977,108.040901184082,108.0295791625977,108.0295791625977,107.952262878418,106.214485168457,107.95226
932,46.04100036621094,44.67140960693359,44.84390640258789,44.67140960693359,44.84390640258789,44.67140960693359,44.67140960693359,43.85512542724609,36.67444229125977,43.855125
933,395.822998046875,395.822998046875,395.822998046875,395.822998046875,395.822998046875,395.822998046875,395.822998046875,395.822998046875,395.822998046875,395.823
934,182.1529998779297,182.0892181396484,182.1271209716797,182.0892181396484,182.1271209716797,182.0892181396484,182.0892181396484,182.0503845214844,181.6177368164063,182.05038
935,83.26200103759766,83.0667724609375,83.11951446533203,83.0667724609375,83.11951446533203,83.0667724609375,83.0667724609375,83.04179382324219,82.89467620849609,83.041794
936,116.2399978637695,115.96533203125,115.9995498657227,115.96533203125,115.9995498657227,115.96533203125,115.96533203125,115.9449920654297,115.8395690917969,115.94499
937,101.1620025634766,100.6618804931641,100.9170303344727,100.6618804931641,100.9170303344727,100.6618804931641,100.6618804931641,100.4991760253906,99.34916687011719,100.49918
938,236.3130035400391,235.3063659667969,235.487548828125,235.3063659667969,235.487548828125,235.3063659667969,235.3063659667969,234.3681335449219,231.1670532226563,234.36813
939,210.1629943847656,209.4342651367188,209.5369262695313,209.4342651367188,209.5369262695313,209.4342651367188,209.4342651367188,209.0051574707031,207.7733612060547,209.00516
940,403.927001953125,401.0711059570313,401.9082946777344,401.0711059570313,401.9082946777344,401.0711059570313,401.0711059570313,399.8589477539063,392.3632507324219,399.85895
941,200.3890075683594,200.2014465332031,200.2794494628906,200.2014465332031,200.2794494628906,200.2014465332031,200.2014465332031,200.1299591064453,199.6861267089844,200.12996
942,217.7079925537109,215.046875,216.0247039794922,215.046875,216.0247039794922,215.046875,215.046875,213.8404083251953,210.0155944824219,213.84041
943,59.33100128173828,57.95032501220703,58.29734802246094,57.95032501220703,58.29734802246094,57.95032501220703,57.95032501220703,57.35556030273438,55.43764495849609,57.35556
944,191.7949981689453,190.836181640625,191.2342224121094,190.836181640625,191.2342224121094,190.836181640625,190.836181640625,190.3088836669922,188.7660369873047,190.30888
945,261.5469970703125,253.6116027832031,256.28369140625,253.6116027832031,256.28369140625,253.6116027832031,253.6116027832031,250.6821899414063,239.4884948730469,250.68219
946,175.2259979248047,173.2406616210938,173.6742248535156,173.2406616210938,173.6742248535156,173.2406616210938,173.2406616210938,172.5801239013672,169.0457763671875,172.58012
947,100.5019989013672,99.10439300537109,99.53185272216797,99.10439300537109,99.53185272216797,99.10439300537109,99.10439300537109,98.37957763671875,96.86395263671875,98.379578
948,62.78499984741211,62.12137603759766,62.36581802368164,62.12137603759766,62.36581802368164,62.12137603759766,62.12137603759766,61.74494934082031,60.17976379394531,61.744949
949,267.6329956054688,263.8557434082031,266.0126953125,263.8557434082031,266.0126953125,263.8557434082031,263.8557434082031,263.2456665039063,259.4897766113281,263.24567
950,193.0959930419922,191.3063812255859,192.5313415527344,191.3063812255859,192.5313415527344,191.3063812255859,191.3063812255859,190.9980621337891,188.7115783691406,190.99806
951,530.8140258789063,522.5479125976563,526.02490234375,522.5479125976563,526.02490234375,522.5479125976563,522.5479125976563,518.8685913085938,509.787109375,518.86859
952,143.125,141.8753051757813,142.3900451660156,141.8753051757813,142.3900451660156,141.8753051757813,141.8753051757813,141.3624267578125,139.6788024902344,141.36243
953,91.69000244140625,90.84861755371094,90.97292327880859,90.84861755371094,90.97292327880859,90.84861755371094,90.84861755371094,90.68163299560547,89.96083831787109,90.681633
954,138.2449951171875,137.9893341064453,138.0757904052734,137.9893341064453,138.0757904052734,137.9893341064453,137.9893341064453,137.9000854492188,137.6462860107422,137.90009
955,95.68900299072266,95.13094329833984,95.29650115966797,95.13094329833984,95.29650115966797,95.13094329833984,95.13094329833984,95.00724029541016,94.57380676269531,95.00724
956,253.6909942626953,250.1284942626953,250.9466094970703,250.1284942626953,250.9466094970703,250.1284942626953,250.1284942626953,248.2319641113281,239.4391632080078,248.23196
957,65.48799896240234,64.91448211669922,64.97573852539063,64.91448211669922,64.97573852539063,64.91448211669922,64.91448211669922,64.74002075195313,63.53453063964844,64.740021
958,113.2570037841797,112.5492095947266,112.7356643676758,112.5492095947266,112.7356643676758,112.5492095947266,112.5492095947266,112.146614074707,110.637336730957,112.14661
959,255.2570037841797,253.5362091064453,254.2165679931641,253.5362091064453,254.2165679931641,253.5362091064453,253.5362091064453,252.5235443115234,247.6675872802734,252.52354
960,183.8739929199219,180.9179534912109,181.6093444824219,180.9179534912109,181.6093444824219,180.9179534912109,180.9179534912109,180.3510894775391,176.6395416259766,180.35109
978,105.7249984741211,105.5915374755859,105.6526260375977,105.5915374755859,105.6526260375977,105.5915374755859,105.5915374755859,105.369743347168,102.7080993652344,105.36974
979,58.20199966430664,57.74082183837891,57.97282028198242,57.74082183837891,57.97282028198242,57.74082183837891,57.74082183837891,57.16412353515625,52.86514282226563,57.164124
980,103.9400024414063,101.8558044433594,103.3051528930664,101.8558044433594,103.3051528930664,101.8558044433594,101.8558044433594,99.90515899658203,95.67185974121094,99.905159
981,110.7310028076172,110.7300643920898,110.7310028076172,110.7300643920898,110.7310028076172,110.7300643920898,110.7300643920898,110.7281875610352,110.7206649780273,110.72819
982,114.0619964599609,113.9764175415039,113.9905242919922,113.9764175415039,113.9905242919922,113.9764175415039,113.9764175415039,113.9387969970703,113.5974197387695,113.9388
983,63.50099945068359,63.50099945068359,63.50099945068359,63.50099945068359,63.50099945068359,63.50099945068359,63.50099945068359,63.50099945068359,63.50099945068359,63.500999
984,307.9219970703125,307.9219970703125,307.9219970703125,307.9219970703125,307.9219970703125,307.9219970703125,307.9219970703125,307.9219970703125,307.9219970703125,307.922
985,78.5260009765625,78.45267486572266,78.47335815429688,78.45267486572266,78.47335815429688,78.45267486572266,78.45267486572266,78.38311767578125,77.71381378173828,78.383118
986,90.59600067138672,90.37528228759766,90.48329162597656,90.37528228759766,90.48329162597656,90.37528228759766,90.37528228759766,89.94230651855469,88.48558044433594,89.942307
987,195.7530059814453,195.5894775390625,195.6740570068359,195.5894775390625,195.6740570068359,195.5894775390625,195.5894775390625,195.0321350097656,193.2116394042969,195.03214
988,149.5299987792969,148.5933990478516,148.9921112060547,148.5933990478516,148.9921112060547,148.5933990478516,148.5933990478516,148.2642669677734,146.0073699951172,148.26427
989,52.55599975585938,52.46294021606445,52.4864387512207,52.46294021606445,52.4864387512207,52.46294021606445,52.46294021606445,52.35013580322266,51.36406326293945,52.350136
990,56.38299942016602,53.55192184448242,55.80532455444336,53.55192184448242,55.80532455444336,53.55192184448242,53.55192184448242,50.816650390625,43.6328125,50.81665
991,85.73500061035156,85.54418182373047,85.58554077148438,85.54418182373047,85.58554077148438,85.54418182373047,85.54418182373047,85.46146392822266,84.73203277587891,85.461464
992,71.03199768066406,70.94738006591797,70.95584106445313,70.94738006591797,70.95584106445313,70.94738006591797,70.94738006591797,70.9219970703125,70.52523803710938,70.921997
993,141.9120025634766,139.7272033691406,140.8981323242188,139.7272033691406,140.8981323242188,139.7272033691406,139.7272033691406,137.8151550292969,133.7982482910156,137.81516
994,109.0009994506836,108.9436492919922,108.9521102905273,108.9436492919922,108.9521102905273,108.9436492919922,108.9436492919922,108.8844223022461,108.2789764404297,108.88442
995,80.17400360107422,77.80416870117188,78.27494049072266,77.80416870117188,78.27494049072266,77.80416870117188,77.80416870117188,77.40669250488281,76.52153015136719,77.406693
996,125.5670013427734,123.0441665649414,124.1609420776367,123.0441665649414,124.1609420776367,123.0441665649414,123.0441665649414,121.9029693603516,119.340690612793,121.90297
997,62.63100051879883,62.50336456298828,62.58501434326172,62.50336456298828,62.58501434326172,62.50336456298828,62.50336456298828,62.41608047485352,62.19271850585938,62.41608
998,15.3129997253418,15.27170467376709,15.27639770507813,15.27170467376709,15.27639770507813,15.27170467376709,15.27170467376709,15.26419639587402,15.23697853088379,15.264196
999,440.1719970703125,437.7958068847656,438.864501953125,437.7958068847656,438.864501953125,437.7958068847656,437.7958068847656,436.3003234863281,430.9444580078125,436.30032
1000,768.6339721679688,768.6339721679688,768.6339721679688,768.6339721679688,768.6339721679688,768.6339721679688,768.6339721679688,768.6339721679688,768.6339721679688,768.63397
1001,141.4669952392578,140.6708984375,141.1126556396484,140.6708984375,141.1126556396484,140.6708984375,140.6708984375,140.2122344970703,138.8973083496094,140.21223
1002,537.7579956054688,537.3204345703125,537.5701904296875,537.3204345703125,537.5701904296875,537.3204345703125,537.3204345703125,536.6829223632813,534.1712036132813,536.68292
1003,41.48500061035156,41.4145622253418,41.47372817993164,41.4145622253418,41.47372817993164,41.4145622253418,41.4145622253418,41.37135696411133,41.24737930297852,41.371357
1004,68.02899932861328,67.95476531982422,68.00457000732422,67.95476531982422,68.00457000732422,67.95476531982422,67.95476531982422,67.93033599853516,67.76494598388672,67.930336
1005,68.31700134277344,67.57077026367188,67.93684387207031,67.57077026367188,67.93684387207031,67.57077026367188,67.57077026367188,67.28073120117188,66.55233764648438,67.280731
1006,36.17900085449219,35.75864410400391,35.99040222167969,35.75864410400391,35.99040222167969,35.75864410400391,35.75864410400391,35.61977386474609,35.33734512329102,35.619774
1007,46.62099838256836,45.61968994140625,46.03110885620117,45.61968994140625,46.03110885620117,45.61968994140625,45.61968994140625,45.19887924194336,44.26895523071289,45.198879
1008,37.87799835205078,37.34889984130859,37.60264205932617,37.34889984130859,37.60264205932617,37.34889984130859,37.34889984130859,37.17409896850586,36.64876174926758,37.174099
1009,40.60100173950195,40.55493545532227,40.59347915649414,40.55493545532227,40.59347915649414,40.55493545532227,40.55493545532227,40.51921081542969,40.36597061157227,40.519211
1010,14.27499961853027,14.13317012786865,14.2270975112915,14.13317012786865,14.2270975112915,14.13317012786865,14.13317012786865,14.06836032867432,13.8269681930542,14.06836
1011,117.9739990234375,117.2815246582031,117.9261474609375,117.2815246582031,117.9261474609375,117.2815246582031,117.2815246582031,117.1285705566406,116.2568740844727,117.12857
1012,110.0930023193359,110.0647964477539,110.0883026123047,110.0647964477539,110.0883026123047,110.0647964477539,110.0647964477539,110.0243759155273,109.8551712036133,110.02438
1013,118.5970001220703,118.4730682373047,118.5369110107422,118.4730682373047,118.5369110107422,118.4730682373047,118.4730682373047,118.3566513061523,117.8318252563477,118.35665
1014,69.79900360107422,69.70127868652344,69.76423645019531,69.70127868652344,69.76423645019531,69.70127868652344,69.70127868652344,69.61859130859375,69.275634765625,69.618591
1015,143.1759948730469,141.0970764160156,141.6609802246094,141.0970764160156,141.6609802246094,141.0970764160156,141.0970764160156,140.4532928466797,138.8057708740234,140.45329
1016,56.43899917602539,56.14812469482422,56.29168319702148,56.14812469482422,56.29168319702148,56.14812469482422,56.14812469482422,56.06086349487305,55.81971740722656,56.060863
1017,21.3430004119873,21.25576400756836,21.3129825592041,21.25576400756836,21.3129825592041,21.25576400756836,21.25576400756836,21.23981666564941,21.19010162353516,21.239817
1018,55.71200180053711,55.17937850952148,55.4517936706543,55.17937850952148,55.4517936706543,55.17937850952148,55.17937850952148,54.82054138183594,53.56460952758789,54.820541
1019,65.12599945068359,64.96260070800781,65.04805755615234,64.96260070800781,65.04805755615234,64.96260070800781,64.96260070800781,64.85742950439453,64.52030181884766,64.85743
1020,46.04199981689453,45.45771408081055,45.79118728637695,45.45771408081055,45.79118728637695,45.45771408081055,45.45771408081055,44.99366760253906,43.56395721435547,44.993668
1021,202.2890014648438,202.2890014648438,202.2890014648438,202.2890014648438,202.2890014648438,202.2890014648438,202.2890014648438,202.2890014648438,202.2890014648438,202.289
1022,150.2180023193359,150.2180023193359,150.2180023193359,150.2180023193359,150.2180023193359,150.2180023193359,150.2180023193359,150.2180023193359,150.2180023193359,150.218
1023,124.2490005493164,124.2490005493164,124.2490005493164,124.2490005493164,124.2490005493164,124.2490005493164,124.2490005493164,124.2490005493164,124.2490005493164,124.249
1024,310.8460083007813,310.8460083007813,310.8460083007813,310.8460083007813,310.8460083007813,310.8460083007813,310.8460083007813,310.8460083007813,310.8460083007813,310.84601
1025,403.1229858398438,403.1229858398438,403.1229858398438,403.1229858398438,403.1229858398438,403.1229858398438,403.1229858398438,403.1229858398438,403.1229858398438,403.12299
1026,456.8099975585938,456.8099975585938,456.8099975585938,456.8099975585938,456.8099975585938,456.8099975585938,456.8099975585938,456.8099975585938,456.8099975585938,456.81
1027,116.0970001220703,116.0970001220703,116.0970001220703,116.0970001220703,116.0970001220703,116.0970001220703,116.0970001220703,116.0970001220703,116.0970001220703,116.097
1028,148.3260040283203,148.3260040283203,148.3260040283203,148.3260040283203,148.3260040283203,148.3260040283203,148.3260040283203,148.3260040283203,148.3260040283203,148.326
1029,76.78399658203125,76.78399658203125,76.78399658203125,76.78399658203125,76.78399658203125,76.78399658203125,76.78399658203125,76.78399658203125,76.78399658203125,76.783997
1030,139.8930053710938,139.8930053710938,139.8930053710938,139.8930053710938,139.8930053710938,139.8930053710938,139.8930053710938,139.8930053710938,139.8930053710938,139.89301
1031,152.3630065917969,151.1947631835938,151.9035491943359,151.1947631835938,151.9035491943359,151.1947631835938,151.1947631835938,150.2721099853516,146.7683258056641,150.27211
1032,351.1900024414063,350.1268310546875,350.8985290527344,350.1268310546875,350.8985290527344,350.1268310546875,350.1268310546875,349.0580444335938,344.6465148925781,349.05804
1033,196.375,196.2131958007813,196.2964324951172,196.2131958007813,196.2964324951172,196.2131958007813,196.2131958007813,195.5360260009766,191.9134979248047,195.53603
1034,516.5919799804688,505.3614196777344,509.6481018066406,505.3614196777344,509.6481018066406,505.3614196777344,505.3614196777344,500.3000793457031,487.0171508789063,500.30008
1035,344.7969970703125,340.2938842773438,341.7199096679688,340.2938842773438,341.7199096679688,340.2938842773438,340.2938842773438,339.2628784179688,336.5621643066406,339.26288
1036,316.9460144042969,316.9460144042969,316.9460144042969,316.9460144042969,316.9460144042969,316.9460144042969,316.9460144042969,316.9460144042969,316.9460144042969,316.94601
1037,462.677001953125,462.4654235839844,462.4850769042969,462.4654235839844,462.4850769042969,462.4654235839844,462.4654235839844,462.03759765625,461.3223571777344,462.0376
1038,140.4360046386719,123.9145050048828,125.8687515258789,123.9145050048828,125.8687515258789,123.9145050048828,123.9145050048828,120.659294128418,109.1074066162109,120.65929
1039,193.5390014648438,183.2143249511719,185.4989471435547,183.2143249511719,185.4989471435547,183.2143249511719,183.2143249511719,180.8886260986328,174.9054870605469,180.88863
1040,367.43798828125,363.4457702636719,364.9848327636719,363.4457702636719,364.9848327636719,363.4457702636719,363.4457702636719,362.1181335449219,352.0463256835938,362.11813
1041,149.9510040283203,146.5283508300781,149.8369445800781,146.5283508300781,149.8369445800781,146.5283508300781,146.5283508300781,143.9629821777344,138.3947296142578,143.96298
1042,464.7030029296875,464.0483703613281,464.0998840332031,464.0483703613281,464.0998840332031,464.0483703613281,464.0483703613281,464.0231018066406,463.6119995117188,464.0231
1043,272.375,262.6243286132813,264.0595397949219,262.6243286132813,264.0595397949219,262.6243286132813,262.6243286132813,259.4477233886719,245.0234832763672,259.44772
1044,198.0449981689453,198.0449981689453,198.0449981689453,198.0449981689453,198.0449981689453,198.0449981689453,198.0449981689453,198.0449981689453,198.0449981689453,198.045
1045,711.9140014648438,706.9525146484375,707.5947265625,706.9525146484375,707.5947265625,706.9525146484375,706.9525146484375,705.8675537109375,700.9744262695313,705.86755
1046,121.1080017089844,121.1080017089844,121.1080017089844,121.1080017089844,121.1080017089844,121.1080017089844,121.1080017089844,121.1080017089844,121.1080017089844,121.108
1047,197.0670013427734,197.0670013427734,197.0670013427734,197.0670013427734,197.0670013427734,197.0670013427734,197.0670013427734,197.0670013427734,197.0670013427734,197.067
1048,99.25499725341797,97.85269165039063,98.47127532958984,97.85269165039063,98.47127532958984,97.85269165039063,97.85269165039063,97.28542327880859,94.78310394287109,97.285423
1049,150.0189971923828,150.0189971923828,150.0189971923828,150.0189971923828,150.0189971923828,150.0189971923828,150.0189971923828,150.0189971923828,150.0189971923828,150.019
1050,364.4869995117188,364.4869995117188,364.4869995117188,364.4869995117188,364.4869995117188,364.4869995117188,364.4869995117188,364.4869995117188,364.4869995117188,364.487
1051,115.1190032958984,111.4823913574219,111.7731323242188,111.4823913574219,111.7731323242188,111.4823913574219,111.4823913574219,111.0719833374023,108.7320251464844,111.07198
1052,16.14100074768066,15.44474411010742,15.91950702667236,15.44474411010742,15.91950702667236,15.44474411010742,15.44474411010742,14.40736865997314,9.782170295715332,14.407369
1053,304.8529968261719,288.6524353027344,293.1557006835938,288.6524353027344,293.1557006835938,288.6524353027344,288.6524353027344,284.5700988769531,275.1435546875,284.5701
1054,182.3569946289063,182.3569946289063,182.3569946289063,182.3569946289063,182.3569946289063,182.3569946289063,182.3569946289063,182.3569946289063,182.3569946289063,182.35699
1055,409.2869873046875,404.8005065917969,406.5205383300781,404.8005065917969,406.5205383300781,404.8005065917969,404.8005065917969,402.8908081054688,397.7783203125,402.89081
1056,27.50600051879883,25.6259822845459,25.91377830505371,25.6259822845459,25.91377830505371,25.6259822845459,25.6259822845459,25.19896125793457,22.19672775268555,25.198961
1057,196.6860046386719,192.5400238037109,192.8134918212891,192.5400238037109,192.8134918212891,192.5400238037109,192.5400238037109,192.0285491943359,188.863525390625,192.02855
1058,326.9119873046875,325.2679138183594,325.3053588867188,325.2679138183594,325.3053588867188,325.2679138183594,325.2679138183594,325.2248229980469,324.6490478515625,325.22482
1059,199.1580047607422,199.0506286621094,199.1253204345703,199.0506286621094,199.1253204345703,199.0506286621094,199.0506286621094,198.9609832763672,198.2560272216797,198.96098
1060,118.6110000610352,116.7667007446289,117.0057678222656,116.7667007446289,117.0057678222656,116.7667007446289,116.7667007446289,116.3959808349609,115.3463668823242,116.39598
1061,40.40000152587891,40.31220245361328,40.37758636474609,40.31220245361328,40.37758636474609,40.31220245361328,40.31220245361328,40.11885452270508,36.6404914855957,40.118855
1062,103.6309967041016,102.6660461425781,103.3482284545898,102.6660461425781,103.3482284545898,102.6660461425781,102.6660461425781,101.4118041992188,98.25846099853516,101.4118
1063,65.72699737548828,65.52828216552734,65.69700622558594,65.52828216552734,65.69700622558594,65.52828216552734,65.52828216552734,65.4720458984375,64.96870422363281,65.472046
1064,170.875,170.3975830078125,170.5810699462891,170.3975830078125,170.5810699462891,170.3975830078125,170.3975830078125,169.9463653564453,168.9119567871094,169.94637
1065,26.09099960327148,25.97096252441406,25.97659111022949,25.97096252441406,25.97659111022949,25.97096252441406,25.97096252441406,25.96721076965332,25.9118824005127,25.967211
1066,269.4320068359375,267.6274719238281,269.0028686523438,267.6274719238281,269.0028686523438,267.6274719238281,267.6274719238281,264.320068359375,260.7887878417969,264.32007
1067,132.4040069580078,132.0330352783203,132.0498962402344,132.0330352783203,132.0498962402344,132.0330352783203,132.0330352783203,132.0264739990234,131.9749450683594,132.02647
1068,683.7479858398438,683.3263549804688,683.3450927734375,683.3263549804688,683.3450927734375,683.3263549804688,683.3263549804688,683.243896484375,682.3246459960938,683.2439
1069,203.6340026855469,203.4523620605469,203.5066680908203,203.4523620605469,203.5066680908203,203.4523620605469,203.4523620605469,203.3840179443359,203.0226135253906,203.38402
1070,147.4450073242188,147.4450073242188,147.4450073242188,147.4450073242188,147.4450073242188,147.4450073242188,147.4450073242188,147.4450073242188,147.4450073242188,147.44501
1071,80.97599792480469,80.74903106689453,80.76216125488281,80.74903106689453,80.76216125488281,80.74903106689453,80.74903106689453,80.74340057373047,80.71714019775391,80.743401
1072,30.44000053405762,30.27877426147461,30.31064414978027,30.27877426147461,30.31064414978027,30.27877426147461,30.27877426147461,30.17941284179688,29.78853034973145,30.179413
1073,346.4760131835938,345.6932067871094,345.8933715820313,345.6932067871094,345.8933715820313,345.6932067871094,345.6932067871094,345.4650268554688,344.5513000488281,345.46503
1074,126.4400024414063,126.2556686401367,126.2715759277344,126.2556686401367,126.2715759277344,126.2556686401367,126.2556686401367,126.2425689697266,126.1967163085938,126.24257
1075,130.7239990234375,130.4779510498047,130.515380859375,130.4779510498047,130.515380859375,130.4779510498047,130.4779510498047,130.4480133056641,130.3235931396484,130.44801
1076,375.677001953125,375.677001953125,375.677001953125,375.677001953125,375.677001953125,375.677001953125,375.677001953125,375.677001953125,375.677001953125,375.677
1077,94.43499755859375,94.03884124755859,94.14092254638672,94.03884124755859,94.14092254638672,94.03884124755859,94.03884124755859,93.16411590576172,92.14141082763672,93.164116
1078,215.2630004882813,215.2470703125,215.2536315917969,215.2470703125,215.2536315917969,215.2470703125,215.2470703125,215.2002105712891,215.0118103027344,215.20021
1079,47.13199996948242,47.01858520507813,47.04389190673828,47.01858520507813,47.04389190673828,47.01858520507813,47.01858520507813,47.00733947753906,46.90423202514648,47.007339
1080,543.052001953125,542.735107421875,542.7960205078125,542.735107421875,542.7960205078125,542.735107421875,542.735107421875,542.6845092773438,542.2662963867188,542.68451
1081,312.9989929199219,312.3884582519531,312.4344177246094,312.3884582519531,312.4344177246094,312.3884582519531,312.3884582519531,312.3275146484375,311.3043518066406,312.32751
1082,165.4929962158203,165.3486175537109,165.4179992675781,165.3486175537109,165.4179992675781,165.3486175537109,165.3486175537109,165.2005004882813,164.487060546875,165.2005
1083,261.2179870605469,256.7879638671875,260.9883728027344,256.7879638671875,260.9883728027344,256.7879638671875,256.7879638671875,252.9052734375,247.1266632080078,252.90527
1084,157.1300048828125,156.9755859375,156.9961853027344,156.9755859375,156.9961853027344,156.9755859375,156.9755859375,156.9596862792969,156.9091491699219,156.95969
1085,144.5460052490234,144.5460052490234,144.5460052490234,144.5460052490234,144.5460052490234,144.5460052490234,144.5460052490234,144.5460052490234,144.5460052490234,144.54601
1086,114.1129989624023,113.2855987548828,113.6623687744141,113.2855987548828,113.6623687744141,113.2855987548828,113.2855987548828,112.8994827270508,111.7700958251953,112.89948
1087,152.9459991455078,152.5032348632813,152.5510864257813,152.5032348632813,152.5510864257813,152.5032348632813,152.5032348632813,152.4347686767578,151.9404144287109,152.43477
1088,740.291015625,740.291015625,740.291015625,740.291015625,740.291015625,740.291015625,740.291015625,740.291015625,740.291015625,740.29102
1089,153.9730072021484,153.9626312255859,153.9701843261719,153.9626312255859,153.9701843261719,153.9626312255859,153.9626312255859,153.9522705078125,153.7524261474609,153.95227
1090,255.7740020751953,255.7740020751953,255.7740020751953,255.7740020751953,255.7740020751953,255.7740020751953,255.7740020751953,255.7740020751953,255.7740020751953,255.774
1091,501.3900146484375,501.3900146484375,501.3900146484375,501.3900146484375,501.3900146484375,501.3900146484375,501.3900146484375,501.3900146484375,501.3900146484375,501.39001
1092,406.3009948730469,406.3009948730469,406.3009948730469,406.3009948730469,406.3009948730469,406.3009948730469,406.3009948730469,406.3009948730469,406.3009948730469,406.30099
1093,665.4949951171875,665.4949951171875,665.4949951171875,665.4949951171875,665.4949951171875,665.4949951171875,665.4949951171875,665.4949951171875,665.4949951171875,665.495
1094,223.2819976806641,223.2631378173828,223.2678680419922,223.2631378173828,223.2678680419922,223.2631378173828,223.2631378173828,223.2612609863281,223.2442932128906,223.26126
1095,239.7030029296875,239.7030029296875,239.7030029296875,239.7030029296875,239.7030029296875,239.7030029296875,239.7030029296875,239.7030029296875,239.7030029296875,239.703
1096,237.4279937744141,237.4279937744141,237.4279937744141,237.4279937744141,237.4279937744141,237.4279937744141,237.4279937744141,237.4279937744141,237.4279937744141,237.42799
1097,354.0589904785156,354.0589904785156,354.0589904785156,354.0589904785156,354.0589904785156,354.0589904785156,354.0589904785156,354.0589904785156,354.0589904785156,354.05899
1098,407.7780151367188,407.7780151367188,407.7780151367188,407.7780151367188,407.7780151367188,407.7780151367188,407.7780151367188,407.7780151367188,407.7780151367188,407.77802
1099,359.0079956054688,359.0079956054688,359.0079956054688,359.0079956054688,359.0079956054688,359.0079956054688,359.0079956054688,359.0079956054688,359.0079956054688,359.008
1100,340.7900085449219,340.7900085449219,340.7900085449219,340.7900085449219,340.7900085449219,340.7900085449219,340.7900085449219,340.7900085449219,340.7900085449219,340.79001
1101,242.7799987792969,228.4774169921875,231.7952728271484,228.4774169921875,231.7952728271484,228.4774169921875,228.4774169921875,225.1426086425781,196.8484954833984,225.14261
1102,165.6779937744141,161.9008636474609,163.1740417480469,161.9008636474609,163.1740417480469,161.9008636474609,161.9008636474609,158.4875183105469,139.4671173095703,158.48752
1103,324.0690002441406,321.6686096191406,322.0749816894531,321.6686096191406,322.0749816894531,321.6686096191406,321.6686096191406,299.5098571777344,291.7524108886719,299.50986
1104,299.135986328125,299.135986328125,299.135986328125,299.135986328125,299.135986328125,299.135986328125,299.135986328125,299.135986328125,299.135986328125,299.13599
1105,441.4030151367188,441.4030151367188,441.4030151367188,441.4030151367188,441.4030151367188,441.4030151367188,441.4030151367188,441.4030151367188,441.4030151367188,441.40302
1106,57.17300033569336,56.81409454345703,57.03110885620117,56.81409454345703,57.03110885620117,56.81409454345703,56.81409454345703,56.40417861938477,54.96390914916992,56.404179
1107,26.76000022888184,21.09420204162598,23.36515808105469,21.09420204162598,23.36515808105469,21.09420204162598,21.09420204162598,19.78207397460938,17.58993911743164,19.782074
1108,198.5509948730469,197.7889556884766,198.2381896972656,197.7889556884766,198.2381896972656,197.7889556884766,197.7889556884766,197.0167083740234,194.3212738037109,197.01671
1109,34.50400161743164,33.65650939941406,34.08257675170898,33.65650939941406,34.08257675170898,33.65650939941406,33.65650939941406,33.1691780090332,32.05899047851563,33.169178
1110,255.7760009765625,253.2636566162109,254.69384765625,253.2636566162109,254.69384765625,253.2636566162109,253.2636566162109,250.9369506835938,243.7293853759766,250.93695
1111,217.4889984130859,214.507568359375,216.3584442138672,214.507568359375,216.3584442138672,214.507568359375,214.507568359375,211.1687927246094,202.2012939453125,211.16879
1112,95.10700225830078,94.2451171875,94.53860473632813,94.2451171875,94.53860473632813,94.2451171875,94.2451171875,93.54576873779297,89.73788452148438,93.545769
1113,207.5140075683594,184.5948486328125,194.9901275634766,184.5948486328125,194.9901275634766,184.5948486328125,184.5948486328125,174.3368988037109,150.3320922851563,174.3369
1114,56.99200057983398,55.89409255981445,56.42075347900391,55.89409255981445,56.42075347900391,55.89409255981445,55.89409255981445,55.28475952148438,52.30218887329102,55.28476
1115,267.3659973144531,266.2805480957031,267.0345153808594,266.2805480957031,267.0345153808594,266.2805480957031,266.2805480957031,264.6166687011719,257.9499816894531,264.61667
1116,97.2030029296875,87.18286895751953,91.58853149414063,87.18286895751953,91.58853149414063,87.18286895751953,87.18286895751953,84.12422180175781,79.35953521728516,84.124222
1117,186.6139984130859,186.6139984130859,186.6139984130859,186.6139984130859,186.6139984130859,186.6139984130859,186.6139984130859,186.6139984130859,186.6093597412109,186.614
1118,143.4649963378906,143.2124786376953,143.3201599121094,143.2124786376953,143.3201599121094,143.2124786376953,143.2124786376953,143.0787811279297,142.4929656982422,143.07878
1119,322.7059936523438,320.1888427734375,321.7267761230469,320.1888427734375,321.7267761230469,320.1888427734375,320.1888427734375,318.1840515136719,311.6888427734375,318.18405
1120,153.3780059814453,152.0481109619141,152.9316101074219,152.0481109619141,152.9316101074219,152.0481109619141,152.0481109619141,151.0736541748047,148.3108520507813,151.07365
1121,150.5829925537109,148.2601165771484,149.7691040039063,148.2601165771484,149.7691040039063,148.2601165771484,148.2601165771484,145.79248046875,135.9775695800781,145.79248
1122,69.0260009765625,63.61920547485352,66.56903839111328,63.61920547485352,66.56903839111328,63.61920547485352,63.61920547485352,60.99516677856445,57.33896255493164,60.995167
1123,28.78700065612793,26.64331817626953,27.21985626220703,26.64331817626953,27.21985626220703,26.64331817626953,26.64331817626953,26.18004417419434,25.09381103515625,26.180044
1124,177.85400390625,177.6925354003906,177.7537841796875,177.6925354003906,177.7537841796875,177.6925354003906,177.6925354003906,177.6118011474609,177.1747436523438,177.6118
1125,68.72799682617188,53.01418304443359,56.88790512084961,53.01418304443359,56.88790512084961,53.01418304443359,53.01418304443359,50.9947624206543,48.35847473144531,50.994762
1126,166.468994140625,165.1985931396484,166.0263519287109,165.1985931396484,166.0263519287109,165.1985931396484,165.1985931396484,163.6497802734375,157.8368988037109,163.64978
1127,19.40500068664551,18.64698600769043,18.75368309020996,18.64698600769043,18.75368309020996,18.64698600769043,18.64698600769043,18.54678344726563,18.16638374328613,18.546783
1128,255.2890014648438,255.2890014648438,255.2890014648438,255.2890014648438,255.2890014648438,255.2890014648438,255.2890014648438,255.2890014648438,255.2890014648438,255.289
1129,137.5850067138672,137.3036499023438,137.4336395263672,137.3036499023438,137.4336395263672,137.3036499023438,137.3036499023438,137.0603637695313,136.2357788085938,137.06036
1130,103.6100006103516,103.6100006103516,103.6100006103516,103.6100006103516,103.6100006103516,103.6100006103516,103.6100006103516,103.6100006103516,103.6100006103516,103.61
1131,225.2409973144531,225.2409973144531,225.2409973144531,225.2409973144531,225.2409973144531,225.2409973144531,225.2409973144531,225.2409973144531,225.2409973144531,225.241
1132,193.3520050048828,193.3520050048828,193.3520050048828,193.3520050048828,193.3520050048828,193.3520050048828,193.3520050048828,193.3520050048828,193.3520050048828,193.35201
1133,110.1240005493164,110.0231323242188,110.0469818115234,110.0231323242188,110.0469818115234,110.0231323242188,110.0231323242188,109.9919586181641,109.8828430175781,109.99196
1134,764.1950073242188,764.1950073242188,764.1950073242188,764.1950073242188,764.1950073242188,764.1950073242188,764.1950073242188,764.1950073242188,764.1950073242188,764.19501
1135,180.7720031738281,180.7720031738281,180.7720031738281,180.7720031738281,180.7720031738281,180.7720031738281,180.7720031738281,180.7720031738281,180.7720031738281,180.772
1136,263.7550048828125,263.7550048828125,263.7550048828125,263.7550048828125,263.7550048828125,263.7550048828125,263.7550048828125,263.7550048828125,263.7550048828125,263.755
1137,163.3910064697266,163.3910064697266,163.3910064697266,163.3910064697266,163.3910064697266,163.3910064697266,163.3910064697266,163.3910064697266,163.3910064697266,163.39101
1138,114.036003112793,114.036003112793,114.036003112793,114.036003112793,114.036003112793,114.036003112793,114.036003112793,114.036003112793,114.036003112793,114.036
1139,659.7620239257813,659.7620239257813,659.7620239257813,659.7620239257813,659.7620239257813,659.7620239257813,659.7620239257813,659.7620239257813,659.7620239257813,659.76202
1140,214.2839965820313,214.2839965820313,214.2839965820313,214.2839965820313,214.2839965820313,214.2839965820313,214.2839965820313,214.2839965820313,214.2839965820313,214.284
1141,93.61199951171875,93.61199951171875,93.61199951171875,93.61199951171875,93.61199951171875,93.61199951171875,93.61199951171875,93.61199951171875,93.61199951171875,93.612
1142,167.9450073242188,167.9450073242188,167.9450073242188,167.9450073242188,167.9450073242188,167.9450073242188,167.9450073242188,167.9450073242188,167.9450073242188,167.94501
1143,55.16999816894531,55.16999816894531,55.16999816894531,55.16999816894531,55.16999816894531,55.16999816894531,55.16999816894531,55.16999816894531,55.16999816894531,55.169998
1144,106.8970031738281,106.8970031738281,106.8970031738281,106.8970031738281,106.8970031738281,106.8970031738281,106.8970031738281,106.8970031738281,106.8970031738281,106.897
1145,130.7559967041016,130.7559967041016,130.7559967041016,130.7559967041016,130.7559967041016,130.7559967041016,130.7559967041016,130.7559967041016,130.7559967041016,130.756
1146,122.8440017700195,122.8440017700195,122.8440017700195,122.8440017700195,122.8440017700195,122.8440017700195,122.8440017700195,122.8440017700195,122.8440017700195,122.844
1147,44.87900161743164,44.87900161743164,44.87900161743164,44.87900161743164,44.87900161743164,44.87900161743164,44.87900161743164,44.87900161743164,44.87900161743164,44.879002
1148,88.36900329589844,88.36900329589844,88.36900329589844,88.36900329589844,88.36900329589844,88.36900329589844,88.36900329589844,88.36900329589844,88.36900329589844,88.369003
1149,423.3590087890625,423.3590087890625,423.3590087890625,423.3590087890625,423.3590087890625,423.3590087890625,423.3590087890625,423.3590087890625,423.3590087890625,423.35901
1150,66.65799713134766,66.65799713134766,66.65799713134766,66.65799713134766,66.65799713134766,66.65799713134766,66.65799713134766,66.65799713134766,66.65799713134766,66.657997
1151,76.25199890136719,76.25199890136719,76.25199890136719,76.25199890136719,76.25199890136719,76.25199890136719,76.25199890136719,76.25199890136719,76.25199890136719,76.251999
1152,162.3639984130859,162.3639984130859,162.3639984130859,162.3639984130859,162.3639984130859,162.3639984130859,162.3639984130859,162.3639984130859,162.3639984130859,162.364
1153,168.9589996337891,168.9553375244141,168.9562530517578,168.9553375244141,168.9562530517578,168.9553375244141,168.9553375244141,168.9516754150391,168.9333190917969,168.95168
1154,44.47200012207031,44.47016525268555,44.47108459472656,44.47016525268555,44.47108459472656,44.47016525268555,44.47016525268555,44.46833038330078,44.46649551391602,44.46833
1155,169.6109924316406,169.6109924316406,169.6109924316406,169.6109924316406,169.6109924316406,169.6109924316406,169.6109924316406,169.6109924316406,169.6109924316406,169.61099
1156,51.76900100708008,51.76900100708008,51.76900100708008,51.76900100708008,51.76900100708008,51.76900100708008,51.76900100708008,51.76900100708008,51.76900100708008,51.769001
1157,140.4369964599609,140.4369964599609,140.4369964599609,140.4369964599609,140.4369964599609,140.4369964599609,140.4369964599609,140.4369964599609,140.4369964599609,140.437
1158,75.45400238037109,75.45400238037109,75.45400238037109,75.45400238037109,75.45400238037109,75.45400238037109,75.45400238037109,75.45400238037109,75.45400238037109,75.454002
1159,100.4629974365234,100.4629974365234,100.4629974365234,100.4629974365234,100.4629974365234,100.4629974365234,100.4629974365234,100.4629974365234,100.4629974365234,100.463
1160,100.9700012207031,100.9700012207031,100.9700012207031,100.9700012207031,100.9700012207031,100.9700012207031,100.9700012207031,100.9700012207031,100.9700012207031,100.97
1161,91.75700378417969,91.75700378417969,91.75700378417969,91.75700378417969,91.75700378417969,91.75700378417969,91.75700378417969,91.75700378417969,91.75700378417969,91.757004
1162,424.9930114746094,424.9930114746094,424.9930114746094,424.9930114746094,424.9930114746094,424.9930114746094,424.9930114746094,424.9930114746094,424.9930114746094,424.99301
1163,204.9579925537109,204.9579925537109,204.9579925537109,204.9579925537109,204.9579925537109,204.9579925537109,204.9579925537109,204.9579925537109,204.9579925537109,204.95799
1164,302.43701171875,302.43701171875,302.43701171875,302.43701171875,302.43701171875,302.43701171875,302.43701171875,302.43701171875,302.43701171875,302.43701
1165,167.4779968261719,167.4779968261719,167.4779968261719,167.4779968261719,167.4779968261719,167.4779968261719,167.4779968261719,167.4779968261719,167.4779968261719,167.478
1166,311.052001953125,311.052001953125,311.052001953125,311.052001953125,311.052001953125,311.052001953125,311.052001953125,311.052001953125,311.052001953125,311.052
1167,143.7120056152344,143.7120056152344,143.7120056152344,143.7120056152344,143.7120056152344,143.7120056152344,143.7120056152344,143.7120056152344,143.7120056152344,143.71201
1168,210.1820068359375,210.1820068359375,210.1820068359375,210.1820068359375,210.1820068359375,210.1820068359375,210.1820068359375,210.1820068359375,210.1820068359375,210.18201
1169,329.6059875488281,329.6059875488281,329.6059875488281,329.6059875488281,329.6059875488281,329.6059875488281,329.6059875488281,329.6059875488281,329.6059875488281,329.60599
1170,371.3280029296875,371.3280029296875,371.3280029296875,371.3280029296875,371.3280029296875,371.3280029296875,371.3280029296875,371.3280029296875,371.3280029296875,371.328
1171,310.5280151367188,310.5280151367188,310.5280151367188,310.5280151367188,310.5280151367188,310.5280151367188,310.5280151367188,310.5280151367188,310.5280151367188,310.52802
1172,500.3489990234375,500.3489990234375,500.3489990234375,500.3489990234375,500.3489990234375,500.3489990234375,500.3489990234375,500.3489990234375,500.3489990234375,500.349
1173,174.9170074462891,174.9170074462891,174.9170074462891,174.9170074462891,174.9170074462891,174.9170074462891,174.9170074462891,174.9170074462891,174.9170074462891,174.91701
1174,319.989013671875,319.989013671875,319.989013671875,319.989013671875,319.989013671875,319.989013671875,319.989013671875,319.989013671875,319.989013671875,319.98901
1175,67.41799926757813,67.41799926757813,67.41799926757813,67.41799926757813,67.41799926757813,67.41799926757813,67.41799926757813,67.41799926757813,67.41799926757813,67.417999
1176,84.33499908447266,84.33499908447266,84.33499908447266,84.33499908447266,84.33499908447266,84.33499908447266,84.33499908447266,84.33499908447266,84.33499908447266,84.334999
1177,523.5150146484375,523.4798583984375,523.500244140625,523.4798583984375,523.500244140625,523.4798583984375,523.4798583984375,523.46875,523.2884521484375,523.46875
1178,282.1950073242188,282.1541748046875,282.166259765625,282.1541748046875,282.166259765625,282.1541748046875,282.1541748046875,282.1300354003906,281.9917907714844,282.13004
1179,134.2579956054688,132.4000549316406,132.4148254394531,132.4000549316406,132.4148254394531,132.4000549316406,132.4000549316406,132.3742218017578,132.1176300048828,132.37422
1180,123.5920028686523,123.0363464355469,123.0372695922852,123.0363464355469,123.0372695922852,123.0363464355469,123.0363464355469,123.0363464355469,123.0123519897461,123.03635
1181,256.5159912109375,250.6183013916016,252.7794494628906,250.6183013916016,252.7794494628906,250.6183013916016,250.6183013916016,247.0274963378906,230.1206970214844,247.0275
1182,344.7200012207031,343.5423889160156,344.0937194824219,343.5423889160156,344.0937194824219,343.5423889160156,343.5423889160156,341.6580505371094,331.8099365234375,341.65805
1183,557.2009887695313,556.6231689453125,556.763671875,556.6231689453125,556.763671875,556.6231689453125,556.6231689453125,556.44384765625,555.1577758789063,556.44385
1184,184.9089965820313,184.6864776611328,184.7968139648438,184.6864776611328,184.7968139648438,184.6864776611328,184.6864776611328,184.3814544677734,180.431884765625,184.38145
1185,2349.717041015625,2348.9423828125,2349.24267578125,2348.9423828125,2349.24267578125,2348.9423828125,2348.9423828125,2348.3115234375,2342.2861328125,2348.3115
1186,449.7040100097656,444.2345275878906,446.3892822265625,444.2345275878906,446.3892822265625,444.2345275878906,444.2345275878906,442.7897033691406,430.9032897949219,442.7897
1187,709.1279907226563,708.2533569335938,708.6670532226563,708.2533569335938,708.6670532226563,708.2533569335938,708.2533569335938,706.8834838867188,695.1224365234375,706.88348
1188,210.2120056152344,209.4395904541016,210.1139526367188,209.4395904541016,210.1139526367188,209.4395904541016,209.4395904541016,209.3137969970703,207.5145874023438,209.3138
1189,197.0010070800781,196.7229919433594,196.7229919433594,196.7229919433594,196.7229919433594,196.7229919433594,196.7229919433594,196.7220764160156,196.6460723876953,196.72208
1190,493.7380065917969,492.8376770019531,492.95361328125,492.8376770019531,492.95361328125,492.8376770019531,492.8376770019531,492.5465393066406,490.829345703125,492.54654
1191,365.593994140625,363.1002502441406,363.4232177734375,363.1002502441406,363.4232177734375,363.1002502441406,363.1002502441406,362.6826171875,358.9248046875,362.68262
1192,234.2239990234375,229.9649963378906,233.2417907714844,229.9649963378906,233.2417907714844,229.9649963378906,229.9649963378906,228.5166473388672,219.7785186767578,228.51665
1193,327.3070068359375,326.9179077148438,326.9197692871094,326.9179077148438,326.9197692871094,326.9179077148438,326.9179077148438,326.9142150878906,326.8688049316406,326.91422
1194,477.2160034179688,476.5239868164063,476.5972595214844,476.5239868164063,476.5972595214844,476.5239868164063,476.5239868164063,476.3792724609375,475.0239868164063,476.37927
1196,431.5220031738281,431.0926818847656,431.2101745605469,431.0926818847656,431.2101745605469,431.0926818847656,431.0926818847656,430.67626953125,425.30859375,430.67627
1197,206.8820037841797,206.4570617675781,206.4922485351563,206.4570617675781,206.4922485351563,206.4570617675781,206.4570617675781,206.3922424316406,205.8904724121094,206.39224
1198,127.0479965209961,126.6952819824219,126.7443466186523,126.6952819824219,126.7443466186523,126.6952819824219,126.6952819824219,126.5906753540039,123.1191177368164,126.59068
1199,210.0870056152344,209.5211486816406,209.5451812744141,209.5211486816406,209.5451812744141,209.5211486816406,209.5211486816406,209.5045013427734,209.4148101806641,209.5045
1200,90.15200042724609,89.76066589355469,89.76066589355469,89.76066589355469,89.76066589355469,89.76066589355469,89.76066589355469,89.72449493408203,88.81570434570313,89.724495
1201,370.9769897460938,370.8863525390625,370.9288940429688,370.8863525390625,370.9288940429688,370.8863525390625,370.8863525390625,370.8438110351563,370.5423278808594,370.84381
1202,206.0549926757813,206.0549926757813,206.0549926757813,206.0549926757813,206.0549926757813,206.0549926757813,206.0549926757813,206.0522155761719,204.8865661621094,206.05222
1203,216.2039947509766,216.1678924560547,216.1864166259766,216.1678924560547,216.1864166259766,216.1678924560547,216.1678924560547,216.1077423095703,212.3652038574219,216.10774
1204,641.6669921875,638.9442749023438,639.9805297851563,638.9442749023438,639.9805297851563,638.9442749023438,638.9442749023438,636.9935913085938,629.4784545898438,636.99359
1205,33.73600006103516,32.62050628662109,33.06036758422852,32.62050628662109,33.06036758422852,32.62050628662109,32.62050628662109,32.28874588012695,30.97848510742188,32.288746
1206,182.2619934082031,180.2152099609375,181.0597076416016,180.2152099609375,181.0597076416016,180.2152099609375,180.2152099609375,179.1072845458984,173.9469146728516,179.10728
1207,566.1370239257813,558.7479858398438,560.3084106445313,558.7479858398438,560.3084106445313,558.7479858398438,558.7479858398438,557.3700561523438,551.6430053710938,557.37006
1208,811.1300048828125,808.041259765625,808.8529052734375,808.041259765625,808.8529052734375,808.041259765625,808.041259765625,806.7486572265625,799.4287719726563,806.74866
1209,886.885009765625,885.6693725585938,885.7932739257813,885.6693725585938,885.7932739257813,885.6693725585938,885.6693725585938,885.358642578125,882.6720581054688,885.35864
1210,356.7109985351563,344.4755249023438,346.2850036621094,344.4755249023438,346.2850036621094,344.4755249023438,344.4755249023438,342.4811706542969,336.1506958007813,342.48117
1211,14.88000011444092,13.9170446395874,13.94696140289307,13.9170446395874,13.94696140289307,13.9170446395874,13.9170446395874,13.83383750915527,13.28504657745361,13.833838
1212,757.9390258789063,732.3206787109375,739.3214721679688,732.3206787109375,739.3214721679688,732.3206787109375,732.3206787109375,726.0726928710938,710.5145263671875,726.07269
1213,471.1820068359375,457.2317810058594,463.6503295898438,457.2317810058594,463.6503295898438,457.2317810058594,457.2317810058594,451.0950317382813,436.3645935058594,451.09503
1214,38.30500030517578,35.31441879272461,36.187255859375,35.31441879272461,36.187255859375,35.31441879272461,35.31441879272461,34.58332443237305,32.56815719604492,34.583324
1215,473.0230102539063,469.2395324707031,470.7725219726563,469.2395324707031,470.7725219726563,469.2395324707031,469.2395324707031,466.8759765625,457.3051452636719,466.87598
1216,528.5070190429688,519.0206298828125,523.0679931640625,519.0206298828125,523.0679931640625,519.0206298828125,519.0206298828125,514.7225341796875,501.5979309082031,514.72253
1217,164.625,159.1172485351563,160.8727264404297,159.1172485351563,160.8727264404297,159.1172485351563,159.1172485351563,157.6431732177734,152.5649719238281,157.64317
1218,55.41299819946289,51.17768096923828,52.4848747253418,51.17768096923828,52.4848747253418,51.17768096923828,51.17768096923828,50.5511589050293,49.2215576171875,50.551159
1219,826.3820190429688,823.1510009765625,824.3333740234375,823.1510009765625,824.3333740234375,823.1510009765625,823.1510009765625,820.1685180664063,806.0322265625,820.16852
1220,2176.447021484375,2166.51220703125,2169.884521484375,2166.51220703125,2169.884521484375,2166.51220703125,2166.51220703125,2162.371826171875,2141.662841796875,2162.3718
1221,912.0079956054688,908.7902221679688,910.7427978515625,908.7902221679688,910.7427978515625,908.7902221679688,908.7902221679688,904.3954467773438,888.9639282226563,904.39545
1222,972.6640014648438,971.6171264648438,972.1786499023438,971.6171264648438,972.1786499023438,971.6171264648438,971.6171264648438,969.90185546875,959.2588500976563,969.90186
1223,1004.414978027344,1000.196166992188,1001.820922851563,1000.196166992188,1001.820922851563,1000.196166992188,1000.196166992188,997.0430297851563,984.7278442382813,997.04303
1224,867.4849853515625,855.761474609375,860.5499267578125,855.761474609375,860.5499267578125,855.761474609375,855.761474609375,849.9824829101563,836.0870971679688,849.98248
1225,474.3380126953125,470.9989929199219,472.6558532714844,470.9989929199219,472.6558532714844,470.9989929199219,470.9989929199219,468.1543884277344,460.0296630859375,468.15439
1226,1321.18896484375,1279.55419921875,1292.635375976563,1279.55419921875,1292.635375976563,1279.55419921875,1279.55419921875,1265.146728515625,1229.335327148438,1265.1467
1227,64.54100036621094,64.54100036621094,64.54100036621094,64.54100036621094,64.54100036621094,64.54100036621094,64.54100036621094,64.54100036621094,64.54100036621094,64.541
1228,63.34700012207031,63.18078994750977,63.27629089355469,63.18078994750977,63.27629089355469,63.18078994750977,63.18078994750977,62.90346908569336,59.35888671875,62.903469
1229,153.3690032958984,153.2478942871094,153.2873382568359,153.2478942871094,153.2873382568359,153.2478942871094,153.2478942871094,153.1708068847656,152.5945739746094,153.17081
1230,82.93000030517578,82.70505523681641,82.81247711181641,82.70505523681641,82.81247711181641,82.70505523681641,82.70505523681641,82.42778015136719,80.12141418457031,82.42778
1231,269.3399963378906,269.0178146362305,269.1426620483398,269.0178146362305,269.1426620483398,269.0178146362305,269.0178146362305,268.7681655883789,266.560676574707,268.76816
1232,176.3049926757813,176.3049926757813,176.3049926757813,176.3049926757813,176.3049926757813,176.3049926757813,176.3049926757813,176.3049926757813,176.3049926757813,176.30499
1233,63.68600082397461,60.64896011352539,61.90528869628906,60.64896011352539,61.90528869628906,60.64896011352539,60.64896011352539,58.39253234863281,48.43559646606445,58.392532
1234,166.6190032958984,153.7507171630859,158.226318359375,153.7507171630859,158.226318359375,153.7507171630859,153.7507171630859,146.7405853271484,119.2154083251953,146.74059
1235,257.4440002441406,257.4440002441406,257.4440002441406,257.4440002441406,257.4440002441406,257.4440002441406,257.4440002441406,257.4440002441406,257.4440002441406,257.444
1236,42.12200164794922,39.68969345092773,40.71150207519531,39.68969345092773,40.71150207519531,39.68969345092773,39.68969345092773,37.56613540649414,26.72964477539063,37.566135
1237,99.81600189208984,99.81600189208984,99.81600189208984,99.81600189208984,99.81600189208984,99.81600189208984,99.81600189208984,99.81600189208984,99.81600189208984,99.816002
1238,81.47100067138672,69.56331634521484,75.09585571289063,69.56331634521484,75.09585571289063,69.56331634521484,69.56331634521484,61.12897872924805,32.93885803222656,61.128979
1239,118.1719970703125,117.9828948974609,118.0618438720703,117.9828948974609,118.0618438720703,117.9828948974609,117.9828948974609,117.7708511352539,115.5310440063477,117.77085
1240,43.99499893188477,41.8631706237793,42.87259674072266,41.8631706237793,42.87259674072266,41.8631706237793,41.8631706237793,39.8608512878418,28.72685432434082,39.860851
1241,238.7630004882813,238.7630004882813,238.7630004882813,238.7630004882813,238.7630004882813,238.7630004882813,238.7630004882813,238.7630004882813,238.7630004882813,238.763
1242,72.00499725341797,71.67634582519531,71.84250640869141,71.67634582519531,71.84250640869141,71.67634582519531,71.67634582519531,71.20723724365234,67.1771240234375,71.207237
1243,55.44900131225586,55.43431854248047,55.44441223144531,55.43431854248047,55.44441223144531,55.43431854248047,55.43431854248047,55.40861892700195,54.90294647216797,55.408619
1244,50.43299865722656,50.25299072265625,50.36044311523438,50.25299072265625,50.36044311523438,50.25299072265625,50.25299072265625,49.96553039550781,47.42432022094727,49.96553
1245,52.15999984741211,51.94619369506836,52.03979110717773,51.94619369506836,52.03979110717773,51.94619369506836,51.94619369506836,51.79570388793945,50.8331298828125,51.795704
1246,28.4689998626709,28.43227767944336,28.44329452514648,28.43227767944336,28.44329452514648,28.43227767944336,28.43227767944336,28.39739227294922,28.05587387084961,28.397392
1247,14.00800037384033,13.66831302642822,13.78674411773682,13.66831302642822,13.78674411773682,13.66831302642822,13.66831302642822,13.3708553314209,10.86909866333008,13.370855
1248,55.65399932861328,46.26643371582031,49.8410758972168,46.26643371582031,49.8410758972168,46.26643371582031,46.26643371582031,40.34329605102539,23.1837329864502,40.343296
1249,148.4450073242188,148.1024475097656,148.2193756103516,148.1024475097656,148.2193756103516,148.1024475097656,148.1024475097656,147.8795623779297,146.7395172119141,147.87956
1250,132.5469970703125,132.5360260009766,132.5442504882813,132.5360260009766,132.5442504882813,132.5360260009766,132.5360260009766,132.5158996582031,132.2424163818359,132.5159
1251,165.2050018310547,164.0210876464844,164.3006286621094,164.0210876464844,164.3006286621094,164.0210876464844,164.0210876464844,163.4574584960938,158.2422027587891,163.45746
1252,39.02899932861328,39.02899932861328,39.02899932861328,39.02899932861328,39.02899932861328,39.02899932861328,39.02899932861328,39.02899932861328,39.02899932861328,39.028999
1253,75.39199829101563,73.53615570068359,74.1715087890625,73.53615570068359,74.1715087890625,73.53615570068359,73.53615570068359,72.61325836181641,69.53419494628906,72.613258
1254,65.87599945068359,65.87599945068359,65.87599945068359,65.87599945068359,65.87599945068359,65.87599945068359,65.87599945068359,65.87599945068359,65.87599945068359,65.875999
1255,84.43299865722656,84.43299865722656,84.43299865722656,84.43299865722656,84.43299865722656,84.43299865722656,84.43299865722656,84.43299865722656,84.43299865722656,84.432999
1256,180.2550048828125,173.7285919189453,175.7537231445313,173.7285919189453,175.7537231445313,173.7285919189453,173.7285919189453,170.582275390625,158.3667144775391,170.58228
1257,21.98900032043457,21.98534202575684,21.98625755310059,21.98534202575684,21.98625755310059,21.98534202575684,21.98534202575684,21.98442840576172,21.98260116577148,21.984428
1258,54.84999847412109,54.84999847412109,54.84999847412109,54.84999847412109,54.84999847412109,54.84999847412109,54.84999847412109,54.84999847412109,54.84908294677734,54.849998
1259,121.2129974365234,121.2129974365234,121.2129974365234,121.2129974365234,121.2129974365234,121.2129974365234,121.2129974365234,121.2129974365234,121.2129974365234,121.213
1260,78.47200012207031,78.47200012207031,78.47200012207031,78.47200012207031,78.47200012207031,78.47200012207031,78.47200012207031,78.47200012207031,78.47200012207031,78.472
1261,61.7599983215332,57.78706741333008,59.86447143554688,57.78706741333008,59.86447143554688,57.78706741333008,57.78706741333008,53.92838287353516,39.51360321044922,53.928383
1262,206.6569976806641,204.1357879638672,204.7637939453125,204.1357879638672,204.7637939453125,204.1357879638672,204.1357879638672,203.5524749755859,201.5314788818359,203.55247
1263,157.9210052490234,157.4803314208984,157.7271881103516,157.4803314208984,157.7271881103516,157.4803314208984,157.4803314208984,156.8851470947266,151.3163604736328,156.88515
1264,113.5820007324219,113.1570663452148,113.2045822143555,113.1570663452148,113.2045822143555,113.1570663452148,113.1570663452148,113.1022338867188,112.7814788818359,113.10223
1265,49.13899993896484,48.60615158081055,48.92512893676758,48.60615158081055,48.92512893676758,48.60615158081055,48.60615158081055,47.91701507568359,44.18251037597656,47.917015
1266,47.69800186157227,42.26361465454102,44.47373199462891,42.26361465454102,44.47373199462891,42.26361465454102,42.26361465454102,38.79265594482422,28.33593559265137,38.792656
1267,255.7330017089844,254.8591461181641,255.0940704345703,254.8591461181641,255.0940704345703,254.8591461181641,254.8591461181641,254.566650390625,253.0950012207031,254.56665
1268,216.5870056152344,216.0588684082031,216.2066497802734,216.0588684082031,216.2066497802734,216.0588684082031,216.0588684082031,215.8584594726563,214.6665191650391,215.85846
1269,92.48999786376953,92.07133483886719,92.29163360595703,92.07133483886719,92.29163360595703,92.07133483886719,92.07133483886719,91.62158203125,89.47430419921875,91.621582
1270,40.65999984741211,40.65999984741211,40.65999984741211,40.65999984741211,40.65999984741211,40.65999984741211,40.65999984741211,40.65999984741211,40.65999984741211,40.66
1271,68.64399719238281,65.77332305908203,67.43668365478516,65.77332305908203,67.43668365478516,65.77332305908203,65.77332305908203,62.58916473388672,49.49701309204102,62.589165
1272,259.5769958496094,259.5760803222656,259.5769958496094,259.5760803222656,259.5769958496094,259.5760803222656,259.5760803222656,259.5760803222656,259.5632934570313,259.57608
1273,124.677001953125,124.6724319458008,124.6724319458008,124.6724319458008,124.6724319458008,124.6724319458008,124.6724319458008,124.6706008911133,124.6660308837891,124.6706
1274,42.37699890136719,42.37699890136719,42.37699890136719,42.37699890136719,42.37699890136719,42.37699890136719,42.37699890136719,42.37699890136719,42.37699890136719,42.376999
1275,43.36800003051758,41.63627624511719,42.59946441650391,41.63627624511719,42.59946441650391,41.63627624511719,41.63627624511719,39.75834274291992,31.82165908813477,39.758343
1276,301.3580017089844,301.3479309082031,301.3506774902344,301.3479309082031,301.3506774902344,301.3479309082031,301.3479309082031,301.3470153808594,301.3323974609375,301.34702
1277,21.32999992370605,21.32999992370605,21.32999992370605,21.32999992370605,21.32999992370605,21.32999992370605,21.32999992370605,21.32999992370605,21.32725715637207,21.33
1278,74.35299682617188,74.35299682617188,74.35299682617188,74.35299682617188,74.35299682617188,74.35299682617188,74.35299682617188,74.35299682617188,74.35299682617188,74.352997
1279,74.67900085449219,74.67900085449219,74.67900085449219,74.67900085449219,74.67900085449219,74.67900085449219,74.67900085449219,74.67900085449219,74.67900085449219,74.679001
1280,59.05099868774414,59.05099868774414,59.05099868774414,59.05099868774414,59.05099868774414,59.05099868774414,59.05099868774414,59.05099868774414,59.05099868774414,59.050999
1281,151.1009979248047,150.0284576416016,150.6191253662109,150.0284576416016,150.6191253662109,150.0284576416016,150.0284576416016,148.8845825195313,143.4029846191406,148.88458
1282,69.19699859619141,65.31862640380859,67.26100921630859,65.31862640380859,67.26100921630859,65.31862640380859,65.31862640380859,62.40459823608398,54.96474075317383,62.404598
1283,34.05699920654297,34.05060577392578,34.05699920654297,34.05060577392578,34.05699920654297,34.05060577392578,34.05060577392578,34.03690338134766,33.85421752929688,34.036903
1284,119.5009994506836,119.5009994506836,119.5009994506836,119.5009994506836,119.5009994506836,119.5009994506836,119.5009994506836,119.5009994506836,119.5009994506836,119.501
1285,233.6130065917969,233.6130065917969,233.6130065917969,233.6130065917969,233.6130065917969,233.6130065917969,233.6130065917969,233.6130065917969,233.6130065917969,233.61301
1286,117.3059997558594,117.3059997558594,117.3059997558594,117.3059997558594,117.3059997558594,117.3059997558594,117.3059997558594,117.3059997558594,117.3059997558594,117.306
1287,64.64499664306641,64.64134216308594,64.64499664306641,64.64134216308594,64.64499664306641,64.64134216308594,64.64134216308594,64.61026763916016,63.82332611083984,64.610268
1288,51.66899871826172,51.66899871826172,51.66899871826172,51.66899871826172,51.66899871826172,51.66899871826172,51.66899871826172,51.66899871826172,51.66899871826172,51.668999
1289,7.251999855041504,7.251999855041504,7.251999855041504,7.251999855041504,7.251999855041504,7.251999855041504,7.251999855041504,7.251999855041504,7.251999855041504,7.2519999
1290,151.8240051269531,151.8240051269531,151.8240051269531,151.8240051269531,151.8240051269531,151.8240051269531,151.8240051269531,151.8240051269531,151.8240051269531,151.82401
1291,162.6970062255859,162.2036590576172,162.2447662353516,162.2036590576172,162.2447662353516,162.2036590576172,162.2036590576172,162.1543273925781,161.8683624267578,162.15433
1292,51.91400146484375,51.91400146484375,51.91400146484375,51.91400146484375,51.91400146484375,51.91400146484375,51.91400146484375,51.91400146484375,51.91400146484375,51.914001
1293,254.0070037841797,254.0070037841797,254.0070037841797,254.0070037841797,254.0070037841797,254.0070037841797,254.0070037841797,254.0070037841797,254.0070037841797,254.007
1294,61.22999954223633,61.22999954223633,61.22999954223633,61.22999954223633,61.22999954223633,61.22999954223633,61.22999954223633,61.22817230224609,61.21079254150391,61.228172
1295,107.6940002441406,107.6940002441406,107.6940002441406,107.6940002441406,107.6940002441406,107.6940002441406,107.6940002441406,107.6940002441406,107.6940002441406,107.694
1296,75.97299957275391,75.97299957275391,75.97299957275391,75.97299957275391,75.97299957275391,75.97299957275391,75.97299957275391,75.97299957275391,75.97299957275391,75.973
1297,32.71799850463867,31.90872383117676,32.12557601928711,31.90872383117676,32.12557601928711,31.90872383117676,31.90872383117676,31.61712455749512,30.7635555267334,31.617125
1298,57.8849983215332,56.05817413330078,57.13565063476563,56.05817413330078,57.13565063476563,56.05817413330078,56.05817413330078,55.11988067626953,52.469970703125,55.119881
1299,232.9850006103516,232.7193145751953,232.8899841308594,232.7193145751953,232.8899841308594,232.7193145751953,232.7193145751953,232.5052947998047,231.1962280273438,232.50529
1300,157.5070037841797,156.0995941162109,157.2955322265625,156.0995941162109,157.2955322265625,156.0995941162109,156.0995941162109,155.6581726074219,152.7205200195313,155.65817
1301,232.5399932861328,227.9037170410156,230.4795227050781,227.9037170410156,230.4795227050781,227.9037170410156,227.9037170410156,224.5360260009766,211.3786163330078,224.53603
1302,323.6300048828125,316.3569946289063,320.8506469726563,316.3569946289063,320.8506469726563,316.3569946289063,316.3569946289063,309.3846130371094,285.1440124511719,309.38461
1303,158.3489990234375,158.3489990234375,158.3489990234375,158.3489990234375,158.3489990234375,158.3489990234375,158.3489990234375,158.3489990234375,158.3489990234375,158.349
1304,267.4540100097656,266.3687744140625,267.1307373046875,266.3687744140625,267.1307373046875,266.3687744140625,266.3687744140625,265.786865234375,261.8051452636719,265.78687
1305,61.2869987487793,61.2869987487793,61.2869987487793,61.2869987487793,61.2869987487793,61.2869987487793,61.2869987487793,61.2869987487793,61.2869987487793,61.286999
1306,119.2300033569336,117.2317733764648,119.1302719116211,117.2317733764648,119.1302719116211,117.2317733764648,117.2317733764648,116.1587829589844,113.5732727050781,116.15878
1307,1275.7099609375,1272.569946289063,1274.49169921875,1272.569946289063,1274.49169921875,1272.569946289063,1272.569946289063,1270.963989257813,1267.084350585938,1270.964
1308,237.0160064697266,235.3772583007813,236.3156585693359,235.3772583007813,236.3156585693359,235.3772583007813,235.3772583007813,234.4120941162109,230.4767303466797,234.41209
1309,199.7299957275391,199.2806243896484,199.6884765625,199.2806243896484,199.6884765625,199.2806243896484,199.2806243896484,198.7740478515625,196.8021850585938,198.77405
1311,94.78399658203125,86.7381591796875,90.74821472167969,86.7381591796875,90.74821472167969,86.7381591796875,86.7381591796875,80.12094116210938,59.74711608886719,80.120941
1312,52.10200119018555,51.11910247802734,51.36459350585938,51.11910247802734,51.36459350585938,51.11910247802734,51.11910247802734,50.42399215698242,46.62846755981445,50.423992
1313,379.0570068359375,377.85546875,378.8567504882813,377.85546875,378.8567504882813,377.85546875,377.85546875,376.7591552734375,371.9502868652344,376.75916
1314,120.2770004272461,120.2770004272461,120.2770004272461,120.2770004272461,120.2770004272461,120.2770004272461,120.2770004272461,120.2770004272461,120.2770004272461,120.277
1315,91.00299835205078,90.40341949462891,90.56668853759766,90.40341949462891,90.56668853759766,90.40341949462891,90.40341949462891,88.83160400390625,86.29308319091797,88.831604
1316,81.79900360107422,80.17936706542969,81.32437896728516,80.17936706542969,81.32437896728516,80.17936706542969,80.17936706542969,78.03154754638672,72.079345703125,78.031548
1317,430.1730041503906,427.0279846191406,428.9197692871094,427.0279846191406,428.9197692871094,427.0279846191406,427.0279846191406,425.0265197753906,419.1990661621094,425.02652
1318,263.0969848632813,262.93896484375,263.0341491699219,262.93896484375,263.0341491699219,262.93896484375,262.93896484375,262.8336181640625,262.1858215332031,262.83362
1319,64.88500213623047,63.06675338745117,63.43759918212891,63.06675338745117,63.43759918212891,63.06675338745117,63.06675338745117,61.83429336547852,59.42287445068359,61.834293
1320,172.1179962158203,169.8930206298828,170.7155151367188,169.8930206298828,170.7155151367188,169.8930206298828,169.8930206298828,167.1267852783203,161.9502258300781,167.12679
1321,208.72900390625,203.3498077392578,206.1991882324219,203.3498077392578,206.1991882324219,203.3498077392578,203.3498077392578,200.3204498291016,193.3921356201172,200.32045
1322,97.4219970703125,96.22910308837891,96.77776336669922,96.22910308837891,96.77776336669922,96.22910308837891,96.22910308837891,94.73661041259766,86.95707702636719,94.73661
1323,52.68500137329102,51.91367721557617,52.45369720458984,51.91367721557617,52.45369720458984,51.91367721557617,51.91367721557617,51.5865364074707,50.38116836547852,51.586536
1324,72.33499908447266,70.00131225585938,71.00106811523438,70.00131225585938,71.00106811523438,70.00131225585938,70.00131225585938,68.34613800048828,65.47241973876953,68.346138
1325,18.97299957275391,18.94623184204102,18.95915412902832,18.94623184204102,18.95915412902832,18.94623184204102,18.94623184204102,18.92223167419434,18.77916145324707,18.922232
1326,248.5970001220703,246.3649444580078,247.6234588623047,246.3649444580078,247.6234588623047,246.3649444580078,246.3649444580078,245.1496429443359,239.6678771972656,245.14964
1327,80.90599822998047,80.02067565917969,80.55463409423828,80.02067565917969,80.55463409423828,80.02067565917969,80.02067565917969,79.54296112060547,77.77046203613281,79.542961
1328,382.1849975585938,380.0604248046875,381.2483215332031,380.0604248046875,381.2483215332031,380.0604248046875,380.0604248046875,379.370361328125,378.1005554199219,379.37036
1329,93.07700347900391,93.07700347900391,93.07700347900391,93.07700347900391,93.07700347900391,93.07700347900391,93.07700347900391,93.07700347900391,93.07700347900391,93.077003
1330,173.8359985351563,172.7179718017578,173.2903900146484,172.7179718017578,173.2903900146484,172.7179718017578,172.7179718017578,171.6923980712891,168.2633972167969,171.6924
1331,60.34099960327148,60.34099960327148,60.34099960327148,60.34099960327148,60.34099960327148,60.34099960327148,60.34099960327148,60.34099960327148,60.34099960327148,60.341
1332,320.7219848632813,319.9311218261719,320.3751220703125,319.9311218261719,320.3751220703125,319.9311218261719,319.9311218261719,319.4001770019531,316.931396484375,319.40018
1333,241.375,239.0438842773438,239.8902130126953,239.0438842773438,239.8902130126953,239.0438842773438,239.0438842773438,237.8575286865234,232.3350830078125,237.85753
1334,198.9389953613281,198.5635528564453,198.5819854736328,198.5635528564453,198.5819854736328,198.5635528564453,198.5635528564453,198.4648284912109,197.2849578857422,198.46483
1335,552.1370239257813,548.5922241210938,550.3369750976563,548.5922241210938,550.3369750976563,548.5922241210938,548.5922241210938,547.3021240234375,541.3449096679688,547.30212
1336,232.7299957275391,232.7299957275391,232.7299957275391,232.7299957275391,232.7299957275391,232.7299957275391,232.7299957275391,232.7299957275391,232.7299957275391,232.73
1337,109.1110000610352,109.1110000610352,109.1110000610352,109.1110000610352,109.1110000610352,109.1110000610352,109.1110000610352,109.1110000610352,109.1110000610352,109.111
1338,108.8899993896484,107.5399017333984,108.2024917602539,107.5399017333984,108.2024917602539,107.5399017333984,107.5399017333984,106.9622116088867,104.8609313964844,106.96221
1339,225.8240051269531,225.8240051269531,225.8240051269531,225.8240051269531,225.8240051269531,225.8240051269531,225.8240051269531,225.8240051269531,225.8240051269531,225.82401
1340,216.6759948730469,216.6759948730469,216.6759948730469,216.6759948730469,216.6759948730469,216.6759948730469,216.6759948730469,216.6759948730469,216.6759948730469,216.67599
1341,288.656005859375,288.656005859375,288.656005859375,288.656005859375,288.656005859375,288.656005859375,288.656005859375,288.656005859375,288.656005859375,288.65601
1342,785.5679931640625,785.5679931640625,785.5679931640625,785.5679931640625,785.5679931640625,785.5679931640625,785.5679931640625,785.5679931640625,785.5679931640625,785.56799
1343,1523.371948242188,1523.371948242188,1523.371948242188,1523.371948242188,1523.371948242188,1523.371948242188,1523.371948242188,1523.371948242188,1523.371948242188,1523.3719
1344,58.43999862670898,58.43999862670898,58.43999862670898,58.43999862670898,58.43999862670898,58.43999862670898,58.43999862670898,58.43999862670898,58.43999862670898,58.439999
1345,21.70299911499023,21.55121803283691,21.61837005615234,21.55121803283691,21.61837005615234,21.55121803283691,21.55121803283691,21.17590141296387,20.58257102966309,21.175901
1346,352.7579956054688,352.7579956054688,352.7579956054688,352.7579956054688,352.7579956054688,352.7579956054688,352.7579956054688,352.7579956054688,352.757080078125,352.758
1347,25.35499954223633,25.09835052490234,25.22437477111816,25.09835052490234,25.22437477111816,25.09835052490234,25.09835052490234,24.57033157348633,23.7341480255127,24.570332
1348,45.79100036621094,45.76615524291992,45.78271865844727,45.76615524291992,45.78271865844727,45.76615524291992,45.76615524291992,42.81317138671875,42.43772506713867,42.813171
1349,17.37599945068359,17.33551788330078,17.36127853393555,17.33551788330078,17.36127853393555,17.33551788330078,17.33551788330078,17.27847480773926,16.65560340881348,17.278475
1350,29.14999961853027,29.10397720336914,29.1297492980957,29.10397720336914,29.1297492980957,29.10397720336914,29.10397720336914,27.83194351196289,27.458251953125,27.831944
1351,45.22200012207031,45.15937423706055,45.19252777099609,45.15937423706055,45.19252777099609,45.15937423706055,45.15937423706055,44.93189239501953,44.3452262878418,44.931892
1352,36.44300079345703,35.96735000610352,36.22955703735352,35.96735000610352,36.22955703735352,35.96735000610352,35.96735000610352,34.97648620605469,33.55965042114258,34.976486
1353,62.7869987487793,62.76306533813477,62.77779388427734,62.76306533813477,62.77779388427734,62.76306533813477,62.76306533813477,62.65167999267578,62.08554840087891,62.65168
1354,267.9989929199219,267.9989929199219,267.9989929199219,267.9989929199219,267.9989929199219,267.9989929199219,267.9989929199219,267.9989929199219,267.9989929199219,267.99899
1355,57.28900146484375,57.28900146484375,57.28900146484375,57.28900146484375,57.28900146484375,57.28900146484375,57.28900146484375,57.28900146484375,57.28716278076172,57.289001
1356,259.2510070800781,259.1387634277344,259.1911926269531,259.1387634277344,259.1911926269531,259.1387634277344,259.1387634277344,259.0348205566406,258.6263732910156,259.03482
1357,29.97200012207031,29.24790954589844,29.50920867919922,29.24790954589844,29.50920867919922,29.24790954589844,29.24790954589844,27.60651588439941,24.55742454528809,27.606516
1358,16.82500076293945,16.82500076293945,16.82500076293945,16.82500076293945,16.82500076293945,16.82500076293945,16.82500076293945,16.82500076293945,16.82500076293945,16.825001
1359,63.34700012207031,62.69257736206055,62.75198745727539,62.69257736206055,62.75198745727539,62.69257736206055,62.69257736206055,62.64987945556641,62.43081283569336,62.649879
1360,29.62199974060059,29.25790786743164,29.29867172241211,29.25790786743164,29.29867172241211,29.25790786743164,29.25790786743164,29.24771690368652,29.21066093444824,29.247717
1361,155.0099945068359,153.7689208984375,154.2228393554688,153.7689208984375,154.2228393554688,153.7689208984375,153.7689208984375,153.0950012207031,151.3044128417969,153.095
1362,47.97200012207031,47.86349868774414,47.88853454589844,47.86349868774414,47.88853454589844,47.86349868774414,47.86349868774414,47.85700607299805,47.80043792724609,47.857006
1363,23.74600028991699,23.13138580322266,23.14341926574707,23.13138580322266,23.14341926574707,23.13138580322266,23.13138580322266,23.12675666809082,23.10916900634766,23.126757
1364,21.1200008392334,20.70886039733887,20.7310848236084,20.70886039733887,20.7310848236084,20.70886039733887,20.70886039733887,20.69219398498535,20.58107376098633,20.692194
1365,33.85800170898438,33.56282424926758,33.63893890380859,33.56282424926758,33.63893890380859,33.56282424926758,33.56282424926758,33.42637634277344,32.73392105102539,33.426376
1366,76.80400085449219,76.30454254150391,76.38995361328125,76.30454254150391,76.38995361328125,76.30454254150391,76.30454254150391,76.05017852783203,74.3763427734375,76.050179
1367,95.32700347900391,95.29267120361328,95.29637908935547,95.29267120361328,95.29637908935547,95.29267120361328,95.29267120361328,95.29173278808594,95.22399139404297,95.291733
1368,156.3789978027344,156.3038024902344,156.3381500244141,156.3038024902344,156.3381500244141,156.3038024902344,156.3038024902344,156.2601623535156,155.8293762207031,156.26016
1369,91.05899810791016,89.93687438964844,90.09001922607422,89.93687438964844,90.09001922607422,89.93687438964844,89.93687438964844,89.86262512207031,89.6370849609375,89.862625
1370,88.51699829101563,87.66439056396484,87.84716033935547,87.66439056396484,87.84716033935547,87.66439056396484,87.66439056396484,87.63655853271484,87.54007720947266,87.636559
1371,108.6849975585938,108.6293334960938,108.6376800537109,108.6293334960938,108.6376800537109,108.6293334960938,108.6293334960938,108.6274795532227,108.5727386474609,108.62748
1372,202.2599945068359,201.4961853027344,201.6353912353516,201.4961853027344,201.6353912353516,201.4961853027344,201.4961853027344,201.2706604003906,199.9490814208984,201.27066
1373,28.54500007629395,28.15643119812012,28.19082450866699,28.15643119812012,28.19082450866699,28.15643119812012,28.15643119812012,28.12947273254395,28.01792144775391,28.129473
1374,65.75,64.48249053955078,64.80284881591797,64.48249053955078,64.80284881591797,64.48249053955078,64.48249053955078,64.17140960693359,62.94940185546875,64.17141
1375,38.19300079345703,37.83656692504883,37.90896987915039,37.83656692504883,37.90896987915039,37.83656692504883,37.83656692504883,37.81521987915039,37.72611236572266,37.81522
1376,25.20999908447266,24.74992942810059,24.83636665344238,24.74992942810059,24.83636665344238,24.74992942810059,24.74992942810059,24.70810508728027,24.58170127868652,24.708105
1377,627.614013671875,622.8025512695313,625.2423095703125,622.8025512695313,625.2423095703125,622.8025512695313,622.8025512695313,617.2030029296875,599.3116455078125,617.203
1378,897.5989990234375,894.6535034179688,895.9901733398438,894.6535034179688,895.9901733398438,894.6535034179688,894.6535034179688,892.1640625,883.699951171875,892.16406
1379,216.6569976806641,214.882080078125,216.0892486572266,214.882080078125,216.0892486572266,214.882080078125,214.882080078125,212.353271484375,205.6733703613281,212.35327
1380,176.9720001220703,175.6495056152344,176.0056915283203,175.6495056152344,176.0056915283203,175.6495056152344,175.6495056152344,175.2700500488281,173.9958953857422,175.27005
1381,109.2429962158203,107.0516586303711,107.7814788818359,107.0516586303711,107.7814788818359,107.0516586303711,107.0516586303711,106.5331420898438,104.9012832641602,106.53314
1382,296.8699951171875,293.6084289550781,295.28662109375,293.6084289550781,295.28662109375,293.6084289550781,293.6084289550781,290.8226318359375,281.5341491699219,290.82263
1383,378.447998046875,377.3658447265625,377.7538757324219,377.3658447265625,377.7538757324219,377.3658447265625,377.3658447265625,376.3590698242188,372.1524047851563,376.35907
1384,99.97100067138672,99.52184295654297,99.63623046875,99.52184295654297,99.63623046875,99.52184295654297,99.52184295654297,99.12383270263672,98.35665130615234,99.123833
1385,148.7180023193359,147.8635101318359,148.2576751708984,147.8635101318359,148.2576751708984,147.8635101318359,147.8635101318359,147.3957214355469,145.5627899169922,147.39572
1386,368.6860046386719,368.6860046386719,368.6860046386719,368.6860046386719,368.6860046386719,368.6860046386719,368.6860046386719,368.6860046386719,368.6860046386719,368.686
1387,110.7829971313477,110.3198394775391,110.5551376342773,110.3198394775391,110.5551376342773,110.3198394775391,110.3198394775391,109.9794464111328,109.2047119140625,109.97945
1388,29.45700073242188,27.01913452148438,28.03127098083496,27.01913452148438,28.03127098083496,27.01913452148438,27.01913452148438,25.71702003479004,22.48821830749512,25.71702
1389,536.47802734375,534.876708984375,535.5843505859375,534.876708984375,535.5843505859375,534.876708984375,534.876708984375,533.71337890625,530.6046142578125,533.71338
1390,118.3199996948242,117.542594909668,118.0202102661133,117.542594909668,118.0202102661133,117.542594909668,117.542594909668,116.5640869140625,113.3436813354492,116.56409
1391,279.9609985351563,279.357666015625,279.6133117675781,279.357666015625,279.6133117675781,279.357666015625,279.357666015625,278.7738342285156,275.2095947265625,278.77383
1392,280.8280029296875,280.8280029296875,280.8280029296875,280.8280029296875,280.8280029296875,280.8280029296875,280.8280029296875,280.8280029296875,280.8280029296875,280.828
1393,15.83100032806396,15.30441856384277,15.64553165435791,15.30441856384277,15.64553165435791,15.30441856384277,15.30441856384277,14.52526378631592,11.28935050964355,14.525264
1394,130.7209930419922,127.7086486816406,129.1795196533203,127.7086486816406,129.1795196533203,127.7086486816406,127.7086486816406,125.3634490966797,117.673698425293,125.36345
1395,250.2740020751953,244.572021484375,247.7378234863281,244.572021484375,247.7378234863281,244.572021484375,244.572021484375,239.7082977294922,226.7638397216797,239.7083
1396,30.89299964904785,30.53222274780273,30.61683654785156,30.53222274780273,30.61683654785156,30.53222274780273,30.53222274780273,30.44295692443848,30.19375991821289,30.442957
1397,29.41200065612793,28.94941902160645,29.05995559692383,28.94941902160645,29.05995559692383,28.94941902160645,28.94941902160645,28.88625526428223,28.69490814208984,28.886255
1398,26.55599975585938,26.25986671447754,26.4097957611084,26.25986671447754,26.4097957611084,26.25986671447754,26.25986671447754,26.02054023742676,25.36867713928223,26.02054
1399,89.55300140380859,85.29216003417969,87.08409118652344,85.29216003417969,87.08409118652344,85.29216003417969,85.29216003417969,82.76280975341797,76.9620361328125,82.76281
1400,130.177001953125,126.7084121704102,128.7634887695313,126.7084121704102,128.7634887695313,126.7084121704102,126.7084121704102,123.5722427368164,116.5344924926758,123.57224
1401,36.59199905395508,35.99820327758789,36.20016860961914,35.99820327758789,36.20016860961914,35.99820327758789,35.99820327758789,35.82322692871094,35.29644393920898,35.823227
1402,479.2380065917969,478.9990539550781,479.0538635253906,478.9990539550781,479.0538635253906,478.9990539550781,478.9990539550781,477.7524719238281,476.5341796875,477.75247
1403,721.9979858398438,720.75048828125,721.0907592773438,720.75048828125,721.0907592773438,720.75048828125,720.75048828125,720.3828735351563,719.1580810546875,720.38287
1404,368.5230102539063,367.5796813964844,367.6259460449219,367.5796813964844,367.6259460449219,367.5796813964844,367.5796813964844,367.5333862304688,366.78173828125,367.53339
1405,410.0280151367188,409.0879821777344,409.2004089355469,409.0879821777344,409.2004089355469,409.0879821777344,409.0879821777344,409.0265808105469,408.5617980957031,409.02658
1406,298.1690063476563,297.6468200683594,297.7402954101563,297.6468200683594,297.7402954101563,297.6468200683594,297.6468200683594,297.477783203125,295.69970703125,297.47778
1407,507.1310119628906,507.0157470703125,507.0667724609375,507.0157470703125,507.0667724609375,507.0157470703125,507.0157470703125,506.94775390625,506.5425109863281,506.94775
1408,459.1340026855469,459.1340026855469,459.1340026855469,459.1340026855469,459.1340026855469,459.1340026855469,459.1340026855469,459.1340026855469,459.1340026855469,459.134
1409,28.32500076293945,27.8858814239502,28.14953994750977,27.8858814239502,28.14953994750977,27.8858814239502,27.8858814239502,27.72637367248535,27.37826919555664,27.726374
1410,48.47700119018555,48.37666320800781,48.44980621337891,48.37666320800781,48.44980621337891,48.37666320800781,48.37666320800781,48.27538299560547,48.03250885009766,48.275383
1411,60.36199951171875,60.04214477539063,60.09654998779297,60.04214477539063,60.09654998779297,60.04214477539063,60.04214477539063,59.9689826965332,59.69040298461914,59.968983
1412,58.61100006103516,58.29491806030273,58.35963821411133,58.29491806030273,58.35963821411133,58.29491806030273,58.29491806030273,58.23864364624023,58.05668640136719,58.238644
1413,40.29100036621094,40.11471176147461,40.1784782409668,40.11471176147461,40.1784782409668,40.11471176147461,40.11471176147461,40.02281951904297,39.65336608886719,40.02282
1414,84.87699890136719,84.54030609130859,84.7982177734375,84.54030609130859,84.7982177734375,84.54030609130859,84.54030609130859,84.23549652099609,83.30044555664063,84.235497
1415,58.80099868774414,57.588623046875,58.30140686035156,57.588623046875,58.30140686035156,57.588623046875,57.588623046875,56.67564010620117,54.26665115356445,56.67564
1416,187.4160003662109,185.5384979248047,186.4753875732422,185.5384979248047,186.4753875732422,185.5384979248047,185.5384979248047,183.6971130371094,178.398193359375,183.69711
1417,93.14900207519531,92.58542633056641,92.74578857421875,92.58542633056641,92.74578857421875,92.58542633056641,92.58542633056641,92.42136383056641,91.67704010009766,92.421364
1418,87.34500122070313,86.99571228027344,87.22084808349609,86.99571228027344,87.22084808349609,86.99571228027344,86.99571228027344,86.44629669189453,83.78538513183594,86.446297
1419,197.3880004882813,195.4135437011719,195.7256469726563,195.4135437011719,195.7256469726563,195.4135437011719,195.4135437011719,194.92919921875,192.9880828857422,194.9292
1420,153.1109924316406,152.2767944335938,152.5240020751953,152.2767944335938,152.5240020751953,152.2767944335938,152.2767944335938,151.7925872802734,148.9409790039063,151.79259
1421,95.09100341796875,93.24455261230469,94.27108001708984,93.24455261230469,94.27108001708984,93.24455261230469,93.24455261230469,91.61210632324219,85.354736328125,91.612106
1422,130.2369995117188,130.2369995117188,130.2369995117188,130.2369995117188,130.2369995117188,130.2369995117188,130.2369995117188,130.2369995117188,130.2369995117188,130.237
1423,127.8479995727539,125.7847137451172,126.7607345581055,125.7847137451172,126.7607345581055,125.7847137451172,125.7847137451172,123.9401702880859,118.5956344604492,123.94017
1424,117.6719970703125,115.6509017944336,116.370002746582,115.6509017944336,116.370002746582,115.6509017944336,115.6509017944336,115.0661697387695,112.9950256347656,115.06617
1425,146.2689971923828,144.1861724853516,144.993896484375,144.1861724853516,144.993896484375,144.1861724853516,144.1861724853516,142.5058135986328,138.8715209960938,142.50581
1426,196.75,194.0423278808594,194.9776000976563,194.0423278808594,194.9776000976563,194.0423278808594,194.0423278808594,192.4004974365234,186.6351165771484,192.4005
1427,46.04800033569336,41.72300720214844,44.07451248168945,41.72300720214844,44.07451248168945,41.72300720214844,41.72300720214844,38.65808486938477,32.36980056762695,38.658085
1428,54.54700088500977,53.85142517089844,54.13336563110352,53.85142517089844,54.13336563110352,53.85142517089844,53.85142517089844,53.42387771606445,52.03643798828125,53.423878
1429,299.9410095214844,297.8281860351563,298.8382873535156,297.8281860351563,298.8382873535156,297.8281860351563,297.8281860351563,296.121826171875,288.6565551757813,296.12183
1430,214.0410003662109,214.0410003662109,214.0410003662109,214.0410003662109,214.0410003662109,214.0410003662109,214.0410003662109,214.0410003662109,214.0410003662109,214.041
1431,474.4450073242188,472.5747375488281,472.8259887695313,472.5747375488281,472.8259887695313,472.5747375488281,472.5747375488281,472.308349609375,471.0369567871094,472.30835
1432,256.1119995117188,256.1119995117188,256.1119995117188,256.1119995117188,256.1119995117188,256.1119995117188,256.1119995117188,256.1119995117188,256.1119995117188,256.112
1433,987.8590087890625,987.8590087890625,987.8590087890625,987.8590087890625,987.8590087890625,987.8590087890625,987.8590087890625,987.8590087890625,987.8590087890625,987.85901
1434,151.281005859375,151.281005859375,151.281005859375,151.281005859375,151.281005859375,151.281005859375,151.281005859375,151.281005859375,151.281005859375,151.28101
1435,286.8810119628906,286.8810119628906,286.8810119628906,286.8810119628906,286.8810119628906,286.8810119628906,286.8810119628906,286.8810119628906,286.8810119628906,286.88101
1436,71.74099731445313,71.74099731445313,71.74099731445313,71.74099731445313,71.74099731445313,71.74099731445313,71.74099731445313,71.74099731445313,71.74099731445313,71.740997
1437,321.5079956054688,321.5079956054688,321.5079956054688,321.5079956054688,321.5079956054688,321.5079956054688,321.5079956054688,321.5079956054688,321.5079956054688,321.508
1438,773.0780029296875,773.0780029296875,773.0780029296875,773.0780029296875,773.0780029296875,773.0780029296875,773.0780029296875,773.0780029296875,773.0780029296875,773.078
1439,348.6470031738281,348.6470031738281,348.6470031738281,348.6470031738281,348.6470031738281,348.6470031738281,348.6470031738281,348.6470031738281,348.6470031738281,348.647
1440,207.3690032958984,207.3690032958984,207.3690032958984,207.3690032958984,207.3690032958984,207.3690032958984,207.3690032958984,207.3690032958984,207.3633422851563,207.369
1441,255.4770050048828,255.4770050048828,255.4770050048828,255.4770050048828,255.4770050048828,255.4770050048828,255.4770050048828,255.4770050048828,255.4770050048828,255.47701
1442,50.99499893188477,50.86036682128906,50.86878204345703,50.86036682128906,50.86878204345703,50.86036682128906,50.86036682128906,50.84914779663086,50.79024887084961,50.849148
1443,89.10700225830078,88.89765930175781,88.97428894042969,88.89765930175781,88.97428894042969,88.89765930175781,88.89765930175781,88.77335357666016,88.19391632080078,88.773354
1444,136.3070068359375,135.2888793945313,135.9891357421875,135.2888793945313,135.9891357421875,135.2888793945313,135.2888793945313,133.8107604980469,129.4437408447266,133.81076
1445,53.24599838256836,51.28268814086914,52.13947677612305,51.28268814086914,52.13947677612305,51.28268814086914,51.28268814086914,50.2818603515625,48.38402557373047,50.28186
1446,111.3310012817383,111.0329818725586,111.1413497924805,111.0329818725586,111.1413497924805,111.0329818725586,111.0329818725586,110.8470687866211,109.9483337402344,110.84707
1447,83.36399841308594,82.69951629638672,82.87921142578125,82.69951629638672,82.87921142578125,82.69951629638672,82.69951629638672,82.52638244628906,81.86564636230469,82.526382
1448,7.033999919891357,6.789991855621338,6.826593399047852,6.789991855621338,6.826593399047852,6.789991855621338,6.789991855621338,6.776852607727051,6.729928493499756,6.7768526
1449,206.8099975585938,205.7175750732422,206.0627136230469,205.7175750732422,206.0627136230469,205.7175750732422,205.7175750732422,204.9300842285156,202.6853942871094,204.93008
1450,62.72299957275391,62.37514877319336,62.48642730712891,62.37514877319336,62.48642730712891,62.37514877319336,62.37514877319336,62.18065643310547,61.48121643066406,62.180656
1451,84.67800140380859,84.41694641113281,84.43379211425781,84.41694641113281,84.43379211425781,84.41694641113281,84.41694641113281,84.39449310302734,84.21391296386719,84.394493
1452,43.2869987487793,42.86417770385742,42.97175216674805,42.86417770385742,42.97175216674805,42.86417770385742,42.86417770385742,42.75846862792969,42.45444869995117,42.758469
1453,45.55099868774414,45.4527702331543,45.45651245117188,45.4527702331543,45.45651245117188,45.4527702331543,45.4527702331543,45.4499626159668,45.44247817993164,45.449963
1454,79.63899993896484,79.02207183837891,79.2725830078125,79.02207183837891,79.2725830078125,79.02207183837891,79.02207183837891,78.62387084960938,77.47413635253906,78.623871
1455,58.91600036621094,58.70008087158203,58.72438430786133,58.70008087158203,58.72438430786133,58.70008087158203,58.70008087158203,58.66923522949219,58.53182983398438,58.669235
1456,32.62699890136719,32.39981460571289,32.4334716796875,32.39981460571289,32.4334716796875,32.39981460571289,32.39981460571289,32.31940841674805,32.00433731079102,32.319408
1457,37.81100082397461,37.38713836669922,37.40776824951172,37.38713836669922,37.40776824951172,37.38713836669922,37.38713836669922,37.37494659423828,37.34025192260742,37.374947
1458,195.8500061035156,195.1012878417969,195.3658142089844,195.1012878417969,195.3658142089844,195.1012878417969,195.1012878417969,194.838623046875,193.9338073730469,194.83862
1459,217.1199951171875,216.9536895751953,217.0032043457031,216.9536895751953,217.0032043457031,216.9536895751953,216.9536895751953,216.8387603759766,216.2360992431641,216.83876
1460,87.43399810791016,87.18716430664063,87.218017578125,87.18716430664063,87.218017578125,87.18716430664063,87.18716430664063,87.12078094482422,86.81037139892578,87.120781
1461,676.343017578125,676.343017578125,676.343017578125,676.343017578125,676.343017578125,676.343017578125,676.343017578125,676.343017578125,676.343017578125,676.34302
1463,573.7919921875,573.7919921875,573.7919921875,573.7919921875,573.7919921875,573.7919921875,573.7919921875,573.7919921875,573.7919921875,573.79199
1464,278.5230102539063,278.5230102539063,278.5230102539063,278.5230102539063,278.5230102539063,278.5230102539063,278.5230102539063,278.5230102539063,278.5230102539063,278.52301
1465,398.8479919433594,398.8479919433594,398.8479919433594,398.8479919433594,398.8479919433594,398.8479919433594,398.8479919433594,398.8479919433594,398.8479919433594,398.84799
1466,467.4089965820313,466.0733337402344,466.8162231445313,466.0733337402344,466.8162231445313,466.0733337402344,466.0733337402344,465.29931640625,462.8979797363281,465.29932
1467,191.72900390625,191.7280578613281,191.72900390625,191.7280578613281,191.72900390625,191.7280578613281,191.7280578613281,191.7271118164063,191.7261657714844,191.72711
1468,483.5199890136719,469.6172790527344,475.2480163574219,469.6172790527344,475.2480163574219,469.6172790527344,469.6172790527344,463.2762756347656,450.7074584960938,463.27628
1469,152.8589935302734,152.8571014404297,152.8571014404297,152.8571014404297,152.8571014404297,152.8571014404297,152.8571014404297,152.8571014404297,152.8542785644531,152.8571
1470,633.8499755859375,632.7711181640625,632.9759521484375,632.7711181640625,632.9759521484375,632.7711181640625,632.7711181640625,632.310546875,628.6530151367188,632.31055
1471,79.02999877929688,79.02999877929688,79.02999877929688,79.02999877929688,79.02999877929688,79.02999877929688,79.02999877929688,79.02999877929688,79.02999877929688,79.029999
1472,322.5719909667969,322.5719909667969,322.5719909667969,322.5719909667969,322.5719909667969,322.5719909667969,322.5719909667969,322.5719909667969,322.5719909667969,322.57199
1473,155.0249938964844,155.0249938964844,155.0249938964844,155.0249938964844,155.0249938964844,155.0249938964844,155.0249938964844,155.0249938964844,155.0249938964844,155.02499
1474,38.05300140380859,15.14045429229736,22.00675010681152,15.14045429229736,22.00675010681152,15.14045429229736,15.14045429229736,10.8204174041748,4.374875545501709,10.820417
1475,109.379997253418,109.2098922729492,109.3270797729492,109.2098922729492,109.3270797729492,109.2098922729492,109.2098922729492,109.0615310668945,108.5710754394531,109.06153
1476,6.521999835968018,6.442705154418945,6.481408596038818,6.442705154418945,6.481408596038818,6.442705154418945,6.442705154418945,6.37285041809082,6.134965896606445,6.3728504
1477,66.07700347900391,65.19483184814453,65.53957366943359,65.19483184814453,65.53957366943359,65.19483184814453,65.19483184814453,64.73768615722656,62.36130142211914,64.737686
1478,34.31600189208984,33.77653884887695,33.85400772094727,33.77653884887695,33.85400772094727,33.77653884887695,33.77653884887695,33.65560531616211,33.3060417175293,33.655605
1479,173.2319946289063,170.1913757324219,171.7683715820313,170.1913757324219,171.7683715820313,170.1913757324219,170.1913757324219,167.4994201660156,159.1249694824219,167.49942
1480,44.17399978637695,43.75173950195313,43.91233062744141,43.75173950195313,43.91233062744141,43.75173950195313,43.75173950195313,43.4494514465332,42.63610076904297,43.449451
1481,65.44100189208984,64.98461151123047,65.21517181396484,64.98461151123047,65.21517181396484,64.98461151123047,64.98461151123047,64.83342742919922,64.30712127685547,64.833427
1482,58.35400009155273,40.46234130859375,42.05825805664063,40.46234130859375,42.05825805664063,40.46234130859375,40.46234130859375,38.71798706054688,35.4051399230957,38.717987
1483,33.11000061035156,32.66990661621094,32.78040313720703,32.66990661621094,32.78040313720703,32.66990661621094,32.66990661621094,32.48574829101563,31.58383750915527,32.485748
1484,207.6580047607422,183.6634674072266,194.9806823730469,183.6634674072266,194.9806823730469,183.6634674072266,183.6634674072266,170.8302917480469,128.8917846679688,170.83029
1485,68.04900360107422,67.33888244628906,67.57685089111328,67.33888244628906,67.57685089111328,67.33888244628906,67.33888244628906,67.13113403320313,66.61931610107422,67.131134
1486,56.23199844360352,51.47024154663086,51.92288589477539,51.47024154663086,51.92288589477539,51.47024154663086,51.47024154663086,50.92876815795898,49.32513809204102,50.928768
1487,125.6060028076172,124.8624267578125,125.3064880371094,124.8624267578125,125.3064880371094,124.8624267578125,124.8624267578125,124.8123550415039,124.6007080078125,124.81236
1488,95.59700012207031,72.62905883789063,73.37145233154297,72.62905883789063,73.37145233154297,72.62905883789063,72.62905883789063,71.51687622070313,68.54351043701172,71.516876
1489,181.7030029296875,180.78466796875,181.1852569580078,180.78466796875,181.1852569580078,180.78466796875,180.78466796875,179.7822418212891,176.2515563964844,179.78224
1490,57.44100189208984,50.88025283813477,53.96616744995117,50.88025283813477,53.96616744995117,50.88025283813477,50.88025283813477,47.11183547973633,39.59104537963867,47.111835
1491,137.8650054931641,131.9559936523438,134.6822052001953,131.9559936523438,134.6822052001953,131.9559936523438,131.9559936523438,127.8808441162109,111.3004455566406,127.88084
1492,78.94100189208984,78.94100189208984,78.94100189208984,78.94100189208984,78.94100189208984,78.94100189208984,78.94100189208984,78.94100189208984,78.94100189208984,78.941002
1493,63.60100173950195,63.5007438659668,63.52135467529297,63.5007438659668,63.52135467529297,63.5007438659668,63.5007438659668,63.46982192993164,62.82141494750977,63.469822
1494,12.53400039672852,12.431884765625,12.4431266784668,12.431884765625,12.4431266784668,12.431884765625,12.431884765625,12.42345237731934,12.39066410064697,12.423452
1495,336.8290100097656,336.5805969238281,336.5918579101563,336.5805969238281,336.5918579101563,336.5805969238281,336.5805969238281,336.5655822753906,336.3987426757813,336.56558
1496,132.3869934082031,130.8825073242188,131.2494964599609,130.8825073242188,131.2494964599609,130.8825073242188,130.8825073242188,130.2898712158203,125.9711303710938,130.28987
1497,126.3399963378906,121.7363891601563,122.2425994873047,121.7363891601563,122.2425994873047,121.7363891601563,121.7363891601563,120.5340270996094,107.7777328491211,120.53403
1498,40.83700180053711,39.83264541625977,40.09285736083984,39.83264541625977,40.09285736083984,39.83264541625977,39.83264541625977,39.37305450439453,37.21176910400391,39.373055
1499,118.8539962768555,118.6721954345703,118.7190475463867,118.6721954345703,118.7190475463867,118.6721954345703,118.6721954345703,118.5906600952148,117.4979629516602,118.59066
1501,113.9459991455078,113.9459991455078,113.9459991455078,113.9459991455078,113.9459991455078,113.9459991455078,113.9459991455078,113.9459991455078,113.9459991455078,113.946
1502,107.5820007324219,107.4162368774414,107.4452743530273,107.4162368774414,107.4452743530273,107.4162368774414,107.4162368774414,107.4059448242188,107.3506927490234,107.40594
1503,61.65700149536133,61.0494270324707,61.27317428588867,61.0494270324707,61.27317428588867,61.0494270324707,61.0494270324707,60.60006713867188,56.99956512451172,60.600067
1504,88.69100189208984,87.44156646728516,87.50432586669922,87.44156646728516,87.50432586669922,87.44156646728516,87.44156646728516,87.37975311279297,87.01541900634766,87.379753
1505,58.56000137329102,58.05093002319336,58.13702011108398,58.05093002319336,58.13702011108398,58.05093002319336,58.05093002319336,57.84318542480469,56.02400588989258,57.843185
1506,45.56999969482422,45.5625114440918,45.5653190612793,45.5625114440918,45.5653190612793,45.5625114440918,45.5625114440918,45.55876541137695,45.4810676574707,45.558765
1507,61.74499893188477,61.58027267456055,61.62800598144531,61.58027267456055,61.62800598144531,61.58027267456055,61.58027267456055,61.48012924194336,60.47773742675781,61.480129
1508,20.02700042724609,19.83901023864746,19.89419174194336,19.83901023864746,19.89419174194336,19.83901023864746,19.83901023864746,19.80721092224121,19.58648681640625,19.807211
1509,68.70899963378906,68.70899963378906,68.70899963378906,68.70899963378906,68.70899963378906,68.70899963378906,68.70899963378906,68.70899963378906,68.70899963378906,68.709
1510,128.5420074462891,127.2151565551758,127.2863159179688,127.2151565551758,127.2863159179688,127.2151565551758,127.2151565551758,127.1374359130859,126.3667907714844,127.13744
1511,240.3970031738281,236.2926177978516,236.9126739501953,236.2926177978516,236.9126739501953,236.2926177978516,236.2926177978516,235.2407684326172,227.4010314941406,235.24077
1512,81.88700103759766,79.80454254150391,80.49994659423828,79.80454254150391,80.49994659423828,79.80454254150391,79.80454254150391,79.18411254882813,72.43720245361328,79.184113
1513,37.49100112915039,37.49100112915039,37.49100112915039,37.49100112915039,37.49100112915039,37.49100112915039,37.49100112915039,37.49100112915039,37.49100112915039,37.491001
1514,193.6510009765625,193.1764526367188,193.2976684570313,193.1764526367188,193.2976684570313,193.1764526367188,193.1764526367188,193.0101318359375,192.4933013916016,193.01013
1515,48.16999816894531,47.51192474365234,47.87898254394531,47.51192474365234,47.87898254394531,47.51192474365234,47.51192474365234,46.70927810668945,43.3053092956543,46.709278
1516,269.2040100097656,268.0529174804688,268.3829956054688,268.0529174804688,268.3829956054688,268.0529174804688,268.0529174804688,267.6598205566406,265.4526062011719,267.65982
1517,199.6430053710938,197.8290863037109,198.7379150390625,197.8290863037109,198.7379150390625,197.8290863037109,197.8290863037109,196.9915924072266,194.5533294677734,196.99159
1518,182.5169982910156,181.9045257568359,181.9495391845703,181.9045257568359,181.9495391845703,181.9045257568359,181.9045257568359,181.8557434082031,180.3803405761719,181.85574
1519,172.0290069580078,171.9380187988281,171.9717864990234,171.9380187988281,171.9717864990234,171.9380187988281,171.9380187988281,171.9023895263672,171.4521789550781,171.90239
1520,316.8200073242188,316.1075744628906,316.1516418457031,316.1075744628906,316.1516418457031,316.1075744628906,316.1075744628906,316.0691223144531,315.5704040527344,316.06912
1521,82.29299926757813,81.88411712646484,81.92537689208984,81.88411712646484,81.92537689208984,81.88411712646484,81.88411712646484,81.84284973144531,81.28766632080078,81.84285
1522,237.7109985351563,235.4146575927734,235.7729339599609,235.4146575927734,235.7729339599609,235.4146575927734,235.4146575927734,234.8852386474609,230.9479827880859,234.88524
1523,231.1699981689453,231.1315460205078,231.1493530273438,231.1315460205078,231.1493530273438,231.1315460205078,231.1315460205078,231.1062164306641,230.9505004882813,231.10622
1524,141.2279968261719,140.5918731689453,140.7694549560547,140.5918731689453,140.7694549560547,140.5918731689453,140.5918731689453,140.1098327636719,137.0551147460938,140.10983
1525,226.4389953613281,225.0623321533203,225.180908203125,225.0623321533203,225.180908203125,225.0623321533203,225.0623321533203,224.9484710693359,224.2719116210938,224.94847
1526,116.6119995117188,116.5529174804688,116.566047668457,116.5529174804688,116.566047668457,116.5529174804688,116.5529174804688,116.5163497924805,116.2603378295898,116.51635
1527,271.8259887695313,270.8917236328125,271.2372741699219,270.8917236328125,271.2372741699219,270.8917236328125,270.8917236328125,270.0757751464844,266.3594055175781,270.07578
1528,231.4980010986328,230.2489471435547,230.6208343505859,230.2489471435547,230.6208343505859,230.2489471435547,230.2489471435547,229.4262542724609,223.9416809082031,229.42625
1529,409.2539978027344,409.250244140625,409.2521057128906,409.250244140625,409.2521057128906,409.250244140625,409.250244140625,409.2483520507813,409.2286682128906,409.24835
1530,293.6340026855469,293.6340026855469,293.6340026855469,293.6340026855469,293.6340026855469,293.6340026855469,293.6340026855469,293.6340026855469,293.6340026855469,293.634
1531,292.8619995117188,292.1224365234375,292.5025329589844,292.1224365234375,292.5025329589844,292.1224365234375,292.1224365234375,289.113525390625,278.6695861816406,289.11353
1532,391.6059875488281,391.3029479980469,391.3686218261719,391.3029479980469,391.3686218261719,391.3029479980469,391.3029479980469,391.2588500976563,390.8328857421875,391.25885
1533,27.02599906921387,27.02599906921387,27.02599906921387,27.02599906921387,27.02599906921387,27.02599906921387,27.02599906921387,27.02599906921387,27.02599906921387,27.025999
1534,184.7200012207031,184.7200012207031,184.7200012207031,184.7200012207031,184.7200012207031,184.7200012207031,184.7200012207031,184.7200012207031,184.7200012207031,184.72
1535,130.6380004882813,130.6380004882813,130.6380004882813,130.6380004882813,130.6380004882813,130.6380004882813,130.6380004882813,130.6380004882813,130.6380004882813,130.638
1536,467.3359985351563,467.3359985351563,467.3359985351563,467.3359985351563,467.3359985351563,467.3359985351563,467.3359985351563,467.3359985351563,467.3359985351563,467.336
1537,234.3860015869141,234.3795928955078,234.38232421875,234.3795928955078,234.38232421875,234.3795928955078,234.3795928955078,234.378662109375,234.3759155273438,234.37866
1538,128.1009979248047,128.1009979248047,128.1009979248047,128.1009979248047,128.1009979248047,128.1009979248047,128.1009979248047,128.1009979248047,128.1009979248047,128.101
1539,122.177001953125,122.177001953125,122.177001953125,122.177001953125,122.177001953125,122.177001953125,122.177001953125,122.177001953125,122.177001953125,122.177
1540,243.7769927978516,243.7769927978516,243.7769927978516,243.7769927978516,243.7769927978516,243.7769927978516,243.7769927978516,243.7769927978516,243.7769927978516,243.77699
1541,90.46800231933594,90.46525573730469,90.46617126464844,90.46525573730469,90.46617126464844,90.46525573730469,90.46525573730469,90.46434020996094,90.46434020996094,90.46434
1542,108.5930023193359,108.5930023193359,108.5930023193359,108.5930023193359,108.5930023193359,108.5930023193359,108.5930023193359,108.5930023193359,108.5930023193359,108.593
1543,28.50200080871582,28.50200080871582,28.50200080871582,28.50200080871582,28.50200080871582,28.50200080871582,28.50200080871582,28.50200080871582,28.50200080871582,28.502001
1544,22.21999931335449,22.21999931335449,22.21999931335449,22.21999931335449,22.21999931335449,22.21999931335449,22.21999931335449,22.21999931335449,22.21999931335449,22.219999
1545,69.66100311279297,69.66100311279297,69.66100311279297,69.66100311279297,69.66100311279297,69.66100311279297,69.66100311279297,69.66100311279297,69.66100311279297,69.661003
1546,626.219970703125,626.219970703125,626.219970703125,626.219970703125,626.219970703125,626.219970703125,626.219970703125,626.219970703125,626.219970703125,626.21997
1547,37.31000137329102,37.31000137329102,37.31000137329102,37.31000137329102,37.31000137329102,37.31000137329102,37.31000137329102,37.31000137329102,37.31000137329102,37.310001
1548,145.1710052490234,145.1710052490234,145.1710052490234,145.1710052490234,145.1710052490234,145.1710052490234,145.1710052490234,145.1710052490234,145.1710052490234,145.17101
1549,241.4700012207031,241.4700012207031,241.4700012207031,241.4700012207031,241.4700012207031,241.4700012207031,241.4700012207031,241.4700012207031,241.4700012207031,241.47
1550,107.2919998168945,107.2919998168945,107.2919998168945,107.2919998168945,107.2919998168945,107.2919998168945,107.2919998168945,107.2919998168945,107.2919998168945,107.292
1551,141.1600036621094,136.8327331542969,138.8738250732422,136.8327331542969,138.8738250732422,136.8327331542969,136.8327331542969,134.1037139892578,126.8657302856445,134.10371
1552,206.1089935302734,193.5915374755859,197.744140625,193.5915374755859,197.744140625,193.5915374755859,193.5915374755859,187.84619140625,176.5050506591797,187.84619
1553,74.0989990234375,71.48530578613281,72.79026794433594,71.48530578613281,72.79026794433594,71.48530578613281,71.48530578613281,70.99594116210938,69.39208221435547,70.995941
1554,252.1060028076172,236.4382171630859,237.8710632324219,236.4382171630859,237.8710632324219,236.4382171630859,236.4382171630859,234.2052307128906,223.7420806884766,234.20523
1555,50.94300079345703,46.1152458190918,46.50684356689453,46.1152458190918,46.50684356689453,46.1152458190918,46.1152458190918,45.57988357543945,43.75150299072266,45.579884
1556,107.786003112793,106.6438522338867,106.7403793334961,106.6438522338867,106.7403793334961,106.6438522338867,106.6438522338867,106.1612548828125,105.7685546875,106.16125
1557,58.46099853515625,56.85703277587891,57.35194396972656,56.85703277587891,57.35194396972656,56.85703277587891,56.85703277587891,56.44160842895508,55.0127067565918,56.441608
1558,28.6609992980957,27.30727958679199,27.45306396484375,27.30727958679199,27.45306396484375,27.30727958679199,27.30727958679199,27.14445495605469,25.70837593078613,27.144455
1559,33.72299957275391,23.9382152557373,24.43170738220215,23.9382152557373,24.43170738220215,23.9382152557373,23.9382152557373,22.86897850036621,19.73028564453125,22.868979
1560,199.8029937744141,186.5768585205078,188.7891082763672,186.5768585205078,188.7891082763672,186.5768585205078,186.5768585205078,181.0855255126953,160.6949462890625,181.08553
1561,27.26199913024902,.01,.01,.01,.01,.01,.01,.01,.01,.0099999998
1562,648.7449951171875,648.6395263671875,648.6477661132813,648.6395263671875,648.6477661132813,648.6395263671875,648.6395263671875,648.6119995117188,648.286376953125,648.612
1563,230.9109954833984,230.8623657226563,230.8687896728516,230.8623657226563,230.8687896728516,230.8623657226563,230.8623657226563,230.8476867675781,230.6990356445313,230.84769
1564,485.7170104980469,485.1457214355469,485.3663635253906,485.1457214355469,485.3663635253906,485.1457214355469,485.1457214355469,483.6333312988281,481.3408508300781,483.63333
1565,72.00199890136719,72.00199890136719,72.00199890136719,72.00199890136719,72.00199890136719,72.00199890136719,72.00199890136719,72.00199890136719,72.00199890136719,72.001999
1566,218.7129974365234,218.5324249267578,218.5736694335938,218.5324249267578,218.5736694335938,218.5324249267578,218.5324249267578,218.4279174804688,217.6349945068359,218.42792
1567,255.1490020751953,254.7340393066406,254.8412017822266,254.7340393066406,254.8412017822266,254.7340393066406,254.7340393066406,254.2265472412109,253.3828582763672,254.22655
1568,178.0299987792969,177.7194976806641,177.7525787353516,177.7194976806641,177.7525787353516,177.7194976806641,177.7194976806641,177.6901092529297,177.4806518554688,177.69011
1569,242.5019989013672,242.0163421630859,242.1070709228516,242.0163421630859,242.1070709228516,242.0163421630859,242.0163421630859,241.7130432128906,240.5813598632813,241.71304
1570,179.4210052490234,178.71728515625,178.7393341064453,178.71728515625,178.7393341064453,178.71728515625,178.71728515625,178.7062683105469,178.6290893554688,178.70627
1571,96.08100128173828,96.03694152832031,96.04611968994141,96.03694152832031,96.04611968994141,96.03694152832031,96.03694152832031,96.02408599853516,95.94422912597656,96.024086
1572,337.1239929199219,337.1239929199219,337.1239929199219,337.1239929199219,337.1239929199219,337.1239929199219,337.1239929199219,337.1239929199219,337.1239929199219,337.12399
1573,83.10399627685547,83.05716705322266,83.07369995117188,83.05716705322266,83.07369995117188,83.05716705322266,83.05716705322266,83.04981994628906,82.9580078125,83.04982
1574,375.4450073242188,374.8969116210938,375.0643615722656,374.8969116210938,375.0643615722656,374.8969116210938,374.8969116210938,374.631591796875,372.6597290039063,374.63159
1575,253.25,252.5160827636719,252.5647888183594,252.5160827636719,252.5647888183594,252.5160827636719,252.5160827636719,252.4793395996094,250.8287506103516,252.47934
1576,373.1619873046875,372.9042358398438,373.056640625,372.9042358398438,373.056640625,372.9042358398438,372.9042358398438,372.7819213867188,372.3774108886719,372.78192
1577,462.8999938964844,462.7701110839844,462.8595275878906,462.7701110839844,462.8595275878906,462.7701110839844,462.7701110839844,462.6684875488281,462.2392883300781,462.66849
1578,223.1139984130859,219.4013366699219,219.9509124755859,219.4013366699219,219.9509124755859,219.4013366699219,219.4013366699219,210.6466979980469,206.0077362060547,210.6467
1579,184.5619964599609,184.2894134521484,184.4633026123047,184.2894134521484,184.4633026123047,184.2894134521484,184.2894134521484,183.3785858154297,179.1045379638672,183.37859
1580,244.7599945068359,244.7599945068359,244.7599945068359,244.7599945068359,244.7599945068359,244.7599945068359,244.7599945068359,244.7599945068359,244.7599945068359,244.75999
1581,450.1820068359375,449.6465148925781,450.0022583007813,449.6465148925781,450.0022583007813,449.6465148925781,449.6465148925781,449.3943176269531,448.6132507324219,449.39432
1582,182.9040069580078,182.7263793945313,182.8485565185547,182.7263793945313,182.8485565185547,182.7263793945313,182.7263793945313,182.5807037353516,181.9726409912109,182.5807
1583,329.7479858398438,329.7479858398438,329.7479858398438,329.7479858398438,329.7479858398438,329.7479858398438,329.7479858398438,329.7479858398438,329.7479858398438,329.74799
1584,189.7669982910156,189.7557220458984,189.7632446289063,189.7557220458984,189.7632446289063,189.7557220458984,189.7557220458984,189.7275390625,189.4400177001953,189.72754
1585,66.28700256347656,66.28700256347656,66.28700256347656,66.28700256347656,66.28700256347656,66.28700256347656,66.28700256347656,66.28700256347656,66.28700256347656,66.287003
1586,179.2729949951172,178.7516632080078,179.0970306396484,178.7516632080078,179.0970306396484,178.7516632080078,178.7516632080078,178.4119567871094,176.9430084228516,178.41196
1587,124.0350036621094,123.6285629272461,123.8534240722656,123.6285629272461,123.8534240722656,123.6285629272461,123.6285629272461,123.4215850830078,122.7074966430664,123.42159
1588,222.6660003662109,222.6472015380859,222.6650543212891,222.6472015380859,222.6650543212891,222.6472015380859,222.6472015380859,222.6114959716797,222.3596649169922,222.6115
1589,83.27700042724609,83.27700042724609,83.27700042724609,83.27700042724609,83.27700042724609,83.27700042724609,83.27700042724609,83.27700042724609,83.27700042724609,83.277
1590,135.9709930419922,135.9709930419922,135.9709930419922,135.9709930419922,135.9709930419922,135.9709930419922,135.9709930419922,135.9709930419922,135.9709930419922,135.97099
1591,86.55500030517578,86.54090881347656,86.55218505859375,86.54090881347656,86.55218505859375,86.54090881347656,86.54090881347656,86.53526306152344,86.43285369873047,86.535263
1592,163.7310028076172,163.6586151123047,163.7187805175781,163.6586151123047,163.7187805175781,163.6586151123047,163.6586151123047,163.5843658447266,163.0589141845703,163.58437
1593,62.01300048828125,61.95198440551758,61.9838981628418,61.95198440551758,61.9838981628418,61.95198440551758,61.95198440551758,61.64032745361328,61.26483535766602,61.640327
1594,157.3520050048828,157.1158752441406,157.2532196044922,157.1158752441406,157.2532196044922,157.1158752441406,157.1158752441406,156.9710083007813,156.408447265625,156.97101
1595,461.5719909667969,461.5719909667969,461.5719909667969,461.5719909667969,461.5719909667969,461.5719909667969,461.5719909667969,461.5719909667969,461.5719909667969,461.57199
1596,461.822998046875,461.822998046875,461.822998046875,461.822998046875,461.822998046875,461.822998046875,461.822998046875,461.822998046875,461.822998046875,461.823
1597,600.4290161132813,600.242431640625,600.336669921875,600.242431640625,600.336669921875,600.242431640625,600.242431640625,600.1698608398438,599.8174438476563,600.16986
1598,75.73999786376953,75.43654632568359,75.51170349121094,75.43654632568359,75.51170349121094,75.43654632568359,75.43654632568359,75.38299560546875,75.14248657226563,75.382996
1599,295.8599853515625,294.5184020996094,295.3052978515625,294.5184020996094,295.3052978515625,294.5184020996094,294.5184020996094,293.3215942382813,289.1360473632813,293.32159
1600,249.0930023193359,247.5215759277344,248.5158386230469,247.5215759277344,248.5158386230469,247.5215759277344,247.5215759277344,246.2203521728516,240.6595916748047,246.22035
1601,222.1699981689453,221.8526306152344,221.9581146240234,221.8526306152344,221.9581146240234,221.8526306152344,221.8526306152344,221.7189178466797,220.7423400878906,221.71892
1602,103.1269989013672,103.1269989013672,103.1269989013672,103.1269989013672,103.1269989013672,103.1269989013672,103.1269989013672,103.1269989013672,103.1269989013672,103.127
1603,162.3379974365234,157.394287109375,158.5723571777344,157.394287109375,158.5723571777344,157.394287109375,157.394287109375,155.1134490966797,148.9643859863281,155.11345
1604,313.4649963378906,313.4649963378906,313.4649963378906,313.4649963378906,313.4649963378906,313.4649963378906,313.4649963378906,313.4649963378906,313.4649963378906,313.465
1605,106.1549987792969,104.0111236572266,104.9850921630859,104.0111236572266,104.9850921630859,104.0111236572266,104.0111236572266,102.409797668457,97.75562286376953,102.4098
1606,168.5559997558594,159.7368621826172,162.7647552490234,159.7368621826172,162.7647552490234,159.7368621826172,159.7368621826172,154.9295043945313,144.4410705566406,154.9295
1607,108.7259979248047,108.1913299560547,108.2929992675781,108.1913299560547,108.2929992675781,108.1913299560547,108.1913299560547,107.9729461669922,106.7304229736328,107.97295
1608,319.1130065917969,319.1130065917969,319.1130065917969,319.1130065917969,319.1130065917969,319.1130065917969,319.1130065917969,319.1130065917969,319.1130065917969,319.11301
1609,97.03800201416016,97.03800201416016,97.03800201416016,97.03800201416016,97.03800201416016,97.03800201416016,97.03800201416016,97.03800201416016,97.03800201416016,97.038002
1610,28.99799919128418,28.99799919128418,28.99799919128418,28.99799919128418,28.99799919128418,28.99799919128418,28.99799919128418,28.99799919128418,28.99799919128418,28.997999
1611,143.6269989013672,135.8979187011719,139.0424499511719,135.8979187011719,139.0424499511719,135.8979187011719,135.8979187011719,134.1698913574219,129.0573272705078,134.16989
1612,176.5700073242188,175.3127288818359,176.0279541015625,175.3127288818359,176.0279541015625,175.3127288818359,175.3127288818359,174.2427215576172,165.3466949462891,174.24272
1614,177.4539947509766,177.4539947509766,177.4539947509766,177.4539947509766,177.4539947509766,177.4539947509766,177.4539947509766,177.4539947509766,177.4539947509766,177.45399
1615,153.4019927978516,151.6292724609375,151.9116821289063,151.6292724609375,151.9116821289063,151.6292724609375,151.6292724609375,150.4637603759766,149.2154083251953,150.46376
1616,176.1049957275391,176.1049957275391,176.1049957275391,176.1049957275391,176.1049957275391,176.1049957275391,176.1049957275391,176.1049957275391,176.1049957275391,176.105
1617,86.61399841308594,85.78430938720703,85.93970489501953,85.78430938720703,85.93970489501953,85.78430938720703,85.78430938720703,85.61197662353516,85.15616607666016,85.611977
1618,285.3429870605469,285.3429870605469,285.3429870605469,285.3429870605469,285.3429870605469,285.3429870605469,285.3429870605469,285.3429870605469,285.3429870605469,285.34299
1619,61.28200149536133,61.28200149536133,61.28200149536133,61.28200149536133,61.28200149536133,61.28200149536133,61.28200149536133,61.28200149536133,61.28200149536133,61.282001
1620,279.5469970703125,277.8854370117188,278.5045166015625,277.8854370117188,278.5045166015625,277.8854370117188,277.8854370117188,276.5983276367188,271.4555969238281,276.59833
1621,76.61599731445313,74.15973663330078,75.29462432861328,74.15973663330078,75.29462432861328,74.15973663330078,74.15973663330078,73.19060516357422,71.24103546142578,73.190605
1622,92.90899658203125,92.90899658203125,92.90899658203125,92.90899658203125,92.90899658203125,92.90899658203125,92.90899658203125,92.90899658203125,92.90899658203125,92.908997
1623,93.45500183105469,93.45500183105469,93.45500183105469,93.45500183105469,93.45500183105469,93.45500183105469,93.45500183105469,93.45500183105469,93.45500183105469,93.455002
1624,104.1719970703125,103.0630493164063,103.5412750244141,103.0630493164063,103.5412750244141,103.0630493164063,103.0630493164063,102.3259506225586,100.8366928100586,102.32595
1625,97.82700347900391,97.82700347900391,97.82700347900391,97.82700347900391,97.82700347900391,97.82700347900391,97.82700347900391,97.82700347900391,97.82700347900391,97.827003
1626,69.08399963378906,68.40193176269531,68.5206298828125,68.40193176269531,68.5206298828125,68.40193176269531,68.40193176269531,68.28511047363281,67.83950805664063,68.28511
1627,143.0350036621094,135.0529174804688,138.7913818359375,135.0529174804688,138.7913818359375,135.0529174804688,135.0529174804688,130.5759887695313,116.7199935913086,130.57599
1628,121.0849990844727,121.0849990844727,121.0849990844727,121.0849990844727,121.0849990844727,121.0849990844727,121.0849990844727,121.0849990844727,121.0849990844727,121.085
1629,119.0940017700195,118.6358413696289,118.9293670654297,118.6358413696289,118.9293670654297,118.6358413696289,118.6358413696289,118.1391143798828,115.0383071899414,118.13911
1630,63.93600082397461,62.54837799072266,62.96730041503906,62.54837799072266,62.96730041503906,62.54837799072266,62.54837799072266,62.14169692993164,61.23136520385742,62.141697
1631,1461.879028320313,1429.608642578125,1445.896484375,1429.608642578125,1445.896484375,1429.608642578125,1429.608642578125,1415.931640625,1375.628051757813,1415.9316
1632,154.7619934082031,137.8416748046875,142.9780426025391,137.8416748046875,142.9780426025391,137.8416748046875,137.8416748046875,133.8323974609375,126.2554626464844,133.8324
1633,134.9969940185547,134.7484588623047,134.8209533691406,134.7484588623047,134.8209533691406,134.7484588623047,134.7484588623047,134.7173919677734,134.6044311523438,134.71739
1634,156.7440032958984,156.7430572509766,156.7440032958984,156.7430572509766,156.7440032958984,156.7430572509766,156.7430572509766,156.7421264648438,156.7374114990234,156.74213
1635,64.53399658203125,64.52552032470703,64.52835083007813,64.52552032470703,64.52835083007813,64.52552032470703,64.52552032470703,64.52175903320313,64.51139831542969,64.521759
1636,131,124.3324890136719,125.6962966918945,124.3324890136719,125.6962966918945,124.3324890136719,124.3324890136719,121.8740539550781,116.6409454345703,121.87405
1637,317.5270080566406,310.3441467285156,311.7152404785156,310.3441467285156,311.7152404785156,310.3441467285156,310.3441467285156,308.6587829589844,304.0863647460938,308.65878
1638,77.57099914550781,75.22904968261719,76.11282348632813,75.22904968261719,76.11282348632813,75.22904968261719,75.22904968261719,73.94442749023438,67.19682312011719,73.944427
1639,120.431999206543,118.1640701293945,118.8657379150391,118.1640701293945,118.8657379150391,118.1640701293945,118.1640701293945,117.3559799194336,114.8949661254883,117.35598
1640,164.3049926757813,158.1454162597656,159.9662017822266,158.1454162597656,159.9662017822266,158.1454162597656,158.1454162597656,155.8043060302734,150.3636322021484,155.80431
1641,68.77500152587891,67.12441253662109,67.85507202148438,67.12441253662109,67.85507202148438,67.12441253662109,67.12441253662109,65.92012786865234,59.255615234375,65.920128
1642,195.3390045166016,159.6208953857422,169.2413330078125,159.6208953857422,169.2413330078125,159.6208953857422,159.6208953857422,151.2697448730469,136.6032257080078,151.26974
1643,272.5790100097656,268.6260681152344,270.2405700683594,268.6260681152344,270.2405700683594,268.6260681152344,268.6260681152344,266.8722534179688,262.5813598632813,266.87225
1644,186.6170043945313,169.0525512695313,173.5903015136719,169.0525512695313,173.5903015136719,169.0525512695313,169.0525512695313,163.2523345947266,147.5623016357422,163.25233
1645,50.65399932861328,49.89300537109375,50.16990280151367,49.89300537109375,50.16990280151367,49.89300537109375,49.89300537109375,49.47578048706055,47.35197448730469,49.47578
1646,176.6320037841797,176.6320037841797,176.6320037841797,176.6320037841797,176.6320037841797,176.6320037841797,176.6320037841797,176.6320037841797,176.6320037841797,176.632
1647,442.1539916992188,435.6009826660156,438.0270385742188,435.6009826660156,438.0270385742188,435.6009826660156,435.6009826660156,432.9818725585938,425.7177734375,432.98187
9991,538.8800011873245,532.26744556427,534.6199694871902,532.26744556427,534.6199694871902,532.26744556427,532.26744556427,527.5163043737411,508.6775928735733,538.88
9992,724.9310054779053,701.1466827392578,710.7453918457031,701.1466827392578,710.7453918457031,701.1466827392578,701.1466827392578,691.8025417327881,667.9428768157959,724.93103
9993,3137.606903076172,3122.849075317383,3125.809463500977,3122.849075317383,3125.809463500977,3122.849075317383,3122.849075317383,3117.614074707031,3091.173706054688,3137.6069
